id,choiceB,cond_beliefs_choice_order,riskTaking,statKnow,regretExAnte,regretExPost,duration,beliefA,beliefB,beliefA_below,beliefA_equal,beliefA_above,beliefB_below,beliefB_equal,beliefB_above,choiceStr,whichFirst,short,round,age,sex,student,df,cond
434f0c7705c314d474694a39,0,beliefs_first,3,2,3,2,528,0.9,1,48,2,50,50,2,48,6,A,0,1,33,Female,Yes,NoBox,Description
96ec9cc108ae7ec3675e6741,1,choice_first,3,2,3,3,687,1,1,49.8,0.4,49.8,49.8,0.4,49.8,6,A,0,1,32,Male,No,NoBox,Description
2c66b7df7bdf587d2a89dc15,1,choice_first,4,1,5,5,675,0.5,1,25,50,25,25,50,25,7,B,0,1,39,Male,No,NoBox,Description
3791bd5c6de9692a1d200ce3,1,choice_first,4,3,4,5,669,1,1,50,10,40,60,10,30,4,A,1,1,33,Female,No,NoBox,Description
5d404ebeb701aaffdaa8ebd1,0,choice_first,3,4,5,4,675,1,1.1,49,2,49,48,1,51,6,A,0,1,26,Female,No,NoBox,Description
463eb737b9b44b76d12b60e1,0,beliefs_first,3,2,3,3,728,0.75,0.75,46,9,45,46,9,45,1,A,1,1,25,Female,DATA_EXPIRED,NoBox,Description
ad06ce4c23d96448fc58565b,1,choice_first,5,4,4,4,769,1,1.25,45,10,45,40,10,50,6,B,1,1,42,Male,No,NoBox,Description
9d9c225f1d4691d69c524339,1,beliefs_first,3,2,5,5,683,1,0.75,45,10,45,50,10,40,1,B,1,1,32,Female,No,NoBox,Description
fea840aea6deb1414257608e,0,beliefs_first,2,4,3,4,834,0.98,0.98,49.1,1.8,49.1,49.1,1.8,49.1,1,A,0,1,40,Male,No,NoBox,Description
f75a5cd63fcd80af75488d2e,0,beliefs_first,3,1,4,2,704,1,0.9,33,33,34,33,33,34,7,A,0,1,38,Male,No,NoBox,Description
c191ca3643c1b5a0c8df2ed6,0,choice_first,4,4,4,3,845,1,0.8,45,10,45,50,10,40,6,A,1,1,52,Male,No,NoBox,Description
b47ab392be16fae9e977bc08,1,choice_first,2,2,4,4,722,0.73,0.65,0,9.1,90.9,0,9.1,90.9,7,A,1,1,32,Female,No,NoBox,Description
5e78b5c94d7d442c599a7bfd,0,beliefs_first,3,2,5,3,897,2,1,49,1,50,51,1,48,5,A,0,1,38,Female,No,NoBox,Description
ffaef75eb38c5bea28251642,1,beliefs_first,2,3,5,4,935,1,1,33,34,33,33,34,33,4,B,1,1,31,Female,Yes,NoBox,Description
0e857693c37ed01e98541cb3,0,choice_first,3,4,4,4,907,2,1,10,20,70,30,40,30,7,B,0,1,29,Female,Yes,NoBox,Description
c2475e44f0ed59fb6d51b3f3,1,beliefs_first,5,3,4,4,1005,1,0.5,40,10,50,50,10,40,6,B,1,1,57,Male,No,NoBox,Description
1c26b7873d3225074552c5d4,1,beliefs_first,3,3,5,5,1215,1,1,49,2,49,49,2,49,1,B,0,1,39,Male,No,NoBox,Description
b98a01864dd8c89aea01fb79,1,beliefs_first,3,3,4,4,1253,1.009,1,45.5,9,45.5,45.5,9,45.5,4,B,1,1,37,Male,No,NoBox,Description
8712ed7493ef4b8df6cec11b,0,choice_first,4,2,4,4,1205,1,0.5,30,50,20,80,10,10,5,A,1,1,29,Female,No,NoBox,Description
c8b1819d476c55f9dd00716a,1,beliefs_first,5,5,4,4,1392,2,2,30,40,30,30,30,40,4,B,0,1,51,Female,Yes,NoBox,Description
5f89837a993c2ef153a1f776,1,beliefs_first,5,4,4,3,1048,0.9,0.9,45,10,45,45,10,45,6,B,1,1,32,Female,No,NoBox,Description
9bdad9bb0a228ffd2031e944,1,choice_first,3,3,5,5,1410,1.1,1,49,2,49,51,2,47,7,A,0,1,37,Male,No,NoBox,Description
aa004a6289af5bfbac4d6c76,1,choice_first,3,3,5,5,1869,1,1,45,10,45,45,10,45,5,B,1,1,33,Female,Yes,NoBox,Description
690cbb9068b9c09a192ad7b2,0,beliefs_first,5,4,5,5,1924,1,0.5,30,35,35,25,30,45,7,A,0,1,26,Male,Yes,NoBox,Description
ad366fa349fba9e4635cc888,1,choice_first,4,3,3,3,1868,0.9,1.1,50,1,49,49,1,50,6,B,0,1,26,Male,No,NoBox,Description
4739641062a00be2657f87c4,0,beliefs_first,4,5,1,1,578,2,2,0,0,100,0,0,100,4,A,0,1,48,Female,Yes,NoBox,Description
d5f8bf98f5649839cd223a30,0,choice_first,3,4,4,4,2142,1.25,1,30,40,30,40,30,30,6,A,1,1,25,Female,Yes,NoBox,Description
460395385774c21bfd56cc04,1,beliefs_first,1,1,4,4,1522,1,1,49,2,49,50,4,46,1,A,0,1,48,Male,No,NoBox,Description
d844f56a45bb90aa15e81fa7,0,choice_first,3,4,4,5,1635,1,1,45.5,9.1,45.4,45.5,9.1,45.4,5,B,1,1,32,Male,No,NoBox,Description
71b18cddcdad43de2773f47e,0,beliefs_first,3,4,3,4,693,1.25,0.75,50,25,25,25,25,50,5,A,1,1,43,Male,No,NoBox,Description
cc899fd81a6a13c11a719b97,0,choice_first,4,1,2,2,539,1,1,45,10,45,45,10,45,1,A,1,1,38,Male,No,NoBox,Description
3673f82f806646a732082330,1,beliefs_first,4,1,4,4,710,0.5,0.5,49,2,49,49,2,49,4,A,0,1,34,Male,No,NoBox,Description
2c3d3439ee0ae74b0a35f92f,1,choice_first,4,3,5,5,389,1.6,1.8,30,10,60,20,20,60,6,B,1,1,46,Male,No,NoBox,Description
88573c93e66954fb1ca4156c,0,choice_first,4,3,5,5,910,2,1.8,25,50,25,25,50,25,7,B,1,1,24,Male,No,NoBox,Description
0106bf49abc1ffd8cd202835,1,beliefs_first,3,5,4,4,940,1,1,45.5,9,45.5,45.5,9,45.5,6,A,1,1,35,Male,Yes,NoBox,Description
4b25ac32174bb71fae9dab30,0,choice_first,4,2,4,3,572,1,1,40,10,50,50,10,40,4,A,0,1,33,Male,DATA_EXPIRED,NoBox,Description
5c4ff92dd79d7612a5d0b873,0,beliefs_first,3,2,5,4,396,0.2,0.18,25,50,25,25,50,25,6,A,1,1,45,Female,Yes,NoBox,Description
8a3177ddc41ba6c930e2473d,0,beliefs_first,3,2,4,4,676,0.81,1,40,10,50,50,10,40,5,B,1,1,27,Male,No,NoBox,Description
2c9d02a9a876bae2954532c8,0,beliefs_first,1,1,4,5,317,1,0.9,20,30,50,50,30,20,4,A,1,1,45,Male,No,NoBox,Description
61fbc39cf573adebf45149f3,1,beliefs_first,4,3,5,4,1086,1,1,25,50,25,25,50,25,7,A,0,1,42,Male,Yes,NoBox,Description
f52be4b38ac70f1eb7b9f471,0,beliefs_first,2,3,4,5,497,1,1,46,9,45,46,9,45,4,A,1,1,40,Male,No,NoBox,Description
b163dbf137e73eda989741a3,1,beliefs_first,3,2,4,2,648,1,0.96,48,4,48,50,2,48,5,B,0,1,26,Male,DATA_EXPIRED,NoBox,Description
583c2115adfdfeaaa52d506e,0,choice_first,2,3,5,4,741,1,0.9,49,2,49,52,2,46,7,A,0,1,32,Male,No,NoBox,Description
9de65bd37de4acc6c31cb3f2,0,choice_first,4,2,5,5,491,1,1,30,40,30,30,40,30,7,B,1,1,39,Male,DATA_EXPIRED,NoBox,Description
ec2d21c0f2a6c55528774a50,1,beliefs_first,4,4,3,3,851,0,0.5,20,30,50,25,25,50,4,B,1,1,34,Male,No,NoBox,Description
c0eddad7d3e61a29e7fd83ee,0,choice_first,5,3,5,5,842,1,1,50,0,50,50,0,50,7,A,1,1,40,Male,DATA_EXPIRED,NoBox,Description
92f8b534cad13a3682fb389b,0,beliefs_first,4,3,4,4,622,1,1,45,10,45,45,10,45,1,A,1,1,37,Male,No,NoBox,Description
f553d1bc206fd8b36cefb5a8,0,choice_first,2,2,5,5,544,1.5,1.2,45,10,45,45,10,45,5,B,1,1,24,Male,Yes,NoBox,Description
3e6989a2668a549d802b15a3,0,beliefs_first,2,3,5,4,578,1,0.75,45,10,45,55,10,35,6,A,1,1,21,Male,Yes,NoBox,Description
e8478439f0a9d11d36523d72,1,beliefs_first,1,1,4,5,618,0,2,70,25,5,60,35,5,3,A,0,1,35,Female,No,NoBox,Description
a6b70a4dae309e3777bbafe6,0,choice_first,3,4,5,2,718,1,1,45,10,45,45,10,45,4,A,1,1,41,Male,No,NoBox,Description
81b0fd6bb9f4581df0b99f26,1,choice_first,4,2,4,4,606,1,1.2,40,20,40,25,20,55,6,A,0,1,33,Male,Yes,NoBox,Description
b1e8a94e86abaaafa4fa6717,1,choice_first,3,2,4,4,588,1,1,45,10,45,45,10,45,1,B,1,1,22,Male,No,NoBox,Description
3ba76a8bc28dd88fc02e8453,0,choice_first,4,2,4,5,549,2,0,0,50,50,40,30,30,7,B,0,1,25,Female,No,NoBox,Description
7a522ac42c3d3176a5e4aef7,0,beliefs_first,4,5,1,4,579,1,1,0,100,0,0,100,0,1,A,1,1,25,Male,Yes,NoBox,Description
0f42841ac0f57a47802a602a,0,choice_first,1,3,5,5,1452,1.25,1.25,40,10,50,40,20,40,7,A,0,1,34,Male,No,NoBox,Description
07e57b40d0580dd9381e2115,1,beliefs_first,4,3,5,5,995,1,1,45.4,9.2,45.4,45.4,9.2,45.4,7,B,1,1,34,Male,No,NoBox,Description
260e411d2d373895728e5fc4,0,choice_first,4,3,3,2,709,1.25,0.75,40,10,50,60,10,30,5,B,1,1,48,Male,No,NoBox,Description
26a2bc48b516f29d3c87ddac,0,beliefs_first,4,4,2,3,464,1,1,49,2,49,49,2,49,1,A,0,1,26,Male,No,NoBox,Description
a8b4f02fed3d7bf77c00ca6d,1,beliefs_first,4,4,3,4,1259,2,2,20,60,20,50,25,25,6,B,0,1,58,Male,Yes,NoBox,Description
5e1c45b7deda6fe8226b275d,1,choice_first,4,3,5,4,2738,2,0,30,30,40,15,30,55,6,B,1,1,23,Male,No,NoBox,Description
73265371825fe204c4dbecef,1,choice_first,4,3,3,4,689,1,1.2,30,20,50,40,20,40,5,A,1,1,40,Male,Yes,NoBox,Description
0b20227aa994398a48fa8697,1,beliefs_first,3,4,4,4,645,0.2,0.25,80,5,15,75,5,20,4,B,0,1,35,Male,No,NoBox,Description
96a9253c8153bb8607f490e9,0,choice_first,4,5,5,5,1090,0.81,0.81,47,6,47,47,6,47,1,B,1,1,23,Male,DATA_EXPIRED,NoBox,Description
5bcc7dda2085a65a21e1ec90,0,choice_first,4,2,2,3,2248,2,1,50,20,30,20,20,60,4,B,1,1,32,Male,Yes,NoBox,Description
d7db347c44efd3a3184d69f6,0,beliefs_first,3,3,4,4,804,1,1,33.4,33.3,33.3,33.3,33.3,33.4,6,A,0,1,50,Female,Yes,NoBox,Description
b0a9ce7ba0ffc57613395627,0,choice_first,5,3,4,5,1717,1,1,49,2,49,49,2,49,4,B,0,1,53,Female,No,NoBox,Description
1ea1d8e315b498d23f7d54b2,1,beliefs_first,2,1,5,4,431,2,2,40,20,40,40,20,40,6,A,1,1,44,Female,No,NoBox,Description
164b9efa6f75264568dc6306,1,choice_first,3,2,4,2,972,1,1,45.5,9,45.5,45.5,9,45.5,7,A,1,1,50,Female,No,NoBox,Description
28b6d3c4757c291fe7a37ea7,1,choice_first,3,2,4,4,1260,1,1,45.5,9,45.5,45.5,9,45.5,4,B,1,1,56,Male,No,NoBox,Description
81465bc86b03ba7f710d07fb,0,beliefs_first,1,5,5,5,1378,1,0.98,49,2,49,51,2,47,7,B,0,1,30,Male,No,NoBox,Description
d480336f7c0f2b4caef12074,0,choice_first,4,1,4,3,689,1,0.95,50,1,49,51,1,48,7,B,0,1,49,Female,No,NoBox,Description
8cc23a4893cc4fae161801a0,1,beliefs_first,3,2,4,4,626,1,1,49,2,49,49,2,49,6,A,0,1,30,Male,No,NoBox,Description
f3ed01b027c5ce4d1f5f88c2,0,choice_first,2,3,3,3,705,0.6,0.6,45,10,45,45,10,45,1,B,1,1,28,Female,DATA_EXPIRED,NoBox,Description
4b05948e6d84e115c20e0eef,0,choice_first,3,4,4,4,1749,2,1,30,20,50,50,40,10,7,B,1,1,28,Female,Yes,NoBox,Description
758dc06cd5a12761f000cd2d,0,beliefs_first,1,3,4,4,354,1,0.95,49,2,49,52,2,46,7,A,0,1,29,Female,No,NoBox,Description
aa3b7ea322717e575661c793,1,choice_first,2,2,4,4,347,2,1.99,0,100,0,0,1,99,7,A,0,1,28,Female,No,NoBox,Description
acc3c3da68e270397ed475ee,0,beliefs_first,3,2,4,4,476,1,1.3,45,10,45,35,10,55,6,B,0,1,23,Female,Yes,NoBox,Description
65ba9446ef49a7d694d2d5dd,1,beliefs_first,4,2,4,3,910,1,0.75,50,2,48,55,2,43,6,A,0,1,24,Female,Yes,NoBox,Description
98bbf8265f68f96c89abbe78,0,choice_first,4,3,4,4,542,1,1,50,10,40,45,10,45,1,B,1,1,21,Female,DATA_EXPIRED,NoBox,Description
9ea47e9ce896f36f25de7cb2,1,beliefs_first,2,2,2,2,429,0.2,1,30,30,40,50,20,30,4,A,1,1,37,Female,No,NoBox,Description
c74437c1eee521ad78008b0b,1,choice_first,3,1,5,5,499,1,1,40,20,40,40,20,40,1,B,1,1,26,Female,No,NoBox,Description
69b468bc4e7e4abffece6429,0,beliefs_first,5,3,5,2,568,1,1,45,10,45,45,10,45,7,A,1,1,42,Female,No,NoBox,Description
faaa320257ce75113b487842,1,beliefs_first,3,1,3,4,738,1,1,35,45,20,35,45,20,4,A,1,1,50,Female,No,NoBox,Description
1cdc7404675c46438f00647a,0,beliefs_first,4,2,4,4,941,0.75,1,25,50,25,30,50,20,7,B,1,1,71,Female,No,NoBox,Description
acbd1f8149c49cc33bccea00,0,choice_first,4,1,5,5,635,1,1,50,0,50,50,0,50,5,B,1,1,63,Female,No,NoBox,Description
44062296c9e2acad30941d03,1,choice_first,2,2,4,3,1672,1,2,45,11,44,36,15,49,7,A,1,1,41,Female,No,NoBox,Description
07c537c83a8d55445613bbf2,1,beliefs_first,2,1,2,3,689,1,1,40,20,40,40,20,40,1,A,1,1,24,Female,No,NoBox,Description
88e985a762f492099921c8ff,1,choice_first,4,3,4,4,1244,1,2,10,10,80,30,50,20,5,B,1,1,48,Female,No,NoBox,Description
41a1613360851d03c8dcfebc,0,beliefs_first,5,2,5,5,1672,1,0.5,10,50,40,50,40,10,5,B,1,1,56,Female,No,NoBox,Description
8d81aed6df119b2cd342da76,0,choice_first,4,3,5,2,913,1,1,49,2,49,49,2,49,6,B,0,1,20,Female,Yes,NoBox,Description
3968d198e405c911a73efd1d,1,beliefs_first,3,3,4,4,714,1,1,49,2,49,49,2,49,2,A,0,1,22,Female,Yes,NoBox,Description
94219acc2fb03d07a274b11c,0,choice_first,4,3,2,2,869,1,1,5,70,25,5,70,25,7,A,0,1,35,Female,No,NoBox,Description
48b395f2df3c4e0f98fd14e1,0,choice_first,4,1,3,4,1456,1,1,75,15,10,30,25,45,7,B,1,1,53,Female,No,NoBox,Description
63ceac16a30fb9c461f44cc6,1,beliefs_first,3,2,1,5,1339,1.25,1,60,10,30,25,25,50,7,B,1,1,37,Female,No,NoBox,Description
b6f7a2931440dee97b141475,0,beliefs_first,2,1,4,2,757,1,0.8,49,2,49,59,2,39,5,A,1,1,37,Female,No,NoBox,Description
a565e3557954685c390a1d20,0,choice_first,2,1,4,5,924,0.04,0.039,100,0,0,100,0,0,6,B,0,1,22,Female,No,NoBox,Description
016cc4047da2f18f529e5e81,1,choice_first,4,2,4,4,763,1,1,45.5,9,45.5,45.5,9,45.5,5,A,1,1,29,Female,No,NoBox,Description
ae151dd14c5e3684c1e97a01,0,beliefs_first,3,1,4,4,1586,2,1.6,33,33,34,33,34,33,4,B,1,1,44,Female,No,NoBox,Description
e4582e4776d51ae378be07b6,1,choice_first,3,3,5,4,805,2,2,50,40,10,30,60,10,5,B,0,1,49,Female,No,NoBox,Description
434f0c7705c314d474694a39,0,beliefs_first,3,2,3,2,528,1,0.8,44,8,48,50,8,42,6,A,1,2,33,Female,Yes,NoBox,Description
96ec9cc108ae7ec3675e6741,0,choice_first,3,2,3,3,687,1,1,49.9,0.2,49.9,49.9,0.2,49.9,1,A,1,2,32,Male,No,NoBox,Description
2c66b7df7bdf587d2a89dc15,1,choice_first,4,1,5,5,675,0.75,1,35,50,15,25,50,25,7,A,1,2,39,Male,No,NoBox,Description
3791bd5c6de9692a1d200ce3,1,choice_first,4,3,4,5,669,1,1,50,10,40,50,10,40,5,A,0,2,33,Female,No,NoBox,Description
5d404ebeb701aaffdaa8ebd1,1,choice_first,3,4,5,4,675,1,1.2,49,2,49,48,2,50,7,A,1,2,26,Female,No,NoBox,Description
463eb737b9b44b76d12b60e1,0,beliefs_first,3,2,3,3,728,1,1,49,2,49,49,2,49,1,A,0,2,25,Female,DATA_EXPIRED,NoBox,Description
ad06ce4c23d96448fc58565b,1,choice_first,5,4,4,4,769,1,1.1,40,10,50,30,10,60,6,B,0,2,42,Male,No,NoBox,Description
9d9c225f1d4691d69c524339,0,beliefs_first,3,2,5,5,683,1,1,45,10,45,45,10,45,1,A,0,2,32,Female,No,NoBox,Description
fea840aea6deb1414257608e,0,beliefs_first,2,4,3,4,834,1,1,45.5,9,45.5,45.5,9,45.5,1,A,1,2,40,Male,No,NoBox,Description
f75a5cd63fcd80af75488d2e,0,beliefs_first,3,1,4,2,704,1,0.9,40,20,40,40,20,40,5,A,1,2,38,Male,No,NoBox,Description
c191ca3643c1b5a0c8df2ed6,1,choice_first,4,4,4,3,845,1,1.1,48,2,50,50,2,48,7,A,0,2,52,Male,No,NoBox,Description
b47ab392be16fae9e977bc08,1,choice_first,2,2,4,4,722,0.68,0.53,0,9,91,0,9,91,5,A,0,2,32,Female,No,NoBox,Description
5e78b5c94d7d442c599a7bfd,0,beliefs_first,3,2,5,3,897,1.5,0.75,48,1,51,51,1,48,6,A,1,2,38,Female,No,NoBox,Description
ffaef75eb38c5bea28251642,0,beliefs_first,2,3,5,4,935,1,1,33,34,33,33,34,33,4,A,0,2,31,Female,Yes,NoBox,Description
0e857693c37ed01e98541cb3,1,choice_first,3,4,4,4,907,2,1,60,30,10,10,20,70,7,A,1,2,29,Female,Yes,NoBox,Description
c2475e44f0ed59fb6d51b3f3,0,beliefs_first,5,3,4,4,1005,1,0.95,49,2,49,50,2,48,5,A,0,2,57,Male,No,NoBox,Description
1c26b7873d3225074552c5d4,1,beliefs_first,3,3,5,5,1215,0.82,0.82,45,9,46,45,9,46,1,B,1,2,39,Male,No,NoBox,Description
b98a01864dd8c89aea01fb79,0,beliefs_first,3,3,4,4,1253,1,1,49,2,49,49,2,49,4,A,0,2,37,Male,No,NoBox,Description
8712ed7493ef4b8df6cec11b,0,choice_first,4,2,4,4,1205,1,1,50,50,0,49,51,0,3,A,0,2,29,Female,No,NoBox,Description
c8b1819d476c55f9dd00716a,0,beliefs_first,5,5,4,4,1392,2,2,50,20,30,40,40,20,6,B,1,2,51,Female,Yes,NoBox,Description
5f89837a993c2ef153a1f776,1,beliefs_first,5,4,4,3,1048,0.9,0.9,45,10,45,45,10,45,6,A,0,2,32,Female,No,NoBox,Description
9bdad9bb0a228ffd2031e944,1,choice_first,3,3,5,5,1410,1.1,0.9,40,20,40,55,15,30,5,A,1,2,37,Male,No,NoBox,Description
aa004a6289af5bfbac4d6c76,0,choice_first,3,3,5,5,1869,1,1,45,10,45,45,10,45,5,B,0,2,33,Female,Yes,NoBox,Description
690cbb9068b9c09a192ad7b2,0,beliefs_first,5,4,5,5,1924,1,0.5,30,20,50,40,30,30,7,A,1,2,26,Male,Yes,NoBox,Description
ad366fa349fba9e4635cc888,1,choice_first,4,3,3,3,1868,1,1,48,4,48,48,4,48,7,B,1,2,26,Male,No,NoBox,Description
4739641062a00be2657f87c4,0,beliefs_first,4,5,1,1,578,2,2,0,0,100,0,0,100,4,B,1,2,48,Female,Yes,NoBox,Description
d5f8bf98f5649839cd223a30,0,choice_first,3,4,4,4,2142,1.25,1,30,40,30,40,30,30,6,A,0,2,25,Female,Yes,NoBox,Description
460395385774c21bfd56cc04,1,beliefs_first,1,1,4,4,1522,1,1,45.5,9,45.5,45.5,9,45.5,1,B,1,2,48,Male,No,NoBox,Description
d844f56a45bb90aa15e81fa7,1,choice_first,3,4,4,5,1635,1,1,45.5,9.1,45.4,45.5,9.1,45.4,7,A,0,2,32,Male,No,NoBox,Description
71b18cddcdad43de2773f47e,1,beliefs_first,3,4,3,4,693,1,2,50,25,25,50,25,25,5,A,0,2,43,Male,No,NoBox,Description
cc899fd81a6a13c11a719b97,1,choice_first,4,1,2,2,539,1,1,45,10,45,45,10,45,1,B,0,2,38,Male,No,NoBox,Description
3673f82f806646a732082330,0,beliefs_first,4,1,4,4,710,0.18,0.18,49,2,49,49,2,49,4,B,1,2,34,Male,No,NoBox,Description
2c3d3439ee0ae74b0a35f92f,1,choice_first,4,3,5,5,389,1.4,1.6,30,15,55,25,15,60,6,B,0,2,46,Male,No,NoBox,Description
88573c93e66954fb1ca4156c,0,choice_first,4,3,5,5,910,2,1.8,45,10,45,45,10,45,6,B,0,2,24,Male,No,NoBox,Description
0106bf49abc1ffd8cd202835,1,beliefs_first,3,5,4,4,940,1,1,49,2,49,49,2,49,7,B,0,2,35,Male,Yes,NoBox,Description
4b25ac32174bb71fae9dab30,1,choice_first,4,2,4,3,572,1,0.75,50,5,45,45,5,50,4,B,1,2,33,Male,DATA_EXPIRED,NoBox,Description
5c4ff92dd79d7612a5d0b873,0,beliefs_first,3,2,5,4,396,0.2,0.18,25,50,25,25,50,25,5,B,0,2,45,Female,Yes,NoBox,Description
8a3177ddc41ba6c930e2473d,1,beliefs_first,3,2,4,4,676,1,0.8,48,4,48,52,4,44,5,B,0,2,27,Male,No,NoBox,Description
2c9d02a9a876bae2954532c8,0,beliefs_first,1,1,4,5,317,1.7,1.3,40,40,20,20,20,60,3,B,0,2,45,Male,No,NoBox,Description
61fbc39cf573adebf45149f3,1,beliefs_first,4,3,5,4,1086,1,1,50,0,50,50,0,50,7,A,1,2,42,Male,Yes,NoBox,Description
f52be4b38ac70f1eb7b9f471,0,beliefs_first,2,3,4,5,497,1,1,46,9,45,46,9,45,4,A,0,2,40,Male,No,NoBox,Description
b163dbf137e73eda989741a3,1,beliefs_first,3,2,4,2,648,1,0.8,48,4,48,50,2,48,5,A,1,2,26,Male,DATA_EXPIRED,NoBox,Description
583c2115adfdfeaaa52d506e,0,choice_first,2,3,5,4,741,1,0.8,52,9,39,45,9,46,7,A,1,2,32,Male,No,NoBox,Description
9de65bd37de4acc6c31cb3f2,0,choice_first,4,2,5,5,491,1,1,30,40,30,30,40,30,4,A,0,2,39,Male,DATA_EXPIRED,NoBox,Description
ec2d21c0f2a6c55528774a50,0,beliefs_first,4,4,3,3,851,1.6,1.5,40,10,50,30,20,50,5,B,0,2,34,Male,No,NoBox,Description
c0eddad7d3e61a29e7fd83ee,0,choice_first,5,3,5,5,842,0.5,1.5,70,0,30,0,0,100,7,B,0,2,40,Male,DATA_EXPIRED,NoBox,Description
92f8b534cad13a3682fb389b,1,beliefs_first,4,3,4,4,622,1,1,45,10,45,45,10,45,1,B,0,2,37,Male,No,NoBox,Description
f553d1bc206fd8b36cefb5a8,0,choice_first,2,2,5,5,544,1.5,1.3,45,10,45,55,5,40,6,B,0,2,24,Male,Yes,NoBox,Description
3e6989a2668a549d802b15a3,1,beliefs_first,2,3,5,4,578,0.9,1,45,10,45,45,10,45,4,A,0,2,21,Male,Yes,NoBox,Description
e8478439f0a9d11d36523d72,1,beliefs_first,1,1,4,5,618,1,2,30,50,20,35,45,20,2,A,1,2,35,Female,No,NoBox,Description
a6b70a4dae309e3777bbafe6,1,choice_first,3,4,5,2,718,1,1,49,2,49,49,2,49,4,B,0,2,41,Male,No,NoBox,Description
81b0fd6bb9f4581df0b99f26,1,choice_first,4,2,4,4,606,1,1.3,40,20,40,20,10,70,5,A,1,2,33,Male,Yes,NoBox,Description
b1e8a94e86abaaafa4fa6717,0,choice_first,3,2,4,4,588,1,1,49,2,49,49,2,49,1,A,0,2,22,Male,No,NoBox,Description
3ba76a8bc28dd88fc02e8453,0,choice_first,4,2,4,5,549,2,0,50,25,25,40,30,30,7,A,1,2,25,Female,No,NoBox,Description
7a522ac42c3d3176a5e4aef7,1,beliefs_first,4,5,1,4,579,1,1,0,100,0,0,100,0,1,B,0,2,25,Male,Yes,NoBox,Description
0f42841ac0f57a47802a602a,0,choice_first,1,3,5,5,1452,2,1,30,20,50,30,20,50,7,A,1,2,34,Male,No,NoBox,Description
07e57b40d0580dd9381e2115,1,beliefs_first,4,3,5,5,995,1,1,49,2,49,49,2,49,7,B,0,2,34,Male,No,NoBox,Description
260e411d2d373895728e5fc4,0,choice_first,4,3,3,2,709,1,0.9,50,2,48,50,2,48,6,A,0,2,48,Male,No,NoBox,Description
26a2bc48b516f29d3c87ddac,0,beliefs_first,4,4,2,3,464,1,1,45,10,45,45,10,45,1,B,1,2,26,Male,No,NoBox,Description
a8b4f02fed3d7bf77c00ca6d,1,beliefs_first,4,4,3,4,1259,2,2,20,30,50,50,30,20,5,A,1,2,58,Male,Yes,NoBox,Description
5e1c45b7deda6fe8226b275d,0,choice_first,4,3,5,4,2738,2,0.5,30,30,40,70,20,10,6,B,0,2,23,Male,No,NoBox,Description
73265371825fe204c4dbecef,0,choice_first,4,3,3,4,689,0.08,0.4,25,15,60,30,20,50,5,A,0,2,40,Male,Yes,NoBox,Description
0b20227aa994398a48fa8697,1,beliefs_first,3,4,4,4,645,0.5,1,50,10,40,45,10,45,5,A,1,2,35,Male,No,NoBox,Description
96a9253c8153bb8607f490e9,0,choice_first,4,5,5,5,1090,0.81,0.81,47,6,47,47,6,47,1,B,0,2,23,Male,DATA_EXPIRED,NoBox,Description
5bcc7dda2085a65a21e1ec90,0,choice_first,4,2,2,3,2248,1,1,100,0,0,20,30,50,5,B,0,2,32,Male,Yes,NoBox,Description
d7db347c44efd3a3184d69f6,0,beliefs_first,3,3,4,4,804,1.25,1,33.4,33.3,33.3,33.3,33.4,33.3,5,A,1,2,50,Female,Yes,NoBox,Description
b0a9ce7ba0ffc57613395627,0,choice_first,5,3,4,5,1717,1,1,49,2,49,49,2,49,5,A,1,2,53,Female,No,NoBox,Description
1ea1d8e315b498d23f7d54b2,1,beliefs_first,2,1,5,4,431,1,1,40,20,40,40,20,40,5,B,0,2,44,Female,No,NoBox,Description
164b9efa6f75264568dc6306,1,choice_first,3,2,4,2,972,1,1,49,2,49,49,2,49,7,A,0,2,50,Female,No,NoBox,Description
28b6d3c4757c291fe7a37ea7,1,choice_first,3,2,4,4,1260,1,1,49,2,49,49,2,49,5,B,0,2,56,Male,No,NoBox,Description
81465bc86b03ba7f710d07fb,0,beliefs_first,1,5,5,5,1378,1,1,45.5,9,45.5,45.5,9,45.5,7,B,1,2,30,Male,No,NoBox,Description
d480336f7c0f2b4caef12074,0,choice_first,4,1,4,3,689,1,0.95,50,1,49,50,1,49,7,B,1,2,49,Female,No,NoBox,Description
8cc23a4893cc4fae161801a0,1,beliefs_first,3,2,4,4,626,1,1,49,2,49,49,2,49,6,B,1,2,30,Male,No,NoBox,Description
f3ed01b027c5ce4d1f5f88c2,1,choice_first,2,3,3,3,705,0.6,0.6,45,10,45,45,10,45,1,A,0,2,28,Female,DATA_EXPIRED,NoBox,Description
4b05948e6d84e115c20e0eef,0,choice_first,3,4,4,4,1749,1,2,30,50,20,30,50,20,5,A,0,2,28,Female,Yes,NoBox,Description
758dc06cd5a12761f000cd2d,0,beliefs_first,1,3,4,4,354,1,1,49,2,49,49,2,49,1,A,1,2,29,Female,No,NoBox,Description
aa3b7ea322717e575661c793,0,choice_first,2,2,4,4,347,1.99,2,0,20,80,10,30,60,7,A,1,2,28,Female,No,NoBox,Description
acc3c3da68e270397ed475ee,0,beliefs_first,3,2,4,4,476,1.3,1,45,10,45,45,11,44,5,B,1,2,23,Female,Yes,NoBox,Description
65ba9446ef49a7d694d2d5dd,1,beliefs_first,4,2,4,3,910,1,0.75,41,9,50,50,9,41,6,B,1,2,24,Female,Yes,NoBox,Description
98bbf8265f68f96c89abbe78,0,choice_first,4,3,4,4,542,1,1,44,12,44,45,10,45,1,B,0,2,21,Female,DATA_EXPIRED,NoBox,Description
9ea47e9ce896f36f25de7cb2,0,beliefs_first,2,2,2,2,429,0.5,0.4,20,50,30,40,60,0,5,B,0,2,37,Female,No,NoBox,Description
c74437c1eee521ad78008b0b,1,choice_first,3,1,5,5,499,1,1,45,10,45,45,10,45,1,B,0,2,26,Female,No,NoBox,Description
69b468bc4e7e4abffece6429,0,beliefs_first,5,3,5,2,568,1,0.98,49,2,49,52,2,46,7,B,0,2,42,Female,No,NoBox,Description
faaa320257ce75113b487842,0,beliefs_first,3,1,3,4,738,1.5,1.5,20,50,30,20,50,30,4,A,0,2,50,Female,No,NoBox,Description
1cdc7404675c46438f00647a,0,beliefs_first,4,2,4,4,941,1,1,25,50,25,30,50,20,7,B,0,2,71,Female,No,NoBox,Description
acbd1f8149c49cc33bccea00,1,choice_first,4,1,5,5,635,1,1,50,0,50,50,0,50,5,A,0,2,63,Female,No,NoBox,Description
44062296c9e2acad30941d03,1,choice_first,2,2,4,3,1672,1.1,1.25,30,10,60,35,15,50,6,B,0,2,41,Female,No,NoBox,Description
07c537c83a8d55445613bbf2,0,beliefs_first,2,1,2,3,689,1,1,30,10,60,30,10,60,1,B,0,2,24,Female,No,NoBox,Description
88e985a762f492099921c8ff,1,choice_first,4,3,4,4,1244,1.5,2,10,50,40,10,20,70,5,B,0,2,48,Female,No,NoBox,Description
41a1613360851d03c8dcfebc,1,beliefs_first,5,2,5,5,1672,1.1,0.5,10,10,80,90,0,10,7,A,0,2,56,Female,No,NoBox,Description
8d81aed6df119b2cd342da76,0,choice_first,4,3,5,2,913,1,1,46,8,46,46,8,46,1,B,1,2,20,Female,Yes,NoBox,Description
3968d198e405c911a73efd1d,1,beliefs_first,3,3,4,4,714,1,1,45.5,9,45.5,45.5,9,45.5,2,A,1,2,22,Female,Yes,NoBox,Description
94219acc2fb03d07a274b11c,0,choice_first,4,3,2,2,869,1,1,25,50,25,25,50,25,7,A,1,2,35,Female,No,NoBox,Description
48b395f2df3c4e0f98fd14e1,0,choice_first,4,1,3,4,1456,1,1,25,15,60,75,10,15,7,B,0,2,53,Female,No,NoBox,Description
63ceac16a30fb9c461f44cc6,1,beliefs_first,3,2,1,5,1339,1.75,2,10,30,60,65,25,10,7,A,0,2,37,Female,No,NoBox,Description
b6f7a2931440dee97b141475,0,beliefs_first,2,1,4,2,757,1,0.8,49,1,50,59,1,40,5,B,0,2,37,Female,No,NoBox,Description
a565e3557954685c390a1d20,0,choice_first,2,1,4,5,924,0.2,0.18,100,0,0,100,0,0,5,A,1,2,22,Female,No,NoBox,Description
016cc4047da2f18f529e5e81,1,choice_first,4,2,4,4,763,1,1,49.4,1.2,49.4,49.4,1.2,49.4,5,A,0,2,29,Female,No,NoBox,Description
ae151dd14c5e3684c1e97a01,1,beliefs_first,3,1,4,4,1586,1.6,1.2,33,34,33,33,33,34,4,B,0,2,44,Female,No,NoBox,Description
e4582e4776d51ae378be07b6,1,choice_first,3,3,5,4,805,1,2,20,25,55,20,40,40,4,A,1,2,49,Female,No,NoBox,Description
052e81d2562792492460ebe2,1,choice_first,3,2,4,5,406,2,0,0,50,50,100,0,0,4,B,1,1,28,Male,No,Random,Description
e1926064779db7bdd6ffcbac,0,choice_first,2,2,3,4,471,2,2,46,8,46,46,8,46,2,A,1,1,24,Female,Yes,Random,Description
416edb6648fd6678f41df28e,1,choice_first,4,1,4,4,391,2,1.9,0,0,100,10,0,90,6,A,1,1,40,Male,No,Random,Description
e913d0b1ff653558c1b2a710,1,beliefs_first,4,3,5,4,411,0.75,1.5,35,10,55,68,12,20,6,B,1,1,20,Male,No,Random,Description
594a4fe9c4ec6d9cf803ad56,0,choice_first,4,3,4,4,423,0.8,1.1,45,10,45,45,10,45,6,B,1,1,33,Male,No,Random,Description
c3f91910c532fa61d861e01d,0,choice_first,2,4,5,4,446,1,1,45,10,45,45,10,45,7,A,1,1,22,Male,Yes,Random,Description
aa0c9cc1cc0b054f502e4875,1,beliefs_first,3,3,4,4,498,1,1.25,45,9,46,36,9,55,4,B,1,1,42,Female,Yes,Random,Description
9a77c34dfa72267c29c2c3b5,1,choice_first,5,3,4,4,507,0.89,0.87,45,10,45,45,10,45,7,B,1,1,26,Male,No,Random,Description
dba2b6f3d72ab48921c1b1e0,0,beliefs_first,2,1,5,5,470,1,1,33,33,34,33,33,34,6,A,1,1,43,Male,No,Random,Description
423040c30978fe7a05ff353f,1,beliefs_first,3,1,5,5,479,0.97,1.13,40,10,50,60,10,30,5,B,1,1,30,Female,No,Random,Description
cf7dfe773a6e26696249351b,0,choice_first,2,3,2,3,545,1,1,10,15,75,15,10,75,3,A,1,1,56,Female,No,Random,Description
b408e54523b92dd8e30bc10e,1,choice_first,5,3,4,4,517,1,1,33.3,33.4,33.3,33.3,33.4,33.3,5,A,1,1,34,Female,No,Random,Description
dbd8a15d912096e2d89f819b,1,choice_first,4,4,2,4,685,1,2,20,40,40,30,30,40,6,B,1,1,33,Male,No,Random,Description
19e27021e2ae105b8b4004a5,0,beliefs_first,2,2,4,5,697,1,1,0,100,0,0,100,0,4,B,1,1,61,Male,No,Random,Description
2bb5126c6286cfbc1a8675fd,0,choice_first,2,2,5,5,649,0.9,1.2,32,9,59,50,8,42,5,B,1,1,28,Male,No,Random,Description
e82c77c698312032e16b08af,1,choice_first,4,3,5,3,605,1,1.2,79,1,20,54,1,45,7,B,1,1,27,Male,Yes,Random,Description
fe3a3c3906d0ec7effd79238,1,beliefs_first,4,3,4,4,877,0.75,1,40,20,40,50,20,30,6,B,1,1,30,Female,No,Random,Description
e9d6a71534e99126a3b5652f,1,beliefs_first,2,2,4,4,776,0.98,0.98,45.5,9,45.5,45.5,9,45.5,5,A,1,1,30,Female,Yes,Random,Description
c24f62748c3e4f53f0152d83,1,choice_first,2,2,4,4,643,0.75,1,45,10,45,45,10,45,6,A,1,1,28,Female,No,Random,Description
6332c93e4bf67f1eda2c4558,0,choice_first,3,1,3,4,862,0.9,1,45.5,9,45.5,45.5,9,45.5,6,A,1,1,65,Male,No,Random,Description
f7644ff18cd0804d1af9aab6,1,beliefs_first,4,4,4,3,890,1,1,45.5,9,45.5,45.5,9,45.5,4,B,1,1,49,Male,No,Random,Description
c16533d16d178cfe4f7a3400,1,beliefs_first,2,2,4,4,947,0.2,0.23,70,20,10,70,20,10,6,A,1,1,62,Female,No,Random,Description
0e88e27fe93b24ddbbfed872,0,beliefs_first,4,3,4,4,978,1,1,100,0,0,100,0,0,6,B,1,1,33,Female,No,Random,Description
606ca2440d2910093a2a7f65,0,beliefs_first,4,3,5,4,1061,2,1.5,50,10,40,50,11,39,6,B,1,1,55,Female,No,Random,Description
858b9abc32bc944ec0107e81,1,beliefs_first,2,3,5,5,967,1,1,35,30,35,35,30,35,7,A,1,1,62,Female,No,Random,Description
102e1303d1d6b3809bb6cdf1,1,beliefs_first,2,3,5,4,785,1,0.8,45,10,45,45,10,45,6,A,1,1,33,Female,No,Random,Description
b174b569111d2499dac7e7d0,0,choice_first,3,2,3,4,883,2,1,10,10,80,50,10,40,5,B,1,1,55,Male,No,Random,Description
17f6752864d858f9446f321a,1,choice_first,3,3,3,4,608,1,1,50,5,45,50,5,45,5,A,1,1,27,Female,No,Random,Description
aea62000dc51716ad612a6ab,0,choice_first,1,1,5,5,1807,1,2,60,20,20,40,30,30,5,B,1,1,38,Male,No,Random,Description
39c908fdb336a02182d0c62d,1,beliefs_first,4,4,5,5,907,2,2,40,20,40,40,20,40,7,A,1,1,43,Female,Yes,Random,Description
d3301a2b28e6f1f0b625126c,1,choice_first,4,3,4,4,327,1,1,40,10,50,40,10,50,5,A,1,1,27,Female,No,Random,Description
6be06246a9ab76df2b7159c6,0,beliefs_first,3,2,5,2,342,1,0.8,45,10,45,47,8,45,3,B,1,1,19,Female,Yes,Random,Description
1995ae47faf46a7bdbdd0bb3,0,beliefs_first,5,2,3,4,403,1,1,45,10,45,45,10,45,4,B,1,1,24,Male,Yes,Random,Description
a9c741f2ef6f9ec9aec348bf,1,beliefs_first,3,4,4,4,398,0.99,0.91,35,50,15,85,12,3,5,B,1,1,28,Female,Yes,Random,Description
c2b65f5a131694e3246cb4cd,0,choice_first,4,2,3,2,491,0.75,1,25,25,50,60,10,30,5,B,1,1,27,Male,No,Random,Description
cb86edf90db619f45064b7a4,1,beliefs_first,4,4,5,4,518,1,1,45,10,45,45,10,45,4,B,1,1,52,Male,No,Random,Description
0add3f48401fdc0107a46017,1,choice_first,5,1,5,5,402,1,1.25,40,20,40,30,30,40,5,B,1,1,32,Male,No,Random,Description
c9894ebe1e10344ba6905c93,1,beliefs_first,5,4,3,4,409,0.7,0.2,50,30,20,30,40,30,7,B,1,1,50,Female,No,Random,Description
cd28bb078551600369bd4627,1,choice_first,4,2,3,3,557,1,1,50,10,40,50,10,40,5,B,1,1,41,Female,No,Random,Description
a3fc7ecc6dbc65f721ef35e5,1,choice_first,3,3,3,4,644,1,1.25,45,10,45,40,11,49,6,A,1,1,26,Female,No,Random,Description
b074cb92b7cfff21e741251a,1,beliefs_first,4,2,5,5,692,1.05,1.25,45,1,54,45,1,54,6,A,1,1,67,Female,No,Random,Description
a48fe5b2788d8371e9108e97,1,beliefs_first,3,3,4,3,731,0.73,1,65,25,10,55,15,30,5,B,1,1,35,Female,Yes,Random,Description
0342ff77bbb5efdef6abf1d9,1,beliefs_first,4,3,5,5,420,1,0.75,0,100,0,100,0,0,7,B,1,1,27,Female,Yes,Random,Description
7bce6dabb5b7a5529df238ae,0,beliefs_first,3,2,5,5,701,1.1,1,45,10,45,45,10,45,5,A,1,1,31,Female,No,Random,Description
92a86bed65576fea234809c0,1,choice_first,2,1,4,4,686,1,1.5,45,10,45,45,10,45,5,B,1,1,46,Female,No,Random,Description
1e2d915e273014585e736861,1,choice_first,3,5,2,2,788,1,1,40,30,30,30,40,30,6,A,1,1,29,Male,No,Random,Description
267d5dc38509f47114bf279d,1,choice_first,4,3,4,2,688,1.15,1.25,46,8,46,46,8,46,6,A,1,1,36,Male,No,Random,Description
497ce7c37fa7dd60930255a6,1,beliefs_first,4,2,4,2,874,1,0.8,25,50,25,50,25,25,5,A,1,1,37,Male,No,Random,Description
951fb72bf7fb58b64f1c5db8,1,choice_first,3,2,4,4,816,1,1,45,10,45,50,10,40,4,A,1,1,36,Male,No,Random,Description
02c577b3950ce55c4754041f,0,choice_first,2,2,3,3,967,2,1.8,45,10,45,45,10,45,2,B,1,1,51,Male,No,Random,Description
4505770772317a065e7d9de6,0,choice_first,4,1,4,4,951,2,2,0,0,100,0,0,100,7,B,1,1,25,Female,Yes,Random,Description
135364412d466de3e9b56763,1,beliefs_first,3,5,4,4,878,1,0.8,40,0.9,59.1,40,0.9,59.1,4,B,1,1,34,Female,No,Random,Description
65fb0bf20891cf0424bb1628,1,choice_first,4,3,4,3,717,1,1.2,45,10,45,42,10,48,6,A,1,1,50,Male,No,Random,Description
6c1c794168c5fa5bdec42aaa,1,beliefs_first,2,4,5,4,1026,1,1,45.5,9,45.5,45.5,9,45.5,6,A,1,1,54,Male,No,Random,Description
13ae43e976055239451bc6e3,0,choice_first,5,4,3,2,1173,0.8,1,45,10,45,45,10,45,5,A,1,1,23,Male,Yes,Random,Description
b5d6038f62011486452801de,1,choice_first,4,4,4,5,416,1,0.75,46,8,46,46,8,46,6,B,1,1,32,Male,No,Random,Description
27cd1095d9b62396e297f711,0,beliefs_first,5,4,5,5,680,0.18,0.18,45,10,45,45,10,45,6,A,1,1,24,Male,No,Random,Description
2f20c3b57cc011776ed9a0fc,1,beliefs_first,4,1,5,5,1045,1,1,45,10,45,45,10,45,5,B,1,1,49,Female,No,Random,Description
1c5770778a84237df0857804,1,choice_first,4,4,2,2,1519,0.2,2,50,30,20,20,30,50,6,B,1,1,32,Male,No,Random,Description
86f8889132dfe4d79c4323ac,1,choice_first,4,4,4,4,415,0.75,1,45,10,45,45,10,45,5,B,1,1,25,Female,DATA_EXPIRED,Random,Description
197889547fdfd0f4c0a3ee84,1,choice_first,4,4,5,5,336,0.75,1,50,10,40,30,10,60,5,B,1,1,27,Male,No,Random,Description
2abf372aa1e4d1de0cd46625,0,choice_first,4,2,3,3,284,1.8,2,20,30,50,10,50,40,5,A,1,1,30,Male,No,Random,Description
84c9d0284529ac489385f707,0,beliefs_first,4,4,2,4,570,1.25,1.25,45,10,45,45,10,45,4,B,1,1,34,Male,No,Random,Description
7ef8c098b2f0ba210caa0d41,0,choice_first,4,2,4,4,285,1.15,1.25,50,10,40,35,10,55,5,B,1,1,26,Female,No,Random,Description
0b80b6e00c54a0b016adab22,1,beliefs_first,4,3,5,2,275,0.8,1.2,80,1,19,40,1,59,7,A,1,1,30,Female,No,Random,Description
7e2dc893a288d13c94a4d4db,0,choice_first,3,1,4,4,302,0.2,0.4,50,10,40,60,10,30,3,B,1,1,23,Female,No,Random,Description
b166b162e7b6e7c114144ef9,0,beliefs_first,3,4,4,3,570,1,1.1,45,10,45,36,10,54,6,B,1,1,58,Female,No,Random,Description
4f6733edd6bc198d320f30fb,0,beliefs_first,5,3,4,5,315,1,1,10,30,60,20,40,40,4,A,1,1,33,Female,No,Random,Description
4c76026f6ff93b0b91dd45a6,1,choice_first,2,1,4,4,358,1,1.2,45,10,45,45,10,45,6,A,1,1,43,Female,No,Random,Description
25021cf434129cd9f52fec8e,1,beliefs_first,4,3,4,4,351,1,1,48,4,48,49,2,49,7,B,1,1,29,Female,No,Random,Description
f53d608761302ed3bf4f5c72,1,choice_first,3,3,4,4,336,2,2,50,5,45,50,5,45,6,A,1,1,35,Female,No,Random,Description
e3af20e6ea4149ee8b688adb,1,choice_first,4,2,4,4,660,1,1,45,10,45,45,10,45,5,A,1,1,34,Male,No,Random,Description
7cecf612506d4577dcfe8d14,1,choice_first,3,2,5,5,478,1,1.25,50,10,40,40,10,50,6,B,1,1,20,Male,No,Random,Description
612405c649f9b0d53e9aa912,1,beliefs_first,2,3,4,4,578,1,1,45,10,45,45,10,45,7,B,1,1,50,Female,No,Random,Description
649bf51a0118b7666b7db542,1,beliefs_first,5,5,5,5,571,0.89,0.91,45,10,45,47,10,43,7,B,1,1,62,Male,No,Random,Description
dc6af1581988d6a86aa4a75b,1,choice_first,4,3,3,4,376,1,1.05,49,1,50,49,1,50,7,B,1,1,31,Male,No,Random,Description
b4c1cc690ca352dc45756d29,1,choice_first,5,4,4,4,612,0.81,0.81,45.3,9.4,45.3,45.3,9.4,45.3,7,B,1,1,35,Male,No,Random,Description
aab211d7421d2071248689c4,1,choice_first,3,4,5,5,472,0.9,1.1,45,10,45,45,10,45,6,A,1,1,24,Male,No,Random,Description
fb225348fb99131761689564,0,choice_first,5,3,3,3,627,1.2,1,30,30,40,40,20,40,6,B,1,1,29,Male,No,Random,Description
909e12591a25951e5e84d55c,0,choice_first,3,2,5,5,745,1.1,0.8,40,10,50,50,10,40,5,B,1,1,48,Male,No,Random,Description
0905c32e3e7f7217ca49cd3e,1,beliefs_first,2,3,5,3,575,1,1,45,10,45,45,10,45,2,B,1,1,30,Male,No,Random,Description
192a1fe195e4fab028336cae,1,beliefs_first,2,4,4,3,580,0.8,1,50,5,45,40,10,50,6,B,1,1,34,Male,No,Random,Description
30b5362c5beecce35bce7e6c,0,beliefs_first,2,1,5,5,505,1,1.2,40,20,40,40,20,40,6,B,1,1,31,Female,No,Random,Description
4fa629ca6e74caf4d8929605,0,choice_first,3,2,4,4,728,1.25,1,50,20,30,60,10,30,3,A,1,1,51,Female,No,Random,Description
57a20d98e8cfea472bf3667d,1,choice_first,5,2,2,4,590,1,1,40,20,40,40,20,40,7,B,1,1,41,Female,No,Random,Description
2edaf84e05a9b29d542b299b,1,choice_first,4,4,4,4,650,1,0.9,45.5,9,45.5,45.5,9,45.5,6,B,1,1,35,Male,Yes,Random,Description
0e71407450879c293f9f31c3,0,beliefs_first,4,3,4,3,799,2,1,20,30,50,40,30,30,5,A,1,1,44,Male,Yes,Random,Description
68b6f5a0b265122e3c192bf1,1,choice_first,2,2,5,3,756,1,1,60,5,35,60,5,35,4,A,1,1,55,Female,No,Random,Description
bf3da0ef8e4dc229788c13f3,1,choice_first,4,2,4,3,736,1.25,0.75,20,20,60,20,20,60,5,A,1,1,46,Female,No,Random,Description
1e0acdb60849c99acd120fe2,0,beliefs_first,2,2,5,4,774,2,2,40,10,50,50,10,40,5,B,1,1,49,Female,DATA_EXPIRED,Random,Description
b4d7a3df5d326c83d67e92e1,1,choice_first,3,2,4,4,706,1,1,45,10,45,45,10,45,7,A,1,1,49,Male,No,Random,Description
dc84ef224ef2af3e8945664f,1,choice_first,3,1,5,4,491,0.75,1,50,10,40,40,25,35,5,A,1,1,30,Female,No,Random,Description
bfa9def5a9e1666c2dddbf8f,1,choice_first,4,3,5,3,783,1,1.25,50,25,25,25,25,50,5,A,1,1,53,Male,No,Random,Description
acd49d3ca55059d0837fe0ea,1,beliefs_first,4,3,4,4,1052,1,1,45,10,45,45,10,45,5,A,1,1,50,Male,No,Random,Description
4fb7c22e7e87beaf028eb064,1,beliefs_first,4,2,4,5,961,1.17,0.82,45.46,9.09,45.45,45.46,9.09,45.45,6,B,1,1,36,Male,No,Random,Description
193531650725818e7ec89dfc,1,beliefs_first,4,4,5,5,842,0.8,1,55,10,35,45,10,45,6,B,1,1,30,Female,No,Random,Description
463d30eabebfbb2bd140145a,1,beliefs_first,4,1,4,3,729,0.9,1.1,50,20,30,70,10,20,5,A,1,1,45,Female,Yes,Random,Description
8d5f4d5b804e299d91698861,0,choice_first,3,3,5,5,1053,1.25,1,20,30,50,10,30,60,5,A,1,1,51,Female,Yes,Random,Description
a3075981d3eb96152facacf0,0,choice_first,3,3,4,4,566,1,1,45,10,45,45,10,45,6,A,1,1,34,Male,No,Random,Description
93474a3b5641aff92c5853ed,1,beliefs_first,2,1,5,5,1394,0.4,0.2,50,10,40,40,40,20,4,B,1,1,64,Female,No,Random,Description
a431e26d86f7eabc22587c7b,1,choice_first,2,1,2,4,529,0.04,0.04,30,30,40,20,20,60,4,A,0,1,36,Male,No,BoxRight,Description
47d6fbd17a055b0f6dcd279b,1,choice_first,5,3,5,5,508,1.5,1.5,0,40,60,0,90,10,7,B,0,1,36,Male,No,BoxRight,Description
7aa79a4cc1f8e28429922216,0,beliefs_first,2,2,4,4,530,1,1,50,25,25,50,1,49,5,B,0,1,21,Female,Yes,BoxRight,Description
beaa55b48e0e927d39c6c413,1,choice_first,4,3,4,3,670,1,1.2,40,10,50,30,40,30,5,A,1,1,25,Male,No,BoxRight,Description
2b1aa04b7a7c74919f260088,0,choice_first,4,4,2,2,270,1,1,45,10,45,45,10,45,7,A,1,1,30,Male,Yes,BoxRight,Description
2cd780300f69c352ad637c33,0,beliefs_first,4,2,5,5,452,0.9,0.1,40,5,55,60,5,35,7,A,0,1,29,Male,No,BoxRight,Description
47b02182b9ab40f7952614bc,1,choice_first,4,3,3,4,399,2,2,0,0,100,0,0,100,5,B,0,1,21,Male,No,BoxRight,Description
406ad4c71e98205c91a89bf0,1,beliefs_first,2,3,5,5,885,1,1,49,2,49,49,2,49,5,A,0,1,21,Female,Yes,BoxRight,Description
d628e8f6be3f6c498742383f,1,choice_first,4,4,5,3,638,1,1,45,10,45,45,10,45,1,B,1,1,27,Male,No,BoxRight,Description
4eda5a15e5ecd009b191b0dc,1,beliefs_first,2,2,5,4,386,1,1,45,10,45,45,10,45,4,B,0,1,38,Male,No,BoxRight,Description
6b31aa868d49588b44126937,1,choice_first,4,3,4,5,648,1,1.1,46,8,46,46,8,46,7,A,1,1,30,Male,No,BoxRight,Description
9cb6554bd9e85d2db103de9b,0,beliefs_first,3,1,5,3,529,1.5,1,10,35,55,25,50,25,7,A,0,1,51,Female,No,BoxRight,Description
86d790e3ce957b96c492cfb1,1,choice_first,3,3,3,2,1004,1,120,60,25,15,60,22,18,6,B,0,1,65,Female,No,BoxRight,Description
00dac5efe6969a4957ac24b0,1,choice_first,2,2,4,5,632,0.1,0.11,49,2,49,48.5,3,48.5,6,B,0,1,27,Male,Yes,BoxRight,Description
7f772b65bca4f217d1d75a2b,0,beliefs_first,4,3,4,5,1013,1,1,0,100,0,0,100,0,4,A,1,1,74,Male,No,BoxRight,Description
52a73d79869ceae8c93140e3,0,beliefs_first,4,3,4,4,242,1,1,45,23,32,45,13,42,6,A,0,1,34,Male,DATA_EXPIRED,BoxRight,Description
ac2ca5a8ee98771e05fcce09,1,choice_first,2,3,3,2,654,0.68,1.12,64,0.5,35.5,44,0.7,55.3,4,B,0,1,28,Male,No,BoxRight,Description
de0ca9b36ada262b42d0a9f5,0,choice_first,4,3,4,4,567,2,1,33,34,33,35,60,5,5,A,1,1,60,Female,No,BoxRight,Description
5a734650bb5ad682378e3d2c,0,choice_first,2,3,4,4,723,1,1.1,45,10,45,45,10,45,6,A,1,1,32,Female,No,BoxRight,Description
204a4a8432e4bd1fa47767ea,0,choice_first,3,2,5,5,692,1,1,49,2,49,49,2,49,1,A,0,1,38,Male,No,BoxRight,Description
bcdae254127eb2d4da6830cb,0,beliefs_first,3,3,5,4,774,1,1,45.5,9,45.5,45.5,9,45.5,1,B,1,1,51,Female,No,BoxRight,Description
c6e8a124869ba778e62ede97,0,choice_first,3,2,2,2,470,1,1,49,2,49,49,2,49,7,A,0,1,30,Female,No,BoxRight,Description
575a6a86284e9be75adfa60b,1,choice_first,2,2,4,4,542,0.4,1,80,12,8,60,10,30,7,A,1,1,24,Male,No,BoxRight,Description
7563bc7a37313cf1f6d9f332,0,choice_first,4,2,4,5,593,1.75,1.5,10,90,0,20,40,40,5,A,1,1,30,Female,No,BoxRight,Description
e0d5a469b16f600a5d7476b1,1,beliefs_first,3,3,4,4,1220,1,1.1,45.5,9,45.5,45.5,9,45.5,6,A,1,1,50,Male,DATA_EXPIRED,BoxRight,Description
f5e0f187549ffd653d0e9408,0,beliefs_first,2,3,3,3,887,1,1,45,10,45,45,10,45,1,A,1,1,28,Male,No,BoxRight,Description
7b3570f7f10f898f13dc7b57,0,choice_first,2,3,3,2,1080,0.8,1.2,40,5,55,55,5,40,1,A,0,1,69,Female,No,BoxRight,Description
ba4b983885850e0ceb2d4a44,0,beliefs_first,2,2,4,2,1341,1,0.9,50,2,48,49,2,49,7,B,0,1,61,Female,No,BoxRight,Description
54dfb750584dec786d1e176e,0,choice_first,4,3,4,4,686,1,0.8,70,10,20,80,10,10,1,A,0,1,40,Female,DATA_EXPIRED,BoxRight,Description
e58590ee85b5fb8ebfd1ab37,0,beliefs_first,4,2,5,4,1327,1,1,48,2,50,50,2,48,3,B,0,1,40,Male,No,BoxRight,Description
d6ef9ed40ae0488b69df94df,1,choice_first,3,1,2,5,580,1,1,25,25,50,30,30,40,7,A,0,1,43,Female,No,BoxRight,Description
dd496c54e8d12ec3bd97298b,0,beliefs_first,3,2,4,4,685,0.18,0.2,0,0,100,0,0,100,6,A,1,1,52,Male,No,BoxRight,Description
e7f3a3d346b6dcdf7c5773f6,0,beliefs_first,3,3,5,4,1222,0.5,0.49,50,1,49,51,1,48,5,A,0,1,51,Male,Yes,BoxRight,Description
b40b6572251b2aed827797e3,0,beliefs_first,2,3,4,4,755,1.2,1,20,10,70,25,15,60,6,B,1,1,38,Male,No,BoxRight,Description
31cca81e61f770d3e10f0351,1,choice_first,5,2,5,5,1600,0.8,1,49,2,49,46,2,52,7,A,0,1,23,Male,Yes,BoxRight,Description
c56279e291002ca09a4b4e30,1,choice_first,3,4,3,4,491,1.1,1,45,10,45,45,10,45,5,A,1,1,38,Female,DATA_EXPIRED,BoxRight,Description
c1c4793b9baf3bff50c457a2,0,choice_first,3,2,4,3,634,1,1.25,50,20,30,30,20,50,6,B,1,1,33,Male,Yes,BoxRight,Description
7c98478337747c04a485e225,0,beliefs_first,4,2,5,4,923,1,1.25,49,2,49,40,20,40,6,B,1,1,20,Male,Yes,BoxRight,Description
8606a7e4601cd0c67521f8ff,0,beliefs_first,4,2,5,5,544,1,0.5,33,34,33,50,10,40,4,A,0,1,56,Female,DATA_EXPIRED,BoxRight,Description
01d32575b845719f936f929b,0,beliefs_first,3,4,5,4,1504,1,1,33,34,33,33,34,33,7,B,0,1,59,Male,No,BoxRight,Description
d38c8a80e7f949a2de85f7d4,1,choice_first,1,1,5,5,567,1,1,33,34,33,33,34,33,5,B,1,1,41,Female,No,BoxRight,Description
5a6af92785df6cf8fdbdd59b,0,beliefs_first,2,2,5,5,1676,1.13,1,30,10,60,25,50,25,7,B,1,1,42,Male,No,BoxRight,Description
272fd7dd609c3f2a594e6989,0,beliefs_first,3,3,3,4,810,0.8,1,40,20,40,50,10,40,6,B,1,1,30,Male,DATA_EXPIRED,BoxRight,Description
ee4d2cd97e64c0db057a1403,1,choice_first,2,3,5,5,998,1,1,45,10,45,45,10,45,3,A,1,1,30,Female,No,BoxRight,Description
91450a56a8098ebbcc278ec1,0,beliefs_first,4,3,5,5,610,1,1,10,10,80,33,33,34,5,A,0,1,31,Male,No,BoxRight,Description
efa0915c4eebc80ea47fa924,0,choice_first,3,2,3,3,539,1,1,45,10,45,55,10,35,4,B,1,1,45,Male,DATA_EXPIRED,BoxRight,Description
79b06a6eb4be89e134b18e62,1,choice_first,3,1,2,2,662,1,0.9,48,2,50,55,5,40,6,A,0,1,30,Female,No,BoxRight,Description
f88fcf2a8caafb01bdce7e23,1,beliefs_first,3,1,1,2,1590,1,0.88,46,8,46,36,18,46,6,A,1,1,52,Female,No,BoxRight,Description
8600a82e8e4b00da994415fd,0,beliefs_first,3,4,2,2,440,1,0.8,10,80,10,80,10,10,6,B,0,1,36,Female,No,BoxRight,Description
e32f319c2a4a45673b0d71d1,0,choice_first,5,4,4,4,370,0,2,100,0,0,0,0,100,6,A,0,1,24,Male,DATA_EXPIRED,BoxRight,Description
79d46bfb9ddd9314f022a2d0,0,choice_first,2,1,4,4,618,0.8,0.8,50,10,40,50,10,40,4,A,1,1,33,Female,No,BoxRight,Description
7f9ad6ae3860a564de6669c3,0,beliefs_first,5,3,5,2,1294,0.97,1,97,3,0,0,97,3,7,B,1,1,41,Female,No,BoxRight,Description
6de10b95e11e83fdd05b7040,1,beliefs_first,4,4,4,5,1038,0.18,0.95,91,0,9,36,9,55,7,B,1,1,20,Male,No,BoxRight,Description
cf63ce04519a2f6b0cde9761,0,beliefs_first,3,4,4,3,785,1,1,49.05,1.9,49.05,49.05,1.9,49.05,7,B,0,1,27,Male,No,BoxRight,Description
6bd6092f104fe35758b75774,1,beliefs_first,4,1,4,3,743,1,1,49,2,49,49,2,49,5,A,0,1,32,Female,Yes,BoxRight,Description
345a0a359db96960f43f91d1,1,beliefs_first,3,2,2,2,1980,1.1,1.1,45,9,46,45,9,46,6,A,1,1,58,Male,No,BoxRight,Description
e62b58d0ecec9742406dd52f,1,beliefs_first,5,1,5,5,2230,1,1.2,0,100,0,0,0,100,7,A,0,1,34,Male,No,BoxRight,Description
6a9418d12336b47f1997f8d0,0,choice_first,5,4,2,2,1204,1,1,49.02,1.96,49.02,49.02,1.96,49.02,6,A,0,1,27,Male,No,BoxRight,Description
d9779c00eafe59f862516f67,0,beliefs_first,3,1,4,4,759,1,0.96,48,4,48,47.5,5,47.5,5,A,0,1,52,Male,No,BoxRight,Description
d72d4880b6b40b5c6eaba80e,1,choice_first,4,3,4,4,616,1,1,45,10,45,45,10,45,4,B,1,1,32,Male,No,BoxRight,Description
82497caf10e29de4fbe94f7a,0,beliefs_first,4,2,5,3,938,1,0.8,40,10,50,50,10,40,7,A,1,1,56,Male,No,BoxRight,Description
ad8d55fba34d84426299a3c5,0,choice_first,2,2,4,3,1062,0.9,0.9,45,10,45,45,10,45,1,B,1,1,33,Female,No,BoxRight,Description
5ff66a0914f1849837b12c90,1,beliefs_first,3,2,3,3,629,1.1,1,25,50,25,30,40,30,6,B,0,1,39,Male,No,BoxRight,Description
cac7e7be54af880da85983c3,0,beliefs_first,4,3,5,5,839,1,0.98,49,2,49,51,2,47,6,A,0,1,26,Male,No,BoxRight,Description
6d1f88e25004ef3a6dfb0442,0,beliefs_first,4,3,2,4,631,1,1,45.5,9,45.5,45.5,9,45.5,4,B,1,1,35,Female,No,BoxRight,Description
f571dbf38af1d1f6c4b7c66f,0,choice_first,2,2,4,4,1443,0.9,0.9,45,10,45,40,15,45,5,A,0,1,69,Male,No,BoxRight,Description
54dcf6ed181883125a852f0f,1,choice_first,2,1,5,5,1248,1.1,1,10,20,70,15,20,65,4,B,1,1,61,Female,No,BoxRight,Description
abf414f8ad81ebca66d77f1e,0,choice_first,5,1,3,4,1767,2,0,0,10,90,0,50,50,7,B,1,1,34,Female,No,BoxRight,Description
ccfc6990db33ce52eecfb022,0,choice_first,4,3,4,3,886,1,1,40,30,30,30,40,30,6,B,0,1,36,Male,No,BoxRight,Description
af0fb9936d816c1b566db2b2,0,beliefs_first,3,5,4,5,532,1,1,49,2,49,49,2,49,3,B,0,1,39,Female,Yes,BoxRight,Description
11780692bb4e86a270539325,0,choice_first,4,4,4,3,556,2,1,60,40,0,60,40,0,6,B,1,1,36,Male,Yes,BoxRight,Description
dce0c2dbb7bfb031764dce2d,0,beliefs_first,4,3,3,2,418,1,1,46,46,8,46,46,8,6,A,1,1,36,Male,DATA_EXPIRED,BoxRight,Description
0933c765a55909386a4522ba,0,beliefs_first,5,4,4,4,1530,2,2,30,35,35,35,35,30,7,A,0,1,21,Male,No,BoxRight,Description
758d33fadf8aa4f4e2dcfb1e,1,choice_first,4,4,5,5,606,0.75,1,33,33,34,33,33,34,7,A,1,1,27,Male,No,BoxRight,Description
ef77d871fc9d8db3d269aeac,1,choice_first,4,2,5,4,744,0.2,0.3,70,5,25,60,5,35,5,B,0,1,35,Male,DATA_EXPIRED,BoxRight,Description
a6a1652403d4ef87e5a94625,1,choice_first,5,3,5,5,486,1,1.25,25,25,50,25,25,50,7,B,1,1,28,Male,No,BoxRight,Description
17e52cdb9833bda5f23b4ce5,0,choice_first,4,2,3,3,892,0,2,20,50,30,20,39,41,5,A,1,1,25,Female,No,BoxRight,Description
68b415eb23ec3fd5a1508905,0,choice_first,4,3,5,4,2049,1,0.8,30,35,35,35,35,30,6,B,1,1,38,Male,DATA_EXPIRED,BoxRight,Description
a2b5f9b5db61ca0dfa800a81,1,beliefs_first,4,3,4,3,447,0.35,1,25,50,25,20,40,40,4,B,0,1,23,Male,No,BoxRight,Description
afc1b29afc9d49d5ba86ef4d,0,beliefs_first,4,3,5,2,1138,1,1,33,34,33,33,34,33,6,B,1,1,31,Male,No,BoxRight,Description
70a9ca110d64786c93a932d6,0,beliefs_first,4,3,4,3,1103,1,1,49,2,49,49,2,49,5,A,0,1,51,Female,No,BoxRight,Description
23cb760fc126e81362555f63,0,choice_first,3,3,4,4,628,1,1,49,2,49,49,2,49,7,A,1,1,41,Male,No,BoxRight,Description
4f1a1fcd5a85493d514a40f8,1,beliefs_first,2,4,4,3,500,1,1.12,41,9,50,45,10,45,7,B,1,1,37,Male,DATA_EXPIRED,BoxRight,Description
37bdfe405a4a7e3dc1486464,0,choice_first,3,2,5,4,688,2,1,20,30,50,20,60,20,5,A,0,1,29,Female,DATA_EXPIRED,BoxRight,Description
44fcf4efff0061ac5546a8bf,0,beliefs_first,5,2,5,5,455,2,2,70,10,20,60,20,20,7,B,0,1,48,Female,No,BoxRight,Description
1342929d97e5c5f6f8d41cf2,1,choice_first,2,3,3,5,676,1,1,49,2,49,49,2,49,7,A,0,1,34,Female,DATA_EXPIRED,BoxRight,Description
4a9699084ed37eea5c1ab3dc,0,choice_first,4,4,5,4,1341,1,0.8,49,2,49,48,2,50,7,A,0,1,26,Male,Yes,BoxRight,Description
1d1cf6ca980f94c02f8825d4,1,beliefs_first,4,4,4,4,2550,0.81,0.81,45.5,9,45.5,45.5,9,45.5,6,A,1,1,50,Male,No,BoxRight,Description
faaf42e6b7f89f9c2eb6e7e0,0,beliefs_first,2,1,5,4,2227,1,0.5,0,100,0,50,50,0,6,A,0,1,69,Female,No,BoxRight,Description
a40c93ae68ce560859fcca06,1,beliefs_first,3,2,4,4,915,0.5,1.5,20,60,20,70,10,20,5,B,0,1,38,Female,DATA_EXPIRED,BoxRight,Description
dad5929900d520cd0710b16d,1,beliefs_first,4,1,5,5,789,1,0.5,45,10,45,40,10,50,4,B,0,1,55,Female,DATA_EXPIRED,BoxRight,Description
af1748f21a79a63f323654e5,0,choice_first,3,3,2,2,611,1,1,49,2,49,49,2,49,4,A,0,1,33,Male,DATA_EXPIRED,BoxRight,Description
bc7c41143e0c77583ad78794,0,choice_first,4,3,2,3,1009,2,2,15,25,60,20,30,50,7,A,1,1,54,Female,No,BoxRight,Description
1cae2a39d8901f99e32d4d28,1,choice_first,4,2,4,4,1016,1.5,2,45,10,45,35,10,55,5,A,1,1,41,Male,No,BoxRight,Description
4fa0ac6f64aff8748a03e495,1,choice_first,2,1,2,1,925,1.5,2,33,34,33,33,33,34,6,B,1,1,51,Female,No,BoxRight,Description
6f609c6ac1f260c78e18ee17,0,beliefs_first,2,2,4,5,957,2,2,45,10,45,45,10,45,3,A,0,1,56,Female,DATA_EXPIRED,BoxRight,Description
dfdf1dbf19d52e2ba06343d3,1,beliefs_first,3,2,4,2,1504,0.2,0.4,40,10,50,40,10,50,5,B,1,1,53,Female,No,BoxRight,Description
2cfbf45b26dc8f5c05a5af5b,1,choice_first,4,3,3,4,981,1,1.5,25,50,25,15,50,35,4,A,1,1,52,Female,No,BoxRight,Description
de9b7343a7579db4494a7420,0,beliefs_first,2,1,5,3,1403,0.87,0.86,50,1,49,50,1,49,4,A,1,1,34,Female,No,BoxRight,Description
0354588bb3c11323a1d6f91a,1,beliefs_first,3,2,4,2,755,1,1,48,2,50,47,2,51,4,A,0,1,36,Male,No,BoxRight,Description
2e559d0c01e357e0fff68c41,0,choice_first,4,3,3,4,997,1,1,45.5,9,45.5,45.5,9,45.5,4,A,1,1,38,Female,No,BoxRight,Description
8b44d109d7f8215427480cde,0,beliefs_first,2,3,4,3,1519,2,0,60,2,38,60,2,38,5,A,0,1,38,Female,DATA_EXPIRED,BoxRight,Description
f508c9e511b62c2600107935,0,beliefs_first,5,3,3,4,875,1,0.75,45.5,9,45.5,54.5,9,36.5,7,B,1,1,27,Male,No,BoxRight,Description
c45bfb5572d80a62514c6604,0,beliefs_first,4,2,4,4,2909,1,2,25,50,25,50,25,25,4,A,1,1,62,Female,DATA_EXPIRED,BoxRight,Description
33317cf1634272b2c7bfcb02,1,choice_first,5,3,4,2,1085,0.4,0.5,30,20,50,30,40,30,5,A,1,1,33,Male,No,BoxRight,Description
4969a219a8f39286390dba35,0,choice_first,3,1,4,4,932,1,1,45,10,45,45,10,45,1,B,1,1,42,Male,No,BoxRight,Description
1163696e5b84a3343927fedb,0,beliefs_first,1,2,4,5,970,1,0.9,49,1,50,50,1,49,6,B,0,1,29,Female,DATA_EXPIRED,BoxRight,Description
d6e7da36e8059e0bb0164f11,1,beliefs_first,4,3,4,4,1310,1,1,45,10,45,45,10,45,5,A,1,1,26,Male,DATA_EXPIRED,BoxRight,Description
837f8f0e34798defe4b89bde,0,beliefs_first,3,1,4,4,1881,1,1,25,50,25,25,50,25,4,B,0,1,48,Male,Yes,BoxRight,Description
8543a62d36ddc3d02750c9de,0,choice_first,4,2,5,4,1365,1,0.75,33.3,33.4,33.3,40,30,30,6,A,1,1,37,Female,DATA_EXPIRED,BoxRight,Description
b60926794908cea750cdd574,0,beliefs_first,4,3,5,3,1787,1,0.85,47.04,1.96,51,51,1.96,47.04,7,B,0,1,33,Male,No,BoxRight,Description
c129a94accc26d2793d9fb7b,0,choice_first,5,4,5,5,392,0.8,1,50,5,45,50,5,45,7,A,0,1,26,Male,No,BoxRight,Description
fee5a8ddbb14450719b8d356,0,choice_first,4,3,4,4,812,0.91,1,45.5,9,45.5,45.5,9,45.5,5,A,1,1,28,Male,No,BoxRight,Description
9761f118ce9766a03dc26834,1,beliefs_first,2,3,4,2,1569,1.01,1.01,45.5,9,45.5,45.5,9,45.5,7,B,1,1,56,Male,No,BoxRight,Description
d1416d947f33c641491d4f76,1,beliefs_first,2,2,3,3,878,1,1,45.5,9,45.5,45.5,9,45.5,1,B,1,1,37,Male,No,BoxRight,Description
26ddd5b4d3393d54e1219139,0,choice_first,4,2,4,4,1630,1,1.25,25,25,50,30,30,40,7,B,0,1,64,Male,No,BoxRight,Description
f90a649c0fa4f5d8a0a77e04,0,choice_first,3,2,4,4,386,1,1,33,34,33,33,34,33,4,A,0,1,33,Male,No,BoxRight,Description
a840d5f7006a5b00ddb03093,0,beliefs_first,1,4,1,2,498,1,0.96,49,2,49,49,2,49,6,A,0,1,35,Male,No,BoxRight,Description
1ff1d7a704c8d975898c2698,1,choice_first,4,1,4,5,580,0.5,1,70,20,10,80,10,10,5,B,0,1,35,Female,No,BoxRight,Description
4d141138dd0ccadb7213ec98,1,beliefs_first,4,2,4,4,633,1,1,49,2,49,49,2,49,5,A,0,1,46,Male,No,BoxRight,Description
429dd7f41170c44b5be9de95,1,beliefs_first,4,2,2,4,725,1.5,1.5,25,50,25,25,50,25,5,A,0,1,27,Female,Yes,BoxRight,Description
d7112c0e5085ebe50dc01837,1,beliefs_first,4,3,4,4,700,1,1,40,10,50,40,10,50,6,B,1,1,45,Male,No,BoxRight,Description
2442f4ece1052735d44f4424,1,beliefs_first,3,1,5,4,768,2,0,45,10,45,45,10,45,4,B,0,1,65,Male,No,BoxRight,Description
47ad12233d2c19b3c67d78e5,0,beliefs_first,4,3,2,2,882,0.4,0.4,50,2,48,50,2,48,4,A,0,1,28,Male,No,BoxRight,Description
23255af3daef02d8f2dd9076,0,choice_first,2,1,5,4,894,0.176,0.18,50,0,50,50,0,50,7,B,0,1,34,Female,DATA_EXPIRED,BoxRight,Description
7b4d5434e0376a4040a9d6cf,1,choice_first,5,3,2,4,846,0.9,0.8,45,5,50,40,5,55,4,A,1,1,30,Male,DATA_EXPIRED,BoxRight,Description
3822c8da5783eeacb5f7f3ed,0,choice_first,5,4,5,5,1045,1,1.25,50,8.5,41.5,40,10,50,5,B,1,1,25,Male,DATA_EXPIRED,BoxRight,Description
cbb082e7f14d142486961c87,0,beliefs_first,3,2,4,3,1334,1,0.75,40,10,50,50,10,40,2,B,1,1,42,Female,No,BoxRight,Description
7f6540917c9b0d686afc991d,1,choice_first,4,4,5,5,1735,1,1,98.04,1.96,0,3.92,0,96.08,5,A,0,1,26,Male,No,BoxRight,Description
fd70e962fca0cd31e2155bea,1,choice_first,3,2,5,5,1875,1,1,0,100,0,0,100,0,4,B,0,1,56,Female,No,BoxRight,Description
cf1b67662908305d2b7e5fda,0,beliefs_first,3,4,3,4,541,1,1,50,10,40,40,10,50,7,B,1,1,26,Male,No,BoxRight,Description
ea733c6b5c38fea2e2095409,0,beliefs_first,3,4,5,3,429,0.9,1,50,2,48,49,2,49,5,A,0,1,21,Male,Yes,BoxRight,Description
63615bf545c338dee8f5af87,1,beliefs_first,3,3,4,5,554,1,1,49,2,49,49,2,49,1,B,0,1,39,Male,DATA_EXPIRED,BoxRight,Description
7017fb1aa5d03798f385d795,0,choice_first,4,3,3,3,586,1,0.08,50,10,40,70,10,20,6,B,0,1,42,Male,No,BoxRight,Description
2ef52e5050fea87afbd3e28f,1,beliefs_first,4,3,4,4,656,1,1,45,10,45,45,10,45,1,B,1,1,39,Female,No,BoxRight,Description
fd71451163958ac306acb0af,1,choice_first,4,2,4,3,580,2,1,33,33,34,5,45,50,5,B,0,1,55,Male,No,BoxRight,Description
60d7ecaef9a1e8a22dba898d,1,choice_first,4,2,5,5,703,1.18,1.25,48,4,48,40,1,59,5,B,1,1,62,Male,No,BoxRight,Description
3adb66c81ba6057ec4ebd467,1,choice_first,2,1,4,4,474,1,1,50,2,48,50,2,48,4,B,0,1,30,Male,Yes,BoxRight,Description
a0908837781f591b63f7c871,0,beliefs_first,2,1,4,4,755,1.5,0.5,40,20,40,60,10,30,6,A,1,1,35,Female,No,BoxRight,Description
e2a1486981509ba998b39713,1,choice_first,4,5,4,5,673,1,1,49,2,49,49,2,49,4,A,0,1,43,Male,No,BoxRight,Description
5bbe5eec36454ee4180b347e,0,beliefs_first,4,5,4,4,761,1,1,49,2,49,49,2,49,1,A,0,1,23,Male,No,BoxRight,Description
a5434a04f1006df58e3f2d26,1,choice_first,3,4,4,2,686,1,1.2,50,1,49,49,1,50,2,A,0,1,29,Female,No,BoxRight,Description
03b55fb3c47461bfcb8a6710,0,beliefs_first,4,2,5,5,706,2,0.8,0,0,100,0,100,0,6,B,1,1,30,Female,No,BoxRight,Description
1eedc860364a53dec5951ae2,1,beliefs_first,5,5,5,5,613,1,1,49,2,49,50,2,48,7,A,0,1,33,Male,Yes,BoxRight,Description
ede85ba703f8f8fc9cec598d,1,choice_first,4,4,4,2,758,1,1,45,7,48,40,10,50,6,A,1,1,22,Female,Yes,BoxRight,Description
797c801deec2d640bfbe8c4d,0,beliefs_first,3,3,5,4,519,1,0.9,49,2,49,45,2,53,7,B,0,1,30,Male,No,BoxRight,Description
15f7311c7419f89985f63580,0,beliefs_first,3,3,3,4,808,1,0.98,49,2,49,49.1,1.9,49,7,B,0,1,50,Male,No,BoxRight,Description
8cca28ed4e5fa7d66b466994,0,choice_first,3,1,4,5,906,0.75,1,55,2,43,46,2,52,6,B,1,1,49,Male,No,BoxRight,Description
a29fa6fe29122775e491998d,1,choice_first,2,2,5,4,777,1,1,45,10,45,45,10,45,4,B,1,1,40,Male,No,BoxRight,Description
27af9a654804754357362fbe,0,beliefs_first,2,1,2,2,533,1,1,45,10,45,45,10,45,1,A,1,1,33,Female,Yes,BoxRight,Description
c2816aa294ee2e0c21c48fa8,1,choice_first,3,2,4,4,613,1,1,49,2,49,49,2,49,2,B,1,1,25,Female,No,BoxRight,Description
71b7672439c21c4724c97011,0,choice_first,4,3,4,3,957,1,1,49,2,49,49,2,49,6,A,0,1,52,Male,No,BoxRight,Description
b8cb84266c991b382cd3f705,0,choice_first,5,2,2,2,629,1.02,1,0,0,100,0,0,100,6,A,0,1,28,Male,No,BoxRight,Description
e949f3441338b64996c772dc,1,beliefs_first,5,3,4,4,480,1,1,50,0,50,50,35,15,6,B,0,1,30,Female,No,BoxRight,Description
9548cdbd4cfdd0e6bcad3925,1,choice_first,2,3,4,2,648,1,1,25,50,25,25,50,25,5,B,0,1,33,Female,No,BoxRight,Description
03cd10139e78f3d37f94fe68,1,choice_first,3,2,5,5,1123,1,1,25,50,25,30,50,20,5,B,0,1,44,Male,No,BoxRight,Description
f4d20b94053367e38c9cdacf,1,choice_first,2,2,2,1,904,0.91,1,33,9,58,43,9,48,5,A,1,1,50,Female,No,BoxRight,Description
43a86b1574da1a9d4bf190c1,1,beliefs_first,2,2,4,4,632,1,1,34,33,33,34,33,33,5,A,0,1,44,Male,No,BoxRight,Description
4799923188b77e2fac468893,0,choice_first,4,2,4,4,600,0.8,0.6,60,10,30,70,10,20,5,A,1,1,40,Female,No,BoxRight,Description
da8cef2d34c3abbf02abb438,1,beliefs_first,4,3,4,4,1237,1,1,45,10,45,45,10,45,1,A,1,1,34,Male,DATA_EXPIRED,BoxRight,Description
9db981b22436c3a309bb6fd8,1,choice_first,4,4,2,2,385,2,2,49,2,49,49,2,49,7,B,0,1,39,Male,No,BoxRight,Description
606a0f8e9aaf20da88090fa9,1,beliefs_first,3,3,4,5,718,1,2,0,0,100,0,0,100,5,B,0,1,58,Female,No,BoxRight,Description
a14e52fb263069a3905ef322,0,choice_first,3,3,4,4,1027,2,2,50,10,40,70,10,20,6,B,1,1,27,Male,DATA_EXPIRED,BoxRight,Description
90e913f1e97030682235a6db,0,beliefs_first,5,3,4,4,1226,1,1.25,50,25,25,25,25,50,5,A,0,1,28,Male,No,BoxRight,Description
3e87e24950ca272b5ae90093,1,choice_first,2,1,2,2,936,0.82,0.82,45,9,46,36,9,55,5,B,1,1,68,Female,No,BoxRight,Description
0dbb4d0ace0c289c541831b1,1,beliefs_first,2,2,4,4,1158,1,1.87,45.5,9,45.5,45.5,9,45.5,5,A,1,1,23,Male,Yes,BoxRight,Description
ddb491117cc457491101a323,1,beliefs_first,3,2,4,3,1704,1,0.89,49,2,49,51,2,47,5,B,0,1,35,Female,DATA_EXPIRED,BoxRight,Description
2cc0121c2450b98b37db5467,1,beliefs_first,4,4,3,4,1223,1,1,49,2,49,49,2,49,5,A,0,1,58,Male,No,BoxRight,Description
20f030bfc632e5500eae6e59,0,beliefs_first,3,4,4,5,1274,1,1,25,50,25,25,50,25,5,A,1,1,39,Male,No,BoxRight,Description
c7eca9462794f97739e17fe5,0,choice_first,2,3,3,2,378,1,1.25,50,10,40,35,20,45,6,B,1,1,43,Male,Yes,BoxRight,Description
5983c0660fd20a18f7ecd9a6,0,choice_first,3,2,3,2,589,1,1,46,8,46,50,10,40,7,A,1,1,33,Female,No,BoxRight,Description
5f5945000ee33c69c299ebe1,0,choice_first,2,1,5,4,682,2,1,20,5,75,25,5,70,5,A,1,1,23,Male,No,BoxRight,Description
d6f76d85411aee34e7e451f5,0,beliefs_first,3,3,4,4,673,1.1,1.3,30,5,65,47,6,47,4,A,1,1,23,Female,Yes,BoxRight,Description
ec34827bede9e75599686694,1,beliefs_first,3,2,3,2,1102,1,1,49,2,49,49,2,49,2,B,0,1,27,Male,DATA_EXPIRED,BoxRight,Description
83c97ada3bf7dee1c20fc6ce,1,choice_first,5,2,2,1,568,1,1,50,1,49,50,1,49,5,B,0,1,23,Male,No,BoxRight,Description
427d53249bd00bf33b968aed,0,beliefs_first,4,3,3,3,500,1,1.25,25,0,75,75,0,25,4,B,0,1,25,Male,Yes,BoxRight,Description
0270660e2206f050489da622,0,beliefs_first,3,2,5,3,1099,1,1,25,50,25,25,50,25,5,B,0,1,33,Male,DATA_EXPIRED,BoxRight,Description
c0b21a335f54e21ad6b410f7,1,beliefs_first,4,2,5,3,1435,1,1,45.5,9,45.5,45.5,9,45.5,7,A,1,1,48,Female,No,BoxRight,Description
6ffee152111a1df8702f8a56,0,choice_first,3,4,5,4,1640,0.818,0.818,45.45,9.1,45.45,45.45,9.1,45.45,7,A,1,1,60,Female,No,BoxRight,Description
ad1529d18d2d6d8d64abdcff,0,choice_first,3,3,5,5,754,1,1.25,35,35,30,30,30,40,5,B,1,1,46,Female,No,BoxRight,Description
d93d4644c7b1e7b9cd9d9657,1,choice_first,4,2,5,4,941,1,1,45,10,45,45,10,45,6,B,0,1,62,Male,DATA_EXPIRED,BoxRight,Description
268604cb22e9c5d8f4889571,1,beliefs_first,3,1,3,3,997,0.2,0.23,50,10,40,40,10,50,4,B,1,1,27,Female,DATA_EXPIRED,BoxRight,Description
b772d578fdd0e82118e4021c,1,beliefs_first,4,3,5,5,649,1,1,45,10,45,45,10,45,6,A,1,1,36,Female,No,BoxRight,Description
921bfb2ae337258de89a669e,1,beliefs_first,3,3,4,4,1809,1,1,45.45,9.1,45.45,45.45,9.1,45.45,4,B,1,1,29,Female,No,BoxRight,Description
c9380f1f099d97883cde9e35,0,choice_first,3,4,4,3,283,1,1,25,50,25,25,50,25,4,B,0,1,30,Female,No,BoxRight,Description
b213a469e9af662ec3393f8d,0,choice_first,2,3,5,4,1028,1.8,1,30,30,40,35,25,40,6,A,1,1,33,Female,Yes,BoxRight,Description
5e74b843bb699a2924df6433,0,beliefs_first,3,2,3,2,1445,2,2,0,0,100,0,50,50,7,B,0,1,65,Male,No,BoxRight,Description
8d3f011d4b867214122e1778,0,choice_first,3,5,4,1,1591,1,1,30,20,50,30,30,40,6,A,1,1,32,Male,DATA_EXPIRED,BoxRight,Description
d20498a73a0634cf881db7de,0,choice_first,4,3,3,3,778,2,0,0,0,100,0,0,100,7,A,1,1,31,Female,No,BoxRight,Description
f9fe988f3deb6fc1b1a59edb,0,beliefs_first,5,3,3,3,803,2,0,50,0,50,50,0,50,7,A,1,1,26,Male,No,BoxRight,Description
db66f15013b8fd04b30a09eb,0,beliefs_first,3,1,5,4,1203,1,0.8,25,25,50,60,20,20,6,B,1,1,55,Female,No,BoxRight,Description
c3be4cd6e4e154dda13b09b5,0,beliefs_first,5,4,4,4,1237,1.02,0.98,20,40,40,60,30,10,7,A,0,1,35,Male,DATA_EXPIRED,BoxRight,Description
01c16ebb9b23f5d2f47f1bc8,1,choice_first,4,5,3,4,1470,1,1,48,4,48,48,4,48,5,A,0,1,63,Male,No,BoxRight,Description
f9c68049cc2a6b68e4fc9544,0,choice_first,3,1,4,4,356,1,1,33,33,34,33,33,34,5,A,1,1,29,Male,No,BoxRight,Description
8f538002c9f9eca16c71cbec,1,beliefs_first,4,1,4,4,726,1.5,1.7,20,20,60,15,15,70,4,A,0,1,27,Female,No,BoxRight,Description
dc5011bdbff5a943e6dbd847,0,beliefs_first,2,3,4,2,1027,1,0.75,5,90,5,25,50,25,4,A,1,1,65,Female,No,BoxRight,Description
829d7193ad56cc84552f7bf2,0,beliefs_first,3,3,5,2,983,1,0.98,48,2,50,50,2,48,7,B,0,1,23,Male,No,BoxRight,Description
fee4fb1b695c7d218ac9bf4b,0,choice_first,4,2,4,3,623,0.8,1,45,10,45,45,10,45,5,B,1,1,26,Male,DATA_EXPIRED,BoxRight,Description
48cdb23e6ff1a9c8e10e1447,1,choice_first,3,3,5,5,3880,2,2,25,25,50,25,50,25,5,A,0,1,50,Female,No,BoxRight,Description
dd3bb66f5bf652d0711295c1,0,choice_first,4,3,4,4,409,1,1,49,2,49,49,2,49,4,A,0,1,22,Female,DATA_EXPIRED,BoxRight,Description
0a46abc5c92b176dbe0dfcbd,1,beliefs_first,3,4,5,5,596,1,1,45,10,45,45,10,45,1,B,1,1,21,Male,Yes,BoxRight,Description
4e22ab8068f3883fe10b07f0,0,beliefs_first,3,3,4,4,983,1,0.96,49.1,1.8,49.1,50.4,1.6,48,7,A,0,1,55,Male,No,BoxRight,Description
e914cb2db862166a1698da3a,0,choice_first,3,2,5,5,1102,0.9,0.9,45,10,45,45,10,45,6,A,1,1,60,Female,No,BoxRight,Description
1b96991ecaaeb042da6f97ff,0,choice_first,4,1,5,5,796,1,1.2,44,12,44,50,10,40,7,B,1,1,33,Male,No,BoxRight,Description
ad7b49cdb40c3e181f3e3329,0,choice_first,2,1,5,2,704,1,1,45,10,45,10,0,90,7,B,1,1,27,Male,Yes,BoxRight,Description
a6d4b18c36c15e46d1829856,0,beliefs_first,5,3,5,5,512,1,1,49,2,49,50,1,49,7,A,0,1,32,Male,No,BoxRight,Description
00e261ed710ee77fbb512c32,1,beliefs_first,4,3,5,4,1504,0.75,0.75,30,30,40,40,30,30,5,A,1,1,42,Male,DATA_EXPIRED,BoxRight,Description
2b0b25ffd50401f9bcd5fdea,0,beliefs_first,2,4,4,4,793,1,0.8,45,10,45,50,10,40,4,B,1,1,25,Female,No,BoxRight,Description
ec09a26e3d783893e67e172a,1,beliefs_first,4,4,3,3,925,1,1,45.45,9.1,45.45,45.45,9.1,45.45,6,B,1,1,31,Male,No,BoxRight,Description
f16be87b68f479e42f327444,0,beliefs_first,4,4,4,4,422,0,0,40,30,30,40,30,30,5,A,0,1,33,Male,No,BoxRight,Description
02f4dc3eca88bf19c8984c54,1,choice_first,4,3,5,5,848,0.39,0.04,30,33,37,30,30,40,6,B,0,1,30,Male,No,BoxRight,Description
e808b77151bbc891665d37ee,0,beliefs_first,5,5,3,3,830,1,1,45.46,9.09,45.45,45.46,9.09,45.45,1,A,1,1,23,Male,No,BoxRight,Description
6ba8ebd0555fbe4285682977,0,choice_first,2,3,4,4,632,0.75,1,45,10,45,40,10,50,6,B,1,1,27,Male,No,BoxRight,Description
5280565573e62a36f8ddda96,0,beliefs_first,2,3,4,5,1399,0.75,1,49,2,49,58,2,40,7,B,0,1,22,Female,Yes,BoxRight,Description
425caac19e81b27a30288cd5,0,choice_first,3,4,4,3,758,1,1,45.5,9,45.5,45.5,9,45.5,6,A,1,1,43,Male,No,BoxRight,Description
17a9640a511de798f2e35e1d,1,choice_first,4,3,4,4,870,1,1,45,10,45,45,10,45,5,B,1,1,20,Male,Yes,BoxRight,Description
697ac204862cc69f9912b82b,0,beliefs_first,4,4,5,4,1222,1.09,1,50,40,10,50,40,10,7,A,1,1,53,Male,DATA_EXPIRED,BoxRight,Description
5bf3808840c6a2c88e7918be,1,beliefs_first,4,3,4,4,555,1.01,0.99,49.5,1,49.5,49.5,1,49.5,4,B,0,1,22,Male,Yes,BoxRight,Description
48757db1cf1a30380e80b1e4,0,choice_first,3,3,3,2,670,1,1,45,10,45,45,10,45,1,B,1,1,50,Male,No,BoxRight,Description
ede2381316ed166553d60d08,0,choice_first,4,2,4,4,3011,1,2,50,1,49,25,1,74,5,A,0,1,48,Male,No,BoxRight,Description
262b8d1a60d8255b70517cda,0,beliefs_first,4,3,4,4,917,1,1,45.45,9.1,45.45,45.45,9.1,45.45,6,A,1,1,42,Male,No,BoxRight,Description
931ce3a0d3ee25cf767ff69e,0,beliefs_first,5,4,4,4,380,0.22,0.22,40,10,50,30,10,60,1,A,1,1,26,Male,No,BoxRight,Description
8fdc28161d464902bc87ccc3,1,choice_first,4,5,5,4,447,1,1,49,2,49,49,2,49,6,B,0,1,26,Male,Yes,BoxRight,Description
1cf2fd0fb51d5e3704a19ad9,0,choice_first,2,2,5,4,739,1,0.75,45,10,45,60,10,30,5,B,1,1,26,Female,No,BoxRight,Description
3f54250492747ea1d12ba361,1,choice_first,5,3,4,4,644,1,1,49,2,49,49,2,49,7,B,0,1,33,Male,No,BoxRight,Description
2e6c48f29c2fbbbd7b09427a,1,choice_first,3,2,3,4,731,0.99,1,49,2,49,52,2,46,5,A,0,1,48,Female,No,BoxRight,Description
b6f379e92aac10faf9d4ae87,0,choice_first,4,4,5,4,1797,2,0.8,20,30,50,50,30,20,6,B,0,1,49,Female,Yes,BoxRight,Description
6df63ee3fcf8a22d00bf91ba,1,choice_first,3,4,4,4,1281,1,0.5,70,20,10,60,20,20,6,A,1,1,33,Male,No,BoxRight,Description
badd409d08a79601d47a2c37,0,beliefs_first,2,3,5,3,710,0.4,0.3,49,2,49,49,2,49,7,B,0,1,37,Male,No,BoxRight,Description
7da321c5fff8f71f7d86d599,0,choice_first,3,2,5,2,1365,1,1,49,1,50,50,1,49,7,A,0,1,33,Male,DATA_EXPIRED,BoxRight,Description
6a8e2b2ee09cbdb13529a423,1,beliefs_first,5,3,2,2,840,2,2,25,50,25,25,50,25,5,B,0,1,41,Female,No,BoxRight,Description
144203ed83e96f750295c725,0,beliefs_first,4,3,5,5,540,1.51,0.49,35,5,60,60,2,38,6,B,0,1,31,Male,No,BoxRight,Description
d600ef257f54928aba255b14,0,choice_first,4,2,5,5,3372,1,0.8,10,30,60,60,30,10,4,A,0,1,33,Male,Yes,BoxRight,Description
e8a04f3b26c59c29bd093af3,0,beliefs_first,4,5,2,4,579,1,1,45.45,9.1,45.45,45.45,9.1,45.45,4,B,1,1,25,Male,No,BoxRight,Description
a9a9d2cffb98b25a6d252a58,0,choice_first,4,3,5,4,1155,1,0.75,40,10,50,50,10,40,6,A,1,1,36,Male,No,BoxRight,Description
a61196c9f75a91564f0fa1fd,0,beliefs_first,3,2,5,5,1158,1,1,30,40,30,35,35,30,7,B,1,1,32,Male,No,BoxRight,Description
679c54a3e0c14c155ad1d3bd,0,beliefs_first,3,3,4,4,425,1,0.95,40,20,40,50,20,30,5,B,1,1,49,Male,No,BoxRight,Description
a956242675ba7d04f41eaab7,0,choice_first,3,3,5,3,637,2,2,49,2,49,49,2,49,1,A,0,1,32,Female,No,BoxRight,Description
2f5d014654d003153b4643d2,0,choice_first,4,3,5,5,1525,2,2,50,10,40,60,10,30,7,B,0,1,34,Male,Yes,BoxRight,Description
909435c92d41016c75e4fd72,0,choice_first,2,4,3,3,484,1.01,0.99,49,2,49,50,2,48,2,B,0,1,21,Male,Yes,BoxRight,Description
cb2d08d2c95f52afb78fd988,1,beliefs_first,1,1,3,3,1059,1,1,49,2,49,49,2,49,4,B,0,1,62,Female,DATA_EXPIRED,BoxRight,Description
61c566cf9239ea074e5ce80a,1,beliefs_first,5,4,4,4,890,1,1,45.5,9,45.5,45.5,9,45.5,7,A,1,1,32,Male,No,BoxRight,Description
5bce7d70226b221098c1f078,1,beliefs_first,2,2,5,5,1238,1,1.25,45,10,45,40,10,50,5,B,1,1,40,Male,No,BoxRight,Description
6df212dc7cc20dbc70579fb9,0,choice_first,4,3,5,3,1069,0.1,0.1,45,5,50,45,5,50,3,A,1,1,28,Male,No,BoxRight,Description
fef959172fa0d3d7c6bdb6c1,1,choice_first,2,2,3,3,694,1,0.8,46,9,45,50,9,41,5,A,1,1,40,Female,No,BoxRight,Description
c224d01904a49b1d2a1d0ff9,1,beliefs_first,1,3,4,5,791,1,1,45,10,45,45,10,45,1,A,1,1,35,Male,DATA_EXPIRED,BoxRight,Description
60fd5852c044761a8e287fba,0,choice_first,3,2,3,3,501,1,1,49,2,49,49,2,49,4,A,0,1,34,Female,No,BoxRight,Description
96d831c71914ad80f3922b6b,1,choice_first,3,3,5,4,479,1,1.2,45,10,45,45,10,45,2,A,1,1,37,Female,No,BoxRight,Description
c689aae6fec2024d6341e984,0,beliefs_first,2,1,5,3,873,1,0.8,0,100,0,100,0,0,4,A,1,1,30,Male,No,BoxRight,Description
a0b6f7c6720ea1f96f7889fb,1,choice_first,4,4,3,3,770,1,1,49,2,49,49,2,49,7,A,0,1,32,Male,No,BoxRight,Description
ff6d2f07071dd192272c0e99,0,beliefs_first,2,2,4,4,756,1.1,0.9,47,5,48,58,4,38,5,A,1,1,40,Female,No,BoxRight,Description
8c7d8805051ce8d75de0f3fa,0,choice_first,4,3,5,4,721,1,1,45,10,45,45,10,45,6,B,1,1,45,Male,No,BoxRight,Description
a38cd6425635a6e672e431f2,0,beliefs_first,4,4,4,4,726,1,1,49.5,1,49.5,49.5,1,49.5,1,B,1,1,43,Male,DATA_EXPIRED,BoxRight,Description
6c53edb4c3731b33a2d1592f,0,choice_first,2,1,3,3,1444,1,1,45.45,9.1,45.45,36.36,9.1,54.54,7,A,1,1,76,Female,No,BoxRight,Description
7cc760bc00a31924e9760848,0,choice_first,3,1,5,3,1823,1,0.5,10,10,80,90,5,5,7,B,0,1,84,Male,DATA_EXPIRED,BoxRight,Description
a1ee940dc953b546de9b641e,1,choice_first,4,5,3,3,728,1,1,49,2,49,49,2,49,4,A,0,1,43,Male,No,BoxRight,Description
9b9caa8aea3c9b79dcf64516,1,choice_first,4,5,3,2,258,2,1,25,36,39,20,30,50,7,B,0,1,24,Male,Yes,BoxRight,Description
45c149283d819c4e424ca702,0,beliefs_first,2,1,2,3,285,1,1,50,25,25,50,25,25,4,B,1,1,31,Male,DATA_EXPIRED,BoxRight,Description
173ed78c074c065025dd3292,0,beliefs_first,3,2,3,3,1071,2,2,33,33,34,33,33,34,1,B,0,1,39,Female,No,BoxRight,Description
83859894cb555eee03a9f9d5,1,beliefs_first,2,2,4,4,485,1,1,45,10,45,45,10,45,4,B,1,1,30,Female,No,BoxRight,Description
6f74670aa0fb3b6fe179245b,0,beliefs_first,2,1,4,1,1222,2,2,2,10,88,0,8,92,4,A,1,1,64,Female,No,BoxRight,Description
88b11851306c075affcb5556,0,choice_first,3,4,3,4,541,1,1,48,2,50,50,2,48,1,A,0,1,45,Male,DATA_EXPIRED,BoxRight,Description
50859abb7625349fc97972ea,0,choice_first,2,4,5,5,1270,1,0.82,45.5,9,45.5,45.5,9,45.5,5,A,1,1,28,Male,No,BoxRight,Description
d173bb2b2349032596209a0f,0,beliefs_first,3,2,4,4,684,1,1,26,26,48,32,32,36,7,B,0,1,62,Male,No,BoxRight,Description
68c61b92ca31e12a3427293b,1,beliefs_first,2,2,3,2,690,1,0,25,50,25,20,60,20,5,B,1,1,23,Female,No,BoxRight,Description
3d331f3d5a848e867f5fe61f,1,choice_first,4,4,2,2,763,1,1,49,2,49,48,2,50,6,B,0,1,28,Female,DATA_EXPIRED,BoxRight,Description
6030cd631a905a4b8f051402,0,choice_first,2,1,5,4,1054,1,0.9,49,2,49,50,2,48,5,A,1,1,64,Male,No,BoxRight,Description
494d8d162eb6bb6dfe800c83,1,beliefs_first,4,1,2,2,519,2,2,45,10,45,10,10,80,7,A,1,1,44,Female,No,BoxRight,Description
8fbab3b604bfeef20cc5c5d5,1,beliefs_first,4,3,4,3,1331,1,1,49,2,49,49,2,49,6,B,0,1,51,Male,No,BoxRight,Description
1bef2731733e5b173bd42835,1,choice_first,2,3,4,5,1222,1.25,1,45,10,45,46,9,45,7,A,1,1,54,Male,No,BoxRight,Description
970dd19ed9fcaad8a1df15ee,1,choice_first,2,2,3,4,736,1,1,50,10,40,50,10,40,7,B,1,1,40,Female,No,BoxRight,Description
d3bba01d5f7198fbc594bf1e,0,choice_first,4,4,4,3,522,1,1,33,33,34,33,33,34,6,B,1,1,29,Male,No,BoxRight,Description
066c3ef3d56e81c0c85bd47d,1,beliefs_first,3,3,5,2,1337,0.9,0.9,45.5,9,45.5,45.5,9,45.5,1,B,1,1,40,Male,No,BoxRight,Description
64a3c6b9942539ba22ae5d0e,1,choice_first,3,1,3,2,716,1,1,50,0,50,50,0,50,4,B,1,1,39,Male,DATA_EXPIRED,BoxRight,Description
a0c51755711f5343f4f47081,0,beliefs_first,3,5,3,2,704,1,1,49,2,49,49,2,49,1,A,1,1,39,Female,No,BoxRight,Description
bac77f995db0f62fffad60ad,1,choice_first,1,4,5,5,671,0.8,0.8,47,6,47,47,6,47,6,A,1,1,21,Male,Yes,BoxRight,Description
86299177477983a9edbb1a67,0,beliefs_first,2,1,4,3,2485,1.2,1,48,4,48,49,2,49,4,A,1,1,58,Female,No,BoxRight,Description
dbfada8e42f48c5cb614b097,0,beliefs_first,3,3,5,4,1420,1,1,46,8,46,46,8,46,7,A,1,1,62,Male,No,BoxRight,Description
688f49b3ef8b0b23c1c82d2f,0,beliefs_first,4,2,4,4,756,1,1,0,100,0,0,100,0,4,A,1,1,41,Male,No,BoxRight,Description
50c54d91914703048efe56dc,1,choice_first,1,1,5,5,778,1.25,1.5,49.9,0.2,49.9,49.9,0.2,49.9,6,A,0,1,32,Male,No,BoxRight,Description
a2d050e4e8f89895dc16132d,1,beliefs_first,5,4,5,5,1334,0.88,0.98,40,40,20,40,40,20,7,A,0,1,46,Male,No,BoxRight,Description
11f0c82b6da7d1af12e1e444,1,choice_first,3,3,4,4,1337,1,1,49,2,49,49,2,49,1,A,0,1,61,Male,DATA_EXPIRED,BoxRight,Description
f2d3a4349868980c672077f2,0,beliefs_first,3,3,5,5,472,1,1,25,50,25,25,50,25,5,B,1,1,22,Female,Yes,BoxRight,Description
067aec088c50ef8be26404d6,0,choice_first,2,1,4,4,899,1,1,5,5,90,70,15,15,7,A,1,1,57,Female,No,BoxRight,Description
4a0d3b263f78a4fc280ae181,0,beliefs_first,4,3,5,4,1737,2,0.25,20,25,55,55,20,25,7,A,0,1,29,Male,DATA_EXPIRED,BoxRight,Description
bb3db84eab919e11b4bbc262,0,choice_first,4,4,3,2,769,0.9,1,50,1,49,49,2,49,6,B,0,1,57,Male,No,BoxRight,Description
2cc46ac0d41e99271c589087,1,beliefs_first,3,2,3,4,760,1,1,45.45,9.1,45.45,45.45,9.1,45.45,4,B,1,1,24,Male,No,BoxRight,Description
a293014cd9869af65cf61713,0,beliefs_first,3,2,5,5,950,1,1,45.45,9.1,45.45,45.45,9.1,45.45,4,A,1,1,25,Male,DATA_EXPIRED,BoxRight,Description
c8051569d23cf93a22888fce,1,choice_first,4,2,2,2,1028,1,1.2,20,30,50,10,30,60,5,B,1,1,26,Male,No,BoxRight,Description
084179fe06614450b1df4479,0,beliefs_first,2,4,5,5,715,0.75,0.83,49,2,49,58,2,40,6,A,1,1,32,Male,No,BoxRight,Description
7264b77cc049e05c083a5241,1,beliefs_first,3,3,4,4,988,1.2,1.24,49,2,49,51,1,48,5,A,0,1,25,Male,DATA_EXPIRED,BoxRight,Description
c1909c942f3f5353ffb4ac89,0,choice_first,5,1,2,1,728,1.25,1.5,40,10,50,50,10,40,7,A,1,1,23,Male,No,BoxRight,Description
16df50f6afab6c0825c7114b,0,choice_first,3,3,4,3,1218,1,1,45,10,45,45,10,45,5,A,1,1,24,Male,Yes,BoxRight,Description
7de8af57010a3f60a731d644,0,beliefs_first,1,3,5,5,656,1,1.25,45,10,45,36,10,54,5,A,1,1,22,Female,Yes,BoxRight,Description
8f004113186af7b344e4fd3c,0,beliefs_first,3,2,4,1,864,1,1,49,1,50,50,1,49,7,A,0,1,52,Female,DATA_EXPIRED,BoxRight,Description
313921c908efcdef5440f4ff,0,beliefs_first,4,3,4,5,493,1.5,1.25,45,10,45,40,10,50,6,B,0,1,31,Female,No,BoxRight,Description
fffaae8c3827ca5e306607eb,0,choice_first,4,2,5,5,643,1,0.8,48,4,48,52,4,44,7,A,1,1,34,Male,No,BoxRight,Description
0b7d0dc38242e0f5b8d3d393,0,beliefs_first,3,2,5,5,539,1,1,48,4,48,48,4,48,5,B,0,1,29,Female,DATA_EXPIRED,BoxRight,Description
0f596a08d4cca192c9fd1a8d,0,beliefs_first,3,3,4,4,1273,1.04,1,0,50,50,0,100,0,7,B,0,1,23,Female,DATA_EXPIRED,BoxRight,Description
70e218011ef676121df979ae,1,choice_first,4,3,4,4,730,1,1.2,49,2,49,50,2,48,5,B,0,1,43,Female,DATA_EXPIRED,BoxRight,Description
9df86d8259eecca5fcbe4d16,1,choice_first,2,1,5,4,1114,0.4,0.4,45,10,45,45,10,45,4,A,1,1,39,Female,No,BoxRight,Description
d8df425754f60a464400d713,0,beliefs_first,2,3,4,5,1260,1,0.6,25,50,25,60,20,20,6,A,1,1,49,Female,No,BoxRight,Description
5899f5fa71671741c0c4bc23,0,beliefs_first,2,2,5,5,644,1.5,1,0,25,75,25,50,25,6,A,0,1,29,Female,No,BoxRight,Description
497c74f9b7c8138b8d4c58ef,0,beliefs_first,3,3,4,3,481,1.12,1,40,10,50,52,10,38,6,B,1,1,38,Female,Yes,BoxRight,Description
0b982c9e849d1e0aa420a2d3,0,choice_first,3,2,4,4,628,2,1,50,1,49,51,1,48,3,B,0,1,39,Female,No,BoxRight,Description
64269c930314e19cfd9009ff,0,beliefs_first,4,2,5,5,435,1,1,49.5,0.5,50,50,0.5,49.5,7,B,0,1,34,Female,No,BoxRight,Description
8a3cb60b3e7c9966fa269ae9,1,beliefs_first,2,2,4,4,627,0.98,1,33,34,33,33,34,33,6,B,1,1,38,Female,No,BoxRight,Description
521ff10d4e7bacc5a1b2bdaa,0,choice_first,2,2,4,4,710,1,1,49,2,49,49,2,49,1,A,0,1,53,Female,No,BoxRight,Description
b302eb068b17eaf924f90099,1,beliefs_first,4,3,4,3,1175,1,1,45,10,45,47,6,47,6,B,0,1,27,Female,Yes,BoxRight,Description
3b5084a0f5e19ee7ebb38790,0,choice_first,4,2,3,5,1186,1,1,20,30,50,30,30,40,7,B,0,1,38,Female,No,BoxRight,Description
e81a5d5a2837d3dbb1cde96f,1,choice_first,3,1,4,2,1069,0.08,2,5,60,35,5,10,85,6,B,0,1,51,Female,No,BoxRight,Description
de55c9e9ad74cddfc27e518e,1,choice_first,3,2,4,4,576,1.25,1,55,10,35,40,10,50,5,B,0,1,32,Female,No,BoxRight,Description
bdff783a63414ce443975bd5,1,choice_first,4,4,3,5,773,1,1,49.75,0.5,49.75,49.75,0.5,49.75,1,B,0,1,21,Female,Yes,BoxRight,Description
1d270f975263a0edaadf0737,0,choice_first,3,2,4,3,1745,1,0.8,45.45,9.1,45.45,44.4,11.2,44.4,5,B,1,1,61,Female,No,BoxRight,Description
bb0a927aec0cf2d97cfdc41c,0,beliefs_first,3,2,5,5,835,2,0,40,20,40,40,20,40,7,A,0,1,55,Female,No,BoxRight,Description
03eded04d509ccb95eaa2f69,0,beliefs_first,3,1,5,4,609,1,1,35,35,30,35,35,30,7,B,1,1,25,Female,No,BoxRight,Description
dd02603cd15b628a38aab4ba,0,beliefs_first,5,4,4,4,1145,1,0.75,49,2,49,49,3,48,7,A,0,1,39,Female,No,BoxRight,Description
c6f39a44a0ef2295dcc3778f,0,choice_first,2,2,4,4,723,2,0,0,0,100,100,0,0,7,A,1,1,60,Female,No,BoxRight,Description
7ed32b7a11f15e94541e0f0e,1,choice_first,3,1,4,1,1209,0.4,0.4,49,2,49,49,2,49,6,A,0,1,43,Female,No,BoxRight,Description
9337482aefd4de73e5aea17a,0,beliefs_first,2,1,4,5,2835,1,0.75,44,1,55,36,1,63,6,A,1,1,64,Female,No,BoxRight,Description
4efa37a8f93ff387a585bdb6,0,choice_first,4,1,4,4,572,1,1.5,40,40,20,20,20,60,6,B,0,1,43,Female,No,BoxRight,Description
2c4deb3f987754f38a4bda15,1,choice_first,3,2,4,4,656,0.75,0.75,35,30,35,35,30,35,5,A,1,1,39,Female,No,BoxRight,Description
c5cd7cf24a45a7f283556b47,0,beliefs_first,1,2,4,4,771,0.18,0.2,10,10,80,80,10,10,7,A,1,1,42,Female,No,BoxRight,Description
58cf223b344a85a2765b539a,1,choice_first,4,3,3,3,512,2,2,50,0,50,51,0,49,5,A,0,1,52,Female,No,BoxRight,Description
f9f0991da8ddc64ce6bcc058,0,beliefs_first,1,4,3,3,663,2,1,0,0,100,33,33,34,6,A,0,1,47,Female,No,BoxRight,Description
5667ea1fcc60783c00029dc7,1,choice_first,4,4,2,5,861,1,1.25,80,10,10,10,10,80,5,B,1,1,28,Female,No,BoxRight,Description
e525c14e57aa3666275df149,0,beliefs_first,4,2,5,5,1196,2,1.75,10,30,60,40,20,40,7,B,1,1,52,Female,No,BoxRight,Description
4d954a4e12b13e6c1d3ccbb0,1,choice_first,4,4,3,3,1315,1,1,49,2,49,49,2,49,4,B,0,1,34,Female,DATA_EXPIRED,BoxRight,Description
8edbd83d635947ace7cc6879,1,beliefs_first,4,2,5,3,958,0.98,0.98,49.1,1.9,49,49.1,1.9,49,1,B,0,1,39,Female,No,BoxRight,Description
6e4b64720e78af1fb236cb79,1,choice_first,3,4,4,3,1497,1,1,40,10,50,40,10,50,6,A,1,1,58,Female,No,BoxRight,Description
ed57683bf40de6db518ee2ef,0,choice_first,3,3,4,2,710,0.75,1,60,5,35,5,60,35,5,B,1,1,70,Female,No,BoxRight,Description
bc88f04da0e5f9d0e2ed9626,0,beliefs_first,2,3,4,4,767,1,0.7,49,1,50,51,1,48,4,B,0,1,60,Female,No,BoxRight,Description
4c641e4294ee8284c62e3638,0,beliefs_first,2,2,3,3,534,1,1,0,50,50,50,50,0,4,A,0,1,51,Female,No,BoxRight,Description
37cd67dda2f16a79421ca6e0,0,choice_first,2,4,5,3,613,1,1,49,2,49,49,2,49,7,B,0,1,33,Female,Yes,BoxRight,Description
757ea364db3bedb8cd59ef7f,0,choice_first,2,3,4,5,475,1,1,45.5,9,45.5,45.5,9,45.5,4,A,1,1,21,Female,Yes,BoxRight,Description
1fd0bda7e67d4df76dfa4938,0,beliefs_first,3,4,4,1,887,1,1,45,10,45,45,10,45,7,A,1,1,51,Female,DATA_EXPIRED,BoxRight,Description
7bf935783ce9a81346565284,0,beliefs_first,3,4,5,4,1390,1,1,49.5,1,49.5,47,1,52,7,A,0,1,48,Female,No,BoxRight,Description
ef2c07ec694a030480cd0973,0,choice_first,2,2,5,4,457,1,1,45,5,50,45,5,50,6,B,1,1,36,Female,No,BoxRight,Description
9f23aece3b6f4d1b798b9a60,0,beliefs_first,2,1,4,4,1100,1,0.99,49,1,50,51,1,48,1,B,0,1,56,Female,No,BoxRight,Description
d7150f550e445098b318aa69,0,choice_first,3,2,5,5,1677,1.5,0.25,50,25,25,75,12.5,12.5,5,A,0,1,31,Female,Yes,BoxRight,Description
43eb0bc41ef1c710b7a0fb86,0,choice_first,3,1,5,5,781,1,1,49,2,49,55,1,44,7,A,0,1,41,Female,No,BoxRight,Description
71b52928b0c7b264bd61859e,1,choice_first,3,4,5,5,352,1,1,45.5,9,45.5,45.5,9,45.5,1,B,1,1,22,Female,Yes,BoxRight,Description
31bc674c07d6639725fa1f56,0,beliefs_first,1,2,5,3,1310,1,1,45.5,9,45.5,45.5,9,45.5,5,B,1,1,55,Female,No,BoxRight,Description
9f7324f71a90c5275abac3cb,0,beliefs_first,3,1,4,2,1233,12,1,40,20,40,45,20,35,5,B,1,1,37,Female,No,BoxRight,Description
569f2d98edee783960fcc8ff,1,beliefs_first,2,1,3,3,670,0.9,0.9,50,50,0,50,50,0,4,A,1,1,46,Female,DATA_EXPIRED,BoxRight,Description
9b4de76db53e69ed3d0a80c3,0,choice_first,3,3,4,3,707,1,1,46,9,45,46,9,45,2,B,1,1,40,Female,No,BoxRight,Description
b0417df2ef077d5a0d9ee620,0,choice_first,4,3,5,5,456,1,1,80,10,10,80,10,10,7,B,1,1,32,Female,No,BoxRight,Description
bd230aa1df347aa0f79d54e9,0,beliefs_first,2,3,4,4,1029,1,1,45,10,45,45,10,45,1,A,1,1,55,Female,No,BoxRight,Description
5d5f5f7cc57c2d3f46a16d75,0,beliefs_first,3,1,4,1,778,1,1,33,33,34,34,33,33,4,A,0,1,50,Female,No,BoxRight,Description
4e6fce9fb276958dc6c5a510,0,choice_first,4,3,4,4,805,1.1,1,45,35,20,40,35,25,5,B,0,1,29,Female,DATA_EXPIRED,BoxRight,Description
c9067a8845fd5b3f7e577b2e,0,beliefs_first,3,3,4,4,620,0.75,1,44.5,11,44.5,45.5,9,45.5,4,B,1,1,49,Female,DATA_EXPIRED,BoxRight,Description
3a03ac884b927cc1bc225efb,0,choice_first,4,2,4,4,463,1.25,1,10,50,40,10,50,40,6,B,1,1,40,Female,No,BoxRight,Description
60458103f760cafc6c3dbd7a,1,choice_first,4,2,5,5,1115,1.5,2,20,40,40,20,20,60,6,B,1,1,48,Female,No,BoxRight,Description
3dd4dde9946c6d455fa400b9,1,choice_first,2,2,4,4,1110,1,0.96,49,2,49,51,2,47,4,A,0,1,33,Female,No,BoxRight,Description
03cfad7ea419a4b3906bd394,1,beliefs_first,2,2,3,4,1501,1,2,0,50,50,20,30,50,5,A,0,1,31,Female,DATA_EXPIRED,BoxRight,Description
7636cbdcd5a4e20f46e94b9a,0,beliefs_first,5,3,4,4,731,0.8,1,49,2,49,51,1,48,6,B,0,1,28,Female,DATA_EXPIRED,BoxRight,Description
96cf8948f948779849f96408,0,choice_first,3,2,4,3,762,1,0.9,20,50,30,60,20,20,7,A,1,1,23,Female,No,BoxRight,Description
923d1944b2d9868e106a741a,1,choice_first,5,3,4,2,714,0.98,1,49,2,49,50,2,48,6,B,0,1,45,Female,No,BoxRight,Description
55a6c66c5dbc38135e577aa0,1,beliefs_first,4,2,4,4,713,1.5,0.75,50,1,49,49,1,50,5,B,1,1,55,Female,DATA_EXPIRED,BoxRight,Description
5da0beafa84610769e6d0014,1,beliefs_first,3,2,3,4,633,1,1,45,10,45,45,10,45,4,B,1,1,21,Female,No,BoxRight,Description
2d9114891a45729d1fe81d73,1,choice_first,4,2,5,3,650,1,1,60,15,25,60,15,25,7,B,1,1,30,Female,No,BoxRight,Description
799e22e11671f25eb1801fea,0,choice_first,2,3,2,1,494,1,1,45,10,45,45,10,45,6,B,1,1,27,Female,Yes,BoxRight,Description
a72efd006389cfd33c135a12,1,beliefs_first,3,1,5,4,497,1.5,1.5,20,40,40,20,40,40,4,A,1,1,44,Female,No,BoxRight,Description
78fee4b34d771ffcf9576575,1,choice_first,2,3,4,2,707,1,1,48,4,48,48,4,48,1,B,0,1,37,Female,DATA_EXPIRED,BoxRight,Description
e0575174196bc9f58b143c72,0,choice_first,4,4,5,5,1704,2,1,20,35,45,35,40,25,7,B,0,1,61,Female,No,BoxRight,Description
ebbce3f8a7a884800cffd070,0,beliefs_first,3,2,3,3,719,1,1,10,55,35,55,35,10,6,B,0,1,68,Female,No,BoxRight,Description
31868b7b0bd4c7a49ac55e47,0,choice_first,2,2,3,4,545,1.5,1,33,33,34,50,25,25,5,B,1,1,48,Female,No,BoxRight,Description
0f6cb6714a0dab3e14a4d9b8,1,beliefs_first,3,2,5,4,576,1.25,1.25,45,10,45,45,10,45,4,A,1,1,37,Female,No,BoxRight,Description
e6801d43f48572efda4117f9,0,choice_first,4,3,4,4,1520,1,1,45.45,9.1,45.45,54.6,9,36.4,6,B,1,1,24,Female,Yes,BoxRight,Description
c12512f010d0fb9360d4e9e6,0,beliefs_first,1,5,4,2,700,2,0.8,70,10,20,80,15,5,3,A,1,1,28,Female,No,BoxRight,Description
4fa6e560dc9182f813a712d3,0,choice_first,1,3,3,3,383,2,1,40,20,40,40,40,20,5,B,0,1,32,Female,DATA_EXPIRED,BoxRight,Description
48202ab90a4e5e61252e6963,0,choice_first,3,3,4,4,938,1,1,45,10,45,45,10,45,5,B,1,1,22,Female,No,BoxRight,Description
9113c7d3a2d0642a0630e182,1,choice_first,4,4,4,2,357,1,1,50,1,49,50,1,49,5,B,0,1,34,Female,No,BoxRight,Description
873e11039f40c6e9102e7732,0,choice_first,3,4,4,3,886,1,2,45,10,45,35,10,55,5,A,0,1,DATA_EXPIRED,Female,No,BoxRight,Description
4cef3136366f40f4d874a1ce,0,beliefs_first,3,1,2,4,776,1,1,25,50,25,25,50,25,7,A,0,1,42,Female,No,BoxRight,Description
8f5aa3ce1cb60029fb0ee09d,1,beliefs_first,4,3,4,4,839,0.04,0.04,48,2,50,50,2,48,6,A,0,1,28,Female,No,BoxRight,Description
33630043afa7c6470c63b1a4,0,beliefs_first,2,3,5,4,676,2,1,45,10,45,40,20,40,6,A,0,1,28,Female,No,BoxRight,Description
ff59ceb0c93cd45568c385f6,1,choice_first,4,3,4,4,2104,1.3,1.5,20,40,40,25,15,60,5,A,0,1,23,Female,DATA_EXPIRED,BoxRight,Description
be5fc1b5a5eba4cffdbcea18,0,choice_first,2,2,4,3,1992,1,1,49,2,49,49,2,49,5,A,0,1,34,Female,DATA_EXPIRED,BoxRight,Description
d3c7191d61a4723da4c37fe7,1,choice_first,NA,NA,NA,NA,374,2,1,33,33,34,33,33,34,3,A,0,1,59,Female,DATA_EXPIRED,BoxRight,Description
3c0bcef877f961712412be38,1,choice_first,NA,NA,NA,NA,559,1,1,0,0,100,0,0,100,6,B,1,1,41,Female,No,BoxRight,Description
a431e26d86f7eabc22587c7b,1,choice_first,2,1,2,4,529,0.1,0.3,20,40,40,10,40,50,5,A,1,2,36,Male,No,BoxRight,Description
47d6fbd17a055b0f6dcd279b,0,choice_first,5,3,5,5,508,1,1,0,70,30,0,70,30,7,A,1,2,36,Male,No,BoxRight,Description
7aa79a4cc1f8e28429922216,0,beliefs_first,2,2,4,4,530,1,1.125,45,45,10,45,10,45,5,A,1,2,21,Female,Yes,BoxRight,Description
beaa55b48e0e927d39c6c413,1,choice_first,4,3,4,3,670,1.2,1,50,2,48,20,1,79,4,A,0,2,25,Male,No,BoxRight,Description
2b1aa04b7a7c74919f260088,0,choice_first,4,4,2,2,270,1,1,45,10,45,45,10,45,7,A,0,2,30,Male,Yes,BoxRight,Description
2cd780300f69c352ad637c33,0,beliefs_first,4,2,5,5,452,1.15,0.8,45,5,50,35,5,60,7,B,1,2,29,Male,No,BoxRight,Description
47b02182b9ab40f7952614bc,0,choice_first,4,3,3,4,399,2,2,0,0,100,0,0,100,5,B,1,2,21,Male,No,BoxRight,Description
406ad4c71e98205c91a89bf0,1,beliefs_first,2,3,5,5,885,1,1,45,10,45,45,10,45,5,B,1,2,21,Female,Yes,BoxRight,Description
d628e8f6be3f6c498742383f,0,choice_first,4,4,5,3,638,1,1,49,2,49,49,2,49,1,A,0,2,27,Male,No,BoxRight,Description
4eda5a15e5ecd009b191b0dc,0,beliefs_first,2,2,5,4,386,0.5,0.5,45,10,45,45,10,45,3,B,1,2,38,Male,No,BoxRight,Description
6b31aa868d49588b44126937,1,choice_first,4,3,4,5,648,1,1.04,49,2,49,49,2,49,7,A,0,2,30,Male,No,BoxRight,Description
9cb6554bd9e85d2db103de9b,0,beliefs_first,3,1,5,3,529,1.25,1,50,20,30,60,20,20,7,A,1,2,51,Female,No,BoxRight,Description
86d790e3ce957b96c492cfb1,1,choice_first,3,3,3,2,1004,0.75,0.8,75,15,10,80,5,15,7,A,1,2,65,Female,No,BoxRight,Description
00dac5efe6969a4957ac24b0,1,choice_first,2,2,4,5,632,0.25,0.2,45,10,45,44,12,44,7,B,1,2,27,Male,Yes,BoxRight,Description
7f772b65bca4f217d1d75a2b,0,beliefs_first,4,3,4,5,1013,1,1,0,100,0,0,100,0,4,A,0,2,74,Male,No,BoxRight,Description
52a73d79869ceae8c93140e3,0,beliefs_first,4,3,4,4,242,1,1,45,23,32,45,13,42,5,B,1,2,34,Male,DATA_EXPIRED,BoxRight,Description
ac2ca5a8ee98771e05fcce09,0,choice_first,2,3,3,2,654,0.88,0.68,34,1.2,64.8,52,1,47,5,A,1,2,28,Male,No,BoxRight,Description
de0ca9b36ada262b42d0a9f5,0,choice_first,4,3,4,4,567,2,0.5,25,35,40,45,45,10,5,A,0,2,60,Female,No,BoxRight,Description
5a734650bb5ad682378e3d2c,0,choice_first,2,3,4,4,723,1,1.1,45,10,45,45,10,45,5,A,0,2,32,Female,No,BoxRight,Description
204a4a8432e4bd1fa47767ea,0,choice_first,3,2,5,5,692,1,1,45,10,45,45,10,45,1,A,1,2,38,Male,No,BoxRight,Description
bcdae254127eb2d4da6830cb,1,beliefs_first,3,3,5,4,774,1,1,49.5,1,49.5,49.5,1,49.5,4,B,0,2,51,Female,No,BoxRight,Description
c6e8a124869ba778e62ede97,0,choice_first,3,2,2,2,470,1,1,49,2,49,49,2,49,1,A,1,2,30,Female,No,BoxRight,Description
575a6a86284e9be75adfa60b,1,choice_first,2,2,4,4,542,1.5,2,9,1,90,4,1,95,7,A,0,2,24,Male,No,BoxRight,Description
7563bc7a37313cf1f6d9f332,0,choice_first,4,2,4,5,593,2,0,60,30,10,40,50,10,6,B,0,2,30,Female,No,BoxRight,Description
e0d5a469b16f600a5d7476b1,1,beliefs_first,3,3,4,4,1220,1,1,49,2,49,49,2,49,5,A,0,2,50,Male,DATA_EXPIRED,BoxRight,Description
f5e0f187549ffd653d0e9408,1,beliefs_first,2,3,3,3,887,1,1,49,2,49,49,2,49,1,A,0,2,28,Male,No,BoxRight,Description
7b3570f7f10f898f13dc7b57,0,choice_first,2,3,3,2,1080,1.2,0.8,35,5,60,60,5,35,1,A,1,2,69,Female,No,BoxRight,Description
ba4b983885850e0ceb2d4a44,0,beliefs_first,2,2,4,2,1341,1,1,45,10,45,45,10,45,7,B,1,2,61,Female,No,BoxRight,Description
54dfb750584dec786d1e176e,0,choice_first,4,3,4,4,686,1,0.8,60,10,30,70,10,20,1,B,1,2,40,Female,DATA_EXPIRED,BoxRight,Description
e58590ee85b5fb8ebfd1ab37,0,beliefs_first,4,2,5,4,1327,2,0,10,1,89,90,1,9,6,B,1,2,40,Male,No,BoxRight,Description
d6ef9ed40ae0488b69df94df,0,choice_first,3,1,2,5,580,1,2,20,40,40,25,25,50,4,B,1,2,43,Female,No,BoxRight,Description
dd496c54e8d12ec3bd97298b,0,beliefs_first,3,2,4,4,685,1.2,1,0,0,100,100,0,0,7,A,0,2,52,Male,No,BoxRight,Description
e7f3a3d346b6dcdf7c5773f6,1,beliefs_first,3,3,5,4,1222,0.17,0.2,52,1,47,50,1,49,7,B,1,2,51,Male,Yes,BoxRight,Description
b40b6572251b2aed827797e3,0,beliefs_first,2,3,4,4,755,1.6,1.2,25,25,50,30,30,40,6,A,0,2,38,Male,No,BoxRight,Description
31cca81e61f770d3e10f0351,1,choice_first,5,2,5,5,1600,1,1.25,45,9,46,46,9,45,7,A,1,2,23,Male,Yes,BoxRight,Description
c56279e291002ca09a4b4e30,1,choice_first,3,4,3,4,491,1.02,1,49,2,49,49,2,49,6,B,0,2,38,Female,DATA_EXPIRED,BoxRight,Description
c1c4793b9baf3bff50c457a2,1,choice_first,3,2,4,3,634,1.25,1.2,20,30,50,30,50,20,6,B,0,2,33,Male,Yes,BoxRight,Description
7c98478337747c04a485e225,0,beliefs_first,4,2,5,4,923,1,1.5,40,10,50,50,10,40,6,A,0,2,20,Male,Yes,BoxRight,Description
8606a7e4601cd0c67521f8ff,1,beliefs_first,4,2,5,5,544,1.25,0.75,25,10,65,65,10,25,4,A,1,2,56,Female,DATA_EXPIRED,BoxRight,Description
01d32575b845719f936f929b,0,beliefs_first,3,4,5,4,1504,1,1,33,34,33,33,34,33,7,A,1,2,59,Male,No,BoxRight,Description
d38c8a80e7f949a2de85f7d4,1,choice_first,1,1,5,5,567,2,0,50,25,25,25,25,50,4,A,0,2,41,Female,No,BoxRight,Description
5a6af92785df6cf8fdbdd59b,0,beliefs_first,2,2,5,5,1676,1.02,0.85,49,2,49,51,2,47,7,A,0,2,42,Male,No,BoxRight,Description
272fd7dd609c3f2a594e6989,0,beliefs_first,3,3,3,4,810,0.5,1,30,10,60,40,10,50,6,A,0,2,30,Male,DATA_EXPIRED,BoxRight,Description
ee4d2cd97e64c0db057a1403,1,choice_first,2,3,5,5,998,1,1,45,10,45,45,10,45,4,A,0,2,30,Female,No,BoxRight,Description
91450a56a8098ebbcc278ec1,0,beliefs_first,4,3,5,5,610,2,0.5,5,10,85,90,5,5,6,A,1,2,31,Male,No,BoxRight,Description
efa0915c4eebc80ea47fa924,0,choice_first,3,2,3,3,539,1,1,45,10,45,55,10,35,4,B,0,2,45,Male,DATA_EXPIRED,BoxRight,Description
79b06a6eb4be89e134b18e62,1,choice_first,3,1,2,2,662,1,1,45,10,45,45,10,45,5,A,1,2,30,Female,No,BoxRight,Description
f88fcf2a8caafb01bdce7e23,0,beliefs_first,3,1,1,2,1590,1,0.8,46,8,46,42,16,42,5,B,0,2,52,Female,No,BoxRight,Description
8600a82e8e4b00da994415fd,0,beliefs_first,3,4,2,2,440,1.2,0.8,5,60,35,80,10,10,6,B,1,2,36,Female,No,BoxRight,Description
e32f319c2a4a45673b0d71d1,0,choice_first,5,4,4,4,370,2,0,0,0,100,100,0,0,6,A,1,2,24,Male,DATA_EXPIRED,BoxRight,Description
79d46bfb9ddd9314f022a2d0,1,choice_first,2,1,4,4,618,1,1,49.5,1,49.5,49.5,1,49.5,1,A,0,2,33,Female,No,BoxRight,Description
7f9ad6ae3860a564de6669c3,1,beliefs_first,5,3,5,2,1294,0.97,1,97,3,0,0,3,97,7,A,0,2,41,Female,No,BoxRight,Description
6de10b95e11e83fdd05b7040,0,beliefs_first,4,4,4,5,1038,1,0.98,48,5,47,52,5,43,5,B,0,2,20,Male,No,BoxRight,Description
cf63ce04519a2f6b0cde9761,1,beliefs_first,3,4,4,3,785,1,1,45.5,9,45.5,45.5,9,45.5,7,A,1,2,27,Male,No,BoxRight,Description
6bd6092f104fe35758b75774,0,beliefs_first,4,1,4,3,743,1,1,45,10,45,45,10,45,4,B,1,2,32,Female,Yes,BoxRight,Description
345a0a359db96960f43f91d1,1,beliefs_first,3,2,2,2,1980,1,1,48,4,48,48,4,48,6,A,0,2,58,Male,No,BoxRight,Description
e62b58d0ecec9742406dd52f,1,beliefs_first,5,1,5,5,2230,1,1.2,0,100,0,0,0,100,7,A,1,2,34,Male,No,BoxRight,Description
6a9418d12336b47f1997f8d0,0,choice_first,5,4,2,2,1204,1,1,45.45,9.1,45.45,45.45,9.1,45.45,4,A,1,2,27,Male,No,BoxRight,Description
d9779c00eafe59f862516f67,0,beliefs_first,3,1,4,4,759,1,1.24,55,5,40,48,4,48,6,A,1,2,52,Male,No,BoxRight,Description
d72d4880b6b40b5c6eaba80e,1,choice_first,4,3,4,4,616,1,1,48,4,48,48,4,48,4,A,0,2,32,Male,No,BoxRight,Description
82497caf10e29de4fbe94f7a,0,beliefs_first,4,2,5,3,938,1.4,1,45,5,50,50,5,45,7,A,0,2,56,Male,No,BoxRight,Description
ad8d55fba34d84426299a3c5,0,choice_first,2,2,4,3,1062,0.04,0.04,45,10,45,45,10,45,1,B,0,2,33,Female,No,BoxRight,Description
5ff66a0914f1849837b12c90,1,beliefs_first,3,2,3,3,629,1.1,1,25,50,25,30,40,30,6,B,1,2,39,Male,No,BoxRight,Description
cac7e7be54af880da85983c3,0,beliefs_first,4,3,5,5,839,1,0.82,45.5,9,45.5,54.5,9,36.5,7,A,1,2,26,Male,No,BoxRight,Description
6d1f88e25004ef3a6dfb0442,0,beliefs_first,4,3,2,4,631,1,1,49,2,49,49,2,49,4,A,0,2,35,Female,No,BoxRight,Description
f571dbf38af1d1f6c4b7c66f,1,choice_first,2,2,4,4,1443,1.8,1.7,30,30,40,40,30,30,6,B,1,2,69,Male,No,BoxRight,Description
54dcf6ed181883125a852f0f,0,choice_first,2,1,5,5,1248,1,1,40,20,40,35,20,45,4,A,0,2,61,Female,No,BoxRight,Description
7e3b2df950a48d982393ec69,1,choice_first,5,2,4,5,1479,0.25,0.25,40,1,59,41,1,58,5,B,1,2,51,Male,No,BoxRight,Description
abf414f8ad81ebca66d77f1e,0,choice_first,5,1,3,4,1767,2,0,0,0,100,0,80,20,5,B,0,2,34,Female,No,BoxRight,Description
ccfc6990db33ce52eecfb022,0,choice_first,4,3,4,3,886,1,1,40,30,30,50,20,30,6,A,1,2,36,Male,No,BoxRight,Description
af0fb9936d816c1b566db2b2,0,beliefs_first,3,5,4,5,532,1,1,45,10,45,45,10,45,3,B,1,2,39,Female,Yes,BoxRight,Description
11780692bb4e86a270539325,0,choice_first,4,4,4,3,556,2,2,0,100,0,0,30,70,6,B,0,2,36,Male,Yes,BoxRight,Description
dce0c2dbb7bfb031764dce2d,1,beliefs_first,4,3,3,2,418,1,1,46,46,8,46,46,8,6,A,0,2,36,Male,DATA_EXPIRED,BoxRight,Description
0933c765a55909386a4522ba,0,beliefs_first,5,4,4,4,1530,2,1,50,25,25,30,35,35,7,A,1,2,21,Male,No,BoxRight,Description
758d33fadf8aa4f4e2dcfb1e,1,choice_first,4,4,5,5,606,0.75,1,33,20,47,45,10,45,7,B,0,2,27,Male,No,BoxRight,Description
ef77d871fc9d8db3d269aeac,1,choice_first,4,2,5,4,744,1,2,60,5,35,65,5,30,4,B,1,2,35,Male,DATA_EXPIRED,BoxRight,Description
a6a1652403d4ef87e5a94625,1,choice_first,5,3,5,5,486,1,1.2,25,25,50,40,10,50,7,A,0,2,28,Male,No,BoxRight,Description
17e52cdb9833bda5f23b4ce5,0,choice_first,4,2,3,3,892,2,1,50,20,30,20,30,50,7,B,0,2,25,Female,No,BoxRight,Description
68b415eb23ec3fd5a1508905,0,choice_first,4,3,5,4,2049,2,1,25,35,40,30,35,35,6,B,0,2,38,Male,DATA_EXPIRED,BoxRight,Description
a2b5f9b5db61ca0dfa800a81,1,beliefs_first,4,3,4,3,447,1,0.9,25,50,25,30,45,25,3,B,1,2,23,Male,No,BoxRight,Description
afc1b29afc9d49d5ba86ef4d,0,beliefs_first,4,3,5,2,1138,1,1,33,34,33,33,34,33,5,B,0,2,31,Male,No,BoxRight,Description
70a9ca110d64786c93a932d6,0,beliefs_first,4,3,4,3,1103,1,1.05,49,2,49,48,3,49,4,A,1,2,51,Female,No,BoxRight,Description
6532ae6f6537f2e7c35dabc3,1,choice_first,4,1,3,3,405,1,1.2,49,2,49,49,2,49,5,A,1,2,36,Male,DATA_EXPIRED,BoxRight,Description
23cb760fc126e81362555f63,0,choice_first,3,3,4,4,628,1,1,49,2,49,49,2,49,6,B,0,2,41,Male,No,BoxRight,Description
4f1a1fcd5a85493d514a40f8,1,beliefs_first,2,4,4,3,500,1,1.1,45,10,45,45,10,45,7,B,0,2,37,Male,DATA_EXPIRED,BoxRight,Description
37bdfe405a4a7e3dc1486464,1,choice_first,3,2,5,4,688,1,2,10,40,50,10,20,70,6,B,1,2,29,Female,DATA_EXPIRED,BoxRight,Description
44fcf4efff0061ac5546a8bf,0,beliefs_first,5,2,5,5,455,2,2,10,10,80,85,10,5,7,A,1,2,48,Female,No,BoxRight,Description
1342929d97e5c5f6f8d41cf2,1,choice_first,2,3,3,5,676,1,1,45,10,45,45,10,45,7,A,1,2,34,Female,DATA_EXPIRED,BoxRight,Description
4a9699084ed37eea5c1ab3dc,0,choice_first,4,4,5,4,1341,1,1,49,2,49,49,2,49,4,A,1,2,26,Male,Yes,BoxRight,Description
1d1cf6ca980f94c02f8825d4,0,beliefs_first,4,4,4,4,2550,1,1,49,2,49,49,2,49,6,A,0,2,50,Male,No,BoxRight,Description
faaf42e6b7f89f9c2eb6e7e0,0,beliefs_first,2,1,5,4,2227,1,1,0,100,0,100,0,0,4,A,1,2,69,Female,No,BoxRight,Description
a40c93ae68ce560859fcca06,0,beliefs_first,3,2,4,4,915,1,1,5,70,25,10,60,30,4,A,1,2,38,Female,DATA_EXPIRED,BoxRight,Description
dad5929900d520cd0710b16d,1,beliefs_first,4,1,5,5,789,1,0.9,45,10,45,55,10,35,4,A,1,2,55,Female,DATA_EXPIRED,BoxRight,Description
af1748f21a79a63f323654e5,0,choice_first,3,3,2,2,611,1,1,45,9,46,45,9,46,4,A,1,2,33,Male,DATA_EXPIRED,BoxRight,Description
bc7c41143e0c77583ad78794,0,choice_first,4,3,2,3,1009,2,1,15,35,50,10,60,30,6,A,0,2,54,Female,No,BoxRight,Description
1cae2a39d8901f99e32d4d28,1,choice_first,4,2,4,4,1016,0.5,1,47,6,47,48,5,47,6,A,0,2,41,Male,No,BoxRight,Description
4fa0ac6f64aff8748a03e495,1,choice_first,2,1,2,1,925,1.3,1.98,50,20,30,20,60,20,5,A,0,2,51,Female,No,BoxRight,Description
6f609c6ac1f260c78e18ee17,1,beliefs_first,2,2,4,5,957,2,1.8,50,15,35,40,10,50,5,A,1,2,56,Female,DATA_EXPIRED,BoxRight,Description
dfdf1dbf19d52e2ba06343d3,0,beliefs_first,3,2,4,2,1504,1,1,40,5,55,40,5,55,6,A,0,2,53,Female,No,BoxRight,Description
daccaee2290e308de5a78760,0,choice_first,4,1,4,3,564,1,1,49,2,49,52,2,46,7,B,1,2,29,Male,No,BoxRight,Description
2cfbf45b26dc8f5c05a5af5b,1,choice_first,4,3,3,4,981,1,1.25,30,50,20,25,50,25,5,A,0,2,52,Female,No,BoxRight,Description
de9b7343a7579db4494a7420,0,beliefs_first,2,1,5,3,1403,1,0.96,50,1,49,51,1,48,4,B,0,2,34,Female,No,BoxRight,Description
0354588bb3c11323a1d6f91a,0,beliefs_first,3,2,4,2,755,1,1,47,2,51,51,2,47,4,B,1,2,36,Male,No,BoxRight,Description
2e559d0c01e357e0fff68c41,1,choice_first,4,3,3,4,997,1,1,45.5,9,45.5,45.5,9,45.5,4,B,0,2,38,Female,No,BoxRight,Description
8b44d109d7f8215427480cde,0,beliefs_first,2,3,4,3,1519,2,0,54,2,44,50,2,48,7,B,1,2,38,Female,DATA_EXPIRED,BoxRight,Description
f508c9e511b62c2600107935,0,beliefs_first,5,3,3,4,875,0.8,1,49,2,49,50.1,2,47.9,7,A,0,2,27,Male,No,BoxRight,Description
c45bfb5572d80a62514c6604,0,beliefs_first,4,2,4,4,2909,1,2,20,30,50,25,50,25,5,A,0,2,62,Female,DATA_EXPIRED,BoxRight,Description
33317cf1634272b2c7bfcb02,0,choice_first,5,3,4,2,1085,1,0.99,30,30,40,40,20,40,5,A,0,2,33,Male,No,BoxRight,Description
4969a219a8f39286390dba35,0,choice_first,3,1,4,4,932,1,1,45,10,45,45,10,45,2,B,0,2,42,Male,No,BoxRight,Description
1163696e5b84a3343927fedb,0,beliefs_first,1,2,4,5,970,1,1,49,1,50,45,10,45,4,B,1,2,29,Female,DATA_EXPIRED,BoxRight,Description
d6e7da36e8059e0bb0164f11,1,beliefs_first,4,3,4,4,1310,1,1,49,2,49,49,2,49,5,B,0,2,26,Male,DATA_EXPIRED,BoxRight,Description
837f8f0e34798defe4b89bde,1,beliefs_first,3,1,4,4,1881,1,1,25,50,25,25,50,25,4,B,1,2,48,Male,Yes,BoxRight,Description
8543a62d36ddc3d02750c9de,0,choice_first,4,2,5,4,1365,1,0.75,33,34,33,40,30,30,6,A,0,2,37,Female,DATA_EXPIRED,BoxRight,Description
b60926794908cea750cdd574,0,beliefs_first,4,3,5,3,1787,1,0.85,45.5,9,45.5,45.5,9,45.5,6,A,1,2,33,Male,No,BoxRight,Description
c129a94accc26d2793d9fb7b,1,choice_first,5,4,5,5,392,0.75,1,50,5,45,50,5,45,5,A,1,2,26,Male,No,BoxRight,Description
fee5a8ddbb14450719b8d356,0,choice_first,4,3,4,4,812,1,1,49,2,49,49,2,49,6,A,0,2,28,Male,No,BoxRight,Description
9761f118ce9766a03dc26834,1,beliefs_first,2,3,4,2,1569,1,1,49.02,1.96,49.02,49.02,1.96,49.02,7,B,0,2,56,Male,No,BoxRight,Description
d1416d947f33c641491d4f76,1,beliefs_first,2,2,3,3,878,1,1,45.5,9,45.5,45.5,9,45.5,1,B,0,2,37,Male,No,BoxRight,Description
26ddd5b4d3393d54e1219139,0,choice_first,4,2,4,4,1630,0.75,1,40,10,50,40,10,50,7,A,1,2,64,Male,No,BoxRight,Description
f90a649c0fa4f5d8a0a77e04,0,choice_first,3,2,4,4,386,1,1,33,34,33,33,34,33,4,A,1,2,33,Male,No,BoxRight,Description
a840d5f7006a5b00ddb03093,0,beliefs_first,1,4,1,2,498,1,1.25,45,9,46,36,9,55,4,A,1,2,35,Male,No,BoxRight,Description
1ff1d7a704c8d975898c2698,0,choice_first,4,1,4,5,580,1,0.5,50,20,30,60,30,10,6,A,1,2,35,Female,No,BoxRight,Description
4d141138dd0ccadb7213ec98,1,beliefs_first,4,2,4,4,633,1,1,49,2,49,49,2,49,5,B,1,2,46,Male,No,BoxRight,Description
429dd7f41170c44b5be9de95,0,beliefs_first,4,2,2,4,725,1,1,40,10,50,50,10,40,5,A,1,2,27,Female,Yes,BoxRight,Description
d7112c0e5085ebe50dc01837,1,beliefs_first,4,3,4,4,700,1,1,40,10,50,40,10,50,6,A,0,2,45,Male,No,BoxRight,Description
2442f4ece1052735d44f4424,0,beliefs_first,3,1,5,4,768,2,0,33.3,33.3,33.4,33.3,33.4,33.3,4,B,1,2,65,Male,No,BoxRight,Description
47ad12233d2c19b3c67d78e5,0,beliefs_first,4,3,2,2,882,1,1,50,10,40,50,10,40,4,A,1,2,28,Male,No,BoxRight,Description
23255af3daef02d8f2dd9076,1,choice_first,2,1,5,4,894,0.81,0.9,50,0,50,50,0,50,6,A,1,2,34,Female,DATA_EXPIRED,BoxRight,Description
7b4d5434e0376a4040a9d6cf,1,choice_first,5,3,2,4,846,0.8,0.85,35,1,64,45,2,53,4,A,0,2,30,Male,DATA_EXPIRED,BoxRight,Description
3822c8da5783eeacb5f7f3ed,1,choice_first,5,4,5,5,1045,1,0.95,47,2,51,45,2,53,5,B,0,2,25,Male,DATA_EXPIRED,BoxRight,Description
cbb082e7f14d142486961c87,1,beliefs_first,3,2,4,3,1334,1,1,50,10,40,50,10,40,2,A,0,2,42,Female,No,BoxRight,Description
7f6540917c9b0d686afc991d,1,choice_first,4,4,5,5,1735,1.1,1.1,45.45,9.1,45.45,36.36,9.09,54.55,5,A,1,2,26,Male,No,BoxRight,Description
fd70e962fca0cd31e2155bea,1,choice_first,3,2,5,5,1875,1,1,0,100,0,0,100,0,4,A,1,2,56,Female,No,BoxRight,Description
cf1b67662908305d2b7e5fda,0,beliefs_first,3,4,3,4,541,1,1,40,20,40,40,20,40,6,B,0,2,26,Male,No,BoxRight,Description
ea733c6b5c38fea2e2095409,0,beliefs_first,3,4,5,3,429,1,0.9,49,2,49,50,2,48,6,B,1,2,21,Male,Yes,BoxRight,Description
63615bf545c338dee8f5af87,1,beliefs_first,3,3,4,5,554,1,1,45.5,9,45.5,45.5,9,45.5,3,A,1,2,39,Male,DATA_EXPIRED,BoxRight,Description
7017fb1aa5d03798f385d795,1,choice_first,4,3,3,3,586,0.4,0.2,50,5,45,60,10,30,6,B,1,2,42,Male,No,BoxRight,Description
2ef52e5050fea87afbd3e28f,0,beliefs_first,4,3,4,4,656,1,1,45,10,45,45,10,45,1,A,0,2,39,Female,No,BoxRight,Description
fd71451163958ac306acb0af,1,choice_first,4,2,4,3,580,1,1,33,33,34,20,35,45,5,A,1,2,55,Male,No,BoxRight,Description
60d7ecaef9a1e8a22dba898d,1,choice_first,4,2,5,5,703,1.2,1.3,60,5,35,45,5,50,5,B,0,2,62,Male,No,BoxRight,Description
3adb66c81ba6057ec4ebd467,1,choice_first,2,1,4,4,474,1,1,50,2,48,50,2,48,4,B,1,2,30,Male,Yes,BoxRight,Description
a0908837781f591b63f7c871,0,beliefs_first,2,1,4,4,755,1.5,0.5,20,10,70,60,10,30,7,A,0,2,35,Female,No,BoxRight,Description
e2a1486981509ba998b39713,1,choice_first,4,5,4,5,673,1,1,45,10,45,45,10,45,4,A,1,2,43,Male,No,BoxRight,Description
5bbe5eec36454ee4180b347e,0,beliefs_first,4,5,4,4,761,1,1,50,10,40,40,10,50,1,A,1,2,23,Male,No,BoxRight,Description
a5434a04f1006df58e3f2d26,1,choice_first,3,4,4,2,686,1,1.25,49,1,50,39,1,60,3,A,1,2,29,Female,No,BoxRight,Description
03b55fb3c47461bfcb8a6710,0,beliefs_first,4,2,5,5,706,2,1.96,20,10,70,10,30,60,6,B,0,2,30,Female,No,BoxRight,Description
1eedc860364a53dec5951ae2,1,beliefs_first,5,5,5,5,613,1,0.8,49,2,49,50,2,48,7,B,1,2,33,Male,Yes,BoxRight,Description
ede85ba703f8f8fc9cec598d,1,choice_first,4,4,4,2,758,1,1,40,10,50,40,10,50,5,A,0,2,22,Female,Yes,BoxRight,Description
797c801deec2d640bfbe8c4d,1,beliefs_first,3,3,5,4,519,1.25,1,49,2,49,38,2,60,5,A,1,2,30,Male,No,BoxRight,Description
15f7311c7419f89985f63580,1,beliefs_first,3,3,3,4,808,1,1,45.5,9,45.5,45.5,9,45.5,1,B,1,2,50,Male,No,BoxRight,Description
8cca28ed4e5fa7d66b466994,1,choice_first,3,1,4,5,906,1,1.25,44,1,55,56,1,43,5,A,0,2,49,Male,No,BoxRight,Description
a29fa6fe29122775e491998d,0,choice_first,2,2,5,4,777,1,1,45,10,45,45,10,45,4,B,0,2,40,Male,No,BoxRight,Description
27af9a654804754357362fbe,1,beliefs_first,2,1,2,2,533,1,1.02,48,4,48,44,4,52,6,B,0,2,33,Female,Yes,BoxRight,Description
c2816aa294ee2e0c21c48fa8,0,choice_first,3,2,4,4,613,1,1,49,2,49,49,2,49,1,B,0,2,25,Female,No,BoxRight,Description
71b7672439c21c4724c97011,0,choice_first,4,3,4,3,957,1,1,45.5,9,45.5,45.5,9,45.5,5,A,1,2,52,Male,No,BoxRight,Description
b8cb84266c991b382cd3f705,1,choice_first,5,2,2,2,629,1.2,1.25,0,0,100,0,0,100,6,B,1,2,28,Male,No,BoxRight,Description
e949f3441338b64996c772dc,1,beliefs_first,5,3,4,4,480,1,1,25,50,25,25,25,50,6,A,1,2,30,Female,No,BoxRight,Description
9548cdbd4cfdd0e6bcad3925,0,choice_first,2,3,4,2,648,1.1,1,40,5,55,49,2,49,7,A,1,2,33,Female,No,BoxRight,Description
03cd10139e78f3d37f94fe68,0,choice_first,3,2,5,5,1123,1.25,0.75,20,55,25,25,55,20,6,A,1,2,44,Male,No,BoxRight,Description
f4d20b94053367e38c9cdacf,0,choice_first,2,2,2,1,904,1,1,52,2,46,48,2,50,4,B,0,2,50,Female,No,BoxRight,Description
43a86b1574da1a9d4bf190c1,1,beliefs_first,2,2,4,4,632,1,1,40,30,30,40,30,30,5,A,1,2,44,Male,No,BoxRight,Description
4799923188b77e2fac468893,1,choice_first,4,2,4,4,600,1,0.9,70,20,10,60,20,20,6,B,0,2,40,Female,No,BoxRight,Description
da8cef2d34c3abbf02abb438,1,beliefs_first,4,3,4,4,1237,1,1,49,2,49,49,2,49,6,B,0,2,34,Male,DATA_EXPIRED,BoxRight,Description
9db981b22436c3a309bb6fd8,1,choice_first,4,4,2,2,385,2,2,49,2,49,49,2,49,7,B,1,2,39,Male,No,BoxRight,Description
606a0f8e9aaf20da88090fa9,1,beliefs_first,3,3,4,5,718,2,2,0,0,100,0,0,100,6,B,1,2,58,Female,No,BoxRight,Description
a14e52fb263069a3905ef322,1,choice_first,3,3,4,4,1027,2,2,0,0,100,0,0,100,6,B,0,2,27,Male,DATA_EXPIRED,BoxRight,Description
90e913f1e97030682235a6db,0,beliefs_first,5,3,4,4,1226,1,1,50,25,25,50,25,25,6,B,1,2,28,Male,No,BoxRight,Description
3e87e24950ca272b5ae90093,1,choice_first,2,1,2,2,936,1,1,45,10,45,44,10,46,4,B,0,2,68,Female,No,BoxRight,Description
0dbb4d0ace0c289c541831b1,0,beliefs_first,2,2,4,4,1158,1,0.88,49,2,49,49,2,49,4,B,0,2,23,Male,Yes,BoxRight,Description
ddb491117cc457491101a323,0,beliefs_first,3,2,4,3,1704,1,1,45,10,45,45,10,45,4,B,1,2,35,Female,DATA_EXPIRED,BoxRight,Description
2cc0121c2450b98b37db5467,1,beliefs_first,4,4,3,4,1223,1,1,45,10,45,45,10,45,4,A,1,2,58,Male,No,BoxRight,Description
20f030bfc632e5500eae6e59,0,beliefs_first,3,4,4,5,1274,1,1,25,50,25,27,48,25,6,B,0,2,39,Male,No,BoxRight,Description
c7eca9462794f97739e17fe5,0,choice_first,2,3,3,2,378,1,1.25,45,10,45,45,10,45,7,B,0,2,43,Male,Yes,BoxRight,Description
5983c0660fd20a18f7ecd9a6,0,choice_first,3,2,3,2,589,1,1,44,12,44,45,17,38,7,A,0,2,33,Female,No,BoxRight,Description
5f5945000ee33c69c299ebe1,1,choice_first,2,1,5,4,682,2,2,48,2,50,50,2,48,6,B,0,2,23,Male,No,BoxRight,Description
d6f76d85411aee34e7e451f5,0,beliefs_first,3,3,4,4,673,1.2,1,40,10,50,50,10,40,6,B,0,2,23,Female,Yes,BoxRight,Description
ec34827bede9e75599686694,1,beliefs_first,3,2,3,2,1102,1,1.25,49,2,49,38,2,60,6,A,1,2,27,Male,DATA_EXPIRED,BoxRight,Description
83c97ada3bf7dee1c20fc6ce,1,choice_first,5,2,2,1,568,1,1,49,5,46,49,5,46,6,B,1,2,23,Male,No,BoxRight,Description
427d53249bd00bf33b968aed,1,beliefs_first,4,3,3,3,500,1.1,1,75,0,25,25,0,75,4,A,1,2,25,Male,Yes,BoxRight,Description
0270660e2206f050489da622,1,beliefs_first,3,2,5,3,1099,1,1.25,30,40,30,30,40,30,4,B,1,2,33,Male,DATA_EXPIRED,BoxRight,Description
c0b21a335f54e21ad6b410f7,1,beliefs_first,4,2,5,3,1435,1,1,45.5,9,45.5,45.5,9,45.5,7,B,0,2,48,Female,No,BoxRight,Description
6ffee152111a1df8702f8a56,1,choice_first,3,4,5,4,1640,1,1,50,0,50,50,0,50,1,A,0,2,60,Female,No,BoxRight,Description
ad1529d18d2d6d8d64abdcff,0,choice_first,3,3,5,5,754,1,1,30,40,30,30,40,30,4,B,0,2,46,Female,No,BoxRight,Description
d93d4644c7b1e7b9cd9d9657,0,choice_first,4,2,5,4,941,1,1,45,10,45,45,10,45,4,A,1,2,62,Male,DATA_EXPIRED,BoxRight,Description
268604cb22e9c5d8f4889571,1,beliefs_first,3,1,3,3,997,0.3,0.4,50,10,40,40,10,50,4,B,0,2,27,Female,DATA_EXPIRED,BoxRight,Description
b772d578fdd0e82118e4021c,1,beliefs_first,4,3,5,5,649,1,1,49,2,49,49,2,49,7,A,0,2,36,Female,No,BoxRight,Description
921bfb2ae337258de89a669e,1,beliefs_first,3,3,4,4,1809,1,0.95,48,2,50,50,2,48,4,B,0,2,29,Female,No,BoxRight,Description
c9380f1f099d97883cde9e35,0,choice_first,3,4,4,3,283,1,1,25,50,25,25,50,25,5,B,1,2,30,Female,No,BoxRight,Description
b213a469e9af662ec3393f8d,0,choice_first,2,3,5,4,1028,1.5,1,50,25,25,40,40,20,6,A,0,2,33,Female,Yes,BoxRight,Description
5e74b843bb699a2924df6433,0,beliefs_first,3,2,3,2,1445,2,1,0,0,100,0,50,50,6,B,1,2,65,Male,No,BoxRight,Description
8d3f011d4b867214122e1778,0,choice_first,3,5,4,1,1591,1,1,20,30,50,50,30,20,5,A,0,2,32,Male,DATA_EXPIRED,BoxRight,Description
d20498a73a0634cf881db7de,0,choice_first,4,3,3,3,778,0,2,0,0,100,0,0,100,7,A,0,2,31,Female,No,BoxRight,Description
f9fe988f3deb6fc1b1a59edb,0,beliefs_first,5,3,3,3,803,2,0,50,0,50,50,0,50,6,A,0,2,26,Male,No,BoxRight,Description
db66f15013b8fd04b30a09eb,0,beliefs_first,3,1,5,4,1203,1,0.85,35,30,35,40,35,25,5,A,0,2,55,Female,No,BoxRight,Description
c3be4cd6e4e154dda13b09b5,0,beliefs_first,5,4,4,4,1237,1.1,1,0,50,50,50,50,0,7,A,1,2,35,Male,DATA_EXPIRED,BoxRight,Description
01c16ebb9b23f5d2f47f1bc8,1,choice_first,4,5,3,4,1470,1,1,47,6,47,47,6,47,5,A,1,2,63,Male,No,BoxRight,Description
f9c68049cc2a6b68e4fc9544,1,choice_first,3,1,4,4,356,1,1,33,33,34,33,33,34,5,B,0,2,29,Male,No,BoxRight,Description
8f538002c9f9eca16c71cbec,1,beliefs_first,4,1,4,4,726,1,1.7,20,30,50,10,30,60,5,A,1,2,27,Female,No,BoxRight,Description
dc5011bdbff5a943e6dbd847,0,beliefs_first,2,3,4,2,1027,1.25,0.6,0,90,10,10,50,40,2,B,0,2,65,Female,No,BoxRight,Description
829d7193ad56cc84552f7bf2,1,beliefs_first,3,3,5,2,983,0.75,1.25,54.5,9.1,36.4,36.4,9.1,54.5,7,B,1,2,23,Male,No,BoxRight,Description
fee4fb1b695c7d218ac9bf4b,0,choice_first,4,2,4,3,623,0.8,1,45,10,45,45,10,45,5,B,0,2,26,Male,DATA_EXPIRED,BoxRight,Description
48cdb23e6ff1a9c8e10e1447,0,choice_first,3,3,5,5,3880,2,1,0,50,50,50,25,25,4,A,1,2,50,Female,No,BoxRight,Description
dd3bb66f5bf652d0711295c1,1,choice_first,4,3,4,4,409,1,1,49,2,49,49,2,49,4,A,1,2,22,Female,DATA_EXPIRED,BoxRight,Description
0a46abc5c92b176dbe0dfcbd,1,beliefs_first,3,4,5,5,596,1,1,49,2,49,49,2,49,1,B,0,2,21,Male,Yes,BoxRight,Description
4e22ab8068f3883fe10b07f0,0,beliefs_first,3,3,4,4,983,1,0.9,45.5,9,45.5,47,9,44,7,B,1,2,55,Male,No,BoxRight,Description
e914cb2db862166a1698da3a,0,choice_first,3,2,5,5,1102,1,1,48,4,48,48,4,48,6,B,0,2,60,Female,No,BoxRight,Description
1b96991ecaaeb042da6f97ff,1,choice_first,4,1,5,5,796,1,1,49,2,49,49,2,49,5,B,0,2,33,Male,No,BoxRight,Description
ad7b49cdb40c3e181f3e3329,0,choice_first,2,1,5,2,704,1,1,30,10,60,30,9,61,7,B,0,2,27,Male,Yes,BoxRight,Description
a6d4b18c36c15e46d1829856,0,beliefs_first,5,3,5,5,512,1.2,1.1,50,1,49,49,2,49,7,B,1,2,32,Male,No,BoxRight,Description
00e261ed710ee77fbb512c32,1,beliefs_first,4,3,5,4,1504,0.4,0.4,30,40,30,40,30,30,6,A,0,2,42,Male,DATA_EXPIRED,BoxRight,Description
2b0b25ffd50401f9bcd5fdea,1,beliefs_first,2,4,4,4,793,1,1.1,45,10,45,50,10,40,5,B,0,2,25,Female,No,BoxRight,Description
ec09a26e3d783893e67e172a,1,beliefs_first,4,4,3,3,925,1,1,49.02,1.96,49.02,49.02,1.96,49.02,7,B,0,2,31,Male,No,BoxRight,Description
f16be87b68f479e42f327444,0,beliefs_first,4,4,4,4,422,0,0,30,30,40,40,30,30,5,A,1,2,33,Male,No,BoxRight,Description
02f4dc3eca88bf19c8984c54,1,choice_first,4,3,5,5,848,0.18,0.2,23,23,54,20,12,68,6,A,1,2,30,Male,No,BoxRight,Description
e808b77151bbc891665d37ee,0,beliefs_first,5,5,3,3,830,1,1,49,2,49,49,2,49,1,A,0,2,23,Male,No,BoxRight,Description
6ba8ebd0555fbe4285682977,0,choice_first,2,3,4,4,632,0.8,0.85,45,10,45,50,5,45,5,B,0,2,27,Male,No,BoxRight,Description
5280565573e62a36f8ddda96,1,beliefs_first,2,3,4,5,1399,1,1,49,2,49,49,2,49,1,B,1,2,22,Female,Yes,BoxRight,Description
425caac19e81b27a30288cd5,0,choice_first,3,4,4,3,758,1,1,49,2,49,49,2,49,4,B,0,2,43,Male,No,BoxRight,Description
17a9640a511de798f2e35e1d,1,choice_first,4,3,4,4,870,1,1,45,10,45,45,10,45,4,B,0,2,20,Male,Yes,BoxRight,Description
697ac204862cc69f9912b82b,0,beliefs_first,4,4,5,4,1222,1.04,1.04,70,2,28,65,0,35,4,B,0,2,53,Male,DATA_EXPIRED,BoxRight,Description
5bf3808840c6a2c88e7918be,1,beliefs_first,4,3,4,4,555,1,1,45.5,9,45.5,45.5,9,45.5,4,A,1,2,22,Male,Yes,BoxRight,Description
48757db1cf1a30380e80b1e4,0,choice_first,3,3,3,2,670,1,1,49,2,49,49,2,49,1,B,0,2,50,Male,No,BoxRight,Description
ede2381316ed166553d60d08,0,choice_first,4,2,4,4,3011,1,0.9,4,48,48,96,2,2,6,B,1,2,48,Male,No,BoxRight,Description
262b8d1a60d8255b70517cda,1,beliefs_first,4,3,4,4,917,1,1,49,2,49,49,2,49,6,A,0,2,42,Male,No,BoxRight,Description
931ce3a0d3ee25cf767ff69e,0,beliefs_first,5,4,4,4,380,0.4,0.4,50,5,45,50,5,45,1,A,0,2,26,Male,No,BoxRight,Description
8fdc28161d464902bc87ccc3,1,choice_first,4,5,5,4,447,1,1,46,8,46,36,8,56,6,A,1,2,26,Male,Yes,BoxRight,Description
1cf2fd0fb51d5e3704a19ad9,0,choice_first,2,2,5,4,739,0.85,0.75,25,5,70,30,5,65,3,B,0,2,26,Female,No,BoxRight,Description
3f54250492747ea1d12ba361,1,choice_first,5,3,4,4,644,1,1,49,2,49,49,2,49,7,B,1,2,33,Male,No,BoxRight,Description
2e6c48f29c2fbbbd7b09427a,0,choice_first,3,2,3,4,731,0.9,1.1,45,10,45,43,10,47,5,A,1,2,48,Female,No,BoxRight,Description
b6f379e92aac10faf9d4ae87,0,choice_first,4,4,5,4,1797,1.05,2,30,20,50,20,50,30,6,B,1,2,49,Female,Yes,BoxRight,Description
6df63ee3fcf8a22d00bf91ba,1,choice_first,3,4,4,4,1281,0.8,1.2,60,20,20,60,30,10,6,A,0,2,33,Male,No,BoxRight,Description
badd409d08a79601d47a2c37,0,beliefs_first,2,3,5,3,710,0.4,0.3,40,20,40,50,20,30,7,B,1,2,37,Male,No,BoxRight,Description
7da321c5fff8f71f7d86d599,1,choice_first,3,2,5,2,1365,1,1,48,4,48,48,4,48,6,B,1,2,33,Male,DATA_EXPIRED,BoxRight,Description
6a8e2b2ee09cbdb13529a423,0,beliefs_first,5,3,2,2,840,2,0,10,50,40,60,20,20,5,A,1,2,41,Female,No,BoxRight,Description
144203ed83e96f750295c725,0,beliefs_first,4,3,5,5,540,1.2,1.6,45,10,45,50,10,40,4,A,1,2,31,Male,No,BoxRight,Description
d600ef257f54928aba255b14,0,choice_first,4,2,5,5,3372,0.7,1,5,25,70,70,25,5,6,B,1,2,33,Male,Yes,BoxRight,Description
e8a04f3b26c59c29bd093af3,0,beliefs_first,4,5,2,4,579,1,1,45.45,9.1,45.45,45.45,9.1,45.45,4,A,0,2,25,Male,No,BoxRight,Description
a9a9d2cffb98b25a6d252a58,0,choice_first,4,3,5,4,1155,1,0.9,50,5,45,45,5,50,6,A,0,2,36,Male,No,BoxRight,Description
a61196c9f75a91564f0fa1fd,0,beliefs_first,3,2,5,5,1158,0.25,0.25,30,40,30,31,40,29,7,B,0,2,32,Male,No,BoxRight,Description
679c54a3e0c14c155ad1d3bd,0,beliefs_first,3,3,4,4,425,1,0.9,40,20,40,50,20,30,1,A,0,2,49,Male,No,BoxRight,Description
a956242675ba7d04f41eaab7,1,choice_first,3,3,5,3,637,2,2,49,2,49,49,2,49,1,B,1,2,32,Female,No,BoxRight,Description
2f5d014654d003153b4643d2,0,choice_first,4,3,5,5,1525,2,2,45,10,45,45,10,45,7,B,1,2,34,Male,Yes,BoxRight,Description
909435c92d41016c75e4fd72,1,choice_first,2,4,3,3,484,1,1,45,10,45,50,10,40,2,A,1,2,21,Male,Yes,BoxRight,Description
cb2d08d2c95f52afb78fd988,1,beliefs_first,1,1,3,3,1059,1,1,46,8,46,46,8,46,4,A,1,2,62,Female,DATA_EXPIRED,BoxRight,Description
61c566cf9239ea074e5ce80a,1,beliefs_first,5,4,4,4,890,1,1,49,2,49,49,2,49,7,B,0,2,32,Male,No,BoxRight,Description
5bce7d70226b221098c1f078,1,beliefs_first,2,2,5,5,1238,1,1,40,10,50,45,10,45,4,A,0,2,40,Male,No,BoxRight,Description
6df212dc7cc20dbc70579fb9,1,choice_first,4,3,5,3,1069,0.5,0.5,49,49,2,49,2,49,1,A,0,2,28,Male,No,BoxRight,Description
fef959172fa0d3d7c6bdb6c1,1,choice_first,2,2,3,3,694,0.9,1,49,2,49,50,2,48,6,B,0,2,40,Female,No,BoxRight,Description
c224d01904a49b1d2a1d0ff9,1,beliefs_first,1,3,4,5,791,1,1,45,10,45,45,10,45,1,B,0,2,35,Male,DATA_EXPIRED,BoxRight,Description
60fd5852c044761a8e287fba,0,choice_first,3,2,3,3,501,1,1,49,2,49,49,2,49,4,B,1,2,34,Female,No,BoxRight,Description
96d831c71914ad80f3922b6b,1,choice_first,3,3,5,4,479,1,1,49,2,49,49,2,49,2,B,0,2,37,Female,No,BoxRight,Description
c689aae6fec2024d6341e984,0,beliefs_first,2,1,5,3,873,1,0.8,0,100,0,100,0,0,5,A,0,2,30,Male,No,BoxRight,Description
a0b6f7c6720ea1f96f7889fb,1,choice_first,4,4,3,3,770,1,1,46,9,45,45,9,46,7,A,1,2,32,Male,No,BoxRight,Description
ff6d2f07071dd192272c0e99,0,beliefs_first,2,2,4,4,756,1.3,0.85,51,8,41,38,15,47,4,B,0,2,40,Female,No,BoxRight,Description
8c7d8805051ce8d75de0f3fa,0,choice_first,4,3,5,4,721,1,1,49,2,49,49,2,49,1,A,0,2,45,Male,No,BoxRight,Description
a38cd6425635a6e672e431f2,0,beliefs_first,4,4,4,4,726,1,1,49.5,1,49.5,49.5,1,49.5,1,B,0,2,43,Male,DATA_EXPIRED,BoxRight,Description
6c53edb4c3731b33a2d1592f,0,choice_first,2,1,3,3,1444,1,1,34,9,57,55,9,36,7,A,0,2,76,Female,No,BoxRight,Description
7cc760bc00a31924e9760848,0,choice_first,3,1,5,3,1823,0.75,0.5,10,10,80,80,10,10,5,B,1,2,84,Male,DATA_EXPIRED,BoxRight,Description
a1ee940dc953b546de9b641e,1,choice_first,4,5,3,3,728,1,1,45,10,45,45,10,45,6,A,1,2,43,Male,No,BoxRight,Description
9b9caa8aea3c9b79dcf64516,0,choice_first,4,5,3,2,258,2,2,33,34,33,33,34,33,7,B,1,2,24,Male,Yes,BoxRight,Description
45c149283d819c4e424ca702,1,beliefs_first,2,1,2,3,285,1,1,25,50,25,25,50,25,5,B,0,2,31,Male,DATA_EXPIRED,BoxRight,Description
173ed78c074c065025dd3292,0,beliefs_first,3,2,3,3,1071,1,1,33,33,34,33,33,34,1,A,1,2,39,Female,No,BoxRight,Description
83859894cb555eee03a9f9d5,1,beliefs_first,2,2,4,4,485,1,1,45,10,45,45,10,45,4,A,0,2,30,Female,No,BoxRight,Description
6f74670aa0fb3b6fe179245b,0,beliefs_first,2,1,4,1,1222,2,2,0,50,50,2,50,48,4,A,0,2,64,Female,No,BoxRight,Description
88b11851306c075affcb5556,0,choice_first,3,4,3,4,541,1,1,40,10,50,50,10,40,1,A,1,2,45,Male,DATA_EXPIRED,BoxRight,Description
50859abb7625349fc97972ea,0,choice_first,2,4,5,5,1270,1,0.85,49,2,49,49,2,49,5,B,0,2,28,Male,No,BoxRight,Description
d173bb2b2349032596209a0f,1,beliefs_first,3,2,4,4,684,1,1,25,55,20,20,45,35,6,A,1,2,62,Male,No,BoxRight,Description
68c61b92ca31e12a3427293b,1,beliefs_first,2,2,3,2,690,2,0,15,55,30,100,0,0,5,A,0,2,23,Female,No,BoxRight,Description
3d331f3d5a848e867f5fe61f,1,choice_first,4,4,2,2,763,1,1.2,45,10,45,36,10,54,6,B,1,2,28,Female,DATA_EXPIRED,BoxRight,Description
6030cd631a905a4b8f051402,1,choice_first,2,1,5,4,1054,1.1,1,50,1,49,50,1,49,5,B,0,2,64,Male,No,BoxRight,Description
494d8d162eb6bb6dfe800c83,1,beliefs_first,4,1,2,2,519,1,1,45,10,45,20,40,40,6,B,0,2,44,Female,No,BoxRight,Description
8fbab3b604bfeef20cc5c5d5,1,beliefs_first,4,3,4,3,1331,1,1,45,10,45,45,10,45,6,A,1,2,51,Male,No,BoxRight,Description
1bef2731733e5b173bd42835,1,choice_first,2,3,4,5,1222,0.98,1.02,49,2,49,51,2,47,5,B,0,2,54,Male,No,BoxRight,Description
970dd19ed9fcaad8a1df15ee,0,choice_first,2,2,3,4,736,1,1,50,10,40,50,10,40,4,A,0,2,40,Female,No,BoxRight,Description
d3bba01d5f7198fbc594bf1e,0,choice_first,4,4,4,3,522,1,1,33,33,34,33,33,34,6,B,0,2,29,Male,No,BoxRight,Description
066c3ef3d56e81c0c85bd47d,1,beliefs_first,3,3,5,2,1337,0.9,0.9,49,2,49,49,2,49,1,B,0,2,40,Male,No,BoxRight,Description
64a3c6b9942539ba22ae5d0e,0,choice_first,3,1,3,2,716,1,1,50,1,49,50,1,49,4,B,0,2,39,Male,DATA_EXPIRED,BoxRight,Description
a0c51755711f5343f4f47081,0,beliefs_first,3,5,3,2,704,1,1,49,2,49,49,2,49,1,A,0,2,39,Female,No,BoxRight,Description
bac77f995db0f62fffad60ad,0,choice_first,1,4,5,5,671,0.9,0.9,49,2,49,49,2,49,7,B,0,2,21,Male,Yes,BoxRight,Description
86299177477983a9edbb1a67,1,beliefs_first,2,1,4,3,2485,1,1,48,4,48,49,2,49,4,B,0,2,58,Female,No,BoxRight,Description
dbfada8e42f48c5cb614b097,1,beliefs_first,3,3,5,4,1420,1,1,49,2,49,46,8,46,6,A,0,2,62,Male,No,BoxRight,Description
688f49b3ef8b0b23c1c82d2f,0,beliefs_first,4,2,4,4,756,1,1,0,100,0,0,100,0,4,B,0,2,41,Male,No,BoxRight,Description
50c54d91914703048efe56dc,0,choice_first,1,1,5,5,778,1.57,2,40,10,50,40,5,55,7,B,1,2,32,Male,No,BoxRight,Description
a2d050e4e8f89895dc16132d,1,beliefs_first,5,4,5,5,1334,0.98,0.88,40,40,20,40,40,20,7,B,1,2,46,Male,No,BoxRight,Description
11f0c82b6da7d1af12e1e444,0,choice_first,3,3,4,4,1337,1,1,45.5,9,45.5,45.5,9,45.5,1,A,1,2,61,Male,DATA_EXPIRED,BoxRight,Description
f2d3a4349868980c672077f2,0,beliefs_first,3,3,5,5,472,1,1,25,50,25,25,50,25,5,B,0,2,22,Female,Yes,BoxRight,Description
067aec088c50ef8be26404d6,0,choice_first,2,1,4,4,899,1,1,15,15,70,70,15,15,7,A,0,2,57,Female,No,BoxRight,Description
4a0d3b263f78a4fc280ae181,0,beliefs_first,4,3,5,4,1737,1.75,1,30,20,50,40,50,10,5,A,1,2,29,Male,DATA_EXPIRED,BoxRight,Description
bb3db84eab919e11b4bbc262,1,choice_first,4,4,3,2,769,0.8,1,45,10,45,60,10,30,6,A,1,2,57,Male,No,BoxRight,Description
2cc46ac0d41e99271c589087,1,beliefs_first,3,2,3,4,760,1,1,49,2,49,49,2,49,4,A,0,2,24,Male,No,BoxRight,Description
a293014cd9869af65cf61713,1,beliefs_first,3,2,5,5,950,1,1,49.5,1,49.5,49.5,1,49.5,3,A,0,2,25,Male,DATA_EXPIRED,BoxRight,Description
c8051569d23cf93a22888fce,1,choice_first,4,2,2,2,1028,1,1,20,30,50,10,30,60,6,A,0,2,26,Male,No,BoxRight,Description
084179fe06614450b1df4479,0,beliefs_first,2,4,5,5,715,0.8,1,48,4,48,52,4,44,6,B,0,2,32,Male,No,BoxRight,Description
7264b77cc049e05c083a5241,1,beliefs_first,3,3,4,4,988,1,1,40,10,50,40,10,50,6,B,1,2,25,Male,DATA_EXPIRED,BoxRight,Description
c1909c942f3f5353ffb4ac89,1,choice_first,5,1,2,1,728,0.4,0.3,40,2,58,42,2,56,6,B,0,2,23,Male,No,BoxRight,Description
16df50f6afab6c0825c7114b,1,choice_first,3,3,4,3,1218,2,2,47,6,47,47,6,47,5,A,0,2,24,Male,Yes,BoxRight,Description
7de8af57010a3f60a731d644,0,beliefs_first,1,3,5,5,656,1.25,1.5,48,2,50,50,2,48,5,A,0,2,22,Female,Yes,BoxRight,Description
8f004113186af7b344e4fd3c,0,beliefs_first,3,2,4,1,864,1,1,40,10,50,50,10,40,7,A,1,2,52,Female,DATA_EXPIRED,BoxRight,Description
313921c908efcdef5440f4ff,0,beliefs_first,4,3,4,5,493,1.5,1.5,45,10,45,45,10,45,4,A,1,2,31,Female,No,BoxRight,Description
fffaae8c3827ca5e306607eb,1,choice_first,4,2,5,5,643,1,1.2,48,4,48,52,2,46,5,B,0,2,34,Male,No,BoxRight,Description
0b7d0dc38242e0f5b8d3d393,1,beliefs_first,3,2,5,5,539,1,1,48,4,48,48,4,48,2,B,1,2,29,Female,DATA_EXPIRED,BoxRight,Description
0f596a08d4cca192c9fd1a8d,0,beliefs_first,3,3,4,4,1273,1,0.818,0,100,0,100,0,0,7,B,1,2,23,Female,DATA_EXPIRED,BoxRight,Description
70e218011ef676121df979ae,0,choice_first,4,3,4,4,730,1,1.2,45,10,45,51,9,40,3,A,1,2,43,Female,DATA_EXPIRED,BoxRight,Description
9df86d8259eecca5fcbe4d16,0,choice_first,2,1,5,4,1114,1,1,45,10,45,45,10,45,4,A,0,2,39,Female,No,BoxRight,Description
d8df425754f60a464400d713,0,beliefs_first,2,3,4,5,1260,0.75,1,60,20,20,30,40,30,4,B,0,2,49,Female,No,BoxRight,Description
5899f5fa71671741c0c4bc23,1,beliefs_first,2,2,5,5,644,1.2,1.6,60,0,40,30,0,70,3,B,1,2,29,Female,No,BoxRight,Description
497c74f9b7c8138b8d4c58ef,0,beliefs_first,3,3,4,3,481,0.95,0.9,49,2,49,48,2,50,6,A,0,2,38,Female,Yes,BoxRight,Description
0b982c9e849d1e0aa420a2d3,0,choice_first,3,2,4,4,628,1,1,49,1,50,50,5,45,4,B,1,2,39,Female,No,BoxRight,Description
64269c930314e19cfd9009ff,1,beliefs_first,4,2,5,5,435,1.5,1.5,40,20,40,40,20,40,7,A,1,2,34,Female,No,BoxRight,Description
8a3cb60b3e7c9966fa269ae9,1,beliefs_first,2,2,4,4,627,0.98,1,33,34,33,33,34,33,7,A,0,2,38,Female,No,BoxRight,Description
521ff10d4e7bacc5a1b2bdaa,0,choice_first,2,2,4,4,710,1,1,49,2,49,49,2,49,1,A,1,2,53,Female,No,BoxRight,Description
b302eb068b17eaf924f90099,1,beliefs_first,4,3,4,3,1175,1,1,45,10,45,48,4,48,6,B,1,2,27,Female,Yes,BoxRight,Description
3b5084a0f5e19ee7ebb38790,0,choice_first,4,2,3,5,1186,0.8,0.9,40,20,40,20,30,50,6,B,1,2,38,Female,No,BoxRight,Description
e81a5d5a2837d3dbb1cde96f,1,choice_first,3,1,4,2,1069,2,0.4,5,25,70,15,50,35,5,A,1,2,51,Female,No,BoxRight,Description
de55c9e9ad74cddfc27e518e,0,choice_first,3,2,4,4,576,1.5,1.25,50,5,45,40,10,50,4,B,1,2,32,Female,No,BoxRight,Description
bdff783a63414ce443975bd5,1,choice_first,4,4,3,5,773,1,1,49.75,0.5,49.75,49.75,0.5,49.75,1,B,1,2,21,Female,Yes,BoxRight,Description
1d270f975263a0edaadf0737,0,choice_first,3,2,4,3,1745,1,0.75,50.3,2.3,47.4,48,2,50,5,A,0,2,61,Female,No,BoxRight,Description
bb0a927aec0cf2d97cfdc41c,0,beliefs_first,3,2,5,5,835,0,2,45.5,9,45.5,45.5,9,45.5,7,B,1,2,55,Female,No,BoxRight,Description
03eded04d509ccb95eaa2f69,0,beliefs_first,3,1,5,4,609,2,0,0,30,70,1,1,98,7,A,0,2,25,Female,No,BoxRight,Description
dd02603cd15b628a38aab4ba,0,beliefs_first,5,4,4,4,1145,1,1.25,49,2,49,52,1,47,7,A,1,2,39,Female,No,BoxRight,Description
c6f39a44a0ef2295dcc3778f,0,choice_first,2,2,4,4,723,0,2,0,0,100,100,0,0,7,B,0,2,60,Female,No,BoxRight,Description
7ed32b7a11f15e94541e0f0e,1,choice_first,3,1,4,1,1209,0.18,0.2,50,1,49,49,1,50,6,B,1,2,43,Female,No,BoxRight,Description
9337482aefd4de73e5aea17a,0,beliefs_first,2,1,4,5,2835,1,0.75,40,4,56,57,3,40,6,B,0,2,64,Female,No,BoxRight,Description
4efa37a8f93ff387a585bdb6,1,choice_first,4,1,4,4,572,0.8,1.2,40,30,30,20,30,50,6,B,1,2,43,Female,No,BoxRight,Description
2c4deb3f987754f38a4bda15,0,choice_first,3,2,4,4,656,1,1,35,30,35,35,30,35,6,B,0,2,39,Female,No,BoxRight,Description
c5cd7cf24a45a7f283556b47,1,beliefs_first,1,2,4,4,771,1,0.75,5,5,90,90,5,5,7,B,0,2,42,Female,No,BoxRight,Description
58cf223b344a85a2765b539a,0,choice_first,4,3,3,3,512,1,1,49,1,50,50,1,49,5,B,1,2,52,Female,No,BoxRight,Description
f9f0991da8ddc64ce6bcc058,0,beliefs_first,1,4,3,3,663,2,1,0,0,100,33,34,33,7,B,1,2,47,Female,No,BoxRight,Description
5667ea1fcc60783c00029dc7,0,choice_first,4,4,2,5,861,1.7,1.5,2,18,80,2,8,90,5,A,0,2,28,Female,No,BoxRight,Description
e525c14e57aa3666275df149,1,beliefs_first,4,2,5,5,1196,1.75,2,10,20,70,20,40,40,7,B,0,2,52,Female,No,BoxRight,Description
4d954a4e12b13e6c1d3ccbb0,0,choice_first,4,4,3,3,1315,1,1,45,10,45,45,10,45,4,B,1,2,34,Female,DATA_EXPIRED,BoxRight,Description
8edbd83d635947ace7cc6879,1,beliefs_first,4,2,5,3,958,0.98,0.98,45.5,9,45.5,45.5,9,45.5,1,B,1,2,39,Female,No,BoxRight,Description
6e4b64720e78af1fb236cb79,1,choice_first,3,4,4,3,1497,1,1,40,10,50,40,10,50,4,A,0,2,58,Female,No,BoxRight,Description
ed57683bf40de6db518ee2ef,0,choice_first,3,3,4,2,710,1.25,0.75,5,35,60,60,35,5,6,B,0,2,70,Female,No,BoxRight,Description
bc88f04da0e5f9d0e2ed9626,0,beliefs_first,2,3,4,4,767,1,0.75,40,10,50,60,10,30,4,B,1,2,60,Female,No,BoxRight,Description
4c641e4294ee8284c62e3638,0,beliefs_first,2,2,3,3,534,2,1,0,25,75,75,25,0,4,A,1,2,51,Female,No,BoxRight,Description
37cd67dda2f16a79421ca6e0,0,choice_first,2,4,5,3,613,1,1,46,8,46,46,8,46,7,A,1,2,33,Female,Yes,BoxRight,Description
757ea364db3bedb8cd59ef7f,0,choice_first,2,3,4,5,475,1,1,49,2,49,49,2,49,4,A,0,2,21,Female,Yes,BoxRight,Description
1fd0bda7e67d4df76dfa4938,0,beliefs_first,3,4,4,1,887,1,1,45,10,45,45,10,45,7,B,0,2,51,Female,DATA_EXPIRED,BoxRight,Description
7bf935783ce9a81346565284,0,beliefs_first,3,4,5,4,1390,1,1,45.45,9.1,45.45,45.45,9.1,45.45,4,A,1,2,48,Female,No,BoxRight,Description
ef2c07ec694a030480cd0973,0,choice_first,2,2,5,4,457,1,1,45,5,50,45,5,50,5,A,0,2,36,Female,No,BoxRight,Description
9f23aece3b6f4d1b798b9a60,0,beliefs_first,2,1,4,4,1100,1,1,49,1,50,50,1,49,1,A,1,2,56,Female,No,BoxRight,Description
d7150f550e445098b318aa69,1,choice_first,3,2,5,5,1677,1.75,1.5,25,15,60,30,10,60,4,B,1,2,31,Female,Yes,BoxRight,Description
43eb0bc41ef1c710b7a0fb86,0,choice_first,3,1,5,5,781,1,1,49,2,49,66,2,32,7,B,1,2,41,Female,No,BoxRight,Description
71b52928b0c7b264bd61859e,0,choice_first,3,4,5,5,352,1,1,49,2,49,49,2,49,1,B,0,2,22,Female,Yes,BoxRight,Description
31bc674c07d6639725fa1f56,1,beliefs_first,1,2,5,3,1310,1,1,45.5,9,45.5,45.5,9,45.5,5,A,0,2,55,Female,No,BoxRight,Description
9f7324f71a90c5275abac3cb,0,beliefs_first,3,1,4,2,1233,17,15,40,20,40,45,20,35,5,A,0,2,37,Female,No,BoxRight,Description
569f2d98edee783960fcc8ff,1,beliefs_first,2,1,3,3,670,1.3,1.3,50,50,0,50,50,0,5,B,0,2,46,Female,DATA_EXPIRED,BoxRight,Description
9b4de76db53e69ed3d0a80c3,1,choice_first,3,3,4,3,707,1,1,45,10,45,45,10,45,2,A,0,2,40,Female,No,BoxRight,Description
b0417df2ef077d5a0d9ee620,1,choice_first,4,3,5,5,456,1,1,80,10,10,80,10,10,7,B,0,2,32,Female,No,BoxRight,Description
bd230aa1df347aa0f79d54e9,0,beliefs_first,2,3,4,4,1029,1,1,45,10,45,45,10,45,1,A,0,2,55,Female,No,BoxRight,Description
5d5f5f7cc57c2d3f46a16d75,1,beliefs_first,3,1,4,1,778,1,1.25,50,10,40,40,10,50,4,A,1,2,50,Female,No,BoxRight,Description
4e6fce9fb276958dc6c5a510,0,choice_first,4,3,4,4,805,1,0.9,40,20,40,35,20,45,3,B,1,2,29,Female,DATA_EXPIRED,BoxRight,Description
c9067a8845fd5b3f7e577b2e,0,beliefs_first,3,3,4,4,620,1,1,25,50,25,25,50,25,4,A,0,2,49,Female,DATA_EXPIRED,BoxRight,Description
3a03ac884b927cc1bc225efb,0,choice_first,4,2,4,4,463,2,1.5,20,60,20,40,40,20,7,B,0,2,40,Female,No,BoxRight,Description
60458103f760cafc6c3dbd7a,1,choice_first,4,2,5,5,1115,2,1.25,20,20,60,50,30,20,6,B,0,2,48,Female,No,BoxRight,Description
3dd4dde9946c6d455fa400b9,1,choice_first,2,2,4,4,1110,1,1,45,10,45,45,10,45,4,B,1,2,33,Female,No,BoxRight,Description
03cfad7ea419a4b3906bd394,1,beliefs_first,2,2,3,4,1501,0.2,0.2,25,25,50,25,25,50,2,B,1,2,31,Female,DATA_EXPIRED,BoxRight,Description
7636cbdcd5a4e20f46e94b9a,1,beliefs_first,5,3,4,4,731,1,1,45,10,45,37,18,45,5,B,1,2,28,Female,DATA_EXPIRED,BoxRight,Description
96cf8948f948779849f96408,0,choice_first,3,2,4,3,762,1,0.8,20,50,30,60,25,15,7,B,0,2,23,Female,No,BoxRight,Description
923d1944b2d9868e106a741a,1,choice_first,5,3,4,2,714,1,1,45,10,45,45,10,45,6,B,1,2,45,Female,No,BoxRight,Description
55a6c66c5dbc38135e577aa0,0,beliefs_first,4,2,4,4,713,0.75,0.75,40,2,58,58,2,40,5,B,0,2,55,Female,DATA_EXPIRED,BoxRight,Description
5da0beafa84610769e6d0014,1,beliefs_first,3,2,3,4,633,1,1,49,2,49,49,2,49,4,A,0,2,21,Female,No,BoxRight,Description
2d9114891a45729d1fe81d73,1,choice_first,4,2,5,3,650,0.75,1.25,45,10,45,45,10,45,7,B,0,2,30,Female,No,BoxRight,Description
799e22e11671f25eb1801fea,1,choice_first,2,3,2,1,494,1,1,45,5,50,50,5,45,3,A,0,2,27,Female,Yes,BoxRight,Description
a72efd006389cfd33c135a12,0,beliefs_first,3,1,5,4,497,1,1,20,40,40,20,40,40,4,A,0,2,44,Female,No,BoxRight,Description
78fee4b34d771ffcf9576575,0,choice_first,2,3,4,2,707,1,1,45,10,45,45,10,45,1,A,1,2,37,Female,DATA_EXPIRED,BoxRight,Description
e0575174196bc9f58b143c72,0,choice_first,4,4,5,5,1704,1,1,25,35,40,50,30,20,6,B,1,2,61,Female,No,BoxRight,Description
ebbce3f8a7a884800cffd070,0,beliefs_first,3,2,3,3,719,1,1,0,5,95,2,3,95,4,B,1,2,68,Female,No,BoxRight,Description
31868b7b0bd4c7a49ac55e47,0,choice_first,2,2,3,4,545,1,1,30,40,30,40,30,30,5,A,0,2,48,Female,No,BoxRight,Description
0f6cb6714a0dab3e14a4d9b8,1,beliefs_first,3,2,5,4,576,1.25,1.25,45,10,45,45,10,45,4,B,0,2,37,Female,No,BoxRight,Description
e6801d43f48572efda4117f9,1,choice_first,4,3,4,4,1520,1,1,49,2,49,50.9,2,47.1,7,A,0,2,24,Female,Yes,BoxRight,Description
c12512f010d0fb9360d4e9e6,1,beliefs_first,1,5,4,2,700,1,0.5,60,20,20,80,5,15,2,B,0,2,28,Female,No,BoxRight,Description
4fa6e560dc9182f813a712d3,1,choice_first,1,3,3,3,383,2,0.5,80,10,10,40,25,35,4,A,1,2,32,Female,DATA_EXPIRED,BoxRight,Description
48202ab90a4e5e61252e6963,0,choice_first,3,3,4,4,938,1,1,49,2,49,49,2,49,5,B,0,2,22,Female,No,BoxRight,Description
9113c7d3a2d0642a0630e182,1,choice_first,4,4,4,2,357,1,1,50,1,49,50,1,49,5,B,1,2,34,Female,No,BoxRight,Description
873e11039f40c6e9102e7732,1,choice_first,3,4,4,3,886,1,2,40,20,40,30,40,30,4,B,1,2,DATA_EXPIRED,Female,No,BoxRight,Description
4cef3136366f40f4d874a1ce,0,beliefs_first,3,1,2,4,776,1,1,25,50,25,25,50,25,7,A,1,2,42,Female,No,BoxRight,Description
8f5aa3ce1cb60029fb0ee09d,1,beliefs_first,4,3,4,4,839,0.2,0.2,45,10,45,45,10,45,7,A,1,2,28,Female,No,BoxRight,Description
33630043afa7c6470c63b1a4,1,beliefs_first,2,3,5,4,676,1.75,1.25,30,10,60,40,40,20,5,B,1,2,28,Female,No,BoxRight,Description
ff59ceb0c93cd45568c385f6,0,choice_first,4,3,4,4,2104,2,1.7,40,30,30,40,40,20,5,A,1,2,23,Female,DATA_EXPIRED,BoxRight,Description
be5fc1b5a5eba4cffdbcea18,1,choice_first,2,2,4,3,1992,1,1.2,50,2,48,50,2,48,5,A,1,2,34,Female,DATA_EXPIRED,BoxRight,Description
7037b381235103c05b7e7c29,0,beliefs_first,4,1,4,3,408,1,1,37,25,38,37,25,38,5,A,1,1,50,Female,No,BoxRight,Description
f762decaeb0402dbec73add0,0,beliefs_first,4,1,4,3,318,1,1,49,2,49,49,2,49,4,B,0,1,31,Male,No,BoxRight,Description
afceb6db432561363eb92bfb,1,beliefs_first,1,2,5,5,608,0.5,0.6,20,20,60,20,30,50,5,A,1,1,54,Female,No,BoxRight,Description
ed0e405d4c0d903625bf5f0a,0,beliefs_first,5,2,3,2,608,1.25,0.5,25,0,75,100,0,0,5,B,1,1,27,Female,No,BoxRight,Description
5e54c84228b7593af43067d0,0,beliefs_first,3,4,5,4,714,1,0.9,30,35,35,35,30,35,5,B,1,1,31,Male,No,BoxRight,Description
92aac8062d3bf076c58ff0ef,1,choice_first,4,3,4,4,643,1.25,1,20,40,40,40,40,20,6,B,1,1,33,Male,Yes,BoxRight,Description
a00dccfec8cdd666456b8321,0,beliefs_first,4,2,4,4,613,1,1,49,2,49,49,2,49,4,A,0,1,33,Female,No,BoxRight,Description
af47d68781751ad8ddf2847c,1,choice_first,2,3,4,4,340,0.9,1,50,10,40,50,10,40,5,B,1,1,31,Male,No,BoxRight,Description
0ff1d6718a190739f3c095fd,1,choice_first,2,4,4,4,822,1,1,45,10,45,45,10,45,6,B,1,1,51,Male,No,BoxRight,Description
46290455284cad4788a37d7b,1,beliefs_first,3,3,4,4,598,1,1,45,10,45,45,10,45,1,B,1,1,36,Male,No,BoxRight,Description
b33c72d1597d69c71e9fd485,0,choice_first,4,1,5,4,985,1,1,33,34,33,33,34,33,7,B,0,1,31,Male,No,BoxRight,Description
c0591633a9e9dd438e4d0e40,0,choice_first,4,3,4,4,644,1.08,1,0,0,100,80,10,10,6,A,1,1,28,Female,Yes,BoxRight,Description
d52fc3e88685bc36d54bba75,1,choice_first,4,2,1,3,1037,1,1,30,50,20,25,50,25,7,A,1,1,53,Female,Yes,BoxRight,Description
9556d536c24f5daaddfb8525,0,choice_first,4,3,4,4,1235,0.9,1,30,40,30,20,50,30,5,B,0,1,28,Male,DATA_EXPIRED,BoxRight,Description
d41d8049002d4f8872e9465d,0,beliefs_first,4,4,5,4,1248,1,0,51,1,48,45,5,50,7,B,1,1,38,Male,No,BoxRight,Description
b3c508cdc39259e56db0f66b,0,beliefs_first,2,1,5,5,1315,0.8,1,100,0,0,0,90,10,5,A,1,1,75,Male,No,BoxRight,Description
f11f54084b0ccb5363ba25f7,1,choice_first,4,4,3,1,453,2,2,0,0,100,0,0,100,7,A,1,1,60,Male,Yes,BoxRight,Description
f11f54084b0ccb5363ba25f7,1,choice_first,4,4,3,1,453,2,2,0,0,100,0,0,100,7,A,1,1,60,Male,Yes,BoxRight,Description
f11f54084b0ccb5363ba25f7,1,choice_first,4,4,3,1,453,2,2,0,0,100,0,0,100,7,B,1,1,60,Male,Yes,BoxRight,Description
7ab4c373b45c8a2623a72593,0,beliefs_first,3,2,2,4,1396,0.94,1.35,52,8,40,55,15,30,5,A,1,1,35,Female,No,BoxRight,Description
cf3e72113b7d73aed399c9f5,0,choice_first,2,1,4,4,1403,0.2,0.2,45,10,45,45,10,45,4,B,1,1,25,Female,No,BoxRight,Description
e373b6bb918f31a2e4a45d27,0,choice_first,2,1,4,5,1602,1,1,47,6,47,52,6,42,7,A,1,1,39,Female,No,BoxRight,Description
23b6fd24ac1bca0d1f8b7063,1,beliefs_first,4,1,5,5,1501,1,1,20,35,45,15,35,50,4,B,0,1,33,Female,Yes,BoxRight,Description
ae53ad4de5928151b05383fd,0,beliefs_first,2,1,5,4,2048,1,0.8,35,25,40,33,33,34,7,B,1,1,22,Female,Yes,BoxRight,Description
df815375cac4acfa883ba8d0,0,beliefs_first,4,2,3,4,2449,0.95,0.8,49,2,49,51,1,48,6,B,0,1,37,Female,No,BoxRight,Description
e25d1706e92abb667901d237,0,choice_first,2,2,4,3,806,1,0.5,50,20,30,65,10,25,7,B,1,1,37,Female,No,BoxRight,Description
a8849b3f285449114efe119d,1,choice_first,3,4,4,3,878,0.75,1.5,20,15,65,25,10,65,6,B,1,1,28,Male,Yes,BoxRight,Description
f11f54084b0ccb5363ba25f7,1,beliefs_first,5,5,2,1,979,2,2,0,0,100,0,0,100,4,A,1,1,60,Male,Yes,BoxRight,Description
f11f54084b0ccb5363ba25f7,1,beliefs_first,5,5,2,1,979,2,2,0,0,100,0,0,100,4,A,1,1,60,Male,Yes,BoxRight,Description
f11f54084b0ccb5363ba25f7,1,beliefs_first,5,5,2,1,979,2,2,0,0,100,0,0,100,4,B,1,1,60,Male,Yes,BoxRight,Description
f11f54084b0ccb5363ba25f7,1,beliefs_first,4,5,4,2,203,2,2,0,0,100,0,0,100,7,A,0,1,60,Male,Yes,BoxRight,Description
f11f54084b0ccb5363ba25f7,1,beliefs_first,4,5,4,2,203,2,2,0,0,100,0,0,100,7,A,0,1,60,Male,Yes,BoxRight,Description
f11f54084b0ccb5363ba25f7,1,beliefs_first,4,5,4,2,203,2,2,0,0,100,0,0,100,7,B,0,1,60,Male,Yes,BoxRight,Description
7037b381235103c05b7e7c29,0,beliefs_first,4,1,4,3,408,1,1,37,25,38,37,25,38,5,B,0,2,50,Female,No,BoxRight,Description
f762decaeb0402dbec73add0,1,beliefs_first,4,1,4,3,318,1,1,49,2,49,49,2,49,6,B,1,2,31,Male,No,BoxRight,Description
afceb6db432561363eb92bfb,0,beliefs_first,1,2,5,5,608,1.5,1.75,0,50,50,0,30,70,2,A,0,2,54,Female,No,BoxRight,Description
ed0e405d4c0d903625bf5f0a,0,beliefs_first,5,2,3,2,608,2,0,25,0,75,100,0,0,6,B,0,2,27,Female,No,BoxRight,Description
5e54c84228b7593af43067d0,1,beliefs_first,3,4,5,4,714,1,1.05,35,27,38,35,29,36,3,A,0,2,31,Male,No,BoxRight,Description
92aac8062d3bf076c58ff0ef,1,choice_first,4,3,4,4,643,1,1,40,40,20,20,40,40,6,B,0,2,33,Male,Yes,BoxRight,Description
a00dccfec8cdd666456b8321,0,beliefs_first,4,2,4,4,613,1,1.15,49,2,49,49,2,49,4,B,1,2,33,Female,No,BoxRight,Description
af47d68781751ad8ddf2847c,0,choice_first,2,3,4,4,340,1,1,50,10,40,50,10,40,4,A,0,2,31,Male,No,BoxRight,Description
0ff1d6718a190739f3c095fd,1,choice_first,2,4,4,4,822,1,1,49,2,49,49,2,49,7,B,0,2,51,Male,No,BoxRight,Description
46290455284cad4788a37d7b,1,beliefs_first,3,3,4,4,598,1,1,45,10,45,40,20,40,1,B,0,2,36,Male,No,BoxRight,Description
b33c72d1597d69c71e9fd485,1,choice_first,4,1,5,4,985,1,0.08,33,34,33,36,32,32,7,A,1,2,31,Male,No,BoxRight,Description
c0591633a9e9dd438e4d0e40,0,choice_first,4,3,4,4,644,1,1,0,100,0,0,100,0,4,B,0,2,28,Female,Yes,BoxRight,Description
d52fc3e88685bc36d54bba75,1,choice_first,4,2,1,3,1037,1,1,25,50,25,30,50,20,5,A,0,2,53,Female,Yes,BoxRight,Description
9556d536c24f5daaddfb8525,0,choice_first,4,3,4,4,1235,1,0.6,20,30,50,40,30,30,6,B,1,2,28,Male,DATA_EXPIRED,BoxRight,Description
d41d8049002d4f8872e9465d,0,beliefs_first,4,4,5,4,1248,2,1,45,5,50,50,5,45,7,B,0,2,38,Male,No,BoxRight,Description
b3c508cdc39259e56db0f66b,0,beliefs_first,2,1,5,5,1315,0.9,1,80,0,20,10,30,60,4,A,0,2,75,Male,No,BoxRight,Description
f11f54084b0ccb5363ba25f7,1,choice_first,4,4,3,1,453,2,2,0,0,100,0,0,100,7,B,0,2,60,Male,Yes,BoxRight,Description
f11f54084b0ccb5363ba25f7,1,choice_first,4,4,3,1,453,2,2,0,0,100,0,0,100,7,A,0,2,60,Male,Yes,BoxRight,Description
f11f54084b0ccb5363ba25f7,1,choice_first,4,4,3,1,453,2,2,0,0,100,0,0,100,7,A,0,2,60,Male,Yes,BoxRight,Description
7ab4c373b45c8a2623a72593,0,beliefs_first,3,2,2,4,1396,1,1,45,10,45,55,10,35,5,A,0,2,35,Female,No,BoxRight,Description
cf3e72113b7d73aed399c9f5,0,choice_first,2,1,4,4,1403,2,2,49,2,49,49,2,49,4,A,0,2,25,Female,No,BoxRight,Description
e373b6bb918f31a2e4a45d27,1,choice_first,2,1,4,5,1602,1,1,45,10,45,52,6,42,7,A,0,2,39,Female,No,BoxRight,Description
23b6fd24ac1bca0d1f8b7063,0,beliefs_first,4,1,5,5,1501,1,1,15,25,60,5,25,70,4,B,1,2,33,Female,Yes,BoxRight,Description
ae53ad4de5928151b05383fd,0,beliefs_first,2,1,5,4,2048,1,0.9,33,33,34,33,33,34,7,A,0,2,22,Female,Yes,BoxRight,Description
df815375cac4acfa883ba8d0,0,beliefs_first,4,2,3,4,2449,0.95,1.1,45,10,45,60,5,35,7,A,1,2,37,Female,No,BoxRight,Description
e25d1706e92abb667901d237,0,choice_first,2,2,4,3,806,1.25,0.75,50,1,49,60,1,39,7,B,0,2,37,Female,No,BoxRight,Description
a8849b3f285449114efe119d,1,choice_first,3,4,4,3,878,0.6,1,68,2,30,36,10,54,6,B,0,2,28,Male,Yes,BoxRight,Description
f11f54084b0ccb5363ba25f7,1,beliefs_first,5,5,2,1,979,2,2,0,0,100,0,0,100,4,B,0,2,60,Male,Yes,BoxRight,Description
f11f54084b0ccb5363ba25f7,1,beliefs_first,5,5,2,1,979,2,2,0,0,100,0,0,100,4,A,0,2,60,Male,Yes,BoxRight,Description
f11f54084b0ccb5363ba25f7,1,beliefs_first,5,5,2,1,979,2,2,0,0,100,0,0,100,4,A,0,2,60,Male,Yes,BoxRight,Description
f11f54084b0ccb5363ba25f7,1,beliefs_first,4,5,4,2,203,2,2,0,0,100,0,0,100,7,B,1,2,60,Male,Yes,BoxRight,Description
f11f54084b0ccb5363ba25f7,1,beliefs_first,4,5,4,2,203,2,2,0,0,100,0,0,100,7,A,1,2,60,Male,Yes,BoxRight,Description
f11f54084b0ccb5363ba25f7,1,beliefs_first,4,5,4,2,203,2,2,0,0,100,0,0,100,7,A,1,2,60,Male,Yes,BoxRight,Description
9c2a276668310d20bbee356f,1,beliefs_first,2,4,3,5,392,1.05,0.4,40,10,50,35,25,40,7,A,0,1,22,Female,No,PR Sampling,Sampling
02e718572c3227791c87f4d0,1,choice_first,4,4,2,3,436,1,1,25,50,25,20,50,30,6,B,1,1,21,Male,Yes,PR Sampling,Sampling
53fd30b921af44b44278d9df,1,beliefs_first,2,1,5,5,548,1,2,60,20,20,40,20,40,6,B,1,1,49,Female,DATA_EXPIRED,PR Sampling,Sampling
417f5ea4a534c090c79dc96a,1,choice_first,2,3,5,5,493,1.5,1.6,20,5,75,15,5,80,7,B,0,1,30,Male,No,PR Sampling,Sampling
2f4f77cf3516dd65fe654bbf,1,choice_first,3,3,5,5,526,0.8,1,60,5,35,40,10,50,5,A,1,1,24,Male,Yes,PR Sampling,Sampling
aa557b3c9888532c2f643d56,1,beliefs_first,4,3,4,5,704,1.08,0.96,45,0,55,50,5,45,5,B,0,1,23,Female,Yes,PR Sampling,Sampling
bf46d0ff0554a93d77355184,1,choice_first,5,4,5,5,664,1.4,1.44,14,4,82,10,0,90,7,B,0,1,37,Male,DATA_EXPIRED,PR Sampling,Sampling
7d86f34d5ad77bd1d988d9be,0,beliefs_first,2,2,4,4,573,1.2,0.8,20,40,40,50,25,25,5,A,1,1,44,Female,DATA_EXPIRED,PR Sampling,Sampling
dd467f569e1f80ae3adb312a,0,choice_first,2,5,5,5,752,1,1,49,2,49,49.5,2,48.5,7,B,0,1,22,Male,No,PR Sampling,Sampling
68d15344adea8e48c2040682,1,choice_first,4,3,4,5,367,0.4,0.7,50,20,30,30,30,40,6,A,1,1,24,Male,No,PR Sampling,Sampling
30f1711ac13ac4e5743b0577,1,beliefs_first,4,3,5,5,405,1,0.8,50,5,45,25,5,70,7,A,1,1,31,Male,No,PR Sampling,Sampling
7891214883027c095df0653d,1,choice_first,2,3,4,4,960,0.4,1,95,0,5,45,10,45,6,A,0,1,38,Female,No,PR Sampling,Sampling
1e4a520e5ec587d4c684a224,1,beliefs_first,3,5,5,5,473,1.31,1.35,40,0,60,40,0,60,7,A,0,1,33,Male,No,PR Sampling,Sampling
a9594a68454489c6cc5d4101,0,beliefs_first,5,3,3,3,804,1,1.04,50,5,45,50,5,45,7,B,0,1,24,Male,Yes,PR Sampling,Sampling
40bfd136fddafca5c8afe754,0,choice_first,3,2,4,4,581,1,2,50,5,45,50,5,45,5,A,0,1,26,Female,No,PR Sampling,Sampling
c7bf58e3cc70fbbe590fb0d7,1,choice_first,4,4,3,3,512,0.99,0.96,49,1,50,50,0,50,6,B,0,1,38,Male,No,PR Sampling,Sampling
d7d16f6ce1fe6bacf15895a6,1,choice_first,4,4,5,5,735,0.8,1.2,20,20,60,10,20,70,4,B,1,1,32,Male,No,PR Sampling,Sampling
f4d67cad5f3dd188a0f120b7,1,beliefs_first,2,1,5,5,843,1,1,25,25,50,25,25,50,4,A,0,1,30,Female,No,PR Sampling,Sampling
be1b358373180d4b4675b755,1,choice_first,2,2,1,4,593,2,1,70,10,20,40,10,50,7,A,1,1,34,Male,DATA_EXPIRED,PR Sampling,Sampling
8121351ab14ec9995451997a,1,beliefs_first,2,3,2,2,704,0.76,0.8,50,20,30,55,15,30,7,A,0,1,43,Male,No,PR Sampling,Sampling
4b6e548f909dd13af8124e9d,1,choice_first,2,2,3,2,1173,1,1.2,25,50,25,25,25,50,6,B,1,1,31,Male,No,PR Sampling,Sampling
360eaf80632988f4fe655ba8,1,beliefs_first,4,1,5,5,530,1,0.4,70,10,20,20,30,50,6,B,1,1,28,Female,No,PR Sampling,Sampling
5c5ba186a41579ad56bd8c86,1,beliefs_first,4,2,2,2,711,1.7,1.56,10,1,89,5,2,93,6,A,0,1,28,Male,No,PR Sampling,Sampling
4da429c79ac821b051c85366,1,choice_first,3,4,5,4,1056,1.45,1.6,48,5,47,20,5,75,6,B,1,1,25,Male,Yes,PR Sampling,Sampling
54cd68e20155f588ee9c38e7,1,beliefs_first,3,3,4,5,944,1,1,55,5,40,40,5,55,5,B,0,1,39,Female,Yes,PR Sampling,Sampling
d3d2f8a55f8ef6eeed91aabf,1,choice_first,4,4,3,4,989,0.9,1,35,35,30,25,40,35,6,B,0,1,28,Male,Yes,PR Sampling,Sampling
19e3014d6d70e1cd9d9e3364,0,choice_first,2,2,4,4,633,1.1,1.2,50,5,45,60,10,30,6,B,0,1,44,Male,No,PR Sampling,Sampling
07049c7a9d831703e9c6dcb6,1,choice_first,3,5,4,3,866,0.8,1,55,9,36,45,10,45,6,B,1,1,54,Male,No,PR Sampling,Sampling
40117b5fc9e97c2ed700132e,1,choice_first,2,2,2,3,860,0.9,1.1,0,0,100,0,9,91,6,B,1,1,60,Male,No,PR Sampling,Sampling
3084e969fc497e53f93d1cd6,1,beliefs_first,2,4,4,4,873,0.6,0.54,60,5,35,58,5,37,2,B,0,1,39,Female,Yes,PR Sampling,Sampling
327dbf14fc3f276de8ce5503,1,beliefs_first,2,3,3,4,655,1.75,2,70,5,25,40,10,50,6,A,1,1,37,Female,No,PR Sampling,Sampling
46a83e0d4154c95f0b829398,1,beliefs_first,4,3,4,4,781,1.08,1.04,20,50,30,15,50,35,7,B,0,1,DATA_EXPIRED,Male,No,PR Sampling,Sampling
65fd32f6166e5bcab55bcbc5,1,choice_first,4,4,4,4,732,0.7,0.7,80,2,18,80,2,18,5,A,1,1,37,Male,No,PR Sampling,Sampling
19804964d6463747354fd078,1,choice_first,4,4,4,4,534,0.8,1,50,5,45,45,5,50,7,B,1,1,34,Male,No,PR Sampling,Sampling
de5ff063a1d9e7e42a551692,0,choice_first,5,3,5,5,802,1.1,1,49,1,50,49,2,49,6,A,0,1,35,Male,No,PR Sampling,Sampling
b1baac21b6e4b76d8b6c3f07,1,choice_first,3,2,4,4,892,0.7,0.74,49.5,1,49.5,49.5,1,49.5,5,B,0,1,23,Male,Yes,PR Sampling,Sampling
2640cc974705e31d77594f73,0,beliefs_first,2,2,3,3,699,2,2,70,10,20,10,20,70,4,B,1,1,33,Female,No,PR Sampling,Sampling
21c91e3530e9f2a863a00e58,1,beliefs_first,4,2,3,2,553,1.2,0.8,60,10,30,30,10,60,7,A,0,1,33,Male,No,PR Sampling,Sampling
2f37862f9f58aaf5d3bfca3f,0,choice_first,3,4,5,4,679,1.1,1.1,44,2,54,46,2,52,7,B,0,1,25,Male,Yes,PR Sampling,Sampling
af7a4f35c3e8ef2d5f947aec,1,beliefs_first,3,1,5,2,1418,0.8,0.9,46,0,54,40,0,60,7,B,0,1,41,Female,No,PR Sampling,Sampling
4bcbda08c2622ab4b63f5640,1,beliefs_first,3,2,3,4,388,0.7,0.9,60,30,10,40,55,5,6,A,1,1,31,Male,No,PR Sampling,Sampling
83d1204c8019a3d877c34898,1,beliefs_first,3,2,4,3,1045,1.32,1.36,30,10,60,30,10,60,6,B,0,1,32,Female,Yes,PR Sampling,Sampling
a793c1bf9eff725f199a215a,1,beliefs_first,3,3,5,5,684,1.3,1.6,65,20,15,35,20,45,7,B,1,1,30,Male,No,PR Sampling,Sampling
35d4ac9a5b269d9413dfebdf,1,choice_first,4,2,4,4,831,0.8,0.9,99,0,1,80,1,19,7,B,0,1,45,Male,No,PR Sampling,Sampling
1a7a3d59b080c4a4d1e3dec5,1,choice_first,3,3,5,5,706,2,1,40,20,40,50,5,45,6,B,1,1,28,Female,No,PR Sampling,Sampling
d66ccc4cb67629b6fe73714e,1,choice_first,3,2,4,4,681,0.8,1.2,70,5,25,60,10,30,4,B,1,1,29,Female,No,PR Sampling,Sampling
5799e245e04fa72f5778f205,1,choice_first,5,4,5,4,776,0.4,1.2,60,0,40,30,5,65,6,A,1,1,22,Male,Yes,PR Sampling,Sampling
634b2c3e7b5915d4e76fb5f2,1,beliefs_first,3,2,4,3,1188,1.1,1.5,20,20,60,5,30,65,6,A,1,1,43,Male,No,PR Sampling,Sampling
46d17f825b121939c9103faf,1,beliefs_first,3,4,3,4,1916,2,1,35,35,30,30,30,40,4,B,1,1,53,Male,No,PR Sampling,Sampling
e6cd92629396e191576b4efa,1,beliefs_first,3,1,5,4,651,1.46,1.5,15,38,47,15,38,47,6,B,0,1,23,Male,No,PR Sampling,Sampling
42347e1eebe5fe6fddfb1498,1,choice_first,3,1,4,3,540,1,2,60,10,30,20,10,70,6,A,1,1,38,Male,No,PR Sampling,Sampling
5af6c948a51d9f9b6ff31eef,1,beliefs_first,3,2,5,5,695,0.6,1.4,90,10,0,90,10,0,4,B,1,1,23,Female,No,PR Sampling,Sampling
3f4b415d92eaac6f70fcd4b6,0,choice_first,4,2,4,4,553,0.76,0.8,50,30,20,45,0,55,6,A,0,1,33,Male,DATA_EXPIRED,PR Sampling,Sampling
cf8088eb5bad87bd64f9f80f,0,beliefs_first,4,3,4,4,2012,1,1,30,20,50,50,20,30,5,B,1,1,33,Male,No,PR Sampling,Sampling
3d52f30c5444e2d873b3a47d,0,choice_first,4,2,4,4,637,1.2,0.8,60,5,35,70,5,25,5,B,1,1,41,Male,No,PR Sampling,Sampling
7aba6d972068305ee38db8bc,1,choice_first,5,5,5,5,530,0.8,1,60,20,20,10,10,80,7,B,0,1,43,Male,No,PR Sampling,Sampling
a0a6606a5d475f4d0ddb1c3c,1,beliefs_first,3,1,4,5,823,1.8,1.2,62,3,35,10,3,87,5,A,1,1,46,Female,No,PR Sampling,Sampling
308da1ed8fae7314cb0f0fe1,1,choice_first,4,3,4,4,1566,1,2,50,30,20,30,30,40,7,A,1,1,50,Male,Yes,PR Sampling,Sampling
1b0bda4d2767fc7d83274905,1,choice_first,4,3,5,5,841,1,1.25,80,5,15,65,5,30,6,B,1,1,36,Male,No,PR Sampling,Sampling
43d855930d64e658e938e3da,1,beliefs_first,3,4,3,3,739,1,1.02,10,80,10,45,10,45,7,B,0,1,42,Female,No,PR Sampling,Sampling
60a9a7cfc80308a85c236ceb,0,beliefs_first,4,3,5,5,1369,0.8,0.75,45,10,45,45,10,45,5,A,1,1,33,Female,DATA_EXPIRED,PR Sampling,Sampling
9a91978ae6a4bbe06de8bb3b,1,choice_first,2,3,4,3,609,0.7,0.9,70,10,20,20,10,70,6,B,1,1,19,Male,DATA_EXPIRED,PR Sampling,Sampling
49505e3df1b6e35981068068,1,beliefs_first,4,4,5,5,440,0.5,0.54,50,2,48,48,2,50,7,A,0,1,23,Male,Yes,PR Sampling,Sampling
89a4c3deb9d3f8cc7a666f91,1,beliefs_first,4,3,4,4,591,0.8,1.2,50,0,50,50,0,50,5,A,1,1,24,Male,No,PR Sampling,Sampling
036c563c9df9263b66945a47,0,beliefs_first,4,3,4,4,2057,1.5,2,20,50,30,30,50,20,5,A,1,1,56,Male,No,PR Sampling,Sampling
d4a4779dc4c14f4fae8ef416,1,beliefs_first,3,2,4,2,1170,1.04,1,49,1,50,50,1,49,6,B,0,1,33,Male,No,PR Sampling,Sampling
676aad587dd0afc943cd14a9,0,choice_first,4,3,4,4,1140,0.9,0.8,60,10,30,70,10,20,6,A,1,1,32,Male,No,PR Sampling,Sampling
298fd661592e4bde31e39a96,1,beliefs_first,4,3,4,3,749,0.8,0.95,60,10,30,50,10,40,6,B,1,1,34,Male,No,PR Sampling,Sampling
d748c920d54faf8efd7b363c,0,beliefs_first,4,2,5,4,916,0.98,0.94,45,20,35,40,20,40,6,B,0,1,53,Male,No,PR Sampling,Sampling
17402f438fee8e1938c940b8,1,choice_first,3,2,5,3,765,0.9,1,75,5,20,20,10,70,5,B,1,1,23,Female,DATA_EXPIRED,PR Sampling,Sampling
b9e731dbea09dc00beb84c4f,1,beliefs_first,2,1,4,4,618,1,2,40,30,30,20,50,30,5,B,1,1,37,Female,DATA_EXPIRED,PR Sampling,Sampling
5136a806f076a3fc6f435a55,1,beliefs_first,4,3,4,4,1437,1,1.04,63,2,35,60,2,38,7,A,0,1,28,Female,No,PR Sampling,Sampling
aff0487e9f56c2c40f642ba4,1,beliefs_first,3,4,4,5,656,0.6,0.8,80,10,10,60,10,30,7,B,1,1,36,Female,No,PR Sampling,Sampling
9cb787ce960d6bac36743962,1,choice_first,2,2,4,4,672,0.5,1,65,5,30,30,5,65,4,A,1,1,33,Male,No,PR Sampling,Sampling
472e296b56b54f51f28fa451,1,choice_first,4,4,4,2,748,0.02,0.039,98,0,2,98,0,2,3,A,0,1,28,Male,No,PR Sampling,Sampling
ccf8c9b2c6ea763314413af4,1,beliefs_first,4,2,5,3,1212,0.7,0.75,80,1,19,75,1,24,4,B,0,1,27,Female,DATA_EXPIRED,PR Sampling,Sampling
319ff2ca0648b0c1a8f3dd2b,1,choice_first,5,4,4,5,363,1.1,1,10,10,80,25,10,65,6,B,1,1,38,Male,No,PR Sampling,Sampling
b6db1668d86c040150943cd5,0,choice_first,3,2,4,4,650,0.95,1,60,20,20,50,20,30,4,B,0,1,37,Female,No,PR Sampling,Sampling
520d12815152e2d4ed129f3c,1,choice_first,2,2,4,4,1247,1,1.04,25,10,65,23,10,67,6,B,0,1,31,Male,DATA_EXPIRED,PR Sampling,Sampling
be4fa0542b2c7754a166b8a0,0,beliefs_first,4,3,3,2,678,1.5,1.7,20,30,50,30,20,50,5,B,0,1,30,Male,No,PR Sampling,Sampling
52c049e13ae25030c3269e33,1,choice_first,3,3,2,4,729,1,1.4,35,5,60,25,10,65,6,A,1,1,39,Male,No,PR Sampling,Sampling
c6264475d2dd8964db157302,1,choice_first,4,3,5,5,405,1.2,1.4,50,5,45,10,30,60,6,B,1,1,34,Male,No,PR Sampling,Sampling
f00dbce25c14fe24db90fce0,1,choice_first,4,2,2,2,582,1,2,80,10,10,70,5,25,4,A,1,1,30,Female,No,PR Sampling,Sampling
9c77930b682424a7513af687,1,choice_first,4,4,4,3,1929,1,1,35,30,35,25,35,40,6,A,1,1,49,Male,Yes,PR Sampling,Sampling
26b404f4d1c227ec04184ca7,1,beliefs_first,5,2,4,3,1731,0.4,0.5,85,5,10,70,5,25,6,A,1,1,30,Male,No,PR Sampling,Sampling
2adf9aeac53ce0ab1527d0b3,1,beliefs_first,1,3,5,3,1397,1,1,53,1,46,46,1,53,7,A,0,1,46,Male,No,PR Sampling,Sampling
64ba0a6c7d2b1072045f779d,0,choice_first,4,4,3,3,453,1,1,40,10,50,45,10,45,7,B,0,1,25,Male,No,PR Sampling,Sampling
498662dfb2b341b920b6c3ba,0,choice_first,3,2,5,5,488,1,1.5,20,60,20,60,20,20,7,A,0,1,39,Male,DATA_EXPIRED,PR Sampling,Sampling
19c4afe5d0eaf15a89f45c8f,1,choice_first,3,1,4,4,533,0.82,0.86,60,5,35,60,5,35,5,B,0,1,34,Female,No,PR Sampling,Sampling
79fdbdb0863a63ade23cdad4,1,beliefs_first,4,4,4,4,631,1,1.5,50,10,40,25,65,10,7,A,0,1,19,Male,Yes,PR Sampling,Sampling
773ba795ec274a5e063583e8,1,choice_first,4,1,3,3,1794,1,1,50,1,49,50,1,49,6,B,0,1,64,Female,DATA_EXPIRED,PR Sampling,Sampling
dcac648e3863024ca00fd698,1,beliefs_first,4,5,4,4,666,0.96,1,52,2,46,50,2,48,5,B,0,1,55,Male,No,PR Sampling,Sampling
aadf399e8985c78926bb7e70,1,beliefs_first,4,2,5,5,997,0.42,0.5,85,0.5,14.5,80,0.5,19.5,7,B,0,1,18,Male,Yes,PR Sampling,Sampling
4b5bb459863ed4f8a463d188,0,beliefs_first,3,2,3,3,585,1,0.5,45,5,50,60,5,35,5,B,1,1,32,Male,No,PR Sampling,Sampling
ae68b5286c7e832541d26406,1,beliefs_first,3,4,5,5,659,1.46,1.5,45,10,45,45,10,45,7,A,0,1,19,Male,Yes,PR Sampling,Sampling
95ecf9f8d0eea9a93c4cbb01,1,choice_first,4,3,4,4,478,1.2,1.6,30,5,65,15,5,80,6,A,1,1,22,Male,Yes,PR Sampling,Sampling
152b209127749272bdc264fb,1,choice_first,3,4,5,5,440,0.8,0.81,50,2,48,49,2,49,2,A,0,1,33,Male,DATA_EXPIRED,PR Sampling,Sampling
78c01836a42c2a0b66dcf850,1,beliefs_first,2,1,3,3,1120,1.8,2,5,5,90,5,5,90,5,B,0,1,60,Male,DATA_EXPIRED,PR Sampling,Sampling
8659c416b2c84127341b7bed,1,choice_first,3,4,4,3,857,1.1,1.3,60,10,30,40,20,40,7,B,1,1,41,Male,No,PR Sampling,Sampling
23e32e9e6df608e23c10b0e4,1,beliefs_first,3,4,4,3,1284,11,0.9,30,30,40,32,40,28,5,B,1,1,63,Female,No,PR Sampling,Sampling
95ef2e3876bcf11db782823d,1,choice_first,4,3,5,4,749,0.88,0.91,63,2,35,60,2,38,6,B,0,1,53,Male,No,PR Sampling,Sampling
43f9355814b73087e3f65445,1,beliefs_first,2,3,3,2,725,0.8,1,50,25,25,25,50,25,7,A,1,1,40,Male,No,PR Sampling,Sampling
61441ae4f20c4843d9e00247,1,choice_first,5,2,4,4,747,0.8,1.2,82,9,9,18,9,73,4,B,1,1,38,Male,No,PR Sampling,Sampling
c22113e61f6126ed824b8550,1,choice_first,4,3,4,2,947,1,0.9,60,10,30,50,10,40,5,A,1,1,39,Male,No,PR Sampling,Sampling
caf42801a963d09ad2ea8948,0,choice_first,3,3,4,3,1274,1.8,1.3,20,30,50,30,30,40,5,A,0,1,35,Male,DATA_EXPIRED,PR Sampling,Sampling
5eef99eb2fdf9b0c447b272e,1,choice_first,4,3,4,5,974,0.8,1,70,15,15,20,50,30,5,B,1,1,49,Male,No,PR Sampling,Sampling
a47a325e95638d016c679c4e,1,beliefs_first,3,4,4,4,452,1,0.8,60,9,31,45,10,45,7,B,1,1,22,Male,No,PR Sampling,Sampling
0d05ec1eacfaab87031f8777,0,choice_first,2,3,4,4,677,1.2,1,30,10,60,40,20,40,5,B,0,1,43,Male,DATA_EXPIRED,PR Sampling,Sampling
0ff12f90094e66ba246e754a,0,beliefs_first,3,3,3,3,1316,1,1,0,20,80,0,20,80,4,B,1,1,23,Male,Yes,PR Sampling,Sampling
119a0d4522309ede7c9464c2,1,choice_first,3,4,4,4,547,1.5,2,30,40,30,20,30,50,6,A,0,1,32,Female,No,PR Sampling,Sampling
b01294862d7636f8a91489f0,0,beliefs_first,4,3,4,4,597,1,0.8,49,1,50,55,0,45,4,A,0,1,46,Female,No,PR Sampling,Sampling
27d0a6dee1d0a9cde374804b,1,beliefs_first,3,2,4,4,864,1,0.8,60,10,30,30,10,60,5,B,1,1,33,Female,No,PR Sampling,Sampling
98f3b7b42aab77d6cd4adb6a,0,beliefs_first,3,2,4,5,1054,1,1,49,2,49,49,2,49,6,A,0,1,32,Male,No,PR Sampling,Sampling
907e8d1d0b67c3f2c071919a,1,beliefs_first,2,4,5,2,754,0.8,0.5,80,5,15,10,5,85,6,A,1,1,35,Male,Yes,PR Sampling,Sampling
50f1f3218b639fd30e00bb6a,1,choice_first,2,3,4,4,565,0.9,1,60,10,30,40,10,50,5,B,0,1,23,Female,No,PR Sampling,Sampling
8fee8f51db49dd53ae139383,1,beliefs_first,3,2,2,2,1280,1,1.2,40,6,54,35,2,63,6,A,1,1,32,Male,No,PR Sampling,Sampling
67ff8463260741f340688099,0,choice_first,2,3,5,3,1144,0.8,0.8,80,10,10,80,15,5,4,A,0,1,48,Female,Yes,PR Sampling,Sampling
6da578097a0becbced102a12,1,beliefs_first,4,3,5,2,688,1,1.2,45,10,45,40,10,50,5,B,1,1,36,Male,No,PR Sampling,Sampling
0c451dbe1deef0b2c56e4146,0,choice_first,4,3,4,4,975,1,1,40,5,55,45,5,50,5,A,0,1,61,Male,No,PR Sampling,Sampling
abf5903a4f44208c0259d9c2,0,beliefs_first,5,5,5,5,642,2,1.4,20,40,40,10,40,50,5,A,1,1,22,Male,No,PR Sampling,Sampling
9f51baaf24e1f3a2f7b0aa77,1,choice_first,3,3,4,2,714,1,0.96,50,5,45,45,5,50,5,B,0,1,39,Male,No,PR Sampling,Sampling
1bd42b3310028dacea63941d,1,beliefs_first,2,4,4,4,565,0.65,0.85,95,4,1,99,0,1,7,B,1,1,48,Male,No,PR Sampling,Sampling
13899b05289a6d982a42d75e,1,beliefs_first,4,3,4,5,954,1.2,1.24,43,2,55,38,2,60,7,B,0,1,34,Female,No,PR Sampling,Sampling
4f2fd2d6df30e8ca39b261ab,1,choice_first,3,3,3,4,641,0.55,0.7,60,1,39,45,1,54,6,B,0,1,18,Male,DATA_EXPIRED,PR Sampling,Sampling
2cf8f39b39020aef35aefdb6,1,beliefs_first,2,2,4,4,918,1,1.2,40,30,30,20,30,50,6,A,1,1,49,Female,No,PR Sampling,Sampling
4f8cf2c6592cf99f638494ff,1,beliefs_first,4,4,5,5,543,0.7,1.3,25,10,65,25,10,65,6,A,1,1,31,Male,No,PR Sampling,Sampling
62192e6ec87dd91cb626db61,1,choice_first,3,2,4,4,474,0.96,1.04,80,0,20,20,0,80,5,B,0,1,36,Female,No,PR Sampling,Sampling
69883f38905ad24655c4fb16,0,choice_first,3,3,4,4,541,1,1,25,50,25,25,50,25,7,A,0,1,31,Female,No,PR Sampling,Sampling
7803d761c8809f142a52b87b,1,beliefs_first,4,3,5,5,469,0.64,0.6,55,10,35,60,2,38,7,B,0,1,26,Male,No,PR Sampling,Sampling
342b24a5caa3dd37e1a4a1ef,1,choice_first,5,5,5,5,441,1,0.94,50,10,40,45,10,45,7,B,0,1,19,Male,DATA_EXPIRED,PR Sampling,Sampling
593224192e20c427599ba6f8,0,choice_first,3,3,4,3,574,0.75,1,60,5,35,70,5,25,5,B,0,1,40,Male,DATA_EXPIRED,PR Sampling,Sampling
2aae45d18cddf1f74e961ac3,1,beliefs_first,3,2,3,3,501,1.24,1.2,20,1,79,24,1,75,7,A,0,1,27,Male,No,PR Sampling,Sampling
5826192f8e4db2c6d022929d,1,choice_first,4,2,5,4,683,1,1.78,50,2,48,48,1,51,7,B,0,1,36,Male,No,PR Sampling,Sampling
e81eb237aad6de338bbe2b23,1,beliefs_first,4,2,3,2,766,1,1,90,5,5,90,5,5,5,B,0,1,35,Female,DATA_EXPIRED,PR Sampling,Sampling
cc366d007afea4036162c8b4,0,beliefs_first,3,2,5,3,723,1,1.1,40,10,50,50,10,40,4,B,1,1,28,Female,No,PR Sampling,Sampling
ac1b5c46048dacc568033348,1,choice_first,3,3,5,5,750,1.02,1,49.5,1,49.5,49,1,50,7,A,0,1,30,Male,No,PR Sampling,Sampling
94bf18be94127f92237a67e1,1,choice_first,3,2,4,2,854,1,2,50,30,20,20,40,40,5,B,1,1,39,Male,No,PR Sampling,Sampling
efa0255b4c69e99e2e720adf,1,choice_first,3,3,4,5,822,0.3,0.4,90,0,10,90,10,0,6,A,1,1,33,Male,No,PR Sampling,Sampling
b77e4e64f4ba5e1c1bcd12c0,1,choice_first,4,4,4,5,924,0.5,0.6,30,40,30,30,30,40,5,B,1,1,61,Male,No,PR Sampling,Sampling
152dec86cc7afc489acb7b18,1,beliefs_first,3,3,4,3,1010,0.8,1.3,35,35,30,10,30,60,6,B,1,1,51,Female,No,PR Sampling,Sampling
cad3b2cfdb432560dcbcbe79,1,choice_first,4,3,3,2,994,1,1.4,20,50,30,10,10,80,6,A,1,1,28,Male,DATA_EXPIRED,PR Sampling,Sampling
b882cddc9e99d3b701f0fbf9,0,beliefs_first,3,2,4,4,1147,1,1,50,2,48,52,2,46,7,B,0,1,54,Male,No,PR Sampling,Sampling
65af1533df45323ec8d818e4,1,beliefs_first,3,2,5,5,1460,0.6,1,60,10,30,40,10,50,5,B,1,1,27,Female,No,PR Sampling,Sampling
ec112a79576f8f9d1de82e29,0,choice_first,3,3,4,4,508,1.1,0.9,45,10,45,45,10,45,6,B,1,1,32,Male,No,PR Sampling,Sampling
f5521215dc1b1b7c8a67c74c,1,beliefs_first,2,2,4,4,529,0.6,1,60,10,30,30,10,60,6,B,1,1,22,Female,Yes,PR Sampling,Sampling
fd05a56991181a45f0994275,1,choice_first,4,5,4,4,624,0.2,1,25,25,50,91,0,9,7,A,1,1,56,Male,DATA_EXPIRED,PR Sampling,Sampling
829c9d4fae2b449202754b47,1,choice_first,3,3,4,2,637,0.8,1,80,10,10,20,5,75,6,A,1,1,45,Male,No,PR Sampling,Sampling
e364fa9d77e9ff2a1fea818a,1,choice_first,2,4,4,4,603,0.1,1.9,20,50,30,10,20,70,7,B,0,1,29,Male,DATA_EXPIRED,PR Sampling,Sampling
2cebbf2d7a70af73cb1f3c7a,0,beliefs_first,3,3,4,4,694,1,1,40,10,50,30,15,55,4,A,0,1,69,Male,No,PR Sampling,Sampling
48064ead740a5015fe0f6a8c,0,beliefs_first,2,3,4,4,691,0.95,0.8,35,35,30,40,25,35,5,B,0,1,42,Male,No,PR Sampling,Sampling
af58da624c09cb1310c1659d,1,beliefs_first,4,4,5,4,666,1,1,49,2,49,49,2,49,6,B,0,1,34,Male,No,PR Sampling,Sampling
9585434abdc4b6ecd79cf857,1,beliefs_first,3,2,4,4,678,0.68,1,20,10,70,30,10,60,6,B,1,1,53,Male,No,PR Sampling,Sampling
97a9b346a7c070df00912987,1,choice_first,4,4,4,4,904,0.45,0.65,90,10,0,100,0,0,6,A,1,1,39,Male,No,PR Sampling,Sampling
23a3815d919d2bbfe762bffd,1,choice_first,4,4,4,4,851,1.5,2,45,5,50,35,4,61,6,B,1,1,48,Female,No,PR Sampling,Sampling
25c38298eaf959c22790479f,1,beliefs_first,4,2,3,2,788,0.8,1.2,70,10,20,20,10,70,6,B,1,1,63,Female,DATA_EXPIRED,PR Sampling,Sampling
6f45e561d277d2f21b55409d,1,beliefs_first,2,3,5,5,524,0.9,1,50,3,47,40,3,57,7,A,0,1,39,Male,No,PR Sampling,Sampling
a30f1a208d92b22e791dd099,0,choice_first,4,2,4,3,524,1,0.9,45,10,45,40,10,50,4,B,1,1,54,Male,No,PR Sampling,Sampling
45e6598c807da90440da8929,1,choice_first,4,3,4,4,863,0.84,0.88,55,5,40,50,5,45,6,A,0,1,35,Male,No,PR Sampling,Sampling
e4d8de136f3f396788b6a200,1,choice_first,1,3,4,4,993,1,2,33,20,47,30,15,55,4,A,0,1,78,Female,No,PR Sampling,Sampling
a15a31693b6e325bc5981c0e,1,beliefs_first,4,2,4,3,682,1,1,50,40,10,20,60,20,3,B,1,1,29,Female,No,PR Sampling,Sampling
d53efff7d5cbafb4f14020b7,0,choice_first,3,3,5,5,722,1.1,1,60,10,30,40,10,50,5,A,1,1,52,Male,No,PR Sampling,Sampling
f7bdb3a38b2d4f5bc027b8fb,1,beliefs_first,1,3,4,4,977,0.01,2,60,0,40,55,0,45,7,A,0,1,49,Female,No,PR Sampling,Sampling
cca97a78118dc01423037129,1,choice_first,2,1,4,4,1039,0.82,1.05,85,1,14,45,3,52,7,A,0,1,42,Male,No,PR Sampling,Sampling
8016614d5a1f6488cdead560,0,beliefs_first,4,3,4,4,839,1.04,1.01,49,0.5,50.5,55,0.5,44.5,6,A,0,1,0,Female,No,PR Sampling,Sampling
46a8a78dfd40cff13c06fb9e,1,beliefs_first,2,3,5,3,639,1.64,1.24,20,0,80,20,0,80,7,B,0,1,31,Male,DATA_EXPIRED,PR Sampling,Sampling
c2fdd8cd489fc44c45f8b64c,1,choice_first,3,1,4,4,990,1.4,1.3,47,6,47,45,10,45,7,A,0,1,33,Male,No,PR Sampling,Sampling
4d6698dfbd712178f94ea085,1,beliefs_first,5,4,4,5,787,0.9,1.2,80,10,10,20,10,70,6,A,1,1,55,Male,DATA_EXPIRED,PR Sampling,Sampling
2967623c155dfeb3a5580838,1,choice_first,4,1,5,5,575,1,1.05,60,20,20,55,15,30,6,B,0,1,41,Female,No,PR Sampling,Sampling
aa5abee36c23f4d073f08e43,0,beliefs_first,4,2,4,4,1078,1,1,48,2,50,49,2,49,6,B,0,1,50,Male,No,PR Sampling,Sampling
3ae3e6cceb89352d373f3c0a,1,choice_first,4,4,3,4,772,0.8,1,40,5,55,30,10,60,6,A,1,1,29,Male,No,PR Sampling,Sampling
8f271b82b5a3925fe8e5096c,1,choice_first,2,2,3,3,1153,1,1,80,1,19,79,1,20,5,A,0,1,35,Male,No,PR Sampling,Sampling
79966d521ee8dca5075d0b65,1,choice_first,3,3,4,4,833,0.98,1,40,30,30,35,35,30,5,B,0,1,25,Male,No,PR Sampling,Sampling
7529ffc62f0b77e44653361f,1,choice_first,4,4,5,3,592,0.8,1.6,70,30,0,30,20,50,7,B,1,1,42,Female,No,PR Sampling,Sampling
34616e2c5f11f4fcd5c1a463,1,beliefs_first,1,4,5,4,786,1,1.2,60,10,30,40,10,50,6,A,1,1,45,Female,DATA_EXPIRED,PR Sampling,Sampling
b8f22969993f0d04085278b6,1,choice_first,4,2,4,3,1398,0.9,0.9,33.4,33.3,33.3,33.4,33.3,33.3,4,B,1,1,51,Female,No,PR Sampling,Sampling
4aa6ed4c95cc495939c03a7c,1,choice_first,4,2,5,4,472,1.3,1.26,50,0,50,50,0,50,2,B,0,1,22,Male,Yes,PR Sampling,Sampling
42640d9056055ab9079b2184,1,choice_first,2,3,4,4,806,0.7,1,80,5,15,30,5,65,5,B,1,1,55,Female,No,PR Sampling,Sampling
7c3d8ac575d0772d18027124,1,beliefs_first,2,2,4,4,1580,0.8,0.6,70,15,15,60,20,20,6,B,1,1,22,Female,No,PR Sampling,Sampling
d0ea2b1718055b454a070ab3,1,beliefs_first,4,3,4,4,577,1.2,1.8,60,0,40,30,10,60,5,B,1,1,42,Female,No,PR Sampling,Sampling
5c080b115ea001dbefc8051d,1,beliefs_first,4,2,4,2,852,1,1.2,50,0,50,50,0,50,4,B,1,1,59,Male,No,PR Sampling,Sampling
824ceb8da1d9b3ceb4fbc5f4,1,beliefs_first,3,3,4,2,1560,1,2,70,10,20,65,10,25,6,A,0,1,35,Female,No,PR Sampling,Sampling
02c7a6b646b2720b4209caea,1,beliefs_first,3,4,4,3,956,0.9,1.25,40,0,60,65,0,35,6,B,1,1,28,Female,Yes,PR Sampling,Sampling
46cf423d075d7f18b6b6eb9b,0,choice_first,4,4,3,4,499,0.6,0.8,60,10,30,55,10,35,6,B,1,1,35,Male,DATA_EXPIRED,PR Sampling,Sampling
2188a707b7706ab8f6199d81,0,beliefs_first,3,3,5,5,881,1,1,25,5,70,20,5,75,5,B,1,1,45,Female,DATA_EXPIRED,PR Sampling,Sampling
537e77e0b53446da688a8734,1,choice_first,3,3,4,4,1157,1,0.9,48,4,48,48,4,48,6,A,1,1,45,Male,No,PR Sampling,Sampling
31fa5614488ff1517b72cc95,1,choice_first,3,5,4,4,555,0.8,0.84,65,2,33,60,2,38,6,A,0,1,63,Female,No,PR Sampling,Sampling
c3ade0178d9096fedaf570d9,0,beliefs_first,4,2,3,3,614,1.05,0.85,41,8,51,51,8,41,2,A,1,1,37,Male,DATA_EXPIRED,PR Sampling,Sampling
a237e47cd16e555b5e1d34f5,1,beliefs_first,4,2,3,3,740,0.5,1.5,50,20,30,10,30,60,7,B,1,1,54,Female,No,PR Sampling,Sampling
9e7a70f50228cdd607e8849b,1,choice_first,4,4,4,4,536,0.8,1.2,50,10,40,20,20,60,6,B,1,1,54,Male,No,PR Sampling,Sampling
bb33488d5085bbbd61642944,1,choice_first,2,3,4,4,555,0.7,0.9,70,0,30,30,0,70,6,A,1,1,31,Male,No,PR Sampling,Sampling
5aeaec56504992211033337a,1,beliefs_first,4,4,3,4,1489,0.4,1.8,50,20,30,10,30,60,6,B,1,1,34,Male,DATA_EXPIRED,PR Sampling,Sampling
3432ebab9440836788ed9409,1,choice_first,3,2,5,5,1741,0.2,1,75,20,5,5,20,75,7,A,1,1,32,Female,DATA_EXPIRED,PR Sampling,Sampling
f141dfd4255ee68da87d75fa,1,beliefs_first,4,4,4,4,897,1,1,50,10,40,40,10,50,6,A,1,1,51,Male,No,PR Sampling,Sampling
60df2df16d2d67d94e1f92c6,1,choice_first,5,3,4,4,733,1,1.5,20,70,10,10,20,70,7,A,0,1,40,Male,No,PR Sampling,Sampling
ab34b8acd148fa91aa493726,1,choice_first,5,3,5,5,1826,1,1.5,50,20,30,10,20,70,7,A,1,1,27,Female,No,PR Sampling,Sampling
156a1e094fa314c8ce2b5e3e,0,beliefs_first,3,4,5,4,868,1,2,5,30,65,5,30,65,4,A,0,1,44,Male,DATA_EXPIRED,PR Sampling,Sampling
106bd9d30e5934c566d3c5dc,0,beliefs_first,3,3,5,4,989,2,0,10,10,80,30,40,30,6,B,1,1,40,Female,No,PR Sampling,Sampling
6c9dfd28ae5014b31c6fa8fa,1,choice_first,3,1,5,5,1106,2,2,50,10,40,50,10,40,7,B,1,1,37,Female,DATA_EXPIRED,PR Sampling,Sampling
a58f57503d081548eacc29ac,1,choice_first,4,3,4,3,862,0.88,0.92,70,2,28,70,2,28,5,B,0,1,57,Male,No,PR Sampling,Sampling
ad9207910f4d4a45c67c3e7b,1,choice_first,4,3,5,5,707,1,1.2,49,2,49,48,2,50,7,B,0,1,42,Female,No,PR Sampling,Sampling
8750cf6b5fb093a10491d06f,1,choice_first,3,3,4,3,1869,1.2,1.8,50,25,25,25,25,50,5,B,1,1,DATA_EXPIRED,Male,No,PR Sampling,Sampling
08b4e8899d796956d8a5d6b1,1,beliefs_first,4,3,3,3,699,1.08,1.12,35,20,45,10,30,60,6,B,0,1,23,Male,Yes,PR Sampling,Sampling
0b4b7cf8e6dcd904ac2b2bca,1,beliefs_first,3,3,5,5,1092,0.4,1.2,75,15,10,10,15,75,7,A,1,1,23,Female,DATA_EXPIRED,PR Sampling,Sampling
dbd44345d4a8d5fa9961ad0f,0,choice_first,4,4,5,5,750,1.04,1,49,2,49,49,2,49,7,B,0,1,53,Male,No,PR Sampling,Sampling
2e8f5933813a30ea4b181719,1,choice_first,2,2,4,2,1358,2,2,74,8,18,64,8,28,7,A,1,1,48,Male,No,PR Sampling,Sampling
e1f17e772bc05bda78e21a6c,1,choice_first,3,2,3,5,1116,0,2,40,10,50,20,10,70,6,A,1,1,64,Female,No,PR Sampling,Sampling
078b6fa30dd66be88abe8d58,1,beliefs_first,4,3,4,4,535,1,1.04,49,2,49,47,1,52,7,A,0,1,27,Male,No,PR Sampling,Sampling
46d1620143252ad6b46e15c6,1,beliefs_first,3,1,5,4,1162,0.8,1,90,5,5,85,5,10,6,A,1,1,52,Female,No,PR Sampling,Sampling
719175b425bf1600925f625b,1,beliefs_first,1,5,4,2,1282,0.64,0.66,66,4,30,62,4,34,6,A,0,1,25,Female,No,PR Sampling,Sampling
47cf4effa6c3a005fc281817,1,beliefs_first,4,3,4,2,582,1,1,49,2,49,49,2,49,2,B,0,1,42,Male,DATA_EXPIRED,PR Sampling,Sampling
8bfb5272bc32bda3e2a5d998,1,choice_first,3,3,4,2,681,0.8,1,55,9,36,27,9,64,6,B,1,1,59,Female,No,PR Sampling,Sampling
25d1eb206b72d801ccc559c6,1,choice_first,3,3,4,3,632,1,1,48,1,51,51,1,48,7,B,0,1,48,Male,No,PR Sampling,Sampling
3226a06f77fbf2d061d4b771,0,choice_first,4,3,4,4,522,0.8,1.2,50,40,10,40,40,20,7,B,1,1,52,Male,No,PR Sampling,Sampling
c04c8cc734b6a7612927e2e1,1,choice_first,2,3,4,2,590,1.2,1.3,25,0,75,25,0,75,5,B,1,1,42,Male,DATA_EXPIRED,PR Sampling,Sampling
70001d9bffbc34673fa3b5b2,1,choice_first,1,1,4,4,1359,0.18,0.24,84,2,14,82,2,16,7,B,0,1,98,Female,DATA_EXPIRED,PR Sampling,Sampling
5aafbdac138b4a601f6db3f9,1,beliefs_first,4,4,2,2,638,0.98,1.02,50,1,49,49,1,50,5,A,0,1,23,Male,DATA_EXPIRED,PR Sampling,Sampling
55afbefb2d0aa9a42a140c5e,1,beliefs_first,3,3,4,3,888,1,1,45,9,46,45,9,46,2,A,1,1,22,Male,Yes,PR Sampling,Sampling
624757d60698f9e528ac59c0,0,beliefs_first,4,2,4,4,330,0.8,1.2,20,30,50,50,20,30,7,B,1,1,34,Male,No,PR Sampling,Sampling
bd2b65106a04c786066735c8,1,beliefs_first,5,4,4,4,471,1,1,49,2,49,49,2,49,7,B,0,1,27,Male,No,PR Sampling,Sampling
1248723359b314fceda63f1d,1,beliefs_first,2,4,4,4,581,0.94,1,47,6,47,49,4,47,5,B,0,1,45,Male,No,PR Sampling,Sampling
8414833d84bd197117971f21,1,beliefs_first,3,3,4,3,686,0.8,1,70,10,20,60,10,30,6,A,1,1,37,Female,No,PR Sampling,Sampling
c1cfda843d5d31f876831c28,1,choice_first,5,4,5,5,1242,0.8,1,70,20,10,20,70,10,6,A,0,1,50,Female,Yes,PR Sampling,Sampling
d3f60ae617515c651782aeaf,1,beliefs_first,3,4,5,4,622,0.8,0.84,75,5,20,73,5,22,6,B,0,1,31,Female,No,PR Sampling,Sampling
a5736efe520e2ad4bc5c9677,1,beliefs_first,2,3,2,2,522,1,1.2,45,20,35,20,35,45,7,B,1,1,24,Female,No,PR Sampling,Sampling
04cd3d681f19347e35046e0d,1,choice_first,1,2,5,4,1616,0.5,0.8,70,0,30,30,0,70,6,B,1,1,76,Female,DATA_EXPIRED,PR Sampling,Sampling
f1f1ea8dad05ad5fe5f11243,1,beliefs_first,2,1,4,4,604,0.96,1,80,10,10,40,30,30,7,A,0,1,53,Female,No,PR Sampling,Sampling
833737082244ca5af0efa267,1,choice_first,5,3,4,2,576,0.8,0.84,80,5,15,85,3,12,7,A,0,1,43,Male,DATA_EXPIRED,PR Sampling,Sampling
957126aa71497451ff8460fb,1,choice_first,4,3,5,5,545,1.96,2,30,20,50,30,20,50,6,B,0,1,38,Female,No,PR Sampling,Sampling
a8e21d4c1d36734d31a66c76,1,choice_first,5,4,5,5,457,2,1,70,10,20,5,5,90,7,A,1,1,38,Male,Yes,PR Sampling,Sampling
7b05bed23b24b15006b29dd4,1,choice_first,2,4,5,4,1246,1,1.2,40,10,50,30,10,60,6,B,1,1,24,Male,No,PR Sampling,Sampling
9325a23ed80bc607d423da78,1,choice_first,4,4,4,3,540,0.8,1.2,60,10,30,20,20,60,5,B,1,1,26,Male,No,PR Sampling,Sampling
f81444b8caed93ecc987d96c,1,choice_first,2,1,4,2,909,2,2,99,1,0,0,1,99,4,B,0,1,53,Female,No,PR Sampling,Sampling
4a92114ed22542b8a2a9a933,1,choice_first,4,4,5,5,650,1.06,1.1,48,5,47,50,5,45,7,B,0,1,31,Male,DATA_EXPIRED,PR Sampling,Sampling
34929e41dcdfa579accb4d4d,1,choice_first,3,2,4,3,343,1,1.5,50,10,40,40,10,50,5,B,1,1,33,Male,No,PR Sampling,Sampling
cc1948b4de570b573146b048,1,beliefs_first,3,3,4,4,863,1,1.2,60,10,30,40,10,50,7,A,1,1,89,Female,DATA_EXPIRED,PR Sampling,Sampling
a60466db784c1ec1841cf087,1,beliefs_first,4,4,5,5,981,0.54,0.54,0,0,100,2,0,98,7,B,0,1,58,Male,DATA_EXPIRED,PR Sampling,Sampling
ae0111914e086cd87bb4e8b2,1,choice_first,3,3,4,4,563,1,2,20,20,60,60,20,20,6,A,1,1,28,Female,Yes,PR Sampling,Sampling
9f739eb6575e1b1f0ca49624,1,choice_first,4,3,4,3,715,1,1,49.5,1,49.5,49.5,1,49.5,7,B,0,1,61,Male,No,PR Sampling,Sampling
dd87a9cd4d7777685ca0d175,1,beliefs_first,3,2,4,3,837,0.8,0.84,80,2,18,80,2,18,7,B,0,1,28,Male,No,PR Sampling,Sampling
7adf7b5871e9c85e668d82c9,1,beliefs_first,3,3,3,4,458,1,1.2,50,10,40,40,10,50,6,A,1,1,25,Male,No,PR Sampling,Sampling
991016339a7fe4c151edb0b3,1,choice_first,2,1,3,3,1340,1,2,50,10,40,40,30,30,4,B,1,1,36,Female,No,PR Sampling,Sampling
442f220a1d006652fb108e8f,0,beliefs_first,4,3,2,5,685,1.5,1.3,17,2,81,21,2,77,5,B,0,1,67,Female,DATA_EXPIRED,PR Sampling,Sampling
f5efc25139d5725e553b8f66,1,beliefs_first,3,3,4,5,1390,0.9,1.1,60,0,40,20,0,80,7,A,1,1,DATA_EXPIRED,Male,No,PR Sampling,Sampling
062cd858b8b9fc1d97c4b68e,0,choice_first,4,4,4,4,2414,150,2,30,20,50,30,50,20,6,A,0,1,50,Male,Yes,PR Sampling,Sampling
c4b8bcccc0fd176ced5f5b0b,1,beliefs_first,3,2,4,3,2046,0.75,1.25,75,10,15,85,5,10,6,B,0,1,65,Female,No,PR Sampling,Sampling
a68660ecce382982dc1e951b,1,beliefs_first,2,4,3,2,632,1,1,55,0,45,45,0,55,6,B,1,1,42,Male,No,PR Sampling,Sampling
40d9c1117726d3f7df86a371,1,choice_first,3,2,5,5,959,0.9,1,50,15,35,45,15,40,6,B,0,1,48,Male,DATA_EXPIRED,PR Sampling,Sampling
d1bfb2945b4b499ff4c18bf0,1,beliefs_first,4,3,5,5,1900,1.5,1.7,40,8,52,40,8,52,7,A,1,1,66,Male,No,PR Sampling,Sampling
7d12defa7bd3ae8f8fe4448b,1,choice_first,4,2,5,5,688,1,2,50,25,25,0,50,50,7,B,0,1,32,Male,No,PR Sampling,Sampling
c912648bcb33074656cdb103,1,beliefs_first,4,4,4,3,989,1.2,1.4,18,2,80,8,2,90,7,B,1,1,60,Female,No,PR Sampling,Sampling
9dca11b511fd74407c66f8c4,0,beliefs_first,2,2,1,1,438,2,1,25,50,25,50,25,25,5,A,0,1,37,Female,No,PR Sampling,Sampling
20b878a1c871d884e69976d9,0,beliefs_first,5,3,3,4,932,1,1,20,55,25,40,40,20,7,B,1,1,21,Male,Yes,PR Sampling,Sampling
165fa7faf88e01016c5ec939,1,beliefs_first,4,2,3,3,469,1.6,1.64,5,0,95,5,0,95,6,A,0,1,48,Female,No,PR Sampling,Sampling
1a156df23004bf52ab1dfb45,1,choice_first,5,4,3,2,732,0.8,1,70,10,20,20,10,70,6,B,1,1,44,Male,No,PR Sampling,Sampling
eca9803a4a219547f111967d,1,beliefs_first,3,4,4,4,685,1.4,1.6,80,10,10,40,10,50,7,B,1,1,62,Male,No,PR Sampling,Sampling
996e0f9dcc7fdb24a787cbaa,1,choice_first,4,5,4,5,626,0.65,0.8,85,1,14,80,2,18,7,A,0,1,33,Male,DATA_EXPIRED,PR Sampling,Sampling
650b34d4e3846283b9281b07,1,beliefs_first,4,3,4,3,1002,1.2,1,45,10,45,50,0,50,6,A,1,1,46,Male,No,PR Sampling,Sampling
bb2a8271913667e2d5a528b5,1,beliefs_first,4,4,4,4,778,0.51,0.55,95,1,4,91,1,8,6,B,0,1,56,Male,No,PR Sampling,Sampling
a5f81965f50c846331211fff,1,choice_first,4,4,5,3,751,0.9,1.8,64,9,27,9,0,91,7,A,1,1,48,Male,No,PR Sampling,Sampling
2331dc010b691d13edb64608,1,beliefs_first,4,3,4,3,637,0.94,0.9,75,10,15,75,10,15,7,B,0,1,42,Female,No,PR Sampling,Sampling
f80f450875455555b1e79fbb,1,choice_first,2,1,5,5,556,0.96,1,50,2,48,48,2,50,6,A,0,1,41,Female,No,PR Sampling,Sampling
7fe7be5e6dcbdb56e3355920,0,beliefs_first,4,3,4,4,634,1,1,5,25,70,10,40,50,5,B,1,1,42,Female,Yes,PR Sampling,Sampling
61dd312370f1c9a2eae4abe6,1,beliefs_first,4,2,3,4,466,1.24,1.29,49.5,1,49.5,49.5,1,49.5,7,B,0,1,37,Male,DATA_EXPIRED,PR Sampling,Sampling
2428cd76c96a82667e36e9b9,1,beliefs_first,4,4,5,5,568,0.5,0.4,60,5,35,80,5,15,4,B,1,1,27,Male,No,PR Sampling,Sampling
00dc6d2e8b094a2ef7195520,1,beliefs_first,2,1,3,3,777,2,1,55,10,35,45,10,45,6,A,1,1,33,Female,No,PR Sampling,Sampling
eebcc6771c60553700b56d58,0,choice_first,2,4,5,4,649,1,0.96,49,2,49,50,2,48,7,A,0,1,49,Female,DATA_EXPIRED,PR Sampling,Sampling
a3df421bfd16364bb2eb9eda,1,choice_first,4,3,4,4,894,0.8,1.1,70,10,20,40,10,50,6,A,1,1,36,Female,No,PR Sampling,Sampling
16d2fb25ab11cecf5da7383b,1,choice_first,4,2,4,5,513,1.2,1.4,55,10,35,40,15,45,7,A,1,1,25,Male,No,PR Sampling,Sampling
d7fc3787110ccd0e327e16a4,1,beliefs_first,2,3,4,3,949,1,2,60,30,10,35,40,25,4,B,1,1,36,Male,DATA_EXPIRED,PR Sampling,Sampling
f98d16a651db685a8e2605a7,1,beliefs_first,5,2,5,5,756,1,1.04,30,10,60,30,10,60,7,A,0,1,36,Female,DATA_EXPIRED,PR Sampling,Sampling
9f3afa5b8ffbedae2556244d,1,choice_first,4,3,4,4,1242,1,0.1,80,10,10,70,10,20,5,B,1,1,45,Male,No,PR Sampling,Sampling
ebaf766400a22d6549125556,1,choice_first,3,4,3,2,615,0.6,1.2,85,1,14,40,1,59,6,B,1,1,28,Male,Yes,PR Sampling,Sampling
396e4b23b9bade3d0e4e8a14,1,choice_first,4,2,5,4,1334,1,1,5,30,65,10,40,50,5,B,1,1,33,Female,No,PR Sampling,Sampling
e36f903b1e12a85ba0493e18,1,choice_first,4,3,4,3,2295,1,1,49,2,49,48,4,48,6,B,0,1,25,Male,No,PR Sampling,Sampling
976537b2426cbc92993dd7c1,1,choice_first,4,3,4,4,2464,0.6,1,60,25,15,20,60,20,5,B,1,1,26,Male,Yes,PR Sampling,Sampling
d8910196ae9591e1e8c51531,1,beliefs_first,5,4,4,5,892,1.2,1,50,9,41,50,9,41,6,A,1,1,46,Male,DATA_EXPIRED,PR Sampling,Sampling
813416620beabac2e4c41733,1,beliefs_first,3,2,5,5,575,1,1.04,40,2,58,38,2,60,6,A,0,1,34,Female,DATA_EXPIRED,PR Sampling,Sampling
10071cc95095217e76dba04a,1,choice_first,3,4,3,3,455,1,2,50,40,10,40,10,50,5,A,1,1,54,Male,No,PR Sampling,Sampling
8f94c415e2bbac00e075bbe3,1,beliefs_first,4,2,3,3,962,1,0.9,60,1,39,50,1,49,7,A,0,1,31,Male,No,PR Sampling,Sampling
d4bcc9f801259afd1512bccd,1,choice_first,2,3,3,4,642,1,1.04,25,1,74,20,1,79,7,A,0,1,62,Female,No,PR Sampling,Sampling
61d795cb81575b60a6ecd4c2,1,beliefs_first,3,4,3,2,626,1.4,1.2,30,30,40,20,40,40,7,A,1,1,51,Male,DATA_EXPIRED,PR Sampling,Sampling
4eea2ef42e4fd516af6e6f06,1,beliefs_first,5,3,4,5,906,1.2,1.5,40,20,40,20,10,70,6,B,1,1,24,Male,Yes,PR Sampling,Sampling
7d9c07b19a9f9fa2189545ff,1,choice_first,4,3,5,5,641,1.3,1.4,30,10,60,20,10,70,7,B,0,1,33,Female,No,PR Sampling,Sampling
3edf6759321ca86ab904e80c,0,beliefs_first,3,4,4,4,412,0.56,0.51,60,1,39,65,1,34,5,B,0,1,22,Female,Yes,PR Sampling,Sampling
5e89c6ec9da0f5618c57df3f,1,beliefs_first,4,2,5,5,719,0.92,0.96,50,5,45,48,4,48,7,A,0,1,46,Male,No,PR Sampling,Sampling
8b7043ace84ab49e6b5a1e05,1,beliefs_first,3,2,4,3,1468,1,1,48,1,51,52,1,47,6,A,0,1,65,Male,No,PR Sampling,Sampling
cf1e1cdcb343c0f77d57a09f,1,beliefs_first,3,2,4,4,855,2,1.6,52,2,46,55,4,41,6,B,0,1,38,Female,DATA_EXPIRED,PR Sampling,Sampling
30100823ee9431596cad5d43,1,choice_first,5,2,3,2,519,1.2,1.7,20,5,75,15,5,80,7,B,0,1,43,Female,Yes,PR Sampling,Sampling
e925a1f0a6d2bae2a31d01cc,1,choice_first,2,4,2,5,542,0.8,0.9,55,9,36,55,9,36,2,A,1,1,21,Male,DATA_EXPIRED,PR Sampling,Sampling
57d308623ba3394327089359,0,choice_first,2,2,3,2,1247,2,2,25,25,50,25,25,50,6,A,0,1,58,Female,No,PR Sampling,Sampling
4d2bbd0bb056c882833eb82c,1,beliefs_first,2,1,3,5,935,1.04,1,49,49,2,49,49,2,7,B,0,1,32,Male,No,PR Sampling,Sampling
8d7cac4e3962aef09612acdb,1,beliefs_first,4,1,4,4,973,0.84,0.8,54,0.5,45.5,56,0.5,43.5,7,B,0,1,31,Male,No,PR Sampling,Sampling
99d10089294401b3df354db3,1,beliefs_first,4,3,4,4,452,1,1.03,45,5,50,40,5,55,5,B,0,1,31,Male,No,PR Sampling,Sampling
9fbf0dbafc624a68414c649a,1,beliefs_first,4,3,4,2,1014,0.2,0.4,80,0,20,60,40,0,6,B,1,1,64,Female,No,PR Sampling,Sampling
f1c2d55320c3dd7443df2739,1,choice_first,3,3,4,4,1073,0.75,1,55,30,15,10,20,70,7,A,1,1,22,Female,DATA_EXPIRED,PR Sampling,Sampling
088d834d1176ce093addc6b9,1,beliefs_first,4,2,1,2,585,1,1.8,20,30,50,10,20,70,5,B,1,1,24,Male,No,PR Sampling,Sampling
ee328da755bccd335ec5b70b,1,choice_first,5,4,3,3,521,1,1.3,40,40,20,10,30,60,6,B,0,1,27,Male,No,PR Sampling,Sampling
fcdbf0b59ed6088656bb3a61,0,choice_first,4,5,3,3,809,0.76,0.8,40,40,20,40,40,20,5,A,0,1,21,Female,DATA_EXPIRED,PR Sampling,Sampling
5788dc7d7edf6bb30b220150,0,choice_first,2,3,4,4,615,1.2,0.75,50,20,30,60,20,20,5,A,1,1,65,Male,No,PR Sampling,Sampling
b95b290b69efd79617f6ee95,1,choice_first,3,3,4,2,836,0.8,1.4,60,10,30,20,10,70,7,A,1,1,62,Male,No,PR Sampling,Sampling
b817deedb9f1818965eb35d3,1,choice_first,5,1,5,5,609,0.8,2,20,60,20,10,30,60,4,B,1,1,31,Female,No,PR Sampling,Sampling
8f51b6f70e0189ec23fc16a9,1,beliefs_first,4,3,2,2,1068,0.94,0.9,60,2,38,62,2,36,7,B,0,1,43,Male,No,PR Sampling,Sampling
422cd8aa06d94a0d1516f980,0,choice_first,5,4,3,2,827,1.6,0.4,20,30,50,50,30,20,7,A,1,1,55,Male,DATA_EXPIRED,PR Sampling,Sampling
a78811f40693ee781763523f,1,beliefs_first,3,3,5,4,1109,1.46,1.5,2,5,93,1,3,96,5,B,0,1,37,Male,No,PR Sampling,Sampling
fe73117d331f39081c03ddbb,1,beliefs_first,3,2,3,4,1008,0.8,0.76,50,0,50,50,0,50,7,B,0,1,31,Female,Yes,PR Sampling,Sampling
69c1bf449037dcc2efceb2ce,1,beliefs_first,2,2,5,4,1439,0.8,1,33,34,33,33,34,33,7,A,0,1,53,Female,No,PR Sampling,Sampling
ddb24fae65ec923337b5a310,1,choice_first,3,2,5,5,1118,0.8,1.2,30,50,20,20,50,30,5,A,1,1,32,Female,No,PR Sampling,Sampling
638d73de8c5e2f93628cd3c4,1,choice_first,3,4,4,4,542,1,1.2,10,70,20,5,60,35,7,A,1,1,35,Male,DATA_EXPIRED,PR Sampling,Sampling
2dc10e09abe0c9ca40a914c5,1,choice_first,2,2,4,2,1037,0.8,1,70,20,10,30,20,50,5,A,0,1,48,Female,No,PR Sampling,Sampling
0de1797b131d0a11b05f078d,1,choice_first,3,4,5,5,783,0.8,1,60,9,31,50,9,41,6,B,1,1,60,Female,No,PR Sampling,Sampling
2eb8dd9d3eec8792c163fe4b,1,beliefs_first,3,1,5,5,1772,1.21,0.99,90,0,10,90,0,10,6,A,0,1,40,Female,No,PR Sampling,Sampling
07c62c4a7953d0fcac4e41fc,1,beliefs_first,3,2,5,5,741,0.7,0.74,88,2,10,88,2,10,6,A,0,1,20,Female,Yes,PR Sampling,Sampling
f7a8fda3244ec0c41e102c5f,1,beliefs_first,3,4,5,4,783,0.8,1,60,10,30,45,10,45,5,A,1,1,37,Female,No,PR Sampling,Sampling
78c07144b21fd77dade26ff7,0,choice_first,2,2,4,3,1782,1.2,1.1,40,0,60,30,0,70,3,B,0,1,33,Female,No,PR Sampling,Sampling
085356c47cd40e53aaa4c1f6,1,choice_first,3,3,4,4,4711,1.5,1.8,30,20,50,20,30,50,5,A,0,1,62,Female,No,PR Sampling,Sampling
f1706d1346202723b2f9a9ef,1,choice_first,3,2,4,4,1019,0.98,0.94,49,2,49,49,2,49,7,B,0,1,38,Female,No,PR Sampling,Sampling
6ce67313af92e2be7fce38ff,1,beliefs_first,2,3,4,4,642,1.12,1.34,40,2,58,33,3,64,7,A,0,1,28,Female,No,PR Sampling,Sampling
333b09e6fff3798319328b47,1,choice_first,3,2,5,4,1075,2,2,10,10,80,30,10,60,6,B,1,1,62,Female,No,PR Sampling,Sampling
a7321f5d2c60bc2ef21aa4b5,1,choice_first,3,3,4,4,496,1.6,1.5,15,10,75,5,5,90,6,A,0,1,26,Female,No,PR Sampling,Sampling
efb271e1b8c9cc68fb5b863b,1,beliefs_first,3,2,5,5,545,0.84,0.8,50,5,45,45,5,50,6,B,0,1,38,Female,DATA_EXPIRED,PR Sampling,Sampling
d9c7fb9c35898723f12e6983,1,beliefs_first,3,3,4,4,511,0.8,1.2,45,10,45,35,10,55,7,A,1,1,44,Female,No,PR Sampling,Sampling
e79882a5da28b9afa855f7aa,0,beliefs_first,4,4,2,2,665,1.04,1,49,1,50,49,1,50,7,B,0,1,50,Female,No,PR Sampling,Sampling
d70325f4018fb1e1838b2671,1,choice_first,2,2,2,2,633,0.8,1.1,70,10,20,20,10,70,6,B,1,1,44,Female,No,PR Sampling,Sampling
e513027b84a7660eb2a21cd4,0,beliefs_first,5,3,4,4,812,1.08,1.04,42,2,56,42,0,58,6,A,0,1,56,Female,No,PR Sampling,Sampling
847995815f241183194fad47,1,choice_first,4,3,4,3,812,1,1.04,33,2,65,29,1,70,7,A,0,1,35,Female,DATA_EXPIRED,PR Sampling,Sampling
b308e743355b5c9438cda8b1,1,choice_first,5,3,5,5,411,1,1.2,60,10,30,35,5,60,7,B,1,1,20,Female,Yes,PR Sampling,Sampling
69c53a2462f76a0e84a45d77,0,choice_first,1,1,4,2,688,1.86,1.36,56,5,39,64,2,34,5,B,0,1,52,Female,No,PR Sampling,Sampling
0c35b17a1a1b0f5836d6d875,1,beliefs_first,2,3,5,5,585,0.88,0.96,78,2,20,45,5,50,6,A,1,1,30,Female,DATA_EXPIRED,PR Sampling,Sampling
074141c5b7713d5a932a00b9,1,beliefs_first,2,3,4,3,897,1.35,1.4,70,20,10,60,20,20,6,B,1,1,31,Female,No,PR Sampling,Sampling
846e224586d7f4ec77f356c3,1,choice_first,2,1,4,4,448,1.6,2,90,5,5,5,5,90,7,B,0,1,32,Female,DATA_EXPIRED,PR Sampling,Sampling
7c32f6e620c6724887668e84,0,beliefs_first,3,1,5,5,921,0.6,0.8,80,10,10,60,20,20,5,A,1,1,61,Female,No,PR Sampling,Sampling
e8cebf0ff5d9d5706de7d539,1,beliefs_first,2,2,5,4,990,0.8,0.95,50,3,47,55,3,42,7,A,0,1,27,Female,No,PR Sampling,Sampling
fdc8f57ea049962e51b17ca5,1,choice_first,3,2,3,2,1250,1,1.6,50,25,25,20,20,60,7,A,1,1,39,Female,DATA_EXPIRED,PR Sampling,Sampling
dc69d01e6bbc8394202acbc3,0,beliefs_first,2,2,4,2,1051,1,1,25,15,60,45,10,45,5,A,1,1,55,Female,No,PR Sampling,Sampling
8bca4883ecc90150bf23004d,1,beliefs_first,2,3,5,5,805,1,2,88,2,10,78,4,18,6,A,0,1,57,Female,No,PR Sampling,Sampling
caf4fb6c9183b56c082e023b,1,beliefs_first,4,3,4,4,376,1,1.5,30,20,50,20,20,60,7,A,0,1,30,Female,Yes,PR Sampling,Sampling
0ad32f8504c002b5b5616437,1,beliefs_first,3,4,4,3,796,0.8,1,70,5,25,40,10,50,6,B,1,1,30,Female,DATA_EXPIRED,PR Sampling,Sampling
fcb6a3c874fb7f3469b04fb5,1,choice_first,4,3,4,2,816,0.6,1.2,85,10,5,15,5,80,7,A,1,1,49,Female,No,PR Sampling,Sampling
86c25b5b69cd678246c6b724,1,choice_first,4,3,3,5,1285,1,2,65,5,30,35,10,55,7,A,1,1,36,Female,No,PR Sampling,Sampling
88c98bb93a5f68ffd8b54a5e,1,choice_first,4,3,4,4,712,1,1,25,40,35,25,40,35,7,A,0,1,32,Female,DATA_EXPIRED,PR Sampling,Sampling
0b52afcb49bdcbd588c7f058,0,choice_first,3,4,4,4,1409,1,1,50,10,40,40,10,50,2,B,1,1,69,Female,No,PR Sampling,Sampling
550d6aea725b07599465133f,1,choice_first,2,4,4,2,755,0.75,0.75,80,1,19,75,1,24,3,A,0,1,41,Female,DATA_EXPIRED,PR Sampling,Sampling
674785965cfc53b4f36fb24d,0,beliefs_first,2,3,4,4,509,1,0.8,30,40,30,60,20,20,6,B,0,1,36,Female,No,PR Sampling,Sampling
946a289743181511f80c3158,1,choice_first,3,2,4,4,558,0.6,1.4,40,20,40,30,15,55,7,B,1,1,26,Female,No,PR Sampling,Sampling
ded07dcd999971635430fa46,1,beliefs_first,4,3,2,2,693,1,1.2,80,10,10,60,10,30,7,B,1,1,54,Female,No,PR Sampling,Sampling
0ac0b28c4c2a54ba0077ecf0,1,beliefs_first,2,3,4,4,645,0.25,1.25,75,1,24,60,10,30,7,B,0,1,23,Female,Yes,PR Sampling,Sampling
b8adbfce657986ac1ff348fb,1,beliefs_first,4,2,3,5,1082,0.6,1,60,10,30,30,20,50,6,A,1,1,42,Female,DATA_EXPIRED,PR Sampling,Sampling
e3aa4c71bf953847fd76ecb6,1,choice_first,3,2,3,4,649,0.2,1,60,10,30,30,10,60,6,A,1,1,31,Female,No,PR Sampling,Sampling
302dfab0e85c0f5d3a6e99e7,1,choice_first,2,2,5,4,560,0.8,1.2,70,10,20,60,10,30,6,B,1,1,54,Female,No,PR Sampling,Sampling
5bb9ee22ffc6bfababfc094d,1,choice_first,3,4,3,3,377,0.4,1,90,10,0,40,30,30,4,B,1,1,30,Female,No,PR Sampling,Sampling
a59962577ac7ab899c2e39e5,1,beliefs_first,2,3,5,4,1244,0.78,0.82,9,1,90,9,1,90,7,B,0,1,63,Female,No,PR Sampling,Sampling
8c9996e61c502de10ae0ca65,1,choice_first,3,2,4,3,546,1,1.2,0,60,40,20,30,50,6,B,0,1,22,Female,Yes,PR Sampling,Sampling
cda2d8510ade9935c954b041,1,beliefs_first,2,1,5,5,764,1,1,30,5,65,30,0,70,3,A,0,1,38,Female,No,PR Sampling,Sampling
84f756e7c1d32031cd782297,1,beliefs_first,4,2,5,2,994,0.9,0.94,51,1,48,52,1,47,6,B,0,1,53,Female,No,PR Sampling,Sampling
55fd5cced7cdf19f9c908cf0,1,beliefs_first,3,2,4,3,947,0.6,1.4,70,10,20,55,10,35,7,B,0,1,23,Female,No,PR Sampling,Sampling
405af47570e6b986158d3171,1,beliefs_first,2,1,5,5,905,0.6,1.2,90,5,5,5,5,90,7,B,1,1,35,Female,DATA_EXPIRED,PR Sampling,Sampling
37b23e5857c47d40b31c54f7,1,beliefs_first,4,4,4,3,710,0.5,0.9,60,10,30,30,5,65,6,B,1,1,27,Female,No,PR Sampling,Sampling
3a55d0b0cd029367f3dd5fca,1,choice_first,4,3,4,3,602,1.2,1,50,35,15,35,15,50,7,A,1,1,22,Female,No,PR Sampling,Sampling
a140009e7391b3b3588fa886,1,choice_first,3,1,4,2,1252,1,2,20,40,40,3,25,72,6,A,0,1,50,Female,No,PR Sampling,Sampling
cae171db59152aef3a19e8f2,1,choice_first,4,2,4,4,573,1,2,50,25,25,50,25,25,6,A,0,1,34,Female,Yes,PR Sampling,Sampling
f8226c47ca378883ddeacaf8,1,beliefs_first,3,4,4,4,1153,0.75,1,80,5,15,5,2,93,7,A,0,1,65,Female,DATA_EXPIRED,PR Sampling,Sampling
4834889eeb81ffd0a7b135cb,0,choice_first,4,3,5,5,1297,0.9,1.1,30,5,65,25,5,70,6,B,0,1,22,Female,DATA_EXPIRED,PR Sampling,Sampling
6e90a01189c1cd4eb8484c8a,1,beliefs_first,2,2,5,5,731,0.96,1,49.5,0.5,50,49.75,0.5,49.75,7,B,0,1,40,Female,No,PR Sampling,Sampling
ff963fac5d2374ea8b545696,1,beliefs_first,2,1,4,4,787,1.2,1.2,50,10,40,50,10,40,5,A,1,1,30,Female,No,PR Sampling,Sampling
3f58bf719f02b09889286e73,1,choice_first,3,3,5,5,779,1.2,1.4,30,10,60,30,10,60,6,B,0,1,26,Female,No,PR Sampling,Sampling
8134f7fe40ae4d3d93543053,1,beliefs_first,1,4,3,3,545,1.44,1.4,70,5,25,25,5,70,6,B,0,1,33,Female,No,PR Sampling,Sampling
66abb1231d9c104ce28e627f,1,choice_first,2,3,3,2,864,1,1,34,33,33,34,33,33,1,B,0,1,41,Female,No,PR Sampling,Sampling
b0e681ee052bd0933567070e,1,choice_first,3,3,4,4,675,2,1.96,50,10,40,20,20,60,6,A,0,1,43,Female,DATA_EXPIRED,PR Sampling,Sampling
e221ad2857e6f8a9ac57129e,1,beliefs_first,3,2,5,4,861,0.96,1,50,0,50,50,10,40,6,A,0,1,49,Female,No,PR Sampling,Sampling
a6ce3c05050e1ce3c528f8a3,1,choice_first,2,2,3,3,519,0.7,0.8,90,5,5,85,6,9,6,B,0,1,36,Female,Yes,PR Sampling,Sampling
9a38f3c8db231a28c095cad6,1,beliefs_first,4,3,4,2,740,0.75,1.25,98,0,2,30,5,65,7,B,0,1,55,Female,No,PR Sampling,Sampling
ac919e8e27f2d72ff9c9f67c,0,choice_first,2,2,4,4,480,1,2,30,50,20,30,20,50,6,A,1,1,40,Female,No,PR Sampling,Sampling
6959397111a9260261b3983d,0,beliefs_first,3,1,5,5,744,1,1,10,80,10,10,80,10,1,A,0,1,27,Female,No,PR Sampling,Sampling
aaabfd2adff8669f8b90e124,1,choice_first,3,4,4,4,649,0.8,1.04,50,20,30,30,20,50,6,B,0,1,30,Female,DATA_EXPIRED,PR Sampling,Sampling
17eb17d2013b8755a42c3cc2,1,beliefs_first,3,3,4,4,1645,1.4,1.05,25,5,70,10,15,75,6,A,1,1,51,Female,No,PR Sampling,Sampling
c6a858400bd89e6d31b5aede,1,choice_first,3,2,4,4,1031,1.3,1.35,40,1,59,35,1,64,6,B,0,1,39,Female,DATA_EXPIRED,PR Sampling,Sampling
733ffefa6a5f3b76cc3fa38c,1,choice_first,4,3,4,3,848,1,1.5,80,10,10,10,40,50,6,B,1,1,35,Female,No,PR Sampling,Sampling
87d963aa46d9cd6a955a42ab,1,choice_first,4,3,4,4,709,0.7,0.92,90,5,5,65,5,30,6,B,1,1,27,Female,No,PR Sampling,Sampling
5bc6f1f8784b192400cb45a5,1,choice_first,2,1,4,4,986,1.04,1.08,49,1,50,45,1,54,6,A,0,1,58,Female,No,PR Sampling,Sampling
ab837f7ee8fab954f07e9c3f,1,beliefs_first,5,2,5,4,688,0,2,30,40,30,20,60,20,7,B,0,1,32,Female,DATA_EXPIRED,PR Sampling,Sampling
287bccbedf633848132a4c06,1,choice_first,3,1,3,3,752,1.2,1.25,20,40,40,20,40,40,6,B,0,1,49,Female,DATA_EXPIRED,PR Sampling,Sampling
1954243267c2ce5575fecfeb,1,beliefs_first,2,5,5,3,1046,1,1.04,49,2,49,48,2,50,7,B,0,1,41,Female,No,PR Sampling,Sampling
5266767a88a45f1bad49864c,1,choice_first,3,2,4,4,1116,1.4,1.6,10,30,60,10,30,60,6,A,1,1,52,Female,No,PR Sampling,Sampling
7344fbae7361c50b719b54e0,1,beliefs_first,3,2,3,4,1221,1.4,1.8,20,40,40,10,30,60,6,B,1,1,58,Female,DATA_EXPIRED,PR Sampling,Sampling
e71d0a9dc5b3fbfb4bf17970,1,beliefs_first,4,3,3,4,548,1.04,1,50,1,49,49,1,50,7,B,0,1,28,Male,No,PR Sampling,Sampling
5f4fea3554aaa86659445438,1,beliefs_first,2,1,4,3,722,0.4,1.6,60,30,10,10,25,65,7,A,1,1,63,Female,No,PR Sampling,Sampling
25fdc0e49c2267b8639c911a,0,choice_first,3,3,4,3,419,0.65,0.69,80,10,10,40,40,20,5,B,0,1,30,Female,No,PR Sampling,Sampling
7df83c320b8de4413ded8b33,1,beliefs_first,3,1,4,5,1174,1.1,1.26,30,50,20,50,10,40,7,A,0,1,39,Female,No,PR Sampling,Sampling
9d4dea2d9057139c7caeebd9,1,choice_first,2,2,4,3,1301,1.3,1.5,52,9,39,38,8,54,3,A,0,1,58,Female,No,PR Sampling,Sampling
b28bcf68392e975a2200d9b5,1,beliefs_first,3,4,5,4,631,1,1.2,45,10,45,50,5,45,7,B,1,1,35,Female,No,PR Sampling,Sampling
8d5f181fd4692f0154da5ce9,1,choice_first,2,3,4,4,461,0.6,0.8,45,9,46,36,9,55,3,A,1,1,27,Female,Yes,PR Sampling,Sampling
1aaa240b0584c3274245aabb,1,beliefs_first,1,3,4,3,879,1,1.2,90,1,9,20,2,78,6,A,1,1,45,Female,DATA_EXPIRED,PR Sampling,Sampling
f009684f19e0549dc07f8f2f,1,choice_first,5,1,3,3,761,0.8,0.84,65,25,10,65,25,10,6,A,0,1,41,Female,No,PR Sampling,Sampling
8e4db376344136cce3e1923f,1,beliefs_first,2,2,5,4,1222,1,2,10,20,70,10,10,80,5,A,0,1,48,Female,No,PR Sampling,Sampling
5c988f64541bdf7ffa8129a0,1,choice_first,3,2,4,2,830,1.06,0.94,60,10,30,30,10,60,6,B,0,1,24,Female,DATA_EXPIRED,PR Sampling,Sampling
4fd7f81dd9ce6d7271157ad3,1,beliefs_first,4,2,4,4,2085,1.16,1.2,33,33,34,33,33,34,7,B,0,1,36,Female,No,PR Sampling,Sampling
cec8fcd358e925d9a6a114d0,1,beliefs_first,3,3,4,3,532,0.2,1,85,5,10,25,10,65,6,A,1,1,27,Female,No,PR Sampling,Sampling
e4d7b67f8d64fac1c309b007,1,choice_first,3,3,5,5,744,1,1.2,25,50,25,10,40,50,4,A,1,1,27,Female,No,PR Sampling,Sampling
9c2a276668310d20bbee356f,1,beliefs_first,2,4,3,5,392,0.5,1.1,30,20,50,20,30,50,7,B,1,2,22,Female,No,PR Sampling,Sampling
02e718572c3227791c87f4d0,1,choice_first,4,4,2,3,436,1.1,0.9,20,50,30,25,50,25,7,B,0,2,21,Male,Yes,PR Sampling,Sampling
53fd30b921af44b44278d9df,1,beliefs_first,2,1,5,5,548,1,1,40,30,30,30,20,50,6,A,0,2,49,Female,DATA_EXPIRED,PR Sampling,Sampling
417f5ea4a534c090c79dc96a,1,choice_first,2,3,5,5,493,1.4,1.6,5,2,93,2,2,96,6,B,1,2,30,Male,No,PR Sampling,Sampling
2f4f77cf3516dd65fe654bbf,1,choice_first,3,3,5,5,526,1,0.9,60,10,30,30,10,60,6,A,0,2,24,Male,Yes,PR Sampling,Sampling
aa557b3c9888532c2f643d56,0,beliefs_first,4,3,4,5,704,0.8,1.2,65,0,35,60,0,40,7,B,1,2,23,Female,Yes,PR Sampling,Sampling
bf46d0ff0554a93d77355184,1,choice_first,5,4,5,5,664,1,1.2,30,10,60,20,10,70,6,A,1,2,37,Male,DATA_EXPIRED,PR Sampling,Sampling
7d86f34d5ad77bd1d988d9be,1,beliefs_first,2,2,4,4,573,1.45,1.55,40,5,55,40,5,55,7,A,0,2,44,Female,DATA_EXPIRED,PR Sampling,Sampling
dd467f569e1f80ae3adb312a,0,choice_first,2,5,5,5,752,1,1,45,10,45,40,10,50,7,A,1,2,22,Male,No,PR Sampling,Sampling
68d15344adea8e48c2040682,1,choice_first,4,3,4,5,367,0.6,0.8,50,5,45,40,10,50,7,B,0,2,24,Male,No,PR Sampling,Sampling
30f1711ac13ac4e5743b0577,1,beliefs_first,4,3,5,5,405,1,0.9,45,5,50,40,5,55,7,A,0,2,31,Male,No,PR Sampling,Sampling
7891214883027c095df0653d,1,choice_first,2,3,4,4,960,0.2,1,70,0,30,20,0,80,5,A,1,2,38,Female,No,PR Sampling,Sampling
1e4a520e5ec587d4c684a224,1,beliefs_first,3,5,5,5,473,0.8,1.1,50,0,50,50,0,50,7,A,1,2,33,Male,No,PR Sampling,Sampling
a9594a68454489c6cc5d4101,0,beliefs_first,5,3,3,3,804,1,1.2,20,5,75,20,5,75,7,B,1,2,24,Male,Yes,PR Sampling,Sampling
40bfd136fddafca5c8afe754,1,choice_first,3,2,4,4,581,1,2,45,5,50,45,5,50,4,B,1,2,26,Female,No,PR Sampling,Sampling
c7bf58e3cc70fbbe590fb0d7,1,choice_first,4,4,3,3,512,0.9,1,40,10,50,40,10,50,5,A,1,2,38,Male,No,PR Sampling,Sampling
d7d16f6ce1fe6bacf15895a6,1,choice_first,4,4,5,5,735,0.5,1,60,10,30,50,10,40,7,A,0,2,32,Male,No,PR Sampling,Sampling
f4d67cad5f3dd188a0f120b7,1,beliefs_first,2,1,5,5,843,1.1,1.1,25,25,50,25,25,50,4,A,1,2,30,Female,No,PR Sampling,Sampling
be1b358373180d4b4675b755,1,choice_first,2,2,1,4,593,1.1,1.2,60,10,30,50,10,40,7,B,0,2,34,Male,DATA_EXPIRED,PR Sampling,Sampling
8121351ab14ec9995451997a,1,beliefs_first,2,3,2,2,704,0.8,1,30,10,60,20,15,65,5,B,1,2,43,Male,No,PR Sampling,Sampling
4b6e548f909dd13af8124e9d,0,choice_first,2,2,3,2,1173,1,1,25,50,25,25,50,25,6,A,0,2,31,Male,No,PR Sampling,Sampling
360eaf80632988f4fe655ba8,1,beliefs_first,4,1,5,5,530,0.7,0.9,30,20,50,25,25,50,6,B,0,2,28,Female,No,PR Sampling,Sampling
5c5ba186a41579ad56bd8c86,1,beliefs_first,4,2,2,2,711,0.8,0.72,85,0,15,70,0,30,4,B,1,2,28,Male,No,PR Sampling,Sampling
4da429c79ac821b051c85366,1,choice_first,3,4,5,4,1056,1.02,1.04,47,5,48,48,5,47,6,A,0,2,25,Male,Yes,PR Sampling,Sampling
54cd68e20155f588ee9c38e7,1,beliefs_first,3,3,4,5,944,1,1,30,5,65,25,5,70,5,B,1,2,39,Female,Yes,PR Sampling,Sampling
d3d2f8a55f8ef6eeed91aabf,1,choice_first,4,4,3,4,989,0.6,0.75,40,35,25,35,35,30,6,A,1,2,28,Male,Yes,PR Sampling,Sampling
19e3014d6d70e1cd9d9e3364,0,choice_first,2,2,4,4,633,1,1,10,5,85,10,5,85,3,A,1,2,44,Male,No,PR Sampling,Sampling
07049c7a9d831703e9c6dcb6,1,choice_first,3,5,4,3,866,0.96,1,50,2,48,48,2,50,7,A,0,2,54,Male,No,PR Sampling,Sampling
40117b5fc9e97c2ed700132e,1,choice_first,2,2,2,3,860,0.9,1.1,10,0,90,0,0,100,6,A,0,2,60,Male,No,PR Sampling,Sampling
3084e969fc497e53f93d1cd6,1,beliefs_first,2,4,4,4,873,0.6,0.8,40,2,58,30,2,68,4,B,1,2,39,Female,Yes,PR Sampling,Sampling
327dbf14fc3f276de8ce5503,1,beliefs_first,2,3,3,4,655,0.95,0.75,75,5,20,80,0,20,5,B,0,2,37,Female,No,PR Sampling,Sampling
46a83e0d4154c95f0b829398,1,beliefs_first,4,3,4,4,781,1.4,1.2,60,10,30,50,20,30,6,A,1,2,DATA_EXPIRED,Male,No,PR Sampling,Sampling
65fd32f6166e5bcab55bcbc5,0,choice_first,4,4,4,4,732,0.78,0.77,85,0.5,14.5,84.5,0.49,15.01,5,A,0,2,37,Male,No,PR Sampling,Sampling
19804964d6463747354fd078,1,choice_first,4,4,4,4,534,0.8,1,50,2,48,48,2,50,7,B,0,2,34,Male,No,PR Sampling,Sampling
de5ff063a1d9e7e42a551692,0,choice_first,5,3,5,5,802,1.1,1.1,49.5,1,49.5,49.5,1,49.5,5,B,1,2,35,Male,No,PR Sampling,Sampling
b1baac21b6e4b76d8b6c3f07,1,choice_first,3,2,4,4,892,0.65,0.45,59.5,1,39.5,39.5,1,59.5,5,B,1,2,23,Male,Yes,PR Sampling,Sampling
2640cc974705e31d77594f73,1,beliefs_first,2,2,3,3,699,0.5,1,20,40,40,20,40,40,7,B,0,2,33,Female,No,PR Sampling,Sampling
21c91e3530e9f2a863a00e58,1,beliefs_first,4,2,3,2,553,0.8,1.4,50,10,40,40,10,50,7,B,1,2,33,Male,No,PR Sampling,Sampling
2f37862f9f58aaf5d3bfca3f,1,choice_first,3,4,5,4,679,1.2,1.2,40,10,50,30,10,60,5,A,1,2,25,Male,Yes,PR Sampling,Sampling
af7a4f35c3e8ef2d5f947aec,1,beliefs_first,3,1,5,2,1418,1,1.2,50,0,50,30,0,70,7,A,1,2,41,Female,No,PR Sampling,Sampling
4bcbda08c2622ab4b63f5640,1,beliefs_first,3,2,3,4,388,0.8,0.84,60,5,35,60,5,35,5,B,0,2,31,Male,No,PR Sampling,Sampling
83d1204c8019a3d877c34898,1,beliefs_first,3,2,4,3,1045,1.1,1.3,50,10,40,50,5,45,6,A,1,2,32,Female,Yes,PR Sampling,Sampling
a793c1bf9eff725f199a215a,1,beliefs_first,3,3,5,5,684,1.4,1.6,45,0,55,45,0,55,7,A,0,2,30,Male,No,PR Sampling,Sampling
35d4ac9a5b269d9413dfebdf,1,choice_first,4,2,4,4,831,1.2,1.4,10,10,80,10,10,80,6,B,1,2,45,Male,No,PR Sampling,Sampling
1a7a3d59b080c4a4d1e3dec5,1,choice_first,3,3,5,5,706,0.9,1,70,0,30,80,0,20,7,A,0,2,28,Female,No,PR Sampling,Sampling
d66ccc4cb67629b6fe73714e,1,choice_first,3,2,4,4,681,0.6,1.4,50,10,40,35,10,55,5,B,0,2,29,Female,No,PR Sampling,Sampling
5799e245e04fa72f5778f205,1,choice_first,5,4,5,4,776,0.7,1.4,55,0,45,10,3,87,7,A,0,2,22,Male,Yes,PR Sampling,Sampling
634b2c3e7b5915d4e76fb5f2,1,beliefs_first,3,2,4,3,1188,0.9,0.8,50,5,45,45,10,45,5,B,0,2,43,Male,No,PR Sampling,Sampling
46d17f825b121939c9103faf,0,beliefs_first,3,4,3,4,1916,2,1,30,35,35,35,30,35,5,A,0,2,53,Male,No,PR Sampling,Sampling
e6cd92629396e191576b4efa,1,beliefs_first,3,1,5,4,651,0.8,1,37,20,43,37,10,53,7,B,1,2,23,Male,No,PR Sampling,Sampling
42347e1eebe5fe6fddfb1498,0,choice_first,3,1,4,3,540,1.5,1,5,50,45,50,20,30,6,A,0,2,38,Male,No,PR Sampling,Sampling
5af6c948a51d9f9b6ff31eef,1,beliefs_first,3,2,5,5,695,1,1,98,0,2,100,0,0,1,A,0,2,23,Female,No,PR Sampling,Sampling
3f4b415d92eaac6f70fcd4b6,0,choice_first,4,2,4,4,553,1,0.95,40,5,55,50,0,50,3,A,1,2,33,Male,DATA_EXPIRED,PR Sampling,Sampling
cf8088eb5bad87bd64f9f80f,1,beliefs_first,4,3,4,4,2012,1,1,50,25,25,35,55,10,5,A,0,2,33,Male,No,PR Sampling,Sampling
3d52f30c5444e2d873b3a47d,1,choice_first,4,2,4,4,637,0.75,1.25,60,5,35,65,5,30,7,B,0,2,41,Male,No,PR Sampling,Sampling
7aba6d972068305ee38db8bc,1,choice_first,5,5,5,5,530,1,0.2,70,30,0,5,5,90,7,A,1,2,43,Male,No,PR Sampling,Sampling
a0a6606a5d475f4d0ddb1c3c,0,beliefs_first,3,1,4,5,823,1.55,1.5,50,3,47,45,3,52,5,B,0,2,46,Female,No,PR Sampling,Sampling
308da1ed8fae7314cb0f0fe1,1,choice_first,4,3,4,4,1566,0.5,1.5,80,10,10,10,10,80,7,B,0,2,50,Male,Yes,PR Sampling,Sampling
1b0bda4d2767fc7d83274905,1,choice_first,4,3,5,5,841,0.75,0.9,45,2,53,45,0,55,7,B,0,2,36,Male,No,PR Sampling,Sampling
43d855930d64e658e938e3da,1,beliefs_first,3,4,3,3,739,1.8,2,0,0,100,0,0,100,7,A,1,2,42,Female,No,PR Sampling,Sampling
60a9a7cfc80308a85c236ceb,1,beliefs_first,4,3,5,5,1369,0.4,1,60,10,30,40,10,50,7,B,0,2,33,Female,DATA_EXPIRED,PR Sampling,Sampling
9a91978ae6a4bbe06de8bb3b,1,choice_first,2,3,4,3,609,0.8,0.6,80,5,15,25,5,70,7,B,0,2,19,Male,DATA_EXPIRED,PR Sampling,Sampling
49505e3df1b6e35981068068,1,beliefs_first,4,4,5,5,440,1,1.2,40,20,40,42,13,45,5,B,1,2,23,Male,Yes,PR Sampling,Sampling
89a4c3deb9d3f8cc7a666f91,1,beliefs_first,4,3,4,4,591,0.8,1.2,38,2,60,38,2,60,5,B,0,2,24,Male,No,PR Sampling,Sampling
036c563c9df9263b66945a47,0,beliefs_first,4,3,4,4,2057,1.75,1,30,60,10,15,25,60,5,B,0,2,56,Male,No,PR Sampling,Sampling
d4a4779dc4c14f4fae8ef416,1,beliefs_first,3,2,4,2,1170,1,1,50,9,41,41,9,50,6,A,1,2,33,Male,No,PR Sampling,Sampling
676aad587dd0afc943cd14a9,0,choice_first,4,3,4,4,1140,1.1,1,50,2,48,50,2,48,7,A,0,2,32,Male,No,PR Sampling,Sampling
298fd661592e4bde31e39a96,1,beliefs_first,4,3,4,3,749,0.93,0.9,50,2,48,48,2,50,7,A,0,2,34,Male,No,PR Sampling,Sampling
d748c920d54faf8efd7b363c,0,beliefs_first,4,2,5,4,916,1,0.8,80,1,19,80,1,19,5,B,1,2,53,Male,No,PR Sampling,Sampling
17402f438fee8e1938c940b8,1,choice_first,3,2,5,3,765,1,1.04,45,5,50,40,10,50,7,B,0,2,23,Female,DATA_EXPIRED,PR Sampling,Sampling
b9e731dbea09dc00beb84c4f,1,beliefs_first,2,1,4,4,618,1,1,40,10,50,10,20,70,5,B,0,2,37,Female,DATA_EXPIRED,PR Sampling,Sampling
5136a806f076a3fc6f435a55,1,beliefs_first,4,3,4,4,1437,1,1.2,40,5,55,40,5,55,6,A,1,2,28,Female,No,PR Sampling,Sampling
aff0487e9f56c2c40f642ba4,1,beliefs_first,3,4,4,5,656,1.2,1.24,50,0,50,50,0,50,7,B,0,2,36,Female,No,PR Sampling,Sampling
9cb787ce960d6bac36743962,1,choice_first,2,2,4,4,672,0.8,1,45,5,50,45,5,50,6,B,0,2,33,Male,No,PR Sampling,Sampling
472e296b56b54f51f28fa451,1,choice_first,4,4,4,2,748,0.4,0.5,60,20,20,50,25,25,4,A,1,2,28,Male,No,PR Sampling,Sampling
ccf8c9b2c6ea763314413af4,0,beliefs_first,4,2,5,3,1212,1.3,1.2,40,5,55,35,5,60,4,B,1,2,27,Female,DATA_EXPIRED,PR Sampling,Sampling
319ff2ca0648b0c1a8f3dd2b,1,choice_first,5,4,4,5,363,1.3,1.34,40,10,50,25,10,65,7,A,0,2,38,Male,No,PR Sampling,Sampling
b6db1668d86c040150943cd5,1,choice_first,3,2,4,4,650,0.5,0.8,80,0,20,70,0,30,5,A,1,2,37,Female,No,PR Sampling,Sampling
520d12815152e2d4ed129f3c,1,choice_first,2,2,4,4,1247,0.7,0.9,50,5,45,45,5,50,6,B,1,2,31,Male,DATA_EXPIRED,PR Sampling,Sampling
be4fa0542b2c7754a166b8a0,1,beliefs_first,4,3,3,2,678,1.4,1.2,30,10,60,30,10,60,7,A,1,2,30,Male,No,PR Sampling,Sampling
52c049e13ae25030c3269e33,1,choice_first,3,3,2,4,729,0.8,1.1,40,0,60,35,5,60,6,B,0,2,39,Male,No,PR Sampling,Sampling
c6264475d2dd8964db157302,1,choice_first,4,3,5,5,405,1.4,1,20,10,70,10,10,80,7,A,0,2,34,Male,No,PR Sampling,Sampling
f00dbce25c14fe24db90fce0,1,choice_first,4,2,2,2,582,1.4,1.8,25,10,65,20,25,55,7,B,0,2,30,Female,No,PR Sampling,Sampling
9c77930b682424a7513af687,1,choice_first,4,4,4,3,1929,0.5,1.5,30,40,30,35,35,30,7,A,0,2,49,Male,Yes,PR Sampling,Sampling
26b404f4d1c227ec04184ca7,0,beliefs_first,5,2,4,3,1731,0.8,0.84,60,2,38,58,2,40,7,A,0,2,30,Male,No,PR Sampling,Sampling
2adf9aeac53ce0ab1527d0b3,1,beliefs_first,1,3,5,3,1397,1,1,53,1,46,46,1,53,7,B,1,2,46,Male,No,PR Sampling,Sampling
64ba0a6c7d2b1072045f779d,1,choice_first,4,4,3,3,453,1,1,40,10,50,45,10,45,7,A,1,2,25,Male,No,PR Sampling,Sampling
498662dfb2b341b920b6c3ba,1,choice_first,3,2,5,5,488,0.5,1.5,80,15,5,10,60,30,7,B,1,2,39,Male,DATA_EXPIRED,PR Sampling,Sampling
19c4afe5d0eaf15a89f45c8f,0,choice_first,3,1,4,4,533,0.9,1.1,25,5,70,25,5,70,5,A,1,2,34,Female,No,PR Sampling,Sampling
79fdbdb0863a63ade23cdad4,1,beliefs_first,4,4,4,4,631,0.5,0.8,75,10,15,20,15,65,7,B,1,2,19,Male,Yes,PR Sampling,Sampling
773ba795ec274a5e063583e8,1,choice_first,4,1,3,3,1794,1,1,40,10,50,40,10,50,7,B,1,2,64,Female,DATA_EXPIRED,PR Sampling,Sampling
dcac648e3863024ca00fd698,1,beliefs_first,4,5,4,4,666,0.8,1,60,0,40,42,2,56,5,B,1,2,55,Male,No,PR Sampling,Sampling
aadf399e8985c78926bb7e70,1,beliefs_first,4,2,5,5,997,0.87,0.65,82,1,17,78,1,21,7,B,1,2,18,Male,Yes,PR Sampling,Sampling
4b5bb459863ed4f8a463d188,1,beliefs_first,3,2,3,3,585,0.5,1,90,0,10,60,5,35,7,A,0,2,32,Male,No,PR Sampling,Sampling
ae68b5286c7e832541d26406,1,beliefs_first,3,4,5,5,659,1.2,1.4,50,5,45,45,5,50,6,A,1,2,19,Male,Yes,PR Sampling,Sampling
95ecf9f8d0eea9a93c4cbb01,1,choice_first,4,3,4,4,478,1,1.04,48,4,48,44,4,52,6,B,0,2,22,Male,Yes,PR Sampling,Sampling
152b209127749272bdc264fb,1,choice_first,3,4,5,5,440,1,1,45,9,46,45,9,46,2,B,1,2,33,Male,DATA_EXPIRED,PR Sampling,Sampling
78c01836a42c2a0b66dcf850,1,beliefs_first,2,1,3,3,1120,1.4,1.6,15,10,75,10,5,85,5,B,1,2,60,Male,DATA_EXPIRED,PR Sampling,Sampling
8659c416b2c84127341b7bed,1,choice_first,3,4,4,3,857,1.05,1.1,40,10,50,35,10,55,7,A,0,2,41,Male,No,PR Sampling,Sampling
23e32e9e6df608e23c10b0e4,1,beliefs_first,3,4,4,3,1284,123,1.3,28,0,72,22,0,78,6,A,0,2,63,Female,No,PR Sampling,Sampling
95ef2e3876bcf11db782823d,1,choice_first,4,3,5,4,749,1,1.2,30,10,60,25,0,75,5,B,1,2,53,Male,No,PR Sampling,Sampling
43f9355814b73087e3f65445,1,beliefs_first,2,3,3,2,725,1,1.04,20,0,80,15,0,85,7,B,0,2,40,Male,No,PR Sampling,Sampling
61441ae4f20c4843d9e00247,0,choice_first,5,2,4,4,747,1,1,50,0,50,50,0,50,5,B,0,2,38,Male,No,PR Sampling,Sampling
c22113e61f6126ed824b8550,0,choice_first,4,3,4,2,947,1.3,1.26,20,2,78,25,10,65,2,A,0,2,39,Male,No,PR Sampling,Sampling
caf42801a963d09ad2ea8948,1,choice_first,3,3,4,3,1274,1.2,0.3,20,20,60,40,30,30,6,B,1,2,35,Male,DATA_EXPIRED,PR Sampling,Sampling
5eef99eb2fdf9b0c447b272e,1,choice_first,4,3,4,5,974,1,1.2,40,5,55,30,5,65,6,A,0,2,49,Male,No,PR Sampling,Sampling
a47a325e95638d016c679c4e,0,beliefs_first,3,4,4,4,452,0.93,0.97,52,1,47,49,1,50,5,A,0,2,22,Male,No,PR Sampling,Sampling
0d05ec1eacfaab87031f8777,1,choice_first,2,3,4,4,677,1.1,1.4,50,20,30,30,20,50,5,B,1,2,43,Male,DATA_EXPIRED,PR Sampling,Sampling
0ff12f90094e66ba246e754a,0,beliefs_first,3,3,3,3,1316,1,1,40,30,30,40,30,30,4,A,0,2,23,Male,Yes,PR Sampling,Sampling
119a0d4522309ede7c9464c2,1,choice_first,3,4,4,4,547,1.4,0.8,65,15,20,25,25,50,6,A,1,2,32,Female,No,PR Sampling,Sampling
b01294862d7636f8a91489f0,1,beliefs_first,4,3,4,4,597,1.5,1,50,0,50,20,0,80,7,B,1,2,46,Female,No,PR Sampling,Sampling
27d0a6dee1d0a9cde374804b,1,beliefs_first,3,2,4,4,864,0.88,0.92,70,10,20,70,10,20,6,A,0,2,33,Female,No,PR Sampling,Sampling
98f3b7b42aab77d6cd4adb6a,0,beliefs_first,3,2,4,5,1054,0.8,0.8,56,4,40,56,4,40,4,A,1,2,32,Male,No,PR Sampling,Sampling
907e8d1d0b67c3f2c071919a,1,beliefs_first,2,4,5,2,754,0.9,1,55,1,44,45,1,54,4,A,0,2,35,Male,Yes,PR Sampling,Sampling
50f1f3218b639fd30e00bb6a,1,choice_first,2,3,4,4,565,1,1.2,60,10,30,50,0,50,6,A,1,2,23,Female,No,PR Sampling,Sampling
67ff8463260741f340688099,0,choice_first,2,3,5,3,1144,1,1.5,40,20,40,40,20,40,1,B,1,2,48,Female,Yes,PR Sampling,Sampling
6da578097a0becbced102a12,1,beliefs_first,4,3,5,2,688,1,1,49.75,0.5,49.75,49.75,0.5,49.75,4,B,0,2,36,Male,No,PR Sampling,Sampling
0c451dbe1deef0b2c56e4146,0,choice_first,4,3,4,4,975,1,1,50,10,40,40,10,50,6,B,1,2,61,Male,No,PR Sampling,Sampling
abf5903a4f44208c0259d9c2,1,beliefs_first,5,5,5,5,642,2,1,30,40,30,20,40,40,7,B,0,2,22,Male,No,PR Sampling,Sampling
9f51baaf24e1f3a2f7b0aa77,1,choice_first,3,3,4,2,714,1,1.1,30,10,60,25,10,65,4,A,1,2,39,Male,No,PR Sampling,Sampling
1bd42b3310028dacea63941d,1,beliefs_first,2,4,4,4,565,0.85,0.95,40,1,59,30,1,69,7,A,0,2,48,Male,No,PR Sampling,Sampling
13899b05289a6d982a42d75e,1,beliefs_first,4,3,4,5,954,1.1,1.3,45,4,51,36,4,60,7,A,1,2,34,Female,No,PR Sampling,Sampling
4f2fd2d6df30e8ca39b261ab,1,choice_first,3,3,3,4,641,0.8,1,40,1,59,40,1,59,6,A,1,2,18,Male,DATA_EXPIRED,PR Sampling,Sampling
2cf8f39b39020aef35aefdb6,1,beliefs_first,2,2,4,4,918,1.25,1.25,40,20,40,40,10,50,6,A,0,2,49,Female,No,PR Sampling,Sampling
307b8287f4cb57dc6d716b68,1,choice_first,2,3,5,5,1285,0.7,1,80,0,20,65,0,35,5,A,1,2,19,Male,Yes,PR Sampling,Sampling
4f8cf2c6592cf99f638494ff,1,beliefs_first,4,4,5,5,543,0.9,1.1,25,2,73,30,1,69,7,A,0,2,31,Male,No,PR Sampling,Sampling
62192e6ec87dd91cb626db61,1,choice_first,3,2,4,4,474,1.4,1.6,50,40,10,10,40,50,6,B,1,2,36,Female,No,PR Sampling,Sampling
69883f38905ad24655c4fb16,0,choice_first,3,3,4,4,541,1,1,25,50,25,25,50,25,7,A,1,2,31,Female,No,PR Sampling,Sampling
7803d761c8809f142a52b87b,1,beliefs_first,4,3,5,5,469,0.8,0.76,70,10,20,72,5,23,6,A,1,2,26,Male,No,PR Sampling,Sampling
342b24a5caa3dd37e1a4a1ef,0,choice_first,5,5,5,5,441,1,1.1,40,10,50,45,10,45,5,A,1,2,19,Male,DATA_EXPIRED,PR Sampling,Sampling
593224192e20c427599ba6f8,1,choice_first,3,3,4,3,574,0.8,1.2,80,0,20,20,0,80,7,B,1,2,40,Male,DATA_EXPIRED,PR Sampling,Sampling
2aae45d18cddf1f74e961ac3,1,beliefs_first,3,2,3,3,501,1.4,1.2,50,0,50,46,0,54,7,A,1,2,27,Male,No,PR Sampling,Sampling
5826192f8e4db2c6d022929d,1,choice_first,4,2,5,4,683,1.8,1.9,30,2,68,21,1,78,7,A,1,2,36,Male,No,PR Sampling,Sampling
e81eb237aad6de338bbe2b23,1,beliefs_first,4,2,3,2,766,1,1,5,0,95,20,5,75,3,A,1,2,35,Female,DATA_EXPIRED,PR Sampling,Sampling
cc366d007afea4036162c8b4,1,beliefs_first,3,2,5,3,723,1.5,1.8,20,10,70,20,10,70,6,B,0,2,28,Female,No,PR Sampling,Sampling
ac1b5c46048dacc568033348,0,choice_first,3,3,5,5,750,1,1,49.5,1,49.5,49.5,1,49.5,4,A,1,2,30,Male,No,PR Sampling,Sampling
94bf18be94127f92237a67e1,1,choice_first,3,2,4,2,854,1,2,60,30,10,30,30,40,6,B,0,2,39,Male,No,PR Sampling,Sampling
efa0255b4c69e99e2e720adf,0,choice_first,3,3,4,5,822,0.58,0.6,50,0,50,60,5,35,7,A,0,2,33,Male,No,PR Sampling,Sampling
b77e4e64f4ba5e1c1bcd12c0,0,choice_first,4,4,4,5,924,1.1,1,50,0,50,50,0,50,5,A,0,2,61,Male,No,PR Sampling,Sampling
152dec86cc7afc489acb7b18,0,beliefs_first,3,3,4,3,1010,1.1,0.9,10,40,50,20,40,40,4,A,0,2,51,Female,No,PR Sampling,Sampling
cad3b2cfdb432560dcbcbe79,1,choice_first,4,3,3,2,994,1.5,1.54,5,10,85,0,0,100,6,A,0,2,28,Male,DATA_EXPIRED,PR Sampling,Sampling
b882cddc9e99d3b701f0fbf9,1,beliefs_first,3,2,4,4,1147,1,1,10,80,10,10,80,10,4,B,1,2,54,Male,No,PR Sampling,Sampling
65af1533df45323ec8d818e4,1,beliefs_first,3,2,5,5,1460,1.3,1.34,15,5,80,13,7,80,5,B,0,2,27,Female,No,PR Sampling,Sampling
ec112a79576f8f9d1de82e29,0,choice_first,3,3,4,4,508,1.46,1.5,45,5,50,45,5,50,5,B,0,2,32,Male,No,PR Sampling,Sampling
f5521215dc1b1b7c8a67c74c,1,beliefs_first,2,2,4,4,529,1,1.1,40,0,60,40,10,50,6,B,0,2,22,Female,Yes,PR Sampling,Sampling
fd05a56991181a45f0994275,1,choice_first,4,5,4,4,624,1,1.2,25,25,50,10,30,60,7,A,0,2,56,Male,DATA_EXPIRED,PR Sampling,Sampling
829c9d4fae2b449202754b47,1,choice_first,3,3,4,2,637,1.2,1,50,0,50,50,0,50,7,A,0,2,45,Male,No,PR Sampling,Sampling
e364fa9d77e9ff2a1fea818a,1,choice_first,2,4,4,4,603,0.2,1.8,60,0,40,20,20,60,7,A,1,2,29,Male,DATA_EXPIRED,PR Sampling,Sampling
2cebbf2d7a70af73cb1f3c7a,1,beliefs_first,3,3,4,4,694,1.2,0.8,60,5,35,45,0,55,6,A,1,2,69,Male,No,PR Sampling,Sampling
48064ead740a5015fe0f6a8c,1,beliefs_first,2,3,4,4,691,0.8,1.2,40,10,50,30,20,50,7,A,1,2,42,Male,No,PR Sampling,Sampling
af58da624c09cb1310c1659d,1,beliefs_first,4,4,5,4,666,1,1,45,10,45,45,10,45,6,A,1,2,34,Male,No,PR Sampling,Sampling
9585434abdc4b6ecd79cf857,1,beliefs_first,3,2,4,4,678,1,1.04,40,5,55,35,5,60,7,B,0,2,53,Male,No,PR Sampling,Sampling
97a9b346a7c070df00912987,1,choice_first,4,4,4,4,904,1.15,1.1,80,5,15,70,5,25,6,A,0,2,39,Male,No,PR Sampling,Sampling
23a3815d919d2bbfe762bffd,0,choice_first,4,4,4,4,851,0.1,2,40,1,59,42,1,57,4,A,0,2,48,Female,No,PR Sampling,Sampling
25c38298eaf959c22790479f,1,beliefs_first,4,2,3,2,788,1.2,1.24,50,0,50,45,0,55,6,B,0,2,63,Female,DATA_EXPIRED,PR Sampling,Sampling
6f45e561d277d2f21b55409d,1,beliefs_first,2,3,5,5,524,1.1,1.2,40,5,55,30,5,65,6,B,1,2,39,Male,No,PR Sampling,Sampling
a30f1a208d92b22e791dd099,1,choice_first,4,2,4,3,524,0.8,1.2,50,0,50,50,0,50,7,A,0,2,54,Male,No,PR Sampling,Sampling
45e6598c807da90440da8929,1,choice_first,4,3,4,4,863,1.4,1.2,30,10,60,25,10,65,6,B,1,2,35,Male,No,PR Sampling,Sampling
e4d8de136f3f396788b6a200,1,choice_first,1,3,4,4,993,1,2,60,20,20,40,25,35,4,A,1,2,78,Female,No,PR Sampling,Sampling
a15a31693b6e325bc5981c0e,0,beliefs_first,4,2,4,3,682,1.4,1.3,20,10,70,30,10,60,3,A,0,2,29,Female,No,PR Sampling,Sampling
d53efff7d5cbafb4f14020b7,1,choice_first,3,3,5,5,722,1,1.04,50,0,50,45,0,55,5,A,0,2,52,Male,No,PR Sampling,Sampling
f7bdb3a38b2d4f5bc027b8fb,0,beliefs_first,1,3,4,4,977,2,2,20,0,80,20,0,80,6,A,1,2,49,Female,No,PR Sampling,Sampling
cca97a78118dc01423037129,1,choice_first,2,1,4,4,1039,2,2,45,10,45,35,10,55,6,B,1,2,42,Male,No,PR Sampling,Sampling
8016614d5a1f6488cdead560,1,beliefs_first,4,3,4,4,839,1.5,1.5,49,1,50,49,1,50,5,B,1,2,0,Female,No,PR Sampling,Sampling
46a8a78dfd40cff13c06fb9e,1,beliefs_first,2,3,5,3,639,1.2,0.4,80,0,20,10,0,90,7,B,1,2,31,Male,DATA_EXPIRED,PR Sampling,Sampling
c2fdd8cd489fc44c45f8b64c,1,choice_first,3,1,4,4,990,1,1,45,10,45,45,10,45,7,B,1,2,33,Male,No,PR Sampling,Sampling
4d6698dfbd712178f94ea085,1,beliefs_first,5,4,4,5,787,1.1,1.2,40,10,50,40,10,50,6,A,0,2,55,Male,DATA_EXPIRED,PR Sampling,Sampling
2967623c155dfeb3a5580838,1,choice_first,4,1,5,5,575,1,1.1,65,15,20,45,25,30,7,B,1,2,41,Female,No,PR Sampling,Sampling
aa5abee36c23f4d073f08e43,0,beliefs_first,4,2,4,4,1078,1,1,45,5,50,50,5,45,6,A,1,2,50,Male,No,PR Sampling,Sampling
3ae3e6cceb89352d373f3c0a,1,choice_first,4,4,3,4,772,0.8,1,40,2,58,30,2,68,7,B,0,2,29,Male,No,PR Sampling,Sampling
8f271b82b5a3925fe8e5096c,1,choice_first,2,2,3,3,1153,0.8,0.9,90,1,9,90,1,9,6,B,1,2,35,Male,No,PR Sampling,Sampling
79966d521ee8dca5075d0b65,1,choice_first,3,3,4,4,833,0.9,1,35,35,30,33,33,34,6,A,1,2,25,Male,No,PR Sampling,Sampling
7529ffc62f0b77e44653361f,1,choice_first,4,4,5,3,592,0.8,1.5,60,0,40,30,0,70,7,B,0,2,42,Female,No,PR Sampling,Sampling
34616e2c5f11f4fcd5c1a463,1,beliefs_first,1,4,5,4,786,1.2,1.3,46,2,52,44,2,54,7,A,0,2,45,Female,DATA_EXPIRED,PR Sampling,Sampling
b8f22969993f0d04085278b6,1,choice_first,4,2,4,3,1398,0.8,0.9,45,10,45,45,10,45,4,B,0,2,51,Female,No,PR Sampling,Sampling
4aa6ed4c95cc495939c03a7c,1,choice_first,4,2,5,4,472,1.4,1.6,30,0,70,30,0,70,7,A,1,2,22,Male,Yes,PR Sampling,Sampling
42640d9056055ab9079b2184,0,choice_first,2,3,4,4,806,0.84,0.8,80,0,20,75,0,25,5,B,0,2,55,Female,No,PR Sampling,Sampling
7c3d8ac575d0772d18027124,1,beliefs_first,2,2,4,4,1580,0.8,0.9,60,20,20,60,20,20,6,B,0,2,22,Female,No,PR Sampling,Sampling
d0ea2b1718055b454a070ab3,1,beliefs_first,4,3,4,4,577,0.8,120,70,10,20,30,10,60,5,B,0,2,42,Female,No,PR Sampling,Sampling
5c080b115ea001dbefc8051d,1,beliefs_first,4,2,4,2,852,1,1.04,50,0,50,50,0,50,5,A,0,2,59,Male,No,PR Sampling,Sampling
824ceb8da1d9b3ceb4fbc5f4,1,beliefs_first,3,3,4,2,1560,1,2,45,10,45,45,5,50,6,A,1,2,35,Female,No,PR Sampling,Sampling
02c7a6b646b2720b4209caea,1,beliefs_first,3,4,4,3,956,0.9,1,50,2,48,50,2,48,6,A,0,2,28,Female,Yes,PR Sampling,Sampling
46cf423d075d7f18b6b6eb9b,1,choice_first,4,4,3,4,499,0.8,0.82,45,10,45,50,10,40,7,B,0,2,35,Male,DATA_EXPIRED,PR Sampling,Sampling
2188a707b7706ab8f6199d81,1,beliefs_first,3,3,5,5,881,1,1,30,10,60,30,10,60,5,B,0,2,45,Female,DATA_EXPIRED,PR Sampling,Sampling
537e77e0b53446da688a8734,1,choice_first,3,3,4,4,1157,1,1,54,4,42,52,4,44,5,B,0,2,45,Male,No,PR Sampling,Sampling
31fa5614488ff1517b72cc95,0,choice_first,3,5,4,4,555,1,0.8,35,5,60,30,5,65,5,A,1,2,63,Female,No,PR Sampling,Sampling
c3ade0178d9096fedaf570d9,1,beliefs_first,4,2,3,3,614,1,0.98,47,2,51,51,2,47,6,B,0,2,37,Male,DATA_EXPIRED,PR Sampling,Sampling
a237e47cd16e555b5e1d34f5,1,beliefs_first,4,2,3,3,740,1,1,40,50,10,10,50,40,7,A,0,2,54,Female,No,PR Sampling,Sampling
9e7a70f50228cdd607e8849b,1,choice_first,4,4,4,4,536,0.6,1.4,60,20,20,20,20,60,5,A,0,2,54,Male,No,PR Sampling,Sampling
bb33488d5085bbbd61642944,1,choice_first,2,3,4,4,555,1.16,1.2,60,0,40,40,0,60,7,A,0,2,31,Male,No,PR Sampling,Sampling
5aeaec56504992211033337a,0,beliefs_first,4,4,3,4,1489,1,1,0,100,0,0,100,0,1,A,0,2,34,Male,DATA_EXPIRED,PR Sampling,Sampling
3432ebab9440836788ed9409,1,choice_first,3,2,5,5,1741,0.5,1,90,5,5,20,30,50,7,A,0,2,32,Female,DATA_EXPIRED,PR Sampling,Sampling
f141dfd4255ee68da87d75fa,1,beliefs_first,4,4,4,4,897,2,1,50,2,48,40,2,58,7,B,0,2,51,Male,No,PR Sampling,Sampling
60df2df16d2d67d94e1f92c6,0,choice_first,5,3,4,4,733,1.5,1,10,20,70,10,70,20,7,A,1,2,40,Male,No,PR Sampling,Sampling
ab34b8acd148fa91aa493726,1,choice_first,5,3,5,5,1826,1,104,20,10,70,20,10,70,6,A,0,2,27,Female,No,PR Sampling,Sampling
156a1e094fa314c8ce2b5e3e,0,beliefs_first,3,4,5,4,868,1,1,0,25,75,0,25,75,4,A,1,2,44,Male,DATA_EXPIRED,PR Sampling,Sampling
106bd9d30e5934c566d3c5dc,1,beliefs_first,3,3,5,4,989,0,2,50,20,30,30,10,60,6,B,0,2,40,Female,No,PR Sampling,Sampling
6c9dfd28ae5014b31c6fa8fa,1,choice_first,3,1,5,5,1106,1.8,1.4,49,2,49,50,0,50,7,B,0,2,37,Female,DATA_EXPIRED,PR Sampling,Sampling
a58f57503d081548eacc29ac,1,choice_first,4,3,4,3,862,1.1,1.2,10,10,80,10,10,80,6,A,1,2,57,Male,No,PR Sampling,Sampling
ad9207910f4d4a45c67c3e7b,1,choice_first,4,3,5,5,707,1.2,1,49,2,49,48,2,50,5,A,1,2,42,Female,No,PR Sampling,Sampling
8750cf6b5fb093a10491d06f,1,choice_first,3,3,4,3,1869,1.44,1.4,20,0,80,20,0,80,6,B,0,2,DATA_EXPIRED,Male,No,PR Sampling,Sampling
08b4e8899d796956d8a5d6b1,1,beliefs_first,4,3,3,3,699,0.8,1.2,65,20,15,20,25,55,7,B,1,2,23,Male,Yes,PR Sampling,Sampling
0b4b7cf8e6dcd904ac2b2bca,1,beliefs_first,3,3,5,5,1092,0.84,1.2,35,5,60,25,10,65,7,B,0,2,23,Female,DATA_EXPIRED,PR Sampling,Sampling
dbd44345d4a8d5fa9961ad0f,1,choice_first,4,4,5,5,750,1,1,49,2,49,49,2,49,2,B,1,2,53,Male,No,PR Sampling,Sampling
2e8f5933813a30ea4b181719,1,choice_first,2,2,4,2,1358,1,1,48,4,48,49,4,47,7,A,0,2,48,Male,No,PR Sampling,Sampling
e1f17e772bc05bda78e21a6c,1,choice_first,3,2,3,5,1116,1,1,30,10,60,20,10,70,4,A,0,2,64,Female,No,PR Sampling,Sampling
078b6fa30dd66be88abe8d58,1,beliefs_first,4,3,4,4,535,0.9,1.1,50,10,40,40,10,50,7,B,1,2,27,Male,No,PR Sampling,Sampling
46d1620143252ad6b46e15c6,1,beliefs_first,3,1,5,4,1162,0.94,0.9,45,45,10,47,47,6,6,B,0,2,52,Female,No,PR Sampling,Sampling
719175b425bf1600925f625b,1,beliefs_first,1,5,4,2,1282,0.8,0.7,35,10,55,32,10,58,6,B,1,2,25,Female,No,PR Sampling,Sampling
47cf4effa6c3a005fc281817,1,beliefs_first,4,3,4,2,582,1,1,49,2,49,49,2,49,2,B,1,2,42,Male,DATA_EXPIRED,PR Sampling,Sampling
8bfb5272bc32bda3e2a5d998,1,choice_first,3,3,4,2,681,0.9,1.1,65,5,30,65,5,30,6,A,0,2,59,Female,No,PR Sampling,Sampling
25d1eb206b72d801ccc559c6,1,choice_first,3,3,4,3,632,1,1,45,0,55,55,0,45,7,B,1,2,48,Male,No,PR Sampling,Sampling
3226a06f77fbf2d061d4b771,1,choice_first,4,3,4,4,522,0.9,1.1,40,5,55,40,5,55,5,A,0,2,52,Male,No,PR Sampling,Sampling
c04c8cc734b6a7612927e2e1,1,choice_first,2,3,4,2,590,0.96,1,51,0,49,49,0,51,5,A,0,2,42,Male,DATA_EXPIRED,PR Sampling,Sampling
70001d9bffbc34673fa3b5b2,1,choice_first,1,1,4,4,1359,0.24,0.18,84,2,14,82,2,16,7,B,1,2,98,Female,DATA_EXPIRED,PR Sampling,Sampling
5aafbdac138b4a601f6db3f9,0,beliefs_first,4,4,2,2,638,1,1,0,100,0,0,100,0,4,A,1,2,23,Male,DATA_EXPIRED,PR Sampling,Sampling
55afbefb2d0aa9a42a140c5e,1,beliefs_first,3,3,4,3,888,1,1,49,2,49,49,2,49,2,B,0,2,22,Male,Yes,PR Sampling,Sampling
624757d60698f9e528ac59c0,1,beliefs_first,4,2,4,4,330,1.74,1.88,20,0,80,10,0,90,7,B,0,2,34,Male,No,PR Sampling,Sampling
bd2b65106a04c786066735c8,0,beliefs_first,5,4,4,4,471,1,1,50,0,50,50,0,50,5,B,1,2,27,Male,No,PR Sampling,Sampling
1248723359b314fceda63f1d,0,beliefs_first,2,4,4,4,581,0.8,1,46,8,46,48,4,48,5,B,1,2,45,Male,No,PR Sampling,Sampling
8414833d84bd197117971f21,1,beliefs_first,3,3,4,3,686,0.9,1.1,60,2,38,40,5,55,7,A,0,2,37,Female,No,PR Sampling,Sampling
c1cfda843d5d31f876831c28,1,choice_first,5,4,5,5,1242,0.9,1.1,20,30,50,60,20,20,7,A,1,2,50,Female,Yes,PR Sampling,Sampling
d3f60ae617515c651782aeaf,1,beliefs_first,3,4,5,4,622,1,1.2,47,6,47,44,6,50,6,A,1,2,31,Female,No,PR Sampling,Sampling
a5736efe520e2ad4bc5c9677,1,beliefs_first,2,3,2,2,522,1,1.04,50,5,45,45,5,50,7,A,0,2,24,Female,No,PR Sampling,Sampling
04cd3d681f19347e35046e0d,1,choice_first,1,2,5,4,1616,0,2,90,0,10,10,0,90,7,B,0,2,76,Female,DATA_EXPIRED,PR Sampling,Sampling
f1f1ea8dad05ad5fe5f11243,1,beliefs_first,2,1,4,4,604,1,1.2,35,35,30,10,40,50,7,B,1,2,53,Female,No,PR Sampling,Sampling
833737082244ca5af0efa267,1,choice_first,5,3,4,2,576,1.4,1.2,30,5,65,25,5,70,7,A,1,2,43,Male,DATA_EXPIRED,PR Sampling,Sampling
957126aa71497451ff8460fb,1,choice_first,4,3,5,5,545,1,1.2,40,10,50,35,10,55,5,B,1,2,38,Female,No,PR Sampling,Sampling
a8e21d4c1d36734d31a66c76,1,choice_first,5,4,5,5,457,1.5,1.45,60,10,30,30,0,70,7,B,0,2,38,Male,Yes,PR Sampling,Sampling
7b05bed23b24b15006b29dd4,1,choice_first,2,4,5,4,1246,1.2,1.1,48.75,2.5,48.75,49.75,2.5,47.75,6,A,0,2,24,Male,No,PR Sampling,Sampling
9325a23ed80bc607d423da78,1,choice_first,4,4,4,3,540,0.9,1.1,40,25,35,20,15,65,5,B,0,2,26,Male,No,PR Sampling,Sampling
f81444b8caed93ecc987d96c,1,choice_first,2,1,4,2,909,2,0,99,0,1,1,0,99,4,A,1,2,53,Female,No,PR Sampling,Sampling
4a92114ed22542b8a2a9a933,1,choice_first,4,4,5,5,650,1.1,1,36,9,55,45,0,55,6,A,1,2,31,Male,DATA_EXPIRED,PR Sampling,Sampling
34929e41dcdfa579accb4d4d,1,choice_first,3,2,4,3,343,1.4,1.5,30,10,60,30,10,60,5,B,0,2,33,Male,No,PR Sampling,Sampling
cc1948b4de570b573146b048,1,beliefs_first,3,3,4,4,863,1.36,1.4,60,0,40,60,0,40,6,A,0,2,89,Female,DATA_EXPIRED,PR Sampling,Sampling
a60466db784c1ec1841cf087,1,beliefs_first,4,4,5,5,981,1,1,50,0,50,50,0,50,7,B,1,2,58,Male,DATA_EXPIRED,PR Sampling,Sampling
6e9d1621a4346982f14e2097,1,choice_first,4,3,2,3,476,1,1,60,10,30,60,10,30,5,B,1,2,33,Male,No,PR Sampling,Sampling
ae0111914e086cd87bb4e8b2,1,choice_first,3,3,4,4,563,1,1.5,50,25,25,25,25,50,5,A,0,2,28,Female,Yes,PR Sampling,Sampling
9f739eb6575e1b1f0ca49624,1,choice_first,4,3,4,3,715,1,1,48,4,48,48,4,48,7,A,1,2,61,Male,No,PR Sampling,Sampling
dd87a9cd4d7777685ca0d175,1,beliefs_first,3,2,4,3,837,0.9,0.7,60,5,35,50,5,45,6,B,1,2,28,Male,No,PR Sampling,Sampling
7adf7b5871e9c85e668d82c9,1,beliefs_first,3,3,3,4,458,1.6,1.3,10,20,70,5,15,80,7,B,0,2,25,Male,No,PR Sampling,Sampling
991016339a7fe4c151edb0b3,0,choice_first,2,1,3,3,1340,1,1,10,20,70,35,20,45,4,B,0,2,36,Female,No,PR Sampling,Sampling
442f220a1d006652fb108e8f,1,beliefs_first,4,3,2,5,685,1.6,1.8,11,0,89,7,2,91,4,B,1,2,67,Female,DATA_EXPIRED,PR Sampling,Sampling
f5efc25139d5725e553b8f66,1,beliefs_first,3,3,4,5,1390,1.5,1.85,46,0,54,46,2,52,6,A,0,2,DATA_EXPIRED,Male,No,PR Sampling,Sampling
062cd858b8b9fc1d97c4b68e,1,choice_first,4,4,4,4,2414,1.05,2,50,30,20,30,20,50,6,A,1,2,50,Male,Yes,PR Sampling,Sampling
c4b8bcccc0fd176ced5f5b0b,1,beliefs_first,3,2,4,3,2046,0.5,1.5,90,0,10,75,0,25,6,B,1,2,65,Female,No,PR Sampling,Sampling
a68660ecce382982dc1e951b,1,beliefs_first,2,4,3,2,632,1,1,50,5,45,45,5,50,6,A,0,2,42,Male,No,PR Sampling,Sampling
40d9c1117726d3f7df86a371,1,choice_first,3,2,5,5,959,1,1,35,10,55,45,10,45,5,A,1,2,48,Male,DATA_EXPIRED,PR Sampling,Sampling
d1bfb2945b4b499ff4c18bf0,1,beliefs_first,4,3,5,5,1900,1.09,1.05,49,0,51,51,0,49,7,B,0,2,66,Male,No,PR Sampling,Sampling
7d12defa7bd3ae8f8fe4448b,1,choice_first,4,2,5,5,688,1,2,45,45,10,25,50,25,7,B,1,2,32,Male,No,PR Sampling,Sampling
c912648bcb33074656cdb103,1,beliefs_first,4,4,4,3,989,0.94,0.98,60,10,30,55,10,35,7,B,0,2,60,Female,No,PR Sampling,Sampling
9dca11b511fd74407c66f8c4,0,beliefs_first,2,2,1,1,438,1,2,25,35,40,45,15,40,5,A,1,2,37,Female,No,PR Sampling,Sampling
20b878a1c871d884e69976d9,1,beliefs_first,5,3,3,4,932,1,1,50,25,25,25,25,50,7,A,0,2,21,Male,Yes,PR Sampling,Sampling
165fa7faf88e01016c5ec939,0,beliefs_first,4,2,3,3,469,1.6,1.2,5,0,95,5,0,95,6,B,1,2,48,Female,No,PR Sampling,Sampling
1a156df23004bf52ab1dfb45,1,choice_first,5,4,3,2,732,0.8,1,50,5,45,45,5,50,7,B,0,2,44,Male,No,PR Sampling,Sampling
eca9803a4a219547f111967d,1,beliefs_first,3,4,4,4,685,1.36,1.4,50,0,50,50,0,50,7,B,0,2,62,Male,No,PR Sampling,Sampling
996e0f9dcc7fdb24a787cbaa,1,choice_first,4,5,4,5,626,0.9,1,25,5,70,25,10,65,6,B,1,2,33,Male,DATA_EXPIRED,PR Sampling,Sampling
650b34d4e3846283b9281b07,1,beliefs_first,4,3,4,3,1002,0.96,1,40,10,50,40,10,50,6,A,0,2,46,Male,No,PR Sampling,Sampling
bb2a8271913667e2d5a528b5,1,beliefs_first,4,4,4,4,778,0.82,0.71,75,1,24,70,1,29,6,A,1,2,56,Male,No,PR Sampling,Sampling
a5f81965f50c846331211fff,0,choice_first,4,4,5,3,751,2,2,46,8,46,46,8,46,6,B,0,2,48,Male,No,PR Sampling,Sampling
2331dc010b691d13edb64608,1,beliefs_first,4,3,4,3,637,0.64,0.84,40,20,40,30,30,40,6,A,1,2,42,Female,No,PR Sampling,Sampling
f80f450875455555b1e79fbb,1,choice_first,2,1,5,5,556,1,1.2,45,5,50,50,5,45,6,A,1,2,41,Female,No,PR Sampling,Sampling
7fe7be5e6dcbdb56e3355920,1,beliefs_first,4,3,4,4,634,0,0,40,20,40,45,15,40,6,A,0,2,42,Female,Yes,PR Sampling,Sampling
61dd312370f1c9a2eae4abe6,1,beliefs_first,4,2,3,4,466,0.8,1,49,2,49,49,2,49,7,A,1,2,37,Male,DATA_EXPIRED,PR Sampling,Sampling
2428cd76c96a82667e36e9b9,1,beliefs_first,4,4,5,5,568,1.12,1.08,35,5,60,33,2,65,7,B,0,2,27,Male,No,PR Sampling,Sampling
00dc6d2e8b094a2ef7195520,1,beliefs_first,2,1,3,3,777,0.75,0.9,15,10,75,12,10,78,7,A,0,2,33,Female,No,PR Sampling,Sampling
eebcc6771c60553700b56d58,1,choice_first,2,4,5,4,649,1,0.8,50,5,45,60,5,35,6,B,1,2,49,Female,DATA_EXPIRED,PR Sampling,Sampling
a3df421bfd16364bb2eb9eda,1,choice_first,4,3,4,4,894,1.1,1.4,30,10,60,10,10,80,7,A,0,2,36,Female,No,PR Sampling,Sampling
16d2fb25ab11cecf5da7383b,1,choice_first,4,2,4,5,513,0.9,0.94,50,10,40,45,12,43,7,B,0,2,25,Male,No,PR Sampling,Sampling
d7fc3787110ccd0e327e16a4,1,beliefs_first,2,3,4,3,949,0.9,1.1,40,15,45,30,20,50,3,B,0,2,36,Male,DATA_EXPIRED,PR Sampling,Sampling
f98d16a651db685a8e2605a7,1,beliefs_first,5,2,5,5,756,1,1.2,30,10,60,30,10,60,5,B,1,2,36,Female,DATA_EXPIRED,PR Sampling,Sampling
9f3afa5b8ffbedae2556244d,0,choice_first,4,3,4,4,1242,1.1,0.9,25,15,60,45,10,45,5,B,0,2,45,Male,No,PR Sampling,Sampling
ebaf766400a22d6549125556,1,choice_first,3,4,3,2,615,0.8,0.9,70,1,29,60,1,39,7,B,0,2,28,Male,Yes,PR Sampling,Sampling
396e4b23b9bade3d0e4e8a14,1,choice_first,4,2,5,4,1334,1,1,20,50,30,15,15,70,6,A,0,2,33,Female,No,PR Sampling,Sampling
e36f903b1e12a85ba0493e18,1,choice_first,4,3,4,3,2295,0.8,1,58,4,38,48,4,48,2,B,1,2,25,Male,No,PR Sampling,Sampling
976537b2426cbc92993dd7c1,1,choice_first,4,3,4,4,2464,0.8,1.2,50,0,50,0,40,60,5,B,0,2,26,Male,Yes,PR Sampling,Sampling
d8910196ae9591e1e8c51531,1,beliefs_first,5,4,4,5,892,1,1.04,48,4,48,44,2,54,6,A,0,2,46,Male,DATA_EXPIRED,PR Sampling,Sampling
813416620beabac2e4c41733,1,beliefs_first,3,2,5,5,575,1.6,1.8,30,20,50,20,10,70,7,B,1,2,34,Female,DATA_EXPIRED,PR Sampling,Sampling
10071cc95095217e76dba04a,1,choice_first,3,4,3,3,455,2,2,80,10,10,50,10,40,4,B,0,2,54,Male,No,PR Sampling,Sampling
8f94c415e2bbac00e075bbe3,1,beliefs_first,4,2,3,3,962,1,1,48,4,48,48,1,51,5,B,1,2,31,Male,No,PR Sampling,Sampling
d4bcc9f801259afd1512bccd,1,choice_first,2,3,3,4,642,1.05,1,60,0,40,35,0,65,7,B,1,2,62,Female,No,PR Sampling,Sampling
61d795cb81575b60a6ecd4c2,0,beliefs_first,3,4,3,2,626,1.2,1.24,30,30,40,30,30,40,7,A,0,2,51,Male,DATA_EXPIRED,PR Sampling,Sampling
4eea2ef42e4fd516af6e6f06,1,beliefs_first,5,3,4,5,906,1.4,1.5,30,10,60,20,10,70,7,A,0,2,24,Male,Yes,PR Sampling,Sampling
7d9c07b19a9f9fa2189545ff,1,choice_first,4,3,5,5,641,1.4,1.6,20,15,65,10,15,75,7,B,1,2,33,Female,No,PR Sampling,Sampling
3edf6759321ca86ab904e80c,1,beliefs_first,3,4,4,4,412,1.1,1,33,3,64,27,3,70,6,A,1,2,22,Female,Yes,PR Sampling,Sampling
5e89c6ec9da0f5618c57df3f,1,beliefs_first,4,2,5,5,719,0.4,1,65,10,25,60,10,30,7,B,1,2,46,Male,No,PR Sampling,Sampling
8b7043ace84ab49e6b5a1e05,1,beliefs_first,3,2,4,3,1468,1,1,47,2,51,44,1,55,5,A,1,2,65,Male,No,PR Sampling,Sampling
cf1e1cdcb343c0f77d57a09f,1,beliefs_first,3,2,4,4,855,1.2,1,50,2,48,51,2,47,6,A,1,2,38,Female,DATA_EXPIRED,PR Sampling,Sampling
30100823ee9431596cad5d43,1,choice_first,5,2,3,2,519,1.3,1.6,30,5,65,20,5,75,7,B,1,2,43,Female,Yes,PR Sampling,Sampling
e925a1f0a6d2bae2a31d01cc,1,choice_first,2,4,2,5,542,0.98,1.02,48,4,48,48,4,48,7,B,0,2,21,Male,DATA_EXPIRED,PR Sampling,Sampling
57d308623ba3394327089359,0,choice_first,2,2,3,2,1247,2,2,91,0,9,9,0,91,5,B,1,2,58,Female,No,PR Sampling,Sampling
4d2bbd0bb056c882833eb82c,1,beliefs_first,2,1,3,5,935,0.8,1,48,48,4,48,48,4,7,B,1,2,32,Male,No,PR Sampling,Sampling
8d7cac4e3962aef09612acdb,0,beliefs_first,4,1,4,4,973,1.3,1,35,0.5,64.5,49.5,0.5,50,7,B,1,2,31,Male,No,PR Sampling,Sampling
99d10089294401b3df354db3,1,beliefs_first,4,3,4,4,452,1,1.1,30,10,60,20,10,70,5,A,1,2,31,Male,No,PR Sampling,Sampling
9fbf0dbafc624a68414c649a,1,beliefs_first,4,3,4,2,1014,0.02,0.04,98,0,2,2,0,98,2,A,0,2,64,Female,No,PR Sampling,Sampling
f1c2d55320c3dd7443df2739,0,choice_first,3,3,4,4,1073,1.2,0.8,25,30,45,45,25,30,4,B,0,2,22,Female,DATA_EXPIRED,PR Sampling,Sampling
088d834d1176ce093addc6b9,1,beliefs_first,4,2,1,2,585,1.3,1.4,40,10,50,40,10,50,5,A,0,2,24,Male,No,PR Sampling,Sampling
ee328da755bccd335ec5b70b,1,choice_first,5,4,3,3,521,0.9,1,50,30,20,15,35,50,6,B,1,2,27,Male,No,PR Sampling,Sampling
fcdbf0b59ed6088656bb3a61,0,choice_first,4,5,3,3,809,1.2,1.4,40,40,20,40,40,20,5,A,1,2,21,Female,DATA_EXPIRED,PR Sampling,Sampling
5788dc7d7edf6bb30b220150,1,choice_first,2,3,4,4,615,1.3,0.8,60,20,20,20,20,60,7,A,0,2,65,Male,No,PR Sampling,Sampling
b95b290b69efd79617f6ee95,0,choice_first,3,3,4,2,836,1.4,1.3,75,0,25,40,0,60,4,B,0,2,62,Male,No,PR Sampling,Sampling
b817deedb9f1818965eb35d3,0,choice_first,5,1,5,5,609,0.5,1,30,20,50,50,10,40,4,B,0,2,31,Female,No,PR Sampling,Sampling
8f51b6f70e0189ec23fc16a9,1,beliefs_first,4,3,2,2,1068,0.95,0.85,45,5,50,40,5,55,5,A,1,2,43,Male,No,PR Sampling,Sampling
422cd8aa06d94a0d1516f980,1,choice_first,5,4,3,2,827,0.8,1.2,60,20,20,30,10,60,7,B,0,2,55,Male,DATA_EXPIRED,PR Sampling,Sampling
a78811f40693ee781763523f,1,beliefs_first,3,3,5,4,1109,0.8,1,35,25,40,32,25,43,5,B,1,2,37,Male,No,PR Sampling,Sampling
fe73117d331f39081c03ddbb,1,beliefs_first,3,2,3,4,1008,1,1.1,30,10,60,30,0,70,5,A,1,2,31,Female,Yes,PR Sampling,Sampling
69c1bf449037dcc2efceb2ce,1,beliefs_first,2,2,5,4,1439,1.2,1,50,10,40,40,10,50,6,A,1,2,53,Female,No,PR Sampling,Sampling
ddb24fae65ec923337b5a310,1,choice_first,3,2,5,5,1118,1.3,1.26,30,15,55,30,15,55,7,A,0,2,32,Female,No,PR Sampling,Sampling
638d73de8c5e2f93628cd3c4,1,choice_first,3,4,4,4,542,1.2,1.24,20,30,50,20,30,50,7,B,0,2,35,Male,DATA_EXPIRED,PR Sampling,Sampling
2dc10e09abe0c9ca40a914c5,1,choice_first,2,2,4,2,1037,0.9,1,50,20,30,30,30,40,4,B,1,2,48,Female,No,PR Sampling,Sampling
66120c1c8ce3ef6386b02c34,1,beliefs_first,4,2,4,4,439,1,1.6,40,10,50,20,10,70,7,A,1,2,31,Female,DATA_EXPIRED,PR Sampling,Sampling
0de1797b131d0a11b05f078d,0,choice_first,3,4,5,5,783,1,1,52,2,46,50,2,48,6,B,0,2,60,Female,No,PR Sampling,Sampling
2eb8dd9d3eec8792c163fe4b,1,beliefs_first,3,1,5,5,1772,0.85,1,45,9,46,46,9,45,7,B,1,2,40,Female,No,PR Sampling,Sampling
07c62c4a7953d0fcac4e41fc,1,beliefs_first,3,2,5,5,741,1.2,1.4,48,2,50,48,2,50,6,B,1,2,20,Female,Yes,PR Sampling,Sampling
f7a8fda3244ec0c41e102c5f,1,beliefs_first,3,4,5,4,783,1,0.96,60,0,40,60,0,40,7,B,0,2,37,Female,No,PR Sampling,Sampling
78c07144b21fd77dade26ff7,1,choice_first,2,2,4,3,1782,1.05,1.8,40,0,60,15,0,85,3,B,1,2,33,Female,No,PR Sampling,Sampling
085356c47cd40e53aaa4c1f6,1,choice_first,3,3,4,4,4711,0.7,1.7,70,20,10,20,10,70,7,A,1,2,62,Female,No,PR Sampling,Sampling
f1706d1346202723b2f9a9ef,1,choice_first,3,2,4,4,1019,1,1.2,40,20,40,35,20,45,7,A,1,2,38,Female,No,PR Sampling,Sampling
6ce67313af92e2be7fce38ff,1,beliefs_first,2,3,4,4,642,1.05,1.2,48,2,50,40,4,56,6,B,1,2,28,Female,No,PR Sampling,Sampling
333b09e6fff3798319328b47,1,choice_first,3,2,5,4,1075,2,2,0,0,100,0,0,100,6,B,0,2,62,Female,No,PR Sampling,Sampling
a7321f5d2c60bc2ef21aa4b5,1,choice_first,3,3,4,4,496,1.2,1.5,10,10,80,5,10,85,5,A,1,2,26,Female,No,PR Sampling,Sampling
efb271e1b8c9cc68fb5b863b,1,beliefs_first,3,2,5,5,545,0.6,0.64,80,2,18,60,2,38,6,A,1,2,38,Female,DATA_EXPIRED,PR Sampling,Sampling
d9c7fb9c35898723f12e6983,1,beliefs_first,3,3,4,4,511,1.18,1.26,40,5,55,30,5,65,7,B,0,2,44,Female,No,PR Sampling,Sampling
e79882a5da28b9afa855f7aa,0,beliefs_first,4,4,2,2,665,1,1.04,49,2,49,49,2,49,7,A,1,2,50,Female,No,PR Sampling,Sampling
d70325f4018fb1e1838b2671,1,choice_first,2,2,2,2,633,0.9,1,60,0,40,50,0,50,6,A,0,2,44,Female,No,PR Sampling,Sampling
e513027b84a7660eb2a21cd4,1,beliefs_first,5,3,4,4,812,1.4,1.6,30,0,70,30,0,70,7,A,1,2,56,Female,No,PR Sampling,Sampling
847995815f241183194fad47,1,choice_first,4,3,4,3,812,0,2,90,0,10,10,0,90,7,B,1,2,35,Female,DATA_EXPIRED,PR Sampling,Sampling
b308e743355b5c9438cda8b1,1,choice_first,5,3,5,5,411,1.28,1.24,35,5,60,35,5,60,7,A,0,2,20,Female,Yes,PR Sampling,Sampling
69c53a2462f76a0e84a45d77,1,choice_first,1,1,4,2,688,1,0.8,100,0,0,80,10,10,7,B,1,2,52,Female,No,PR Sampling,Sampling
2080f51ecff67e697ddc7146,1,choice_first,4,3,4,5,520,1.2,1.7,30,1,69,28,1,71,7,B,1,2,36,Female,Yes,PR Sampling,Sampling
0c35b17a1a1b0f5836d6d875,1,beliefs_first,2,3,5,5,585,1.1,0.78,75,5,20,18,2,80,7,A,0,2,30,Female,DATA_EXPIRED,PR Sampling,Sampling
074141c5b7713d5a932a00b9,1,beliefs_first,2,3,4,3,897,1.56,1.6,40,10,50,35,10,55,6,A,0,2,31,Female,No,PR Sampling,Sampling
846e224586d7f4ec77f356c3,0,choice_first,2,1,4,4,448,2,1.8,0,0,100,0,0,100,7,B,1,2,32,Female,DATA_EXPIRED,PR Sampling,Sampling
7c32f6e620c6724887668e84,0,beliefs_first,3,1,5,5,921,0.5,0.6,40,10,50,45,5,50,6,A,0,2,61,Female,No,PR Sampling,Sampling
e8cebf0ff5d9d5706de7d539,1,beliefs_first,2,2,5,4,990,0.7,0.8,65,0,35,55,0,45,7,A,1,2,27,Female,No,PR Sampling,Sampling
fdc8f57ea049962e51b17ca5,1,choice_first,3,2,3,2,1250,1.65,1.7,30,5,65,25,5,70,7,B,0,2,39,Female,DATA_EXPIRED,PR Sampling,Sampling
dc69d01e6bbc8394202acbc3,1,beliefs_first,2,2,4,2,1051,1,1,80,2,18,65,1,34,6,A,0,2,55,Female,No,PR Sampling,Sampling
8bca4883ecc90150bf23004d,1,beliefs_first,2,3,5,5,805,1,2,45,2,53,46,4,50,6,A,1,2,57,Female,No,PR Sampling,Sampling
caf4fb6c9183b56c082e023b,0,beliefs_first,4,3,4,4,376,1,1.5,20,30,50,30,20,50,4,A,1,2,30,Female,Yes,PR Sampling,Sampling
0ad32f8504c002b5b5616437,1,beliefs_first,3,4,4,3,796,0.7,1,40,10,50,25,10,65,7,B,0,2,30,Female,DATA_EXPIRED,PR Sampling,Sampling
fcb6a3c874fb7f3469b04fb5,1,choice_first,4,3,4,2,816,0.96,1.2,92,4,4,3,4,93,7,A,0,2,49,Female,No,PR Sampling,Sampling
86c25b5b69cd678246c6b724,1,choice_first,4,3,3,5,1285,1,2,35,2,63,51,2,47,6,B,0,2,36,Female,No,PR Sampling,Sampling
88c98bb93a5f68ffd8b54a5e,1,choice_first,4,3,4,4,712,1,1,20,40,40,25,45,30,7,A,1,2,32,Female,DATA_EXPIRED,PR Sampling,Sampling
0b52afcb49bdcbd588c7f058,1,choice_first,3,4,4,4,1409,2,2,50,0,50,49,2,49,5,B,0,2,69,Female,No,PR Sampling,Sampling
550d6aea725b07599465133f,1,choice_first,2,4,4,2,755,1,1,55,1,44,44,1,55,3,B,1,2,41,Female,DATA_EXPIRED,PR Sampling,Sampling
674785965cfc53b4f36fb24d,1,beliefs_first,2,3,4,4,509,1.1,1.2,30,30,40,10,30,60,6,B,1,2,36,Female,No,PR Sampling,Sampling
946a289743181511f80c3158,1,choice_first,3,2,4,4,558,1.4,1.6,45,0,55,45,0,55,7,A,0,2,26,Female,No,PR Sampling,Sampling
ded07dcd999971635430fa46,1,beliefs_first,4,3,2,2,693,1,1,49,1,50,48,1,51,7,B,0,2,54,Female,No,PR Sampling,Sampling
0ac0b28c4c2a54ba0077ecf0,1,beliefs_first,2,3,4,4,645,1.3,1.5,57,3,40,55,2,43,7,A,1,2,23,Female,Yes,PR Sampling,Sampling
b8adbfce657986ac1ff348fb,1,beliefs_first,4,2,3,5,1082,1.3,0.8,40,10,50,30,10,60,6,B,0,2,42,Female,DATA_EXPIRED,PR Sampling,Sampling
e3aa4c71bf953847fd76ecb6,1,choice_first,3,2,3,4,649,1,1.5,65,5,30,45,5,50,6,A,0,2,31,Female,No,PR Sampling,Sampling
302dfab0e85c0f5d3a6e99e7,1,choice_first,2,2,5,4,560,1,0.9,30,10,60,35,10,55,3,B,0,2,54,Female,No,PR Sampling,Sampling
5bb9ee22ffc6bfababfc094d,1,choice_first,3,4,3,3,377,0.88,0.84,30,40,30,30,40,30,6,A,0,2,30,Female,No,PR Sampling,Sampling
a59962577ac7ab899c2e39e5,1,beliefs_first,2,3,5,4,1244,0.8,1.2,80,10,10,70,10,20,6,B,1,2,63,Female,No,PR Sampling,Sampling
8c9996e61c502de10ae0ca65,1,choice_first,3,2,4,3,546,1,1.2,40,40,20,10,30,60,6,B,1,2,22,Female,Yes,PR Sampling,Sampling
cda2d8510ade9935c954b041,1,beliefs_first,2,1,5,5,764,1,1,48,4,48,46,4,50,3,B,1,2,38,Female,No,PR Sampling,Sampling
84f756e7c1d32031cd782297,1,beliefs_first,4,2,5,2,994,0.8,1,49,2,49,44,2,54,6,A,1,2,53,Female,No,PR Sampling,Sampling
55fd5cced7cdf19f9c908cf0,1,beliefs_first,3,2,4,3,947,0.5,1.5,65,10,25,40,15,45,7,A,1,2,23,Female,No,PR Sampling,Sampling
405af47570e6b986158d3171,1,beliefs_first,2,1,5,5,905,0.58,1.32,92,1,7,8,2,90,7,B,0,2,35,Female,DATA_EXPIRED,PR Sampling,Sampling
37b23e5857c47d40b31c54f7,1,beliefs_first,4,4,4,3,710,0.4,1.12,80,2,18,40,2,58,7,A,0,2,27,Female,No,PR Sampling,Sampling
3a55d0b0cd029367f3dd5fca,1,choice_first,4,3,4,3,602,1.4,0.9,55,5,40,55,5,40,6,B,0,2,22,Female,No,PR Sampling,Sampling
a140009e7391b3b3588fa886,1,choice_first,3,1,4,2,1252,2,1,3,1,96,2,0,98,4,B,1,2,50,Female,No,PR Sampling,Sampling
cae171db59152aef3a19e8f2,1,choice_first,4,2,4,4,573,1,1,75,0,25,75,0,25,5,B,1,2,34,Female,Yes,PR Sampling,Sampling
f8226c47ca378883ddeacaf8,1,beliefs_first,3,4,4,4,1153,1.5,1.8,1,1,98,1,1,98,7,A,1,2,65,Female,DATA_EXPIRED,PR Sampling,Sampling
4834889eeb81ffd0a7b135cb,0,choice_first,4,3,5,5,1297,1,0.9,5,60,35,5,80,15,6,B,1,2,22,Female,DATA_EXPIRED,PR Sampling,Sampling
6e90a01189c1cd4eb8484c8a,1,beliefs_first,2,2,5,5,731,1,0.85,59,1,40,48,1,51,7,A,1,2,40,Female,No,PR Sampling,Sampling
ff963fac5d2374ea8b545696,1,beliefs_first,2,1,4,4,787,1.6,1.7,48,2,50,40,2,58,7,A,0,2,30,Female,No,PR Sampling,Sampling
3f58bf719f02b09889286e73,1,choice_first,3,3,5,5,779,1.2,1.1,40,10,50,40,10,50,5,A,1,2,26,Female,No,PR Sampling,Sampling
8134f7fe40ae4d3d93543053,1,beliefs_first,1,4,3,3,545,1.4,1.6,60,5,35,35,5,60,6,A,1,2,33,Female,No,PR Sampling,Sampling
66abb1231d9c104ce28e627f,1,choice_first,2,3,3,2,864,1,1,34,33,33,34,33,33,1,B,1,2,41,Female,No,PR Sampling,Sampling
b0e681ee052bd0933567070e,1,choice_first,3,3,4,4,675,1.5,1,75,5,20,15,10,75,6,A,1,2,43,Female,DATA_EXPIRED,PR Sampling,Sampling
e221ad2857e6f8a9ac57129e,1,beliefs_first,3,2,5,4,861,0.8,1,75,0,25,25,25,50,6,B,1,2,49,Female,No,PR Sampling,Sampling
a6ce3c05050e1ce3c528f8a3,1,choice_first,2,2,3,3,519,1.2,1.5,70,10,20,65,10,25,5,A,1,2,36,Female,Yes,PR Sampling,Sampling
9a38f3c8db231a28c095cad6,1,beliefs_first,4,3,4,2,740,0.7,1.2,30,10,60,25,10,65,7,B,1,2,55,Female,No,PR Sampling,Sampling
ac919e8e27f2d72ff9c9f67c,1,choice_first,2,2,4,4,480,1,1.2,20,20,60,20,20,60,6,A,0,2,40,Female,No,PR Sampling,Sampling
6959397111a9260261b3983d,1,beliefs_first,3,1,5,5,744,1.2,1.4,0,10,90,0,0,100,7,A,1,2,27,Female,No,PR Sampling,Sampling
aaabfd2adff8669f8b90e124,1,choice_first,3,4,4,4,649,1,1.2,50,20,30,30,20,50,6,B,1,2,30,Female,DATA_EXPIRED,PR Sampling,Sampling
17eb17d2013b8755a42c3cc2,1,beliefs_first,3,3,4,4,1645,1.5,1.3,45,1,54,50,1,49,6,B,0,2,51,Female,No,PR Sampling,Sampling
c6a858400bd89e6d31b5aede,1,choice_first,3,2,4,4,1031,1.2,1.4,10,0,90,5,0,95,4,B,1,2,39,Female,DATA_EXPIRED,PR Sampling,Sampling
733ffefa6a5f3b76cc3fa38c,1,choice_first,4,3,4,3,848,1,1,60,10,30,50,10,40,7,B,0,2,35,Female,No,PR Sampling,Sampling
87d963aa46d9cd6a955a42ab,1,choice_first,4,3,4,4,709,0.98,1.02,40,5,55,35,5,60,4,A,0,2,27,Female,No,PR Sampling,Sampling
5bc6f1f8784b192400cb45a5,1,choice_first,2,1,4,4,986,1.4,1.2,59,1,40,45,1,54,6,A,1,2,58,Female,No,PR Sampling,Sampling
287bccbedf633848132a4c06,1,choice_first,3,1,3,3,752,0.8,1,30,50,20,20,40,40,6,B,1,2,49,Female,DATA_EXPIRED,PR Sampling,Sampling
1954243267c2ce5575fecfeb,1,beliefs_first,2,5,5,3,1046,1.2,1,45,10,45,41,10,49,7,A,1,2,41,Female,No,PR Sampling,Sampling
5266767a88a45f1bad49864c,1,choice_first,3,2,4,4,1116,1,1.1,50,10,40,50,10,40,7,A,0,2,52,Female,No,PR Sampling,Sampling
7344fbae7361c50b719b54e0,1,beliefs_first,3,2,3,4,1221,1.5,2,20,30,50,15,20,65,7,B,0,2,58,Female,DATA_EXPIRED,PR Sampling,Sampling
e71d0a9dc5b3fbfb4bf17970,1,beliefs_first,4,3,3,4,548,0.9,0.9,51,1,48,48,1,51,7,A,1,2,28,Male,No,PR Sampling,Sampling
5f4fea3554aaa86659445438,1,beliefs_first,2,1,4,3,722,1,1.48,50,20,30,40,30,30,7,A,0,2,63,Female,No,PR Sampling,Sampling
25fdc0e49c2267b8639c911a,1,choice_first,3,3,4,3,419,0.5,0.5,75,20,5,50,40,10,5,B,1,2,30,Female,No,PR Sampling,Sampling
7df83c320b8de4413ded8b33,1,beliefs_first,3,1,4,5,1174,0.98,0.5,50,49,1,30,20,50,7,B,1,2,39,Female,No,PR Sampling,Sampling
9d4dea2d9057139c7caeebd9,1,choice_first,2,2,4,3,1301,1.4,1.6,25,15,60,15,20,65,3,B,1,2,58,Female,No,PR Sampling,Sampling
b28bcf68392e975a2200d9b5,1,beliefs_first,3,4,5,4,631,1.04,1,50,5,45,60,5,35,7,A,0,2,35,Female,No,PR Sampling,Sampling
8d5f181fd4692f0154da5ce9,1,choice_first,2,3,4,4,461,0.92,0.9,55,0,45,53,0,47,4,A,0,2,27,Female,Yes,PR Sampling,Sampling
1aaa240b0584c3274245aabb,1,beliefs_first,1,3,4,3,879,0.7,0.9,75,5,20,40,5,55,6,B,0,2,45,Female,DATA_EXPIRED,PR Sampling,Sampling
f009684f19e0549dc07f8f2f,1,choice_first,5,1,3,3,761,1,1,70,10,20,50,10,40,6,A,1,2,41,Female,No,PR Sampling,Sampling
8e4db376344136cce3e1923f,1,beliefs_first,2,2,5,4,1222,1,1,0,100,0,0,100,0,4,A,1,2,48,Female,No,PR Sampling,Sampling
5c988f64541bdf7ffa8129a0,1,choice_first,3,2,4,2,830,1.1,0.9,70,10,20,40,10,50,6,B,1,2,24,Female,DATA_EXPIRED,PR Sampling,Sampling
4fd7f81dd9ce6d7271157ad3,1,beliefs_first,4,2,4,4,2085,1.3,1.5,33,33,34,33,33,34,6,A,1,2,36,Female,No,PR Sampling,Sampling
cec8fcd358e925d9a6a114d0,1,beliefs_first,3,3,4,3,532,1,1,45,10,45,45,10,45,6,B,0,2,27,Female,No,PR Sampling,Sampling
e4d7b67f8d64fac1c309b007,1,choice_first,3,3,5,5,744,1.56,1.56,25,0,75,25,0,75,1,A,0,2,27,Female,No,PR Sampling,Sampling
8906579825c0807ca50ca1ed,1,beliefs_first,3,2,4,4,548,1,1,0,100,0,0,100,0,6,A,1,1,25,Male,No,Record,Sampling
30d079373effe6f2b3b8fdec,1,choice_first,4,4,4,4,459,2,2,20,60,20,0,60,40,6,A,1,1,30,Male,Yes,Record,Sampling
32bbc39e686146242e3b985f,1,choice_first,2,4,5,5,695,1.1,1.24,37,18,45,45,9,46,6,A,1,1,23,Female,No,Record,Sampling
5cd4e053e7c5055f707f9221,0,beliefs_first,2,2,3,3,824,1.5,1.5,30,5,65,30,5,65,2,A,1,1,34,Male,No,Record,Sampling
6a3f3fac4afd73f8ae204164,1,beliefs_first,4,3,5,5,811,1,1,50,10,40,40,10,50,6,B,1,1,26,Male,Yes,Record,Sampling
fbb58418c8f3857804d2d0b3,1,choice_first,4,4,4,4,567,0.2,0.6,90,10,0,80,10,10,6,A,1,1,42,Female,No,Record,Sampling
e02064fa45ad1ee9deea6494,0,choice_first,4,3,3,4,779,1,1,45,10,45,45,10,45,6,A,1,1,27,Female,No,Record,Sampling
34a330cdbb9238e7e7fb7731,1,beliefs_first,1,2,4,2,837,1.2,1.4,10,20,70,5,60,35,4,A,1,1,65,Female,No,Record,Sampling
0448d4452d1b5fe9ac68c605,1,choice_first,3,4,4,4,860,1,1,45.5,9,45.5,36,9,55,7,B,1,1,41,Male,No,Record,Sampling
2da05e4fe23c54ebc0703b43,0,beliefs_first,4,3,3,3,890,1,1,30,30,40,20,40,40,4,A,1,1,38,Male,No,Record,Sampling
6e98c610d57a817d6c777620,1,beliefs_first,2,4,4,2,961,1,1,45,10,45,45,10,45,5,A,1,1,28,Female,No,Record,Sampling
236a148a4833dc3c371f01e3,0,choice_first,2,4,4,4,1074,2,2,46,8,46,36,9,55,4,B,1,1,31,Male,No,Record,Sampling
17b8cd4cc1a7de70cb33a763,0,beliefs_first,1,1,4,4,953,1.1,1,60,20,20,70,15,15,5,A,1,1,37,Female,No,Record,Sampling
d4dfe8e4622cc0c8bc94177c,1,beliefs_first,4,3,4,4,1028,1.2,0.8,45,25,30,35,37,28,5,B,1,1,46,Male,No,Record,Sampling
e5faacd773c8f544a85fddd4,0,beliefs_first,3,3,5,4,659,1,1,33.33,33.34,33.33,33.33,33.34,33.33,4,A,1,1,26,Female,Yes,Record,Sampling
35f91f4f3af7c479932748d0,1,choice_first,3,2,5,4,1139,1,2,25,10,65,75,5,20,4,B,1,1,32,Female,No,Record,Sampling
0aa4789bf348294ee98433c6,0,beliefs_first,3,2,4,4,1154,1,1,0,100,0,98,2,0,4,B,1,1,42,Female,No,Record,Sampling
5d7db42291e03fa39350579d,1,beliefs_first,4,2,3,3,1484,1,1.04,49,13,38,47,14,39,5,A,1,1,40,Male,No,Record,Sampling
d6a2ca5992e78796b6c340bb,0,beliefs_first,3,2,4,4,1528,1,1,45.5,9,45.5,45.5,9,45.5,1,B,1,1,32,Male,No,Record,Sampling
b166b162e7b6e7c114144ef9,1,beliefs_first,3,4,4,4,701,1,1,42,7,51,45,5,50,5,B,1,1,58,Female,No,Record,Sampling
fcb94ecd0d8dba5690e4b074,0,choice_first,4,3,5,5,1744,1,1,45,10,45,45,10,45,7,B,1,1,31,Male,No,Record,Sampling
4cbe741eb0f6403a42fe5222,1,choice_first,4,3,5,5,1756,1.09,1.07,10,20,70,5,20,75,7,A,1,1,50,Female,No,Record,Sampling
4a18e720554e4457a0bc6dfb,0,choice_first,5,5,5,5,1830,1,1,0,100,0,0,100,0,4,B,1,1,27,Male,No,Record,Sampling
4bf298276b6ffa5651513c15,1,beliefs_first,4,2,3,4,1138,1,1,30,20,50,10,15,75,6,A,1,1,49,Female,Yes,Record,Sampling
2fade1353d8e34bd99d319dd,0,beliefs_first,5,4,4,4,1953,1.1,1.1,45,10,45,45,10,45,5,B,1,1,26,Male,No,Record,Sampling
b2efb5afaa65af71bad18e06,1,beliefs_first,3,2,5,4,2697,1.13,0.95,40,20,40,50,20,30,5,A,1,1,53,Female,DATA_EXPIRED,Record,Sampling
0f6e03372b93f49208035361,0,beliefs_first,5,3,4,4,795,1,1,25,50,25,25,50,25,4,B,1,1,31,Male,Yes,Record,Sampling
5b6bde0fb8256aff89ed3e95,1,choice_first,4,2,4,4,430,1.8,2,25,45,30,30,50,20,5,B,1,1,32,Female,No,Record,Sampling
98f2ab0bc0c059cecd78e525,0,choice_first,2,4,4,5,540,1,1,0,100,0,0,100,0,1,B,1,1,35,Male,No,Record,Sampling
95e91468d82d576592e23fc3,0,beliefs_first,5,3,4,5,369,1,1,20,30,50,40,30,30,6,A,1,1,31,Female,DATA_EXPIRED,Record,Sampling
97575bcb9aa6b7ff0a2812d8,0,beliefs_first,2,1,4,4,429,1.5,1.5,20,30,50,20,30,50,4,A,1,1,23,Male,No,Record,Sampling
2037a8739dd5e9d2f20b97df,1,beliefs_first,2,1,5,5,650,0.8,0.9,30,10,60,30,10,60,5,B,1,1,45,Female,No,Record,Sampling
6d0ddcf981e59d88fb9f3d50,0,choice_first,1,3,5,5,794,1.16,1.07,40,10,50,50,10,40,6,A,1,1,29,Female,No,Record,Sampling
cdbf6f1c0798ca48609aedba,1,choice_first,3,4,3,3,651,0.8,1.2,45,10,45,55,10,35,5,A,1,1,25,Female,No,Record,Sampling
5cd2fd081ec1c37224e49d55,0,choice_first,3,4,4,4,911,1,1,45.5,9,45.5,45.5,9,45.5,6,B,1,1,34,Male,No,Record,Sampling
0d4d75ad718ca8ad9cbc49d7,1,beliefs_first,3,3,5,5,968,1,1,25,50,25,25,50,25,7,A,1,1,46,Male,No,Record,Sampling
f97c3b765ea661349d3a3db5,1,choice_first,2,1,5,5,1046,1,1,45,5,50,45,5,50,4,B,1,1,51,Male,No,Record,Sampling
5166fc9da2615a3a953688e9,1,beliefs_first,4,3,4,5,961,1,1,41,5,54,41,5,54,7,A,1,1,37,Male,No,Record,Sampling
566024c68f62487f659755f8,1,beliefs_first,4,2,5,5,959,1,1,42,9,49,42,9,49,1,A,1,1,29,Female,No,Record,Sampling
d6f2eb15d36cfacfe3a4edde,1,beliefs_first,2,3,3,4,1000,1,1,45,10,45,45,0,55,6,B,1,1,50,Female,No,Record,Sampling
f732c0f3fbbdd63184361d20,1,beliefs_first,4,2,5,5,1140,1,1,45.45,9.1,45.45,45.45,9.1,45.45,7,A,1,1,36,Male,No,Record,Sampling
df90b4bd5cef52d345410881,1,beliefs_first,4,3,5,5,862,0.9,1.1,42,9,49,42,9,49,7,B,1,1,32,Male,No,Record,Sampling
fc23547c812da38ad77f34ab,1,beliefs_first,3,4,5,5,1036,1,1,45.5,9,45.5,45.5,9,45.5,5,A,1,1,35,Female,No,Record,Sampling
508cd5bdd440ec123b6d8750,1,choice_first,2,3,3,3,873,0.9,0.95,50,8,42,50,8,42,6,A,1,1,19,Male,Yes,Record,Sampling
0691763259eedadf2ebbc374,1,beliefs_first,2,2,4,4,1225,1,1,45.45,45.45,9.1,45.45,45.45,9.1,6,B,1,1,25,Female,No,Record,Sampling
22e4d842ae4ded9d3876b0a3,0,beliefs_first,4,2,5,5,1278,1,1,50,0,50,50,0,50,1,B,1,1,52,Male,No,Record,Sampling
14a563f9e399522169e6f696,1,choice_first,2,3,4,3,1298,1,1,45,9,46,45,9,46,6,B,1,1,57,Male,No,Record,Sampling
a00bf8d1cb65396ab1fdb35d,1,choice_first,4,2,3,4,1297,1,1,45.5,9,45.5,45.5,9,45.5,7,B,1,1,46,Female,No,Record,Sampling
d2222f5b39833312196f82ab,0,beliefs_first,3,3,5,4,1321,1,0.98,44,12,44,44,12,44,5,A,1,1,62,Male,No,Record,Sampling
84c22ee696a7413e28a5fb58,0,choice_first,2,5,5,5,1326,1,1,46,8,46,46,8,46,1,A,1,1,28,Male,No,Record,Sampling
fe38139aee8c7774a9d50613,1,beliefs_first,4,3,4,3,1338,1,1,45.5,9,45.5,45.5,9,45.5,7,B,1,1,57,Male,No,Record,Sampling
da4b1a6c5488ce5b35ab51b9,1,choice_first,4,4,3,4,1002,1,1,45.45,18.1,36.45,36.36,18.19,45.45,6,B,1,1,32,Female,No,Record,Sampling
3d16b20a797663a68f23c819,1,beliefs_first,3,3,2,2,1427,1,1,45,0,55,45,5,50,2,A,1,1,56,Female,DATA_EXPIRED,Record,Sampling
80d92f046f632c122851b295,0,choice_first,2,2,4,3,1306,2,2,45,5,50,45,1,54,4,A,1,1,48,Female,Yes,Record,Sampling
818e104648f527601a73ed81,1,choice_first,4,2,4,4,1513,1,1,100,0,0,100,0,0,6,A,1,1,27,Male,Yes,Record,Sampling
463d30eabebfbb2bd140145a,1,choice_first,4,1,1,5,1700,1.1,1.4,70,20,10,0,0,100,4,A,1,1,45,Female,Yes,Record,Sampling
d9f78f3150196835117d6222,0,beliefs_first,2,1,2,2,1476,1,1,50,10,40,70,5,25,5,A,1,1,45,Male,No,Record,Sampling
b15328baaf6c5248d87fe42d,0,beliefs_first,3,2,4,4,2134,0.8,1.2,45.46,9.09,45.45,36,9,55,5,B,1,1,61,Female,No,Record,Sampling
90844498c7ef3d295a97a6c3,0,choice_first,3,3,4,3,809,2,1,20,30,50,25,50,25,6,A,1,1,51,Female,Yes,Record,Sampling
056d2f7c1bb47aea1a431fde,1,beliefs_first,4,2,4,4,653,0.6,0.82,80,10,10,10,10,80,7,B,1,1,55,Female,No,Record,Sampling
93fa0a00e82f60f8bbfab65f,1,beliefs_first,4,5,5,5,591,1,1,0,100,0,0,100,0,4,B,1,1,30,Male,Yes,Record,Sampling
33892e12c5bb8719625dade0,1,beliefs_first,3,3,4,4,545,110,1,45,5,50,45,5,50,3,A,1,1,59,Female,No,Record,Sampling
d3de3ecc0b9f3707659135cc,0,beliefs_first,5,2,2,3,674,1,1,0,100,0,0,100,0,4,A,1,1,24,Male,No,Record,Sampling
fcb172b58d57c02a661bfc0d,1,choice_first,5,4,4,4,757,1,1.2,40,20,40,50,10,40,7,A,1,1,40,Male,No,Record,Sampling
22056caf33e71a9386fbb297,1,beliefs_first,4,2,5,5,947,1,1,45,10,45,45,10,45,4,B,1,1,22,Male,No,Record,Sampling
e7248b68ad481327b1a3e195,1,choice_first,3,2,4,4,731,0.81,1,50,0,50,45,5,50,7,A,1,1,24,Male,No,Record,Sampling
0baa4190c130aad20b7a71c2,1,beliefs_first,4,4,5,4,432,1,1.1,15,35,50,20,35,45,6,A,1,1,32,Male,No,Record,Sampling
8524f9c97d9d3ddf96f8a58e,1,choice_first,2,3,5,4,832,0.8,1.1,40,30,30,20,30,50,6,B,1,1,56,Male,No,Record,Sampling
4bd4ab6527f4f1b2b059b14b,1,beliefs_first,2,3,4,5,797,1,1,0,100,0,0,100,0,5,A,1,1,50,Female,No,Record,Sampling
122f61b0e5c87b49ba0d3728,1,beliefs_first,3,4,2,3,829,1,1,45,10,45,45,10,45,1,A,1,1,24,Male,No,Record,Sampling
ed2979d4c2fce4790c7562ed,1,beliefs_first,3,4,4,4,889,1,1,50,10,40,50,10,40,5,A,1,1,52,Male,No,Record,Sampling
45c00761b8b57b16c321162d,0,choice_first,5,3,4,4,647,1.04,1.06,25,10,65,25,10,65,7,A,1,1,42,Male,No,Record,Sampling
ada417d5e9baac4cb94a06b5,1,choice_first,2,5,3,3,949,1,1,45,10,45,45,10,45,2,B,1,1,62,Female,No,Record,Sampling
612405c649f9b0d53e9aa912,1,beliefs_first,2,3,5,4,774,1,1,46,9,45,45,9,46,7,B,1,1,50,Female,No,Record,Sampling
4acebd239195093f3a24c5cf,0,choice_first,4,1,5,2,810,1.1,1,20,10,70,10,50,40,5,A,1,1,69,Female,No,Record,Sampling
9afb6f10dadacc6e4becabc3,0,beliefs_first,3,4,3,4,1072,1,1,20,40,40,40,20,40,6,A,1,1,21,Male,DATA_EXPIRED,Record,Sampling
e8cf3333205a2e375e4a875f,1,choice_first,4,4,3,4,1278,1,1,45,9,46,45,9,46,2,B,1,1,60,Male,No,Record,Sampling
a26bfbc5ac557c33683c3981,0,beliefs_first,4,3,4,3,1335,1,1,20,30,50,30,40,30,4,A,1,1,31,Female,No,Record,Sampling
b3832a1b3e52b46294cd730a,0,choice_first,4,1,3,3,1260,1,1,0,100,0,0,0,100,4,B,1,1,50,Female,No,Record,Sampling
8211d8df08ac178319f8650a,1,beliefs_first,4,2,4,5,1380,0.98,1,30,15,55,5,15,80,6,B,1,1,61,Female,No,Record,Sampling
3d14a5f3a41a252ae88f4c36,1,choice_first,5,3,4,2,971,1,1,55,9,36,45,9,46,6,B,1,1,25,Male,Yes,Record,Sampling
4f7b80d4befe1eaece7822c5,1,beliefs_first,3,3,3,4,1619,0.8,1,45,10,45,45,10,45,5,A,1,1,42,Female,DATA_EXPIRED,Record,Sampling
97fbbb54b81235e979c2b9f4,1,choice_first,4,2,4,3,1094,1,1,40,10,50,50,10,40,4,B,1,1,33,Male,No,Record,Sampling
d59f527d7a26a82972a91f6a,0,choice_first,2,2,4,4,995,0.8,0.8,60,0,40,60,8,32,2,A,1,1,38,Male,No,Record,Sampling
57a20d98e8cfea472bf3667d,1,beliefs_first,5,3,3,4,750,1,1,40,10,50,40,10,50,4,A,1,1,41,Female,No,Record,Sampling
3a6fa723afc4d1aa8b15ee71,0,beliefs_first,3,1,4,4,2383,1,1,49.25,1.5,49.25,49.25,1.5,49.25,4,B,1,1,40,Female,No,Record,Sampling
14fa96ea527c5401d64ef798,1,beliefs_first,4,4,4,4,2527,0.96,0.92,80,10,10,90,5,5,4,B,1,1,50,Female,No,Record,Sampling
bb5f5f3f1026fc2ce5dbca2f,1,beliefs_first,3,3,4,5,680,1,1,45,9,46,36,9,55,6,A,1,1,24,Female,DATA_EXPIRED,Record,Sampling
b8999287792d0bc819a1765b,1,beliefs_first,3,2,4,4,296,2,1,40,20,40,60,20,20,6,B,1,1,28,Female,No,Record,Sampling
7ef8c098b2f0ba210caa0d41,1,beliefs_first,4,2,3,4,387,0.6,1.2,55,30,15,15,25,60,6,A,1,1,26,Female,No,Record,Sampling
87e868bb72f43b6644a4507b,0,choice_first,1,1,4,4,681,1,0.5,25,5,70,40,10,50,6,A,1,1,31,Female,No,Record,Sampling
bc7da92397d01d5feafbb756,1,choice_first,4,4,4,4,671,1,1,45,10,45,45,10,45,5,A,1,1,25,Male,No,Record,Sampling
0a61546923a96f3fa94216a9,0,beliefs_first,2,2,4,3,716,1.1,1,50,1,49,50,1,49,4,A,1,1,56,Male,No,Record,Sampling
688960843dbc28b8c9ccfaa0,1,choice_first,4,5,1,1,583,1.3,1.1,30,20,50,25,15,60,6,A,1,1,21,Male,DATA_EXPIRED,Record,Sampling
c17337e8005b85605ddd44c1,1,choice_first,2,5,4,2,1152,1,1,50,10,40,50,10,40,5,B,1,1,39,Female,Yes,Record,Sampling
c5ccb523242f2d8908037053,0,beliefs_first,4,2,4,3,694,1.6,1.4,40,10,50,50,5,45,5,B,1,1,29,Female,No,Record,Sampling
c20b537fc04d012b1b811166,1,beliefs_first,4,3,3,3,552,1.6,1.4,30,10,60,20,10,70,6,B,1,1,32,Male,Yes,Record,Sampling
6c417e53a2dd4cbd53207769,0,beliefs_first,3,3,4,5,1214,1,1,45.5,9,45.5,45.5,9,45.5,4,B,1,1,30,Male,No,Record,Sampling
0099ac7b73bfa84c1d7205a9,1,beliefs_first,2,2,4,3,972,1.5,1.6,30,10,60,55,35,10,5,B,1,1,22,Female,No,Record,Sampling
a658c8fe481508e966808916,0,choice_first,5,5,5,5,1196,1.09,1,0,0,100,0,100,0,5,A,1,1,25,Male,Yes,Record,Sampling
3d9ee7f2295bbe56e1699da6,0,choice_first,3,4,4,5,288,1.5,0.9,49,1,50,60,1,39,3,A,1,1,36,Male,No,Interference_A,Sampling
576c2f7e6554c27c8404a60a,1,choice_first,4,3,5,5,382,0.7,0.9,60,5,35,55,5,40,5,B,1,1,28,Female,DATA_EXPIRED,Interference_A,Sampling
6680199dd1811cd6a110789b,0,choice_first,4,3,4,5,408,0.95,0.85,50,5,45,55,5,40,5,B,1,1,24,Female,No,Interference_A,Sampling
e100bd27821893767dc98803,1,choice_first,2,1,4,2,493,0.9,1,60,1,39,49,2,49,2,A,1,1,32,Female,No,Interference_A,Sampling
8cdf75be2cd144d2e68fded0,0,beliefs_first,5,4,4,2,476,1.45,0.7,15,5,80,50,10,40,6,A,1,1,30,Male,No,Interference_A,Sampling
65843c06c79cbb323e5f92e3,0,choice_first,2,2,3,2,528,1,0.4,30,50,20,50,20,30,6,A,1,1,26,Female,Yes,Interference_A,Sampling
c5921c29a01ea3f111e7c0b2,1,choice_first,5,5,4,4,567,0.8,1.15,43,3,54,64,3,33,7,B,1,1,18,Male,Yes,Interference_A,Sampling
be37bdad6e8711538f9c0deb,1,beliefs_first,2,2,4,4,566,0.75,1.25,30,10,60,25,15,60,5,B,1,1,28,Male,Yes,Interference_A,Sampling
5e83eb9d1ad516a97e2a3152,1,choice_first,4,4,5,4,607,1,1.2,60,10,30,30,20,50,5,B,1,1,28,Male,Yes,Interference_A,Sampling
1546bc50f5116e4fa5467498,1,beliefs_first,4,3,3,3,423,1.65,1.76,40,3,57,35,2,63,3,B,1,1,46,Male,No,Interference_A,Sampling
b56206a528709999f69d4716,1,beliefs_first,3,3,5,5,612,0.75,1.5,60,5,35,75,5,20,6,B,1,1,41,Female,No,Interference_A,Sampling
a3a97b0368ffd2bbdba8f240,0,beliefs_first,5,2,4,4,379,1.2,0.8,10,11,79,22,0,78,6,A,1,1,35,Male,No,Interference_A,Sampling
653c654e994901df9aa4b196,0,choice_first,1,1,5,3,652,1.3,0.53,0,35,65,65,0,35,5,B,1,1,35,Female,No,Interference_A,Sampling
947534fd6c48a034842e028a,0,choice_first,5,1,5,5,694,1.8,1.2,2,58,40,32,53,15,7,A,1,1,23,Male,No,Interference_A,Sampling
d8800dc517a496f6493c3119,1,choice_first,3,3,5,5,850,1.1,1.4,20,0,80,10,0,90,6,A,1,1,23,Male,No,Interference_A,Sampling
790ee6f2c7faa22e8f119185,0,choice_first,2,1,5,5,752,1,1,0,0,100,0,0,100,5,B,1,1,39,Female,Yes,Interference_A,Sampling
383db9dbc675349291299587,0,beliefs_first,2,2,4,4,844,1.33,0.99,46,0,54,45,0,55,5,B,1,1,30,Female,No,Interference_A,Sampling
b430d64bd2836e8c43b90c37,0,beliefs_first,5,3,4,4,571,0.5,0.8,70,10,20,60,20,20,5,A,1,1,27,Female,Yes,Interference_A,Sampling
ae2e6351013df7ebfd9d619b,0,beliefs_first,3,2,3,2,461,2,1,50,10,40,50,35,15,4,A,1,1,31,Male,No,Interference_A,Sampling
1b4f2a5b7abcda50558a34ad,0,beliefs_first,2,4,5,5,851,0.6,0.4,77,3,20,80,2,18,5,B,1,1,35,Female,No,Interference_A,Sampling
52f7d50a82b3afd8bf26d340,0,choice_first,3,3,3,3,987,1.7,0.81,18,6,76,30,6,64,7,B,1,1,29,Male,No,Interference_A,Sampling
41827ab6dacad081614bb52e,0,beliefs_first,2,1,4,5,929,1.08,1.1,10,30,60,45,10,45,4,A,1,1,43,Female,No,Interference_A,Sampling
aeb78ede83d042ba3fbd4107,1,beliefs_first,5,5,5,5,1055,0.5,0.5,34.5,34.5,31,31,34.5,34.5,7,B,1,1,21,Male,No,Interference_A,Sampling
e3367adfa1613ca5cafd7f8a,0,beliefs_first,5,3,5,5,1163,0.3,0.5,100,0,0,100,0,0,6,A,1,1,30,Female,No,Interference_A,Sampling
4c26e409d80182886e1cb32f,0,choice_first,3,4,5,5,1444,1.8,0.5,0,0,100,50,50,0,7,A,1,1,37,Male,Yes,Interference_A,Sampling
45e3cd8185ea1360d99aa908,0,choice_first,2,4,5,5,1378,1.23,1.08,36,0,64,45,0,55,6,B,1,1,28,Female,No,Interference_A,Sampling
4aaa8c7b70792e6056c65df5,0,choice_first,3,3,4,3,1575,1.7,1.2,35,0,65,65,0,35,5,B,1,1,51,Male,No,Interference_A,Sampling
a686c17e84ce279302b1dcd7,1,choice_first,2,1,5,5,1358,0.6,0.9,80,0,20,60,10,30,5,A,1,1,46,Female,No,Interference_A,Sampling
bc3bb7338dc272c4a68a12f5,0,beliefs_first,4,4,5,4,660,1.25,0.85,0,0,100,75,25,0,5,A,1,1,47,Female,No,Interference_A,Sampling
5066d99bc20e572e68c1c27f,1,choice_first,5,4,5,5,578,1.25,1.5,15,15,70,50,15,35,5,A,1,1,23,Male,No,Interference_A,Sampling
50752da83d27c8026eb27490,1,beliefs_first,3,2,4,4,338,1,2,10,50,40,30,20,50,4,B,1,1,22,Female,Yes,Interference_A,Sampling
b0c7bf7ca611eb872a682602,0,beliefs_first,5,5,4,4,387,1,1,0,40,60,10,40,50,7,B,1,1,19,Male,Yes,Interference_A,Sampling
8a10388edec3b913e4e2f735,0,beliefs_first,3,2,4,4,329,2,1,30,10,60,60,10,30,5,A,1,1,21,Female,Yes,Interference_A,Sampling
2811d993e6801a832a5c300b,1,choice_first,4,3,3,4,353,0,2,30,40,30,20,30,50,3,B,1,1,25,Male,DATA_EXPIRED,Interference_A,Sampling
298965cca2abf540a8324bd0,0,beliefs_first,3,4,4,4,340,0.6,0.4,90,0,10,92,0,8,5,B,1,1,49,Male,No,Interference_A,Sampling
3f5fe1e6dfb70dd9f235315f,0,choice_first,2,3,4,4,393,1.2,0.5,80,5,15,70,10,20,4,B,1,1,30,Male,No,Interference_A,Sampling
5cf5bfc292a8ed7dc72b1dd7,0,choice_first,2,2,4,4,414,1.4,0.8,27,0.9,72.1,82,0.9,17.1,6,A,1,1,22,Male,Yes,Interference_A,Sampling
ec97e070c1240562e9096e6f,0,beliefs_first,4,2,4,4,484,1.01,0.89,35,5,60,65,5,30,6,A,1,1,25,Male,No,Interference_A,Sampling
40a51783ddaa3851b8364ab4,0,choice_first,3,3,3,3,453,2,1,30,10,60,40,0,60,6,A,1,1,58,Male,Yes,Interference_A,Sampling
e76efb0db2373f575e087217,0,choice_first,2,1,3,3,350,1,0.7,60,10,30,70,10,20,5,A,1,1,24,Male,Yes,Interference_A,Sampling
b441f134f5894ca81d993c6b,0,choice_first,4,2,4,4,469,0.95,0.63,40,3,57,72,1,27,6,A,1,1,29,Male,No,Interference_A,Sampling
c1e1a349c6d993e9fff096bf,1,beliefs_first,4,3,5,4,445,2,1.6,70,10,20,20,10,70,5,A,1,1,26,Female,Yes,Interference_A,Sampling
eb80d56d33fab7c313aa62cf,1,choice_first,3,1,5,5,554,1,2,30,0,70,10,0,90,5,A,1,1,30,Female,No,Interference_A,Sampling
827980883251a1abe3b3b6af,0,choice_first,3,3,5,4,414,1.5,1.8,0,30,70,10,10,80,4,B,1,1,27,Female,No,Interference_A,Sampling
3786fe7396a6739cee15869f,1,beliefs_first,3,3,5,5,437,0.8,1.2,65,25,10,10,5,85,6,A,1,1,26,Female,Yes,Interference_A,Sampling
5cdcc009a59b6b5b56921d24,0,beliefs_first,4,2,4,4,386,2,2,5,1,94,10,1,89,4,B,1,1,21,Female,Yes,Interference_A,Sampling
73260c723d487bc47e06a140,0,choice_first,2,2,4,4,638,1.58,1.22,30,2,68,60,2,38,5,A,1,1,61,Female,No,Interference_A,Sampling
2ddbf55d8521498b00482ca1,1,beliefs_first,2,2,4,3,648,0.5,0.7,70,10,20,40,10,50,5,A,1,1,37,Female,No,Interference_A,Sampling
0d998f0be07b75ca4a892822,1,choice_first,5,4,4,4,545,0.7,1,40,20,40,30,30,40,7,A,1,1,22,Male,Yes,Interference_A,Sampling
d9d878aeebc17d6554c67e8f,1,choice_first,3,3,5,4,546,1.6,2,0,6,94,0,3,97,5,B,1,1,27,Female,No,Interference_A,Sampling
8d65b87aeacfcf08169f0d06,0,beliefs_first,3,2,5,4,604,1,0.75,10,30,60,10,40,50,5,B,1,1,29,Female,No,Interference_A,Sampling
1f818a104af395f13707618e,1,choice_first,3,3,3,3,611,1.27,1.53,30,35,35,25,30,45,5,A,1,1,37,Female,No,Interference_A,Sampling
8032bda9c5ad85bdb6ff7cfa,0,choice_first,4,4,5,5,618,1.25,0.6,35,5,60,75,5,20,6,A,1,1,38,Male,No,Interference_A,Sampling
cd1e491b68a1168966734db6,0,choice_first,4,2,4,4,672,1.6,1.2,25,30,45,40,20,40,5,A,1,1,33,Male,No,Interference_A,Sampling
3e49a261fef275ec093e383d,0,choice_first,4,2,4,3,563,1.1,0.9,32,30,38,34,31,35,5,A,1,1,28,Male,No,Interference_A,Sampling
da692a3b63f2addb0bef379b,0,beliefs_first,1,2,5,5,657,1.2,1.3,30,10,60,40,10,50,3,A,1,1,44,Male,No,Interference_A,Sampling
c5e9e93b1a61c24001998328,0,beliefs_first,3,2,4,3,646,2,1,10,5,85,70,5,25,3,B,1,1,46,Female,No,Interference_A,Sampling
b947b9feb3ca93a24378970c,0,beliefs_first,4,4,3,4,703,1.76,0.98,29,0,71,30,0,70,6,A,1,1,25,Male,No,Interference_A,Sampling
c42a55853b65e03b3239117e,0,choice_first,1,1,1,1,631,1,0,30,10,60,30,20,50,1,B,1,1,60,Female,No,Interference_A,Sampling
dea636837af9b699069cfe06,0,beliefs_first,4,2,2,4,646,1.2,0.6,20,1,79,60,1,39,7,B,1,1,32,Male,No,Interference_A,Sampling
94b7a9ea24809c06313f6854,0,choice_first,4,3,4,4,751,2,2,10,10,80,20,0,80,5,B,1,1,58,Male,DATA_EXPIRED,Interference_A,Sampling
393aa67e9112e3abd4f132d4,0,beliefs_first,4,3,4,3,594,1.05,0.71,20,3,77,90,0,10,6,A,1,1,36,Female,No,Interference_A,Sampling
1c2f3ef39de90ca5d08d8ecb,0,beliefs_first,3,3,4,4,607,2,2,5,5,90,5,5,90,4,A,1,1,62,Male,DATA_EXPIRED,Interference_A,Sampling
77df9a2f25dab604454ee4e7,0,choice_first,2,4,5,5,795,1.1,1.08,66,0,34,70,0,30,1,B,1,1,35,Male,Yes,Interference_A,Sampling
be32e6609eb9aad490c6e3cf,1,choice_first,2,3,4,3,392,0.5,1,80,10,10,75,12,13,5,A,1,1,24,Female,Yes,Interference_A,Sampling
7592dc0e7a8ca3b9000ff187,1,beliefs_first,3,3,4,4,842,1.04,1.2,48,0,52,27,0,73,3,B,1,1,22,Male,No,Interference_A,Sampling
81f553e21c3ea7f5dd745857,1,choice_first,3,3,3,3,748,1,1,100,0,0,100,0,0,4,A,1,1,22,Male,Yes,Interference_A,Sampling
5f8a34237a5e0fec9890ee38,1,choice_first,3,3,5,4,279,1,2,33,33,34,25,25,50,5,A,1,1,30,Male,DATA_EXPIRED,Interference_A,Sampling
4e95ee6b532343748c49a273,0,choice_first,5,5,4,4,778,1.5,2,20,30,50,40,30,30,6,A,1,1,35,Male,Yes,Interference_A,Sampling
95e50d5559d86e46491a487c,0,beliefs_first,4,3,4,5,913,1.5,0.8,10,20,70,25,25,50,5,B,1,1,DATA_EXPIRED,Female,No,Interference_A,Sampling
12a858bc52d2dd8b651b9038,0,choice_first,3,2,5,5,772,1.5,0.5,20,0,80,75,0,25,7,A,1,1,36,Male,No,Interference_A,Sampling
34ff11e093d60db856a97d11,0,choice_first,3,2,4,5,901,1.25,1,30,10,60,30,20,50,6,B,1,1,42,Male,No,Interference_A,Sampling
3eba7448e5d3ea2cec7e66b1,0,choice_first,3,2,5,5,577,1.25,1.2,30,30,40,40,20,40,5,B,1,1,37,Male,No,Interference_A,Sampling
ce978be9d4a2461bec6f95f5,1,choice_first,2,4,5,5,739,0,2,25,50,25,20,20,60,4,B,1,1,58,Female,No,Interference_A,Sampling
b24536a8f15614c578f8a053,0,beliefs_first,1,1,3,3,902,1.24,1.08,40,0,60,50,0,50,6,B,1,1,38,Female,No,Interference_A,Sampling
499fbbc8cc8bbd2f146f6698,0,choice_first,3,2,4,4,892,1.8,1.2,20,30,50,20,40,40,5,B,1,1,45,Female,No,Interference_A,Sampling
d79d1a9b1a4e2ff8d1dc49ae,1,choice_first,4,4,4,5,1013,0.9,1.2,40,40,20,30,20,50,6,B,1,1,36,Male,Yes,Interference_A,Sampling
b540c42da84c1e1a84b63528,1,beliefs_first,3,3,5,4,1059,0.6,0.8,70,0,30,20,0,80,7,A,1,1,21,Female,Yes,Interference_A,Sampling
d5239dbebe85b86f10602b0e,1,choice_first,3,4,5,4,1010,2,1,80,5,15,5,5,90,7,A,1,1,42,Female,No,Interference_A,Sampling
b316301c478d3763917c69ae,1,beliefs_first,2,3,5,4,662,0.5,0.85,70,5,25,45,8,47,5,A,1,1,30,Female,No,Interference_A,Sampling
84c1c05ae280ac211b6b0c0a,0,beliefs_first,4,2,4,5,1141,1,1.8,50,40,10,10,30,60,3,B,1,1,32,Female,No,Interference_A,Sampling
33d857db5303ea1a644345a1,0,choice_first,3,2,2,2,410,1.3,0.9,20,5,75,80,5,15,5,A,1,1,28,Female,No,Interference_A,Sampling
41157ce9b7ceb51b36667da7,0,beliefs_first,4,3,4,5,925,1.2,1,15,30,55,15,85,0,7,A,1,1,52,Female,No,Interference_A,Sampling
407b2dc34bad6c3b369ce8f6,0,beliefs_first,5,4,5,5,1319,1,0.5,10,70,20,60,20,20,7,A,1,1,47,Male,Yes,Interference_A,Sampling
dd21efd3dd3bf5eef7e2d742,0,beliefs_first,4,2,3,4,1217,2,1,50,20,30,40,30,30,4,A,1,1,35,Male,DATA_EXPIRED,Interference_A,Sampling
f5e131a6a9d35c59ac6b37f5,1,beliefs_first,3,3,4,3,1192,0.5,1,40,25,35,40,20,40,5,B,1,1,31,Female,No,Interference_A,Sampling
5db6a4777e177112f312e1fd,0,beliefs_first,3,2,3,2,1218,2,1,50,25,25,50,25,25,4,A,1,1,37,Female,No,Interference_A,Sampling
7396af40932f274c41584167,0,choice_first,4,4,4,4,922,1.5,1.2,35,0,65,45,0,55,5,B,1,1,34,Male,DATA_EXPIRED,Interference_A,Sampling
9fe258624f90d0cffae47927,1,beliefs_first,4,4,4,4,1562,1,1.2,0,40,60,0,30,70,7,A,1,1,24,Male,Yes,Interference_A,Sampling
5bf269a6a9ad950e14f14d4c,0,beliefs_first,4,2,5,4,309,1.5,0.7,20,5,75,50,5,45,5,A,1,1,30,Female,No,Interference_A,Sampling
2d5eb45311ed0fb561e8036e,0,beliefs_first,4,4,5,2,1316,1.7,1.6,30,35,35,40,50,10,5,A,1,1,60,Male,No,Interference_A,Sampling
cadb475f2cc8d18470ede4ee,0,beliefs_first,4,3,5,5,1657,1.08,1.08,33,33,34,33,33,34,6,A,1,1,63,Female,No,Interference_A,Sampling
ad439c05f0e03e72d04e9b74,0,choice_first,3,4,4,3,1964,1,0.9,20,60,20,60,30,10,6,B,1,1,23,Female,Yes,Interference_A,Sampling
63712eb4128d996d77a0961f,1,choice_first,5,4,4,5,542,0.65,1.1,50,25,25,20,20,60,7,A,1,1,43,Male,No,Interference_A,Sampling
8ca8b91130236c20948471f9,0,choice_first,3,4,5,5,614,1.3,1.2,15,30,55,15,30,55,3,B,1,1,36,Female,No,Interference_A,Sampling
4e3d4fb3964bce1223a78d38,0,beliefs_first,2,4,5,5,370,1.5,1.3,20,1,79,30,1,69,7,A,1,1,38,Male,No,Interference_A,Sampling
9e9239e01531186aa09d0c86,0,beliefs_first,2,2,5,2,689,1.1,1,30,5,65,45,10,45,5,A,1,1,43,Female,No,Interference_A,Sampling
eec332916fd9b027f58201ed,0,choice_first,4,2,3,4,1145,0.9,1.15,25,35,40,30,30,40,6,B,1,1,53,Female,Yes,Interference_A,Sampling
8e20cfda8c6c380ee3b442d3,0,beliefs_first,3,4,4,4,1105,2,1,30,20,50,40,10,50,5,A,1,1,38,Male,No,Interference_A,Sampling
9d887541722c3b46d6e24220,1,beliefs_first,4,3,4,4,410,0.48,1.7,90,0,10,10,0,90,5,B,1,1,30,Male,DATA_EXPIRED,Interference_B,Sampling
89043b747a297a2a0d2c5733,1,beliefs_first,3,3,5,5,407,0.5,0.6,60,20,20,40,15,45,6,B,1,1,24,Male,No,Interference_B,Sampling
988ac26df6618299dd4a7db1,1,beliefs_first,3,4,5,2,517,1,2,30,40,30,70,20,10,7,A,1,1,28,Male,No,Interference_B,Sampling
e2815d0677933d925dfcc6da,1,choice_first,2,1,2,2,591,1,1.5,40,0,60,20,0,80,6,A,1,1,27,Female,No,Interference_B,Sampling
6bbc923a623ec57f11300152,1,beliefs_first,4,2,4,4,484,0.9,1.5,48,5,47,47,5,48,5,B,1,1,30,Female,No,Interference_B,Sampling
fd1655bfbb8199b4d08fb377,1,choice_first,4,3,5,2,580,0.3,1,95,0,5,10,0,90,7,A,1,1,52,Female,No,Interference_B,Sampling
a73554621d505003811b86cf,1,choice_first,5,3,5,1,741,0.9,1.4,40,10,50,25,10,65,7,A,1,1,58,Male,No,Interference_B,Sampling
148e76a10a047fd69953da27,0,beliefs_first,4,3,4,4,833,1.8,2,30,21,49,30,50,20,6,B,1,1,53,Male,No,Interference_B,Sampling
1a5974b629839818f17da72e,1,choice_first,3,4,4,2,643,1,2,50,10,40,10,10,80,6,B,1,1,34,Male,No,Interference_B,Sampling
cc9884db1e27858f01bfa4dc,0,beliefs_first,5,2,3,3,851,1,1,30,20,50,25,35,40,7,A,1,1,75,Male,No,Interference_B,Sampling
db44846e3d83c45fe22d8664,1,beliefs_first,4,2,4,4,233,1.78,2,80,10,10,50,20,30,5,B,1,1,23,Female,No,Interference_B,Sampling
3cccbd9e4519ff9dad1954ea,0,choice_first,3,2,4,3,941,1,2,60,20,20,20,20,60,4,B,1,1,29,Male,No,Interference_B,Sampling
dc6324023b33d485749692bf,1,beliefs_first,2,2,4,4,360,0.9,1.5,80,1,19,20,1,79,6,A,1,1,40,Female,DATA_EXPIRED,Interference_B,Sampling
4cc239531bba5fc680d9ede2,0,choice_first,2,2,5,4,689,1.9,1.4,15,5,80,20,5,75,5,A,1,1,40,Male,No,Interference_B,Sampling
7269dbb5ef8c2e835889d7fe,1,choice_first,2,3,3,4,714,1,2,60,20,20,20,20,60,7,A,1,1,33,Male,No,Interference_B,Sampling
2edaf84e05a9b29d542b299b,0,beliefs_first,4,3,4,3,435,1.68,1.71,20,0,80,18,0,82,5,B,1,1,35,Male,Yes,Interference_B,Sampling
07a86b35690c50235a09b9c0,1,choice_first,4,3,4,4,735,2,2,0,0,100,0,0,100,5,A,1,1,54,Female,Yes,Interference_B,Sampling
d2a3a50358b1025c8612ec3c,1,choice_first,3,1,4,4,811,0,2,25,50,25,0,0,100,7,A,1,1,62,Male,Yes,Interference_B,Sampling
fbc7d2338c839efc41ccb4a6,1,beliefs_first,3,3,4,4,1050,0.9,1.2,50,10,40,10,10,80,6,A,1,1,31,Male,DATA_EXPIRED,Interference_B,Sampling
79c6b8df21b45d91f75153f6,1,choice_first,4,3,4,4,430,1,1.5,25,50,25,10,20,70,7,A,1,1,56,Male,No,Interference_B,Sampling
d0473a2e18912852fa3b8088,1,beliefs_first,2,3,4,4,492,1,1.5,10,30,60,5,20,75,6,A,1,1,28,Female,Yes,Interference_B,Sampling
c220b1466e1c092d7b6cf870,1,choice_first,4,4,5,5,514,1.5,1.8,20,20,60,15,15,70,5,A,1,1,34,Male,No,Interference_B,Sampling
8033984163dd1d26b69c88c2,1,choice_first,3,2,4,4,834,1,2,45,2,53,10,1,89,5,A,1,1,49,Female,No,Interference_B,Sampling
6184b5b9b140dfe2c44daed1,1,beliefs_first,5,1,2,3,798,1,0.9,60,0,40,60,0,40,6,B,1,1,29,Female,DATA_EXPIRED,Interference_B,Sampling
37e5a952a36230d97c4e5dca,1,beliefs_first,1,1,4,4,412,1,1.8,90,1,9,50,2,48,7,B,1,1,65,Female,No,Interference_B,Sampling
5d516251eb03dec094aa3eb9,1,beliefs_first,4,2,2,2,701,1.2,1.2,33.33,33.33,33.34,33.33,33.33,33.34,5,B,1,1,45,Female,No,Interference_B,Sampling
0b80b6e00c54a0b016adab22,0,choice_first,3,4,5,2,317,0.78,0.96,80,1,19,75,1,24,2,A,1,1,30,Female,No,Interference_B,Sampling
833c77e27efe7bfb0ff08ee3,1,beliefs_first,4,2,3,3,661,0.98,1.23,78,3,19,23,2,75,7,A,1,1,51,Female,No,Interference_B,Sampling
4623cfe27ff7f07d9f40ed37,0,beliefs_first,3,2,4,4,417,1,1,80,10,10,80,10,10,6,A,1,1,28,Female,DATA_EXPIRED,Interference_B,Sampling
3378cf3f009614d5769a3011,1,choice_first,3,3,4,4,835,1.09,1.1,40,10,50,30,10,60,5,A,1,1,41,Female,No,Interference_B,Sampling
79e81ae1dbc3906b889556c1,1,choice_first,3,4,5,5,561,1,2,5,45,50,10,60,30,4,B,1,1,43,Female,No,Interference_B,Sampling
b994a7122d9685f57bebd1e5,0,beliefs_first,4,3,4,3,2137,2,2,25,30,45,30,40,30,4,A,1,1,49,Male,Yes,Interference_B,Sampling
f53d608761302ed3bf4f5c72,0,choice_first,3,2,4,4,376,1.5,0.5,30,10,60,25,10,65,4,A,1,1,35,Female,No,Interference_B,Sampling
65f574116415b3f3326fc89a,1,beliefs_first,4,4,4,3,483,0.55,0.6,91,0,9,82,0,18,6,A,1,1,38,Male,No,Interference_B,Sampling
ced6ee5a9f0f7e0cf1496a91,0,choice_first,5,3,4,4,523,1,2,15,55,30,30,30,40,6,A,1,1,43,Male,No,Interference_B,Sampling
239d22a81325c70cd7ffae95,1,beliefs_first,5,3,4,4,379,0.5,1.1,80,0,20,40,10,50,6,A,1,1,43,Male,No,Interference_B,Sampling
386eb9161133d60b1319f169,1,choice_first,2,3,4,4,509,1,1.4,50,40,10,20,30,50,5,B,1,1,53,Female,No,Interference_B,Sampling
f22ed1565e57c6a5853075bb,1,choice_first,3,2,4,5,596,0.75,1.3,60,5,35,10,0,90,7,B,1,1,41,Male,No,Interference_B,Sampling
fed2d046cccf8db91ba46ec3,1,choice_first,3,3,5,5,750,1.2,1.4,40,10,50,30,10,60,5,A,1,1,26,Male,No,Interference_B,Sampling
5179c6f8ebc8d14d111710f0,1,beliefs_first,3,2,5,3,570,1.2,0.95,40,0,60,60,1,39,7,B,1,1,35,Male,No,Interference_B,Sampling
05fdc7d8bb83a7317641ac1b,1,choice_first,3,3,3,3,660,1,1,30,30,40,20,30,50,4,B,1,1,20,Male,DATA_EXPIRED,Interference_B,Sampling
d08cb0ba4a3de88da602c6ab,1,beliefs_first,3,2,4,4,465,0.5,1,20,20,60,5,10,85,5,B,1,1,36,Male,No,Interference_B,Sampling
16d4f0a6c985e99ea54cd68f,1,choice_first,4,2,5,3,712,2,2,20,40,40,10,35,55,5,B,1,1,36,Male,No,Interference_B,Sampling
306da66861d4dab2ec90205f,1,beliefs_first,4,3,4,4,307,1.4,1.7,10,15,75,5,15,80,6,B,1,1,41,Male,No,Interference_B,Sampling
c20b537fc04d012b1b811166,1,choice_first,4,3,3,3,683,1.01,1.32,60,5,35,55,5,40,5,B,1,1,32,Male,Yes,Interference_B,Sampling
fb3aff03744cf34c82a3e472,1,beliefs_first,5,3,4,4,331,0.8,1,80,15,5,60,10,30,5,B,1,1,29,Male,Yes,Interference_B,Sampling
b488da6c2ac55c68e7449a0d,1,beliefs_first,3,2,4,4,485,1,2,90,0,10,10,0,90,7,B,1,1,30,Male,Yes,Interference_B,Sampling
326031712c849bf3c3e2f54a,1,choice_first,4,3,4,4,374,0.5,0.65,90,0,10,70,0,30,6,A,1,1,34,Female,No,Interference_B,Sampling
891d1ecab89f2e8841ac119a,1,choice_first,4,3,4,4,615,1.1,1.5,25,5,70,10,1,89,5,A,1,1,40,Male,No,Interference_B,Sampling
9b792b9132e1468968a44ca7,1,choice_first,4,3,4,4,497,0.5,2,80,10,10,10,30,60,5,A,1,1,DATA_EXPIRED,Male,No,Interference_B,Sampling
62aa44fdaccc9b3cf943265d,1,beliefs_first,4,3,5,5,1136,1.08,1.3,10,5,85,20,5,75,5,B,1,1,34,Male,No,Interference_B,Sampling
81d962f4070ca300340e1eb3,1,choice_first,3,2,3,4,414,1.15,1.5,15,5,80,5,5,90,5,B,1,1,34,Male,No,Interference_B,Sampling
356c269c22c3e8a4dcb35946,0,beliefs_first,4,3,4,4,610,0.8,0.9,40,0,60,40,0,60,3,A,1,1,47,Male,No,Interference_B,Sampling
6e132293174fd97a92b10dcc,1,beliefs_first,2,3,4,4,349,0.5,1,50,0,50,20,0,80,7,B,1,1,34,Female,No,Interference_B,Sampling
6eeeb2472cf38e04821ffd41,1,choice_first,4,4,5,5,423,0.7,1.3,10,0,90,0,0,100,6,A,1,1,55,Male,No,Interference_B,Sampling
80b4ca0f52c957e0471c2923,1,choice_first,3,4,5,4,454,0.3,0.5,85,1,14,49,1,50,5,B,1,1,53,Female,No,Interference_B,Sampling
3e08b0bec63d440a203d5ad7,1,choice_first,2,2,4,4,816,1.2,1.3,30,0.1,69.9,20,0.1,79.9,6,A,1,1,48,Female,No,Interference_B,Sampling
b8999287792d0bc819a1765b,1,beliefs_first,2,2,4,4,688,1,2,10,20,70,30,20,50,4,A,1,1,28,Female,No,Interference_B,Sampling
6219967cb3e78bbc4944b4da,1,choice_first,4,3,3,3,379,0.65,0.95,90,2,8,40,10,50,7,A,1,1,33,Male,No,Interference_B,Sampling
e2b18681a1064f96f492bda7,1,beliefs_first,5,3,3,3,358,0.9,1,50,9,41,8,0,92,7,B,1,1,22,Male,No,Interference_B,Sampling
7f23b4fc230d6666fe05f9de,1,choice_first,2,2,5,4,527,0.5,0.6,50,30,20,20,50,30,5,A,1,1,41,Female,No,Interference_B,Sampling
e33fbbe923c821ccfdd92360,0,choice_first,3,1,3,3,309,1,0.7,50,0,50,70,0,30,4,A,1,1,32,Female,No,Interference_B,Sampling
e032b1868874a70b3a83f2bb,1,beliefs_first,4,3,4,3,528,0.9,1.5,80,5,15,20,5,75,5,B,1,1,34,Male,DATA_EXPIRED,Interference_B,Sampling
99c095866f179f234e03fdb8,1,beliefs_first,4,5,4,4,384,0.52,0.6,40,40,20,35,35,30,6,A,1,1,26,Male,No,Interference_B,Sampling
d7cc1cf443c41c14bafa2f7a,1,beliefs_first,2,5,4,5,425,0.7,0.9,65,2,33,47,2,51,5,B,1,1,30,Male,No,Interference_B,Sampling
378ab13088875786894d8249,1,choice_first,4,2,4,3,1000,0.9,1.2,65,20,15,40,25,35,6,B,1,1,72,Male,No,Interference_B,Sampling
12eb21e84e2e83bbd56e7f4d,1,choice_first,3,4,5,4,346,0.5,1,60,0,40,30,0,70,7,A,1,1,30,Male,DATA_EXPIRED,Interference_B,Sampling
a24d4f0610e5daf2a1ede388,1,choice_first,3,3,5,5,368,1.1,1.4,60,10,30,35,10,55,6,B,1,1,26,Male,Yes,Interference_B,Sampling
920c9a24f7b26a541c709273,1,beliefs_first,4,4,5,4,819,1.2,1.83,67,1,32,35,0.5,64.5,4,B,1,1,46,Female,No,Interference_B,Sampling
80a71cd2623054367d09b499,1,choice_first,5,4,3,3,1096,2,2,25,35,40,30,20,50,5,B,1,1,50,Female,Yes,Interference_B,Sampling
f928d841bb86d98a5e0e7a43,1,beliefs_first,4,3,5,5,1053,1,2,50,40,10,10,40,50,6,A,1,1,26,Male,No,Interference_B,Sampling
b6736dcb66705a38860ab433,1,choice_first,4,3,4,4,495,0.6,1.2,65,5,30,20,10,70,7,B,1,1,26,Female,Yes,Interference_B,Sampling
b8288e3630aba2bbd8523276,0,choice_first,3,2,4,3,951,0.75,0.6,30,10,60,35,15,50,5,A,1,1,61,Male,No,Interference_B,Sampling
bcf3e6aa39e30575b7d7e007,1,beliefs_first,4,3,3,3,862,0.7,1.5,88,0,12,25,0,75,7,B,1,1,28,Male,No,Interference_B,Sampling
5ea1cf2d3c8500f23763346a,1,choice_first,2,3,5,5,707,1,1.2,47,5,48,35,5,60,6,A,1,1,27,Male,No,Interference_B,Sampling
c53ad72aa1b7d4f00bf69b44,0,beliefs_first,3,3,5,5,649,1.1,0.9,30,10,60,50,10,40,6,A,1,1,31,Female,No,Interference_B,Sampling
06ef9dc4f39a56ffcb836dae,1,beliefs_first,2,2,5,5,817,1,1.25,70,20,10,20,10,70,4,B,1,1,52,Female,No,Interference_B,Sampling
1255924033ea3b1738ea5338,1,beliefs_first,3,4,3,2,711,0.7,1.2,90,5,5,70,2,28,5,A,1,1,58,Female,No,Interference_B,Sampling
640418162967a550bf6f10d1,1,choice_first,2,3,4,4,1236,0.45,0.9,60,10,30,40,10,50,5,A,1,1,26,Female,Yes,Interference_B,Sampling
cb9650f8224b92de76f78673,1,beliefs_first,2,1,4,4,440,0,2,27,50,23,10,80,10,7,A,1,1,54,Female,No,Interference_B,Sampling
0f7b2893537898f18814d423,1,choice_first,4,4,4,2,915,1.1,1.5,60,30,10,30,25,45,5,A,1,1,47,Male,No,Interference_B,Sampling
eee966cdab43aa4ce9e003ac,1,choice_first,2,2,3,4,784,1.2,1.4,40,0,60,20,0,80,5,B,1,1,28,Female,No,Interference_B,Sampling
426e6826793966996c14d322,1,beliefs_first,3,2,5,3,767,1,1.5,30,10,60,10,15,75,6,B,1,1,48,Female,No,Interference_B,Sampling
6f76c7d0ef4aa6864f6801db,1,beliefs_first,4,4,4,4,2312,1,1.5,50,10,40,60,5,35,6,A,1,1,30,Male,Yes,Interference_B,Sampling
c3c2a105bae9968c77371d45,1,choice_first,2,3,4,3,504,1.2,1.5,20,30,50,10,10,80,5,A,1,1,58,Female,DATA_EXPIRED,Interference_B,Sampling
8104195baa365b2a85813030,1,choice_first,5,5,5,5,1610,1.08,1.08,0,0,100,0,0,100,7,B,1,1,26,Male,Yes,Interference_B,Sampling
0dc6c5323cc27dbfc4118a97,1,choice_first,4,4,5,5,939,1.05,1.5,50,20,30,50,10,40,7,B,1,1,28,Female,No,Interference_B,Sampling
acba912a7258f52c830d5632,1,beliefs_first,1,4,5,5,595,1.05,1.8,35,50,15,15,35,50,6,A,1,1,30,Female,No,Interference_B,Sampling
ff9726a4da7a58e92fbe1f3a,0,beliefs_first,4,3,3,4,512,0.3,0.6,90,0,10,70,0,30,7,B,1,1,62,Female,No,Interference_B,Sampling
010a738055b300743f12212d,0,beliefs_first,2,1,3,3,558,1,2,50,25,25,20,30,50,4,A,1,1,24,Female,No,Interference_B,Sampling
91dabfdd64b73eacfaeac10d,1,choice_first,2,3,4,4,706,0.65,1,58,32,10,33,27,40,6,A,1,1,31,Female,Yes,Interference_B,Sampling
87038aa216e6a4c39c2c40bd,1,beliefs_first,2,3,4,4,608,0.85,1.7,70,20,10,0,15,85,7,A,1,1,54,Female,No,Interference_B,Sampling
136b55ee074515894f54a4ab,0,beliefs_first,3,5,4,4,1150,2,1.8,28,30,42,52,40,8,6,B,1,1,65,Female,Yes,Interference_B,Sampling
f801e755ca3216b0535a44eb,0,choice_first,2,1,4,3,460,1.03,0.881,33.3,33.3,33.4,50,25,25,5,B,1,1,52,Female,DATA_EXPIRED,Interference_B,Sampling
9b228f86c4300fc3d0a12cf5,1,beliefs_first,4,4,3,3,737,1,2,50,40,10,5,15,80,7,B,1,1,31,Female,No,Interference_B,Sampling
43bc8230ac11c332beb51a2a,1,choice_first,2,2,4,5,395,1.5,2,70,15,15,40,10,50,5,A,1,1,23,Female,Yes,Interference_B,Sampling
600459f5a9a957a1c1bd865d,1,choice_first,4,3,5,4,611,0.48,0.85,40,0,60,30,0,70,6,A,1,1,38,Female,No,Interference_B,Sampling
06de4feec0e390c7f5f24bb5,1,beliefs_first,3,3,3,3,611,1.02,2,5,25,70,10,25,65,4,B,1,1,22,Female,Yes,Interference_B,Sampling
d94f05f1c7bfed234c2f243e,0,choice_first,2,3,5,5,534,2,1,45,10,45,38,24,38,5,B,1,1,46,Female,No,Interference_B,Sampling
b4c8c157de38db7071eb653c,1,choice_first,3,3,4,4,817,0.8,1.15,60,25,15,20,20,60,6,A,1,1,56,Female,No,Interference_B,Sampling
4c702a4598305550dd3266f4,0,choice_first,5,1,4,5,1134,2,1,10,10,80,10,10,80,7,A,1,1,DATA_EXPIRED,Female,No,Interference_B,Sampling
fc0b963c0955698018a789a8,1,beliefs_first,3,2,3,4,751,1.1,1.5,85,1,14,30,0,70,7,A,1,1,19,Male,DATA_EXPIRED,Interference_B,Sampling
