id,choiceB,beliefA,beliefB,cond_presentation,cond_beliefs_choice_order,riskTaking,statKnow,regretExAnte,regretExPost,duration,beliefA_below,beliefA_equal,beliefA_above,beliefB_below,beliefB_equal,beliefB_above,short,round,whichFirst,choiceStr,age,sex,student,df
9c2a276668310d20bbee356f,1,1.05,0.4,sampling_noiseless,beliefs_first,2,4,3,5,392,40,10,50,35,25,40,0,1,A,7,22,Female,No,prereg
a431e26d86f7eabc22587c7b,1,0.04,0.04,description_noiseless,choice_first,2,1,2,4,529,30,30,40,20,20,60,0,1,A,4,36,Male,No,prereg
02e718572c3227791c87f4d0,1,1,1,sampling_noiseless,choice_first,4,4,2,3,436,25,50,25,20,50,30,1,1,B,6,21,Male,Yes,prereg
53fd30b921af44b44278d9df,1,1,2,sampling_noiseless,beliefs_first,2,1,5,5,548,60,20,20,40,20,40,1,1,B,6,49,Female,DATA_EXPIRED,prereg
417f5ea4a534c090c79dc96a,1,1.5,1.6,sampling_noiseless,choice_first,2,3,5,5,493,20,5,75,15,5,80,0,1,B,7,30,Male,No,prereg
47d6fbd17a055b0f6dcd279b,1,1.5,1.5,description_noiseless,choice_first,5,3,5,5,508,0,40,60,0,90,10,0,1,B,7,36,Male,No,prereg
7aa79a4cc1f8e28429922216,0,1,1,description_noiseless,beliefs_first,2,2,4,4,530,50,25,25,50,1,49,0,1,B,5,21,Female,Yes,prereg
2f4f77cf3516dd65fe654bbf,1,0.8,1,sampling_noiseless,choice_first,3,3,5,5,526,60,5,35,40,10,50,1,1,A,5,24,Male,Yes,prereg
aa557b3c9888532c2f643d56,1,1.08,0.96,sampling_noiseless,beliefs_first,4,3,4,5,704,45,0,55,50,5,45,0,1,B,5,23,Female,Yes,prereg
bf46d0ff0554a93d77355184,1,1.4,1.44,sampling_noiseless,choice_first,5,4,5,5,664,14,4,82,10,0,90,0,1,B,7,37,Male,DATA_EXPIRED,prereg
7d86f34d5ad77bd1d988d9be,0,1.2,0.8,sampling_noiseless,beliefs_first,2,2,4,4,573,20,40,40,50,25,25,1,1,A,5,44,Female,DATA_EXPIRED,prereg
beaa55b48e0e927d39c6c413,1,1,1.2,description_noiseless,choice_first,4,3,4,3,670,40,10,50,30,40,30,1,1,A,5,25,Male,No,prereg
dd467f569e1f80ae3adb312a,0,1,1,sampling_noiseless,choice_first,2,5,5,5,752,49,2,49,49.5,2,48.5,0,1,B,7,22,Male,No,prereg
2b1aa04b7a7c74919f260088,0,1,1,description_noiseless,choice_first,4,4,2,2,270,45,10,45,45,10,45,1,1,A,7,30,Male,Yes,prereg
68d15344adea8e48c2040682,1,0.4,0.7,sampling_noiseless,choice_first,4,3,4,5,367,50,20,30,30,30,40,1,1,A,6,24,Male,No,prereg
30f1711ac13ac4e5743b0577,1,1,0.8,sampling_noiseless,beliefs_first,4,3,5,5,405,50,5,45,25,5,70,1,1,A,7,31,Male,No,prereg
2cd780300f69c352ad637c33,0,0.9,0.1,description_noiseless,beliefs_first,4,2,5,5,452,40,5,55,60,5,35,0,1,A,7,29,Male,No,prereg
47b02182b9ab40f7952614bc,1,2,2,description_noiseless,choice_first,4,3,3,4,399,0,0,100,0,0,100,0,1,B,5,21,Male,No,prereg
406ad4c71e98205c91a89bf0,1,1,1,description_noiseless,beliefs_first,2,3,5,5,885,49,2,49,49,2,49,0,1,A,5,21,Female,Yes,prereg
d628e8f6be3f6c498742383f,1,1,1,description_noiseless,choice_first,4,4,5,3,638,45,10,45,45,10,45,1,1,B,1,27,Male,No,prereg
4eda5a15e5ecd009b191b0dc,1,1,1,description_noiseless,beliefs_first,2,2,5,4,386,45,10,45,45,10,45,0,1,B,4,38,Male,No,prereg
7891214883027c095df0653d,1,0.4,1,sampling_noiseless,choice_first,2,3,4,4,960,95,0,5,45,10,45,0,1,A,6,38,Female,No,prereg
6b31aa868d49588b44126937,1,1,1.1,description_noiseless,choice_first,4,3,4,5,648,46,8,46,46,8,46,1,1,A,7,30,Male,No,prereg
9cb6554bd9e85d2db103de9b,0,1.5,1,description_noiseless,beliefs_first,3,1,5,3,529,10,35,55,25,50,25,0,1,A,7,51,Female,No,prereg
1e4a520e5ec587d4c684a224,1,1.31,1.35,sampling_noiseless,beliefs_first,3,5,5,5,473,40,0,60,40,0,60,0,1,A,7,33,Male,No,prereg
86d790e3ce957b96c492cfb1,1,1,120,description_noiseless,choice_first,3,3,3,2,1004,60,25,15,60,22,18,0,1,B,6,65,Female,No,prereg
00dac5efe6969a4957ac24b0,1,0.1,0.11,description_noiseless,choice_first,2,2,4,5,632,49,2,49,48.5,3,48.5,0,1,B,6,27,Male,Yes,prereg
a9594a68454489c6cc5d4101,0,1,1.04,sampling_noiseless,beliefs_first,5,3,3,3,804,50,5,45,50,5,45,0,1,B,7,24,Male,Yes,prereg
7f772b65bca4f217d1d75a2b,0,1,1,description_noiseless,beliefs_first,4,3,4,5,1013,0,100,0,0,100,0,1,1,A,4,74,Male,No,prereg
52a73d79869ceae8c93140e3,0,1,1,description_noiseless,beliefs_first,4,3,4,4,242,45,23,32,45,13,42,0,1,A,6,34,Male,DATA_EXPIRED,prereg
40bfd136fddafca5c8afe754,0,1,2,sampling_noiseless,choice_first,3,2,4,4,581,50,5,45,50,5,45,0,1,A,5,26,Female,No,prereg
ac2ca5a8ee98771e05fcce09,1,0.68,1.12,description_noiseless,choice_first,2,3,3,2,654,64,0.5,35.5,44,0.7,55.3,0,1,B,4,28,Male,No,prereg
c7bf58e3cc70fbbe590fb0d7,1,0.99,0.96,sampling_noiseless,choice_first,4,4,3,3,512,49,1,50,50,0,50,0,1,B,6,38,Male,No,prereg
d7d16f6ce1fe6bacf15895a6,1,0.8,1.2,sampling_noiseless,choice_first,4,4,5,5,735,20,20,60,10,20,70,1,1,B,4,32,Male,No,prereg
f4d67cad5f3dd188a0f120b7,1,1,1,sampling_noiseless,beliefs_first,2,1,5,5,843,25,25,50,25,25,50,0,1,A,4,30,Female,No,prereg
be1b358373180d4b4675b755,1,2,1,sampling_noiseless,choice_first,2,2,1,4,593,70,10,20,40,10,50,1,1,A,7,34,Male,DATA_EXPIRED,prereg
8121351ab14ec9995451997a,1,0.76,0.8,sampling_noiseless,beliefs_first,2,3,2,2,704,50,20,30,55,15,30,0,1,A,7,43,Male,No,prereg
4b6e548f909dd13af8124e9d,1,1,1.2,sampling_noiseless,choice_first,2,2,3,2,1173,25,50,25,25,25,50,1,1,B,6,31,Male,No,prereg
de0ca9b36ada262b42d0a9f5,0,2,1,description_noiseless,choice_first,4,3,4,4,567,33,34,33,35,60,5,1,1,A,5,60,Female,No,prereg
5a734650bb5ad682378e3d2c,0,1,1.1,description_noiseless,choice_first,2,3,4,4,723,45,10,45,45,10,45,1,1,A,6,32,Female,No,prereg
360eaf80632988f4fe655ba8,1,1,0.4,sampling_noiseless,beliefs_first,4,1,5,5,530,70,10,20,20,30,50,1,1,B,6,28,Female,No,prereg
5c5ba186a41579ad56bd8c86,1,1.7,1.56,sampling_noiseless,beliefs_first,4,2,2,2,711,10,1,89,5,2,93,0,1,A,6,28,Male,No,prereg
204a4a8432e4bd1fa47767ea,0,1,1,description_noiseless,choice_first,3,2,5,5,692,49,2,49,49,2,49,0,1,A,1,38,Male,No,prereg
bcdae254127eb2d4da6830cb,0,1,1,description_noiseless,beliefs_first,3,3,5,4,774,45.5,9,45.5,45.5,9,45.5,1,1,B,1,51,Female,No,prereg
c6e8a124869ba778e62ede97,0,1,1,description_noiseless,choice_first,3,2,2,2,470,49,2,49,49,2,49,0,1,A,7,30,Female,No,prereg
575a6a86284e9be75adfa60b,1,0.4,1,description_noiseless,choice_first,2,2,4,4,542,80,12,8,60,10,30,1,1,A,7,24,Male,No,prereg
4da429c79ac821b051c85366,1,1.45,1.6,sampling_noiseless,choice_first,3,4,5,4,1056,48,5,47,20,5,75,1,1,B,6,25,Male,Yes,prereg
7563bc7a37313cf1f6d9f332,0,1.75,1.5,description_noiseless,choice_first,4,2,4,5,593,10,90,0,20,40,40,1,1,A,5,30,Female,No,prereg
54cd68e20155f588ee9c38e7,1,1,1,sampling_noiseless,beliefs_first,3,3,4,5,944,55,5,40,40,5,55,0,1,B,5,39,Female,Yes,prereg
e0d5a469b16f600a5d7476b1,1,1,1.1,description_noiseless,beliefs_first,3,3,4,4,1220,45.5,9,45.5,45.5,9,45.5,1,1,A,6,50,Male,DATA_EXPIRED,prereg
d3d2f8a55f8ef6eeed91aabf,1,0.9,1,sampling_noiseless,choice_first,4,4,3,4,989,35,35,30,25,40,35,0,1,B,6,28,Male,Yes,prereg
19e3014d6d70e1cd9d9e3364,0,1.1,1.2,sampling_noiseless,choice_first,2,2,4,4,633,50,5,45,60,10,30,0,1,B,6,44,Male,No,prereg
07049c7a9d831703e9c6dcb6,1,0.8,1,sampling_noiseless,choice_first,3,5,4,3,866,55,9,36,45,10,45,1,1,B,6,54,Male,No,prereg
40117b5fc9e97c2ed700132e,1,0.9,1.1,sampling_noiseless,choice_first,2,2,2,3,860,0,0,100,0,9,91,1,1,B,6,60,Male,No,prereg
3084e969fc497e53f93d1cd6,1,0.6,0.54,sampling_noiseless,beliefs_first,2,4,4,4,873,60,5,35,58,5,37,0,1,B,2,39,Female,Yes,prereg
f5e0f187549ffd653d0e9408,0,1,1,description_noiseless,beliefs_first,2,3,3,3,887,45,10,45,45,10,45,1,1,A,1,28,Male,No,prereg
327dbf14fc3f276de8ce5503,1,1.75,2,sampling_noiseless,beliefs_first,2,3,3,4,655,70,5,25,40,10,50,1,1,A,6,37,Female,No,prereg
46a83e0d4154c95f0b829398,1,1.08,1.04,sampling_noiseless,beliefs_first,4,3,4,4,781,20,50,30,15,50,35,0,1,B,7,DATA_EXPIRED,Male,No,prereg
7b3570f7f10f898f13dc7b57,0,0.8,1.2,description_noiseless,choice_first,2,3,3,2,1080,40,5,55,55,5,40,0,1,A,1,69,Female,No,prereg
65fd32f6166e5bcab55bcbc5,1,0.7,0.7,sampling_noiseless,choice_first,4,4,4,4,732,80,2,18,80,2,18,1,1,A,5,37,Male,No,prereg
ba4b983885850e0ceb2d4a44,0,1,0.9,description_noiseless,beliefs_first,2,2,4,2,1341,50,2,48,49,2,49,0,1,B,7,61,Female,No,prereg
19804964d6463747354fd078,1,0.8,1,sampling_noiseless,choice_first,4,4,4,4,534,50,5,45,45,5,50,1,1,B,7,34,Male,No,prereg
54dfb750584dec786d1e176e,0,1,0.8,description_noiseless,choice_first,4,3,4,4,686,70,10,20,80,10,10,0,1,A,1,40,Female,DATA_EXPIRED,prereg
e58590ee85b5fb8ebfd1ab37,0,1,1,description_noiseless,beliefs_first,4,2,5,4,1327,48,2,50,50,2,48,0,1,B,3,40,Male,No,prereg
d6ef9ed40ae0488b69df94df,1,1,1,description_noiseless,choice_first,3,1,2,5,580,25,25,50,30,30,40,0,1,A,7,43,Female,No,prereg
dd496c54e8d12ec3bd97298b,0,0.18,0.2,description_noiseless,beliefs_first,3,2,4,4,685,0,0,100,0,0,100,1,1,A,6,52,Male,No,prereg
e7f3a3d346b6dcdf7c5773f6,0,0.5,0.49,description_noiseless,beliefs_first,3,3,5,4,1222,50,1,49,51,1,48,0,1,A,5,51,Male,Yes,prereg
b40b6572251b2aed827797e3,0,1.2,1,description_noiseless,beliefs_first,2,3,4,4,755,20,10,70,25,15,60,1,1,B,6,38,Male,No,prereg
de5ff063a1d9e7e42a551692,0,1.1,1,sampling_noiseless,choice_first,5,3,5,5,802,49,1,50,49,2,49,0,1,A,6,35,Male,No,prereg
31cca81e61f770d3e10f0351,1,0.8,1,description_noiseless,choice_first,5,2,5,5,1600,49,2,49,46,2,52,0,1,A,7,23,Male,Yes,prereg
c56279e291002ca09a4b4e30,1,1.1,1,description_noiseless,choice_first,3,4,3,4,491,45,10,45,45,10,45,1,1,A,5,38,Female,DATA_EXPIRED,prereg
c1c4793b9baf3bff50c457a2,0,1,1.25,description_noiseless,choice_first,3,2,4,3,634,50,20,30,30,20,50,1,1,B,6,33,Male,Yes,prereg
b1baac21b6e4b76d8b6c3f07,1,0.7,0.74,sampling_noiseless,choice_first,3,2,4,4,892,49.5,1,49.5,49.5,1,49.5,0,1,B,5,23,Male,Yes,prereg
7c98478337747c04a485e225,0,1,1.25,description_noiseless,beliefs_first,4,2,5,4,923,49,2,49,40,20,40,1,1,B,6,20,Male,Yes,prereg
8606a7e4601cd0c67521f8ff,0,1,0.5,description_noiseless,beliefs_first,4,2,5,5,544,33,34,33,50,10,40,0,1,A,4,56,Female,DATA_EXPIRED,prereg
2640cc974705e31d77594f73,0,2,2,sampling_noiseless,beliefs_first,2,2,3,3,699,70,10,20,10,20,70,1,1,B,4,33,Female,No,prereg
21c91e3530e9f2a863a00e58,1,1.2,0.8,sampling_noiseless,beliefs_first,4,2,3,2,553,60,10,30,30,10,60,0,1,A,7,33,Male,No,prereg
2f37862f9f58aaf5d3bfca3f,0,1.1,1.1,sampling_noiseless,choice_first,3,4,5,4,679,44,2,54,46,2,52,0,1,B,7,25,Male,Yes,prereg
01d32575b845719f936f929b,0,1,1,description_noiseless,beliefs_first,3,4,5,4,1504,33,34,33,33,34,33,0,1,B,7,59,Male,No,prereg
d38c8a80e7f949a2de85f7d4,1,1,1,description_noiseless,choice_first,1,1,5,5,567,33,34,33,33,34,33,1,1,B,5,41,Female,No,prereg
5a6af92785df6cf8fdbdd59b,0,1.13,1,description_noiseless,beliefs_first,2,2,5,5,1676,30,10,60,25,50,25,1,1,B,7,42,Male,No,prereg
af7a4f35c3e8ef2d5f947aec,1,0.8,0.9,sampling_noiseless,beliefs_first,3,1,5,2,1418,46,0,54,40,0,60,0,1,B,7,41,Female,No,prereg
4bcbda08c2622ab4b63f5640,1,0.7,0.9,sampling_noiseless,beliefs_first,3,2,3,4,388,60,30,10,40,55,5,1,1,A,6,31,Male,No,prereg
83d1204c8019a3d877c34898,1,1.32,1.36,sampling_noiseless,beliefs_first,3,2,4,3,1045,30,10,60,30,10,60,0,1,B,6,32,Female,Yes,prereg
a793c1bf9eff725f199a215a,1,1.3,1.6,sampling_noiseless,beliefs_first,3,3,5,5,684,65,20,15,35,20,45,1,1,B,7,30,Male,No,prereg
272fd7dd609c3f2a594e6989,0,0.8,1,description_noiseless,beliefs_first,3,3,3,4,810,40,20,40,50,10,40,1,1,B,6,30,Male,DATA_EXPIRED,prereg
ee4d2cd97e64c0db057a1403,1,1,1,description_noiseless,choice_first,2,3,5,5,998,45,10,45,45,10,45,1,1,A,3,30,Female,No,prereg
91450a56a8098ebbcc278ec1,0,1,1,description_noiseless,beliefs_first,4,3,5,5,610,10,10,80,33,33,34,0,1,A,5,31,Male,No,prereg
35d4ac9a5b269d9413dfebdf,1,0.8,0.9,sampling_noiseless,choice_first,4,2,4,4,831,99,0,1,80,1,19,0,1,B,7,45,Male,No,prereg
1a7a3d59b080c4a4d1e3dec5,1,2,1,sampling_noiseless,choice_first,3,3,5,5,706,40,20,40,50,5,45,1,1,B,6,28,Female,No,prereg
d66ccc4cb67629b6fe73714e,1,0.8,1.2,sampling_noiseless,choice_first,3,2,4,4,681,70,5,25,60,10,30,1,1,B,4,29,Female,No,prereg
5799e245e04fa72f5778f205,1,0.4,1.2,sampling_noiseless,choice_first,5,4,5,4,776,60,0,40,30,5,65,1,1,A,6,22,Male,Yes,prereg
634b2c3e7b5915d4e76fb5f2,1,1.1,1.5,sampling_noiseless,beliefs_first,3,2,4,3,1188,20,20,60,5,30,65,1,1,A,6,43,Male,No,prereg
46d17f825b121939c9103faf,1,2,1,sampling_noiseless,beliefs_first,3,4,3,4,1916,35,35,30,30,30,40,1,1,B,4,53,Male,No,prereg
efa0915c4eebc80ea47fa924,0,1,1,description_noiseless,choice_first,3,2,3,3,539,45,10,45,55,10,35,1,1,B,4,45,Male,DATA_EXPIRED,prereg
e6cd92629396e191576b4efa,1,1.46,1.5,sampling_noiseless,beliefs_first,3,1,5,4,651,15,38,47,15,38,47,0,1,B,6,23,Male,No,prereg
42347e1eebe5fe6fddfb1498,1,1,2,sampling_noiseless,choice_first,3,1,4,3,540,60,10,30,20,10,70,1,1,A,6,38,Male,No,prereg
5af6c948a51d9f9b6ff31eef,1,0.6,1.4,sampling_noiseless,beliefs_first,3,2,5,5,695,90,10,0,90,10,0,1,1,B,4,23,Female,No,prereg
3f4b415d92eaac6f70fcd4b6,0,0.76,0.8,sampling_noiseless,choice_first,4,2,4,4,553,50,30,20,45,0,55,0,1,A,6,33,Male,DATA_EXPIRED,prereg
79b06a6eb4be89e134b18e62,1,1,0.9,description_noiseless,choice_first,3,1,2,2,662,48,2,50,55,5,40,0,1,A,6,30,Female,No,prereg
cf8088eb5bad87bd64f9f80f,0,1,1,sampling_noiseless,beliefs_first,4,3,4,4,2012,30,20,50,50,20,30,1,1,B,5,33,Male,No,prereg
f88fcf2a8caafb01bdce7e23,1,1,0.88,description_noiseless,beliefs_first,3,1,1,2,1590,46,8,46,36,18,46,1,1,A,6,52,Female,No,prereg
3d52f30c5444e2d873b3a47d,0,1.2,0.8,sampling_noiseless,choice_first,4,2,4,4,637,60,5,35,70,5,25,1,1,B,5,41,Male,No,prereg
7aba6d972068305ee38db8bc,1,0.8,1,sampling_noiseless,choice_first,5,5,5,5,530,60,20,20,10,10,80,0,1,B,7,43,Male,No,prereg
a0a6606a5d475f4d0ddb1c3c,1,1.8,1.2,sampling_noiseless,beliefs_first,3,1,4,5,823,62,3,35,10,3,87,1,1,A,5,46,Female,No,prereg
308da1ed8fae7314cb0f0fe1,1,1,2,sampling_noiseless,choice_first,4,3,4,4,1566,50,30,20,30,30,40,1,1,A,7,50,Male,Yes,prereg
1b0bda4d2767fc7d83274905,1,1,1.25,sampling_noiseless,choice_first,4,3,5,5,841,80,5,15,65,5,30,1,1,B,6,36,Male,No,prereg
8600a82e8e4b00da994415fd,0,1,0.8,description_noiseless,beliefs_first,3,4,2,2,440,10,80,10,80,10,10,0,1,B,6,36,Female,No,prereg
e32f319c2a4a45673b0d71d1,0,0,2,description_noiseless,choice_first,5,4,4,4,370,100,0,0,0,0,100,0,1,A,6,24,Male,DATA_EXPIRED,prereg
43d855930d64e658e938e3da,1,1,1.02,sampling_noiseless,beliefs_first,3,4,3,3,739,10,80,10,45,10,45,0,1,B,7,42,Female,No,prereg
60a9a7cfc80308a85c236ceb,0,0.8,0.75,sampling_noiseless,beliefs_first,4,3,5,5,1369,45,10,45,45,10,45,1,1,A,5,33,Female,DATA_EXPIRED,prereg
79d46bfb9ddd9314f022a2d0,0,0.8,0.8,description_noiseless,choice_first,2,1,4,4,618,50,10,40,50,10,40,1,1,A,4,33,Female,No,prereg
9a91978ae6a4bbe06de8bb3b,1,0.7,0.9,sampling_noiseless,choice_first,2,3,4,3,609,70,10,20,20,10,70,1,1,B,6,19,Male,DATA_EXPIRED,prereg
49505e3df1b6e35981068068,1,0.5,0.54,sampling_noiseless,beliefs_first,4,4,5,5,440,50,2,48,48,2,50,0,1,A,7,23,Male,Yes,prereg
7f9ad6ae3860a564de6669c3,0,0.97,1,description_noiseless,beliefs_first,5,3,5,2,1294,97,3,0,0,97,3,1,1,B,7,41,Female,No,prereg
6de10b95e11e83fdd05b7040,1,0.18,0.95,description_noiseless,beliefs_first,4,4,4,5,1038,91,0,9,36,9,55,1,1,B,7,20,Male,No,prereg
cf63ce04519a2f6b0cde9761,0,1,1,description_noiseless,beliefs_first,3,4,4,3,785,49.05,1.9,49.05,49.05,1.9,49.05,0,1,B,7,27,Male,No,prereg
89a4c3deb9d3f8cc7a666f91,1,0.8,1.2,sampling_noiseless,beliefs_first,4,3,4,4,591,50,0,50,50,0,50,1,1,A,5,24,Male,No,prereg
036c563c9df9263b66945a47,0,1.5,2,sampling_noiseless,beliefs_first,4,3,4,4,2057,20,50,30,30,50,20,1,1,A,5,56,Male,No,prereg
d4a4779dc4c14f4fae8ef416,1,1.04,1,sampling_noiseless,beliefs_first,3,2,4,2,1170,49,1,50,50,1,49,0,1,B,6,33,Male,No,prereg
6bd6092f104fe35758b75774,1,1,1,description_noiseless,beliefs_first,4,1,4,3,743,49,2,49,49,2,49,0,1,A,5,32,Female,Yes,prereg
345a0a359db96960f43f91d1,1,1.1,1.1,description_noiseless,beliefs_first,3,2,2,2,1980,45,9,46,45,9,46,1,1,A,6,58,Male,No,prereg
676aad587dd0afc943cd14a9,0,0.9,0.8,sampling_noiseless,choice_first,4,3,4,4,1140,60,10,30,70,10,20,1,1,A,6,32,Male,No,prereg
298fd661592e4bde31e39a96,1,0.8,0.95,sampling_noiseless,beliefs_first,4,3,4,3,749,60,10,30,50,10,40,1,1,B,6,34,Male,No,prereg
d748c920d54faf8efd7b363c,0,0.98,0.94,sampling_noiseless,beliefs_first,4,2,5,4,916,45,20,35,40,20,40,0,1,B,6,53,Male,No,prereg
e62b58d0ecec9742406dd52f,1,1,1.2,description_noiseless,beliefs_first,5,1,5,5,2230,0,100,0,0,0,100,0,1,A,7,34,Male,No,prereg
6a9418d12336b47f1997f8d0,0,1,1,description_noiseless,choice_first,5,4,2,2,1204,49.02,1.96,49.02,49.02,1.96,49.02,0,1,A,6,27,Male,No,prereg
d9779c00eafe59f862516f67,0,1,0.96,description_noiseless,beliefs_first,3,1,4,4,759,48,4,48,47.5,5,47.5,0,1,A,5,52,Male,No,prereg
d72d4880b6b40b5c6eaba80e,1,1,1,description_noiseless,choice_first,4,3,4,4,616,45,10,45,45,10,45,1,1,B,4,32,Male,No,prereg
17402f438fee8e1938c940b8,1,0.9,1,sampling_noiseless,choice_first,3,2,5,3,765,75,5,20,20,10,70,1,1,B,5,23,Female,DATA_EXPIRED,prereg
82497caf10e29de4fbe94f7a,0,1,0.8,description_noiseless,beliefs_first,4,2,5,3,938,40,10,50,50,10,40,1,1,A,7,56,Male,No,prereg
ad8d55fba34d84426299a3c5,0,0.9,0.9,description_noiseless,choice_first,2,2,4,3,1062,45,10,45,45,10,45,1,1,B,1,33,Female,No,prereg
5ff66a0914f1849837b12c90,1,1.1,1,description_noiseless,beliefs_first,3,2,3,3,629,25,50,25,30,40,30,0,1,B,6,39,Male,No,prereg
b9e731dbea09dc00beb84c4f,1,1,2,sampling_noiseless,beliefs_first,2,1,4,4,618,40,30,30,20,50,30,1,1,B,5,37,Female,DATA_EXPIRED,prereg
5136a806f076a3fc6f435a55,1,1,1.04,sampling_noiseless,beliefs_first,4,3,4,4,1437,63,2,35,60,2,38,0,1,A,7,28,Female,No,prereg
aff0487e9f56c2c40f642ba4,1,0.6,0.8,sampling_noiseless,beliefs_first,3,4,4,5,656,80,10,10,60,10,30,1,1,B,7,36,Female,No,prereg
9cb787ce960d6bac36743962,1,0.5,1,sampling_noiseless,choice_first,2,2,4,4,672,65,5,30,30,5,65,1,1,A,4,33,Male,No,prereg
cac7e7be54af880da85983c3,0,1,0.98,description_noiseless,beliefs_first,4,3,5,5,839,49,2,49,51,2,47,0,1,A,6,26,Male,No,prereg
472e296b56b54f51f28fa451,1,0.02,0.039,sampling_noiseless,choice_first,4,4,4,2,748,98,0,2,98,0,2,0,1,A,3,28,Male,No,prereg
ccf8c9b2c6ea763314413af4,1,0.7,0.75,sampling_noiseless,beliefs_first,4,2,5,3,1212,80,1,19,75,1,24,0,1,B,4,27,Female,DATA_EXPIRED,prereg
6d1f88e25004ef3a6dfb0442,0,1,1,description_noiseless,beliefs_first,4,3,2,4,631,45.5,9,45.5,45.5,9,45.5,1,1,B,4,35,Female,No,prereg
f571dbf38af1d1f6c4b7c66f,0,0.9,0.9,description_noiseless,choice_first,2,2,4,4,1443,45,10,45,40,15,45,0,1,A,5,69,Male,No,prereg
54dcf6ed181883125a852f0f,1,1.1,1,description_noiseless,choice_first,2,1,5,5,1248,10,20,70,15,20,65,1,1,B,4,61,Female,No,prereg
abf414f8ad81ebca66d77f1e,0,2,0,description_noiseless,choice_first,5,1,3,4,1767,0,10,90,0,50,50,1,1,B,7,34,Female,No,prereg
ccfc6990db33ce52eecfb022,0,1,1,description_noiseless,choice_first,4,3,4,3,886,40,30,30,30,40,30,0,1,B,6,36,Male,No,prereg
319ff2ca0648b0c1a8f3dd2b,1,1.1,1,sampling_noiseless,choice_first,5,4,4,5,363,10,10,80,25,10,65,1,1,B,6,38,Male,No,prereg
af0fb9936d816c1b566db2b2,0,1,1,description_noiseless,beliefs_first,3,5,4,5,532,49,2,49,49,2,49,0,1,B,3,39,Female,Yes,prereg
11780692bb4e86a270539325,0,2,1,description_noiseless,choice_first,4,4,4,3,556,60,40,0,60,40,0,1,1,B,6,36,Male,Yes,prereg
dce0c2dbb7bfb031764dce2d,0,1,1,description_noiseless,beliefs_first,4,3,3,2,418,46,46,8,46,46,8,1,1,A,6,36,Male,DATA_EXPIRED,prereg
0933c765a55909386a4522ba,0,2,2,description_noiseless,beliefs_first,5,4,4,4,1530,30,35,35,35,35,30,0,1,A,7,21,Male,No,prereg
758d33fadf8aa4f4e2dcfb1e,1,0.75,1,description_noiseless,choice_first,4,4,5,5,606,33,33,34,33,33,34,1,1,A,7,27,Male,No,prereg
ef77d871fc9d8db3d269aeac,1,0.2,0.3,description_noiseless,choice_first,4,2,5,4,744,70,5,25,60,5,35,0,1,B,5,35,Male,DATA_EXPIRED,prereg
b6db1668d86c040150943cd5,0,0.95,1,sampling_noiseless,choice_first,3,2,4,4,650,60,20,20,50,20,30,0,1,B,4,37,Female,No,prereg
520d12815152e2d4ed129f3c,1,1,1.04,sampling_noiseless,choice_first,2,2,4,4,1247,25,10,65,23,10,67,0,1,B,6,31,Male,DATA_EXPIRED,prereg
be4fa0542b2c7754a166b8a0,0,1.5,1.7,sampling_noiseless,beliefs_first,4,3,3,2,678,20,30,50,30,20,50,0,1,B,5,30,Male,No,prereg
a6a1652403d4ef87e5a94625,1,1,1.25,description_noiseless,choice_first,5,3,5,5,486,25,25,50,25,25,50,1,1,B,7,28,Male,No,prereg
52c049e13ae25030c3269e33,1,1,1.4,sampling_noiseless,choice_first,3,3,2,4,729,35,5,60,25,10,65,1,1,A,6,39,Male,No,prereg
17e52cdb9833bda5f23b4ce5,0,0,2,description_noiseless,choice_first,4,2,3,3,892,20,50,30,20,39,41,1,1,A,5,25,Female,No,prereg
c6264475d2dd8964db157302,1,1.2,1.4,sampling_noiseless,choice_first,4,3,5,5,405,50,5,45,10,30,60,1,1,B,6,34,Male,No,prereg
f00dbce25c14fe24db90fce0,1,1,2,sampling_noiseless,choice_first,4,2,2,2,582,80,10,10,70,5,25,1,1,A,4,30,Female,No,prereg
9c77930b682424a7513af687,1,1,1,sampling_noiseless,choice_first,4,4,4,3,1929,35,30,35,25,35,40,1,1,A,6,49,Male,Yes,prereg
26b404f4d1c227ec04184ca7,1,0.4,0.5,sampling_noiseless,beliefs_first,5,2,4,3,1731,85,5,10,70,5,25,1,1,A,6,30,Male,No,prereg
68b415eb23ec3fd5a1508905,0,1,0.8,description_noiseless,choice_first,4,3,5,4,2049,30,35,35,35,35,30,1,1,B,6,38,Male,DATA_EXPIRED,prereg
2adf9aeac53ce0ab1527d0b3,1,1,1,sampling_noiseless,beliefs_first,1,3,5,3,1397,53,1,46,46,1,53,0,1,A,7,46,Male,No,prereg
64ba0a6c7d2b1072045f779d,0,1,1,sampling_noiseless,choice_first,4,4,3,3,453,40,10,50,45,10,45,0,1,B,7,25,Male,No,prereg
498662dfb2b341b920b6c3ba,0,1,1.5,sampling_noiseless,choice_first,3,2,5,5,488,20,60,20,60,20,20,0,1,A,7,39,Male,DATA_EXPIRED,prereg
a2b5f9b5db61ca0dfa800a81,1,0.35,1,description_noiseless,beliefs_first,4,3,4,3,447,25,50,25,20,40,40,0,1,B,4,23,Male,No,prereg
19c4afe5d0eaf15a89f45c8f,1,0.82,0.86,sampling_noiseless,choice_first,3,1,4,4,533,60,5,35,60,5,35,0,1,B,5,34,Female,No,prereg
afc1b29afc9d49d5ba86ef4d,0,1,1,description_noiseless,beliefs_first,4,3,5,2,1138,33,34,33,33,34,33,1,1,B,6,31,Male,No,prereg
70a9ca110d64786c93a932d6,0,1,1,description_noiseless,beliefs_first,4,3,4,3,1103,49,2,49,49,2,49,0,1,A,5,51,Female,No,prereg
23cb760fc126e81362555f63,0,1,1,description_noiseless,choice_first,3,3,4,4,628,49,2,49,49,2,49,1,1,A,7,41,Male,No,prereg
4f1a1fcd5a85493d514a40f8,1,1,1.12,description_noiseless,beliefs_first,2,4,4,3,500,41,9,50,45,10,45,1,1,B,7,37,Male,DATA_EXPIRED,prereg
79fdbdb0863a63ade23cdad4,1,1,1.5,sampling_noiseless,beliefs_first,4,4,4,4,631,50,10,40,25,65,10,0,1,A,7,19,Male,Yes,prereg
773ba795ec274a5e063583e8,1,1,1,sampling_noiseless,choice_first,4,1,3,3,1794,50,1,49,50,1,49,0,1,B,6,64,Female,DATA_EXPIRED,prereg
dcac648e3863024ca00fd698,1,0.96,1,sampling_noiseless,beliefs_first,4,5,4,4,666,52,2,46,50,2,48,0,1,B,5,55,Male,No,prereg
37bdfe405a4a7e3dc1486464,0,2,1,description_noiseless,choice_first,3,2,5,4,688,20,30,50,20,60,20,0,1,A,5,29,Female,DATA_EXPIRED,prereg
aadf399e8985c78926bb7e70,1,0.42,0.5,sampling_noiseless,beliefs_first,4,2,5,5,997,85,0.5,14.5,80,0.5,19.5,0,1,B,7,18,Male,Yes,prereg
44fcf4efff0061ac5546a8bf,0,2,2,description_noiseless,beliefs_first,5,2,5,5,455,70,10,20,60,20,20,0,1,B,7,48,Female,No,prereg
4b5bb459863ed4f8a463d188,0,1,0.5,sampling_noiseless,beliefs_first,3,2,3,3,585,45,5,50,60,5,35,1,1,B,5,32,Male,No,prereg
1342929d97e5c5f6f8d41cf2,1,1,1,description_noiseless,choice_first,2,3,3,5,676,49,2,49,49,2,49,0,1,A,7,34,Female,DATA_EXPIRED,prereg
ae68b5286c7e832541d26406,1,1.46,1.5,sampling_noiseless,beliefs_first,3,4,5,5,659,45,10,45,45,10,45,0,1,A,7,19,Male,Yes,prereg
4a9699084ed37eea5c1ab3dc,0,1,0.8,description_noiseless,choice_first,4,4,5,4,1341,49,2,49,48,2,50,0,1,A,7,26,Male,Yes,prereg
95ecf9f8d0eea9a93c4cbb01,1,1.2,1.6,sampling_noiseless,choice_first,4,3,4,4,478,30,5,65,15,5,80,1,1,A,6,22,Male,Yes,prereg
152b209127749272bdc264fb,1,0.8,0.81,sampling_noiseless,choice_first,3,4,5,5,440,50,2,48,49,2,49,0,1,A,2,33,Male,DATA_EXPIRED,prereg
1d1cf6ca980f94c02f8825d4,1,0.81,0.81,description_noiseless,beliefs_first,4,4,4,4,2550,45.5,9,45.5,45.50,9,45.5,1,1,A,6,50,Male,No,prereg
78c01836a42c2a0b66dcf850,1,1.8,2,sampling_noiseless,beliefs_first,2,1,3,3,1120,5,5,90,5,5,90,0,1,B,5,60,Male,DATA_EXPIRED,prereg
8659c416b2c84127341b7bed,1,1.1,1.3,sampling_noiseless,choice_first,3,4,4,3,857,60,10,30,40,20,40,1,1,B,7,41,Male,No,prereg
23e32e9e6df608e23c10b0e4,1,11,0.9,sampling_noiseless,beliefs_first,3,4,4,3,1284,30,30,40,32,40,28,1,1,B,5,63,Female,No,prereg
faaf42e6b7f89f9c2eb6e7e0,0,1,0.5,description_noiseless,beliefs_first,2,1,5,4,2227,0,100,0,50,50,0,0,1,A,6,69,Female,No,prereg
a40c93ae68ce560859fcca06,1,0.5,1.5,description_noiseless,beliefs_first,3,2,4,4,915,20,60,20,70,10,20,0,1,B,5,38,Female,DATA_EXPIRED,prereg
dad5929900d520cd0710b16d,1,1,0.5,description_noiseless,beliefs_first,4,1,5,5,789,45,10,45,40,10,50,0,1,B,4,55,Female,DATA_EXPIRED,prereg
95ef2e3876bcf11db782823d,1,0.88,0.91,sampling_noiseless,choice_first,4,3,5,4,749,63,2,35,60,2,38,0,1,B,6,53,Male,No,prereg
43f9355814b73087e3f65445,1,0.8,1,sampling_noiseless,beliefs_first,2,3,3,2,725,50,25,25,25,50,25,1,1,A,7,40,Male,No,prereg
af1748f21a79a63f323654e5,0,1,1,description_noiseless,choice_first,3,3,2,2,611,49,2,49,49,2,49,0,1,A,4,33,Male,DATA_EXPIRED,prereg
bc7c41143e0c77583ad78794,0,2,2,description_noiseless,choice_first,4,3,2,3,1009,15,25,60,20,30,50,1,1,A,7,54,Female,No,prereg
1cae2a39d8901f99e32d4d28,1,1.5,2,description_noiseless,choice_first,4,2,4,4,1016,45,10,45,35,10,55,1,1,A,5,41,Male,No,prereg
4fa0ac6f64aff8748a03e495,1,1.5,2,description_noiseless,choice_first,2,1,2,1,925,33,34,33,33,33,34,1,1,B,6,51,Female,No,prereg
61441ae4f20c4843d9e00247,1,0.8,1.2,sampling_noiseless,choice_first,5,2,4,4,747,82,9,9,18,9,73,1,1,B,4,38,Male,No,prereg
c22113e61f6126ed824b8550,1,1,0.9,sampling_noiseless,choice_first,4,3,4,2,947,60,10,30,50,10,40,1,1,A,5,39,Male,No,prereg
6f609c6ac1f260c78e18ee17,0,2,2,description_noiseless,beliefs_first,2,2,4,5,957,45,10,45,45,10,45,0,1,A,3,56,Female,DATA_EXPIRED,prereg
caf42801a963d09ad2ea8948,0,1.8,1.3,sampling_noiseless,choice_first,3,3,4,3,1274,20,30,50,30,30,40,0,1,A,5,35,Male,DATA_EXPIRED,prereg
dfdf1dbf19d52e2ba06343d3,1,0.2,0.4,description_noiseless,beliefs_first,3,2,4,2,1504,40,10,50,40,10,50,1,1,B,5,53,Female,No,prereg
5eef99eb2fdf9b0c447b272e,1,0.8,1,sampling_noiseless,choice_first,4,3,4,5,974,70,15,15,20,50,30,1,1,B,5,49,Male,No,prereg
2cfbf45b26dc8f5c05a5af5b,1,1,1.5,description_noiseless,choice_first,4,3,3,4,981,25,50,25,15,50,35,1,1,A,4,52,Female,No,prereg
a47a325e95638d016c679c4e,1,1,0.8,sampling_noiseless,beliefs_first,3,4,4,4,452,60,9,31,45,10,45,1,1,B,7,22,Male,No,prereg
de9b7343a7579db4494a7420,0,0.87,0.86,description_noiseless,beliefs_first,2,1,5,3,1403,50,1,49,50,1,49,1,1,A,4,34,Female,No,prereg
0354588bb3c11323a1d6f91a,1,1,1,description_noiseless,beliefs_first,3,2,4,2,755,48,2,50,47,2,51,0,1,A,4,36,Male,No,prereg
0d05ec1eacfaab87031f8777,0,1.2,1,sampling_noiseless,choice_first,2,3,4,4,677,30,10,60,40,20,40,0,1,B,5,43,Male,DATA_EXPIRED,prereg
2e559d0c01e357e0fff68c41,0,1,1,description_noiseless,choice_first,4,3,3,4,997,45.5,9,45.5,45.5,9,45.5,1,1,A,4,38,Female,No,prereg
0ff12f90094e66ba246e754a,0,1,1,sampling_noiseless,beliefs_first,3,3,3,3,1316,0,20,80,0,20,80,1,1,B,4,23,Male,Yes,prereg
119a0d4522309ede7c9464c2,1,1.5,2,sampling_noiseless,choice_first,3,4,4,4,547,30,40,30,20,30,50,0,1,A,6,32,Female,No,prereg
8b44d109d7f8215427480cde,0,2,0,description_noiseless,beliefs_first,2,3,4,3,1519,60,2,38,60,2,38,0,1,A,5,38,Female,DATA_EXPIRED,prereg
f508c9e511b62c2600107935,0,1,0.75,description_noiseless,beliefs_first,5,3,3,4,875,45.5,9,45.5,54.5,9,36.5,1,1,B,7,27,Male,No,prereg
b01294862d7636f8a91489f0,0,1,0.8,sampling_noiseless,beliefs_first,4,3,4,4,597,49,1,50,55,0,45,0,1,A,4,46,Female,No,prereg
c45bfb5572d80a62514c6604,0,1,2,description_noiseless,beliefs_first,4,2,4,4,2909,25,50,25,50,25,25,1,1,A,4,62,Female,DATA_EXPIRED,prereg
27d0a6dee1d0a9cde374804b,1,1,0.8,sampling_noiseless,beliefs_first,3,2,4,4,864,60,10,30,30,10,60,1,1,B,5,33,Female,No,prereg
98f3b7b42aab77d6cd4adb6a,0,1,1,sampling_noiseless,beliefs_first,3,2,4,5,1054,49,2,49,49,2,49,0,1,A,6,32,Male,No,prereg
907e8d1d0b67c3f2c071919a,1,0.8,0.5,sampling_noiseless,beliefs_first,2,4,5,2,754,80,5,15,10,5,85,1,1,A,6,35,Male,Yes,prereg
50f1f3218b639fd30e00bb6a,1,0.9,1,sampling_noiseless,choice_first,2,3,4,4,565,60,10,30,40,10,50,0,1,B,5,23,Female,No,prereg
8fee8f51db49dd53ae139383,1,1,1.2,sampling_noiseless,beliefs_first,3,2,2,2,1280,40,6,54,35,2,63,1,1,A,6,32,Male,No,prereg
33317cf1634272b2c7bfcb02,1,0.4,0.5,description_noiseless,choice_first,5,3,4,2,1085,30,20,50,30,40,30,1,1,A,5,33,Male,No,prereg
67ff8463260741f340688099,0,0.8,0.8,sampling_noiseless,choice_first,2,3,5,3,1144,80,10,10,80,15,5,0,1,A,4,48,Female,Yes,prereg
4969a219a8f39286390dba35,0,1,1,description_noiseless,choice_first,3,1,4,4,932,45,10,45,45,10,45,1,1,B,1,42,Male,No,prereg
6da578097a0becbced102a12,1,1,1.2,sampling_noiseless,beliefs_first,4,3,5,2,688,45,10,45,40,10,50,1,1,B,5,36,Male,No,prereg
1163696e5b84a3343927fedb,0,1,0.9,description_noiseless,beliefs_first,1,2,4,5,970,49,1,50,50,1,49,0,1,B,6,29,Female,DATA_EXPIRED,prereg
0c451dbe1deef0b2c56e4146,0,1,1,sampling_noiseless,choice_first,4,3,4,4,975,40,5,55,45,5,50,0,1,A,5,61,Male,No,prereg
d6e7da36e8059e0bb0164f11,1,1,1,description_noiseless,beliefs_first,4,3,4,4,1310,45,10,45,45,10,45,1,1,A,5,26,Male,DATA_EXPIRED,prereg
837f8f0e34798defe4b89bde,0,1,1,description_noiseless,beliefs_first,3,1,4,4,1881,25,50,25,25,50,25,0,1,B,4,48,Male,Yes,prereg
abf5903a4f44208c0259d9c2,0,2,1.4,sampling_noiseless,beliefs_first,5,5,5,5,642,20,40,40,10,40,50,1,1,A,5,22,Male,No,prereg
9f51baaf24e1f3a2f7b0aa77,1,1,0.96,sampling_noiseless,choice_first,3,3,4,2,714,50,5,45,45,5,50,0,1,B,5,39,Male,No,prereg
8543a62d36ddc3d02750c9de,0,1,0.75,description_noiseless,choice_first,4,2,5,4,1365,33.3,33.4,33.3,40,30,30,1,1,A,6,37,Female,DATA_EXPIRED,prereg
1bd42b3310028dacea63941d,1,0.65,0.85,sampling_noiseless,beliefs_first,2,4,4,4,565,95,4,1,99,0,1,1,1,B,7,48,Male,No,prereg
b60926794908cea750cdd574,0,1,0.85,description_noiseless,beliefs_first,4,3,5,3,1787,47.04,1.96,51,51,1.96,47.04,0,1,B,7,33,Male,No,prereg
c129a94accc26d2793d9fb7b,0,0.8,1,description_noiseless,choice_first,5,4,5,5,392,50,5,45,50,5,45,0,1,A,7,26,Male,No,prereg
13899b05289a6d982a42d75e,1,1.2,1.24,sampling_noiseless,beliefs_first,4,3,4,5,954,43,2,55,38,2,60,0,1,B,7,34,Female,No,prereg
4f2fd2d6df30e8ca39b261ab,1,0.55,0.7,sampling_noiseless,choice_first,3,3,3,4,641,60,1,39,45,1,54,0,1,B,6,18,Male,DATA_EXPIRED,prereg
fee5a8ddbb14450719b8d356,0,0.91,1,description_noiseless,choice_first,4,3,4,4,812,45.5,9,45.5,45.5,9,45.5,1,1,A,5,28,Male,No,prereg
2cf8f39b39020aef35aefdb6,1,1,1.2,sampling_noiseless,beliefs_first,2,2,4,4,918,40,30,30,20,30,50,1,1,A,6,49,Female,No,prereg
9761f118ce9766a03dc26834,1,1.01,1.01,description_noiseless,beliefs_first,2,3,4,2,1569,45.5,9,45.5,45.5,9,45.5,1,1,B,7,56,Male,No,prereg
d1416d947f33c641491d4f76,1,1,1,description_noiseless,beliefs_first,2,2,3,3,878,45.5,9,45.5,45.5,9,45.5,1,1,B,1,37,Male,No,prereg
26ddd5b4d3393d54e1219139,0,1,1.25,description_noiseless,choice_first,4,2,4,4,1630,25,25,50,30,30,40,0,1,B,7,64,Male,No,prereg
4f8cf2c6592cf99f638494ff,1,0.7,1.3,sampling_noiseless,beliefs_first,4,4,5,5,543,25,10,65,25,10,65,1,1,A,6,31,Male,No,prereg
f90a649c0fa4f5d8a0a77e04,0,1,1,description_noiseless,choice_first,3,2,4,4,386,33,34,33,33,34,33,0,1,A,4,33,Male,No,prereg
a840d5f7006a5b00ddb03093,0,1,0.96,description_noiseless,beliefs_first,1,4,1,2,498,49,2,49,49,2,49,0,1,A,6,35,Male,No,prereg
62192e6ec87dd91cb626db61,1,0.96,1.04,sampling_noiseless,choice_first,3,2,4,4,474,80,0,20,20,0,80,0,1,B,5,36,Female,No,prereg
69883f38905ad24655c4fb16,0,1,1,sampling_noiseless,choice_first,3,3,4,4,541,25,50,25,25,50,25,0,1,A,7,31,Female,No,prereg
7803d761c8809f142a52b87b,1,0.64,0.6,sampling_noiseless,beliefs_first,4,3,5,5,469,55,10,35,60,2,38,0,1,B,7,26,Male,No,prereg
342b24a5caa3dd37e1a4a1ef,1,1,0.94,sampling_noiseless,choice_first,5,5,5,5,441,50,10,40,45,10,45,0,1,B,7,19,Male,DATA_EXPIRED,prereg
593224192e20c427599ba6f8,0,0.75,1,sampling_noiseless,choice_first,3,3,4,3,574,60,5,35,70,5,25,0,1,B,5,40,Male,DATA_EXPIRED,prereg
1ff1d7a704c8d975898c2698,1,0.5,1,description_noiseless,choice_first,4,1,4,5,580,70,20,10,80,10,10,0,1,B,5,35,Female,No,prereg
4d141138dd0ccadb7213ec98,1,1,1,description_noiseless,beliefs_first,4,2,4,4,633,49,2,49,49,2,49,0,1,A,5,46,Male,No,prereg
2aae45d18cddf1f74e961ac3,1,1.24,1.2,sampling_noiseless,beliefs_first,3,2,3,3,501,20,1,79,24,1,75,0,1,A,7,27,Male,No,prereg
5826192f8e4db2c6d022929d,1,1,1.78,sampling_noiseless,choice_first,4,2,5,4,683,50,2,48,48,1,51,0,1,B,7,36,Male,No,prereg
429dd7f41170c44b5be9de95,1,1.5,1.5,description_noiseless,beliefs_first,4,2,2,4,725,25,50,25,25,50,25,0,1,A,5,27,Female,Yes,prereg
e81eb237aad6de338bbe2b23,1,1,1,sampling_noiseless,beliefs_first,4,2,3,2,766,90,5,5,90,5,5,0,1,B,5,35,Female,DATA_EXPIRED,prereg
cc366d007afea4036162c8b4,0,1,1.1,sampling_noiseless,beliefs_first,3,2,5,3,723,40,10,50,50,10,40,1,1,B,4,28,Female,No,prereg
ac1b5c46048dacc568033348,1,1.02,1,sampling_noiseless,choice_first,3,3,5,5,750,49.5,1,49.5,49,1,50,0,1,A,7,30,Male,No,prereg
94bf18be94127f92237a67e1,1,1,2,sampling_noiseless,choice_first,3,2,4,2,854,50,30,20,20,40,40,1,1,B,5,39,Male,No,prereg
d7112c0e5085ebe50dc01837,1,1,1,description_noiseless,beliefs_first,4,3,4,4,700,40,10,50,40,10,50,1,1,B,6,45,Male,No,prereg
2442f4ece1052735d44f4424,1,2,0,description_noiseless,beliefs_first,3,1,5,4,768,45,10,45,45,10,45,0,1,B,4,65,Male,No,prereg
47ad12233d2c19b3c67d78e5,0,0.4,0.4,description_noiseless,beliefs_first,4,3,2,2,882,50,2,48,50,2,48,0,1,A,4,28,Male,No,prereg
23255af3daef02d8f2dd9076,0,0.176,0.18,description_noiseless,choice_first,2,1,5,4,894,50,0,50,50,0,50,0,1,B,7,34,Female,DATA_EXPIRED,prereg
efa0255b4c69e99e2e720adf,1,0.3,0.4,sampling_noiseless,choice_first,3,3,4,5,822,90,0,10,90,10,0,1,1,A,6,33,Male,No,prereg
7b4d5434e0376a4040a9d6cf,1,0.9,0.8,description_noiseless,choice_first,5,3,2,4,846,45,5,50,40,5,55,1,1,A,4,30,Male,DATA_EXPIRED,prereg
b77e4e64f4ba5e1c1bcd12c0,1,0.5,0.6,sampling_noiseless,choice_first,4,4,4,5,924,30,40,30,30,30,40,1,1,B,5,61,Male,No,prereg
152dec86cc7afc489acb7b18,1,0.8,1.3,sampling_noiseless,beliefs_first,3,3,4,3,1010,35,35,30,10,30,60,1,1,B,6,51,Female,No,prereg
cad3b2cfdb432560dcbcbe79,1,1,1.4,sampling_noiseless,choice_first,4,3,3,2,994,20,50,30,10,10,80,1,1,A,6,28,Male,DATA_EXPIRED,prereg
3822c8da5783eeacb5f7f3ed,0,1,1.25,description_noiseless,choice_first,5,4,5,5,1045,50,8.5,41.5,40,10,50,1,1,B,5,25,Male,DATA_EXPIRED,prereg
b882cddc9e99d3b701f0fbf9,0,1,1,sampling_noiseless,beliefs_first,3,2,4,4,1147,50,2,48,52,2,46,0,1,B,7,54,Male,No,prereg
cbb082e7f14d142486961c87,0,1,0.75,description_noiseless,beliefs_first,3,2,4,3,1334,40,10,50,50,10,40,1,1,B,2,42,Female,No,prereg
65af1533df45323ec8d818e4,1,0.6,1,sampling_noiseless,beliefs_first,3,2,5,5,1460,60,10,30,40,10,50,1,1,B,5,27,Female,No,prereg
7f6540917c9b0d686afc991d,1,1,1,description_noiseless,choice_first,4,4,5,5,1735,98.04,1.96,0,3.92,0,96.08,0,1,A,5,26,Male,No,prereg
fd70e962fca0cd31e2155bea,1,1,1,description_noiseless,choice_first,3,2,5,5,1875,0,100,0,0,100,0,0,1,B,4,56,Female,No,prereg
cf1b67662908305d2b7e5fda,0,1,1,description_noiseless,beliefs_first,3,4,3,4,541,50,10,40,40,10,50,1,1,B,7,26,Male,No,prereg
ec112a79576f8f9d1de82e29,0,1.1,0.9,sampling_noiseless,choice_first,3,3,4,4,508,45,10,45,45,10,45,1,1,B,6,32,Male,No,prereg
f5521215dc1b1b7c8a67c74c,1,0.6,1,sampling_noiseless,beliefs_first,2,2,4,4,529,60,10,30,30,10,60,1,1,B,6,22,Female,Yes,prereg
ea733c6b5c38fea2e2095409,0,0.9,1,description_noiseless,beliefs_first,3,4,5,3,429,50,2,48,49,2,49,0,1,A,5,21,Male,Yes,prereg
63615bf545c338dee8f5af87,1,1,1,description_noiseless,beliefs_first,3,3,4,5,554,49,2,49,49,2,49,0,1,B,1,39,Male,DATA_EXPIRED,prereg
7017fb1aa5d03798f385d795,0,1,0.08,description_noiseless,choice_first,4,3,3,3,586,50,10,40,70,10,20,0,1,B,6,42,Male,No,prereg
2ef52e5050fea87afbd3e28f,1,1,1,description_noiseless,beliefs_first,4,3,4,4,656,45,10,45,45,10,45,1,1,B,1,39,Female,No,prereg
fd71451163958ac306acb0af,1,2,1,description_noiseless,choice_first,4,2,4,3,580,33,33,34,5,45,50,0,1,B,5,55,Male,No,prereg
fd05a56991181a45f0994275,1,0.2,1,sampling_noiseless,choice_first,4,5,4,4,624,25,25,50,91,0,9,1,1,A,7,56,Male,DATA_EXPIRED,prereg
60d7ecaef9a1e8a22dba898d,1,1.18,1.25,description_noiseless,choice_first,4,2,5,5,703,48,4,48,40,1,59,1,1,B,5,62,Male,No,prereg
829c9d4fae2b449202754b47,1,0.8,1,sampling_noiseless,choice_first,3,3,4,2,637,80,10,10,20,5,75,1,1,A,6,45,Male,No,prereg
e364fa9d77e9ff2a1fea818a,1,0.1,1.9,sampling_noiseless,choice_first,2,4,4,4,603,20,50,30,10,20,70,0,1,B,7,29,Male,DATA_EXPIRED,prereg
2cebbf2d7a70af73cb1f3c7a,0,1,1,sampling_noiseless,beliefs_first,3,3,4,4,694,40,10,50,30,15,55,0,1,A,4,69,Male,No,prereg
48064ead740a5015fe0f6a8c,0,0.95,0.8,sampling_noiseless,beliefs_first,2,3,4,4,691,35,35,30,40,25,35,0,1,B,5,42,Male,No,prereg
3adb66c81ba6057ec4ebd467,1,1,1,description_noiseless,choice_first,2,1,4,4,474,50,2,48,50,2,48,0,1,B,4,30,Male,Yes,prereg
af58da624c09cb1310c1659d,1,1,1,sampling_noiseless,beliefs_first,4,4,5,4,666,49,2,49,49,2,49,0,1,B,6,34,Male,No,prereg
a0908837781f591b63f7c871,0,1.5,0.5,description_noiseless,beliefs_first,2,1,4,4,755,40,20,40,60,10,30,1,1,A,6,35,Female,No,prereg
9585434abdc4b6ecd79cf857,1,0.68,1,sampling_noiseless,beliefs_first,3,2,4,4,678,20,10,70,30,10,60,1,1,B,6,53,Male,No,prereg
e2a1486981509ba998b39713,1,1,1,description_noiseless,choice_first,4,5,4,5,673,49,2,49,49,2,49,0,1,A,4,43,Male,No,prereg
5bbe5eec36454ee4180b347e,0,1,1,description_noiseless,beliefs_first,4,5,4,4,761,49,2,49,49,2,49,0,1,A,1,23,Male,No,prereg
a5434a04f1006df58e3f2d26,1,1,1.2,description_noiseless,choice_first,3,4,4,2,686,50,1,49,49,1,50,0,1,A,2,29,Female,No,prereg
03b55fb3c47461bfcb8a6710,0,2,0.8,description_noiseless,beliefs_first,4,2,5,5,706,0,0,100,0,100,0,1,1,B,6,30,Female,No,prereg
97a9b346a7c070df00912987,1,0.45,0.65,sampling_noiseless,choice_first,4,4,4,4,904,90,10,0,100,0,0,1,1,A,6,39,Male,No,prereg
1eedc860364a53dec5951ae2,1,1,1,description_noiseless,beliefs_first,5,5,5,5,613,49,2,49,50,2,48,0,1,A,7,33,Male,Yes,prereg
ede85ba703f8f8fc9cec598d,1,1,1,description_noiseless,choice_first,4,4,4,2,758,45,7,48,40,10,50,1,1,A,6,22,Female,Yes,prereg
797c801deec2d640bfbe8c4d,0,1,0.9,description_noiseless,beliefs_first,3,3,5,4,519,49,2,49,45,2,53,0,1,B,7,30,Male,No,prereg
15f7311c7419f89985f63580,0,1,0.98,description_noiseless,beliefs_first,3,3,3,4,808,49,2,49,49.1,1.9,49,0,1,B,7,50,Male,No,prereg
8cca28ed4e5fa7d66b466994,0,0.75,1,description_noiseless,choice_first,3,1,4,5,906,55,2,43,46,2,52,1,1,B,6,49,Male,No,prereg
a29fa6fe29122775e491998d,1,1,1,description_noiseless,choice_first,2,2,5,4,777,45,10,45,45,10,45,1,1,B,4,40,Male,No,prereg
23a3815d919d2bbfe762bffd,1,1.5,2,sampling_noiseless,choice_first,4,4,4,4,851,45,5,50,35,4,61,1,1,B,6,48,Female,No,prereg
27af9a654804754357362fbe,0,1,1,description_noiseless,beliefs_first,2,1,2,2,533,45,10,45,45,10,45,1,1,A,1,33,Female,Yes,prereg
25c38298eaf959c22790479f,1,0.8,1.2,sampling_noiseless,beliefs_first,4,2,3,2,788,70,10,20,20,10,70,1,1,B,6,63,Female,DATA_EXPIRED,prereg
6f45e561d277d2f21b55409d,1,0.9,1,sampling_noiseless,beliefs_first,2,3,5,5,524,50,3,47,40,3,57,0,1,A,7,39,Male,No,prereg
c2816aa294ee2e0c21c48fa8,1,1,1,description_noiseless,choice_first,3,2,4,4,613,49,2,49,49,2,49,1,1,B,2,25,Female,No,prereg
a30f1a208d92b22e791dd099,0,1,0.9,sampling_noiseless,choice_first,4,2,4,3,524,45,10,45,40,10,50,1,1,B,4,54,Male,No,prereg
71b7672439c21c4724c97011,0,1,1,description_noiseless,choice_first,4,3,4,3,957,49,2,49,49,2,49,0,1,A,6,52,Male,No,prereg
b8cb84266c991b382cd3f705,0,1.02,1,description_noiseless,choice_first,5,2,2,2,629,0,0,100,0,0,100,0,1,A,6,28,Male,No,prereg
45e6598c807da90440da8929,1,0.84,0.88,sampling_noiseless,choice_first,4,3,4,4,863,55,5,40,50,5,45,0,1,A,6,35,Male,No,prereg
e4d8de136f3f396788b6a200,1,1,2,sampling_noiseless,choice_first,1,3,4,4,993,33,20,47,30,15,55,0,1,A,4,78,Female,No,prereg
e949f3441338b64996c772dc,1,1,1,description_noiseless,beliefs_first,5,3,4,4,480,50,0,50,50,35,15,0,1,B,6,30,Female,No,prereg
a15a31693b6e325bc5981c0e,1,1,1,sampling_noiseless,beliefs_first,4,2,4,3,682,50,40,10,20,60,20,1,1,B,3,29,Female,No,prereg
d53efff7d5cbafb4f14020b7,0,1.1,1,sampling_noiseless,choice_first,3,3,5,5,722,60,10,30,40,10,50,1,1,A,5,52,Male,No,prereg
f7bdb3a38b2d4f5bc027b8fb,1,0.01,2,sampling_noiseless,beliefs_first,1,3,4,4,977,60,0,40,55,0,45,0,1,A,7,49,Female,No,prereg
9548cdbd4cfdd0e6bcad3925,1,1,1,description_noiseless,choice_first,2,3,4,2,648,25,50,25,25,50,25,0,1,B,5,33,Female,No,prereg
03cd10139e78f3d37f94fe68,1,1,1,description_noiseless,choice_first,3,2,5,5,1123,25,50,25,30,50,20,0,1,B,5,44,Male,No,prereg
cca97a78118dc01423037129,1,0.82,1.05,sampling_noiseless,choice_first,2,1,4,4,1039,85,1,14,45,3,52,0,1,A,7,42,Male,No,prereg
8016614d5a1f6488cdead560,0,1.04,1.01,sampling_noiseless,beliefs_first,4,3,4,4,839,49,0.5,50.5,55,0.5,44.5,0,1,A,6,0,Female,No,prereg
46a8a78dfd40cff13c06fb9e,1,1.64,1.24,sampling_noiseless,beliefs_first,2,3,5,3,639,20,0,80,20,0,80,0,1,B,7,31,Male,DATA_EXPIRED,prereg
f4d20b94053367e38c9cdacf,1,0.91,1,description_noiseless,choice_first,2,2,2,1,904,33,9,58,43,9,48,1,1,A,5,50,Female,No,prereg
c2fdd8cd489fc44c45f8b64c,1,1.4,1.3,sampling_noiseless,choice_first,3,1,4,4,990,47,6,47,45,10,45,0,1,A,7,33,Male,No,prereg
4d6698dfbd712178f94ea085,1,0.9,1.2,sampling_noiseless,beliefs_first,5,4,4,5,787,80,10,10,20,10,70,1,1,A,6,55,Male,DATA_EXPIRED,prereg
2967623c155dfeb3a5580838,1,1,1.05,sampling_noiseless,choice_first,4,1,5,5,575,60,20,20,55,15,30,0,1,B,6,41,Female,No,prereg
43a86b1574da1a9d4bf190c1,1,1,1,description_noiseless,beliefs_first,2,2,4,4,632,34,33,33,34,33,33,0,1,A,5,44,Male,No,prereg
aa5abee36c23f4d073f08e43,0,1,1,sampling_noiseless,beliefs_first,4,2,4,4,1078,48,2,50,49,2,49,0,1,B,6,50,Male,No,prereg
4799923188b77e2fac468893,0,0.8,0.6,description_noiseless,choice_first,4,2,4,4,600,60,10,30,70,10,20,1,1,A,5,40,Female,No,prereg
3ae3e6cceb89352d373f3c0a,1,0.8,1,sampling_noiseless,choice_first,4,4,3,4,772,40,5,55,30,10,60,1,1,A,6,29,Male,No,prereg
8f271b82b5a3925fe8e5096c,1,1,1,sampling_noiseless,choice_first,2,2,3,3,1153,80,1,19,79,1,20,0,1,A,5,35,Male,No,prereg
da8cef2d34c3abbf02abb438,1,1,1,description_noiseless,beliefs_first,4,3,4,4,1237,45,10,45,45,10,45,1,1,A,1,34,Male,DATA_EXPIRED,prereg
79966d521ee8dca5075d0b65,1,0.98,1,sampling_noiseless,choice_first,3,3,4,4,833,40,30,30,35,35,30,0,1,B,5,25,Male,No,prereg
9db981b22436c3a309bb6fd8,1,2,2,description_noiseless,choice_first,4,4,2,2,385,49,2,49,49,2,49,0,1,B,7,39,Male,No,prereg
7529ffc62f0b77e44653361f,1,0.8,1.6,sampling_noiseless,choice_first,4,4,5,3,592,70,30,0,30,20,50,1,1,B,7,42,Female,No,prereg
34616e2c5f11f4fcd5c1a463,1,1,1.2,sampling_noiseless,beliefs_first,1,4,5,4,786,60,10,30,40,10,50,1,1,A,6,45,Female,DATA_EXPIRED,prereg
b8f22969993f0d04085278b6,1,0.9,0.9,sampling_noiseless,choice_first,4,2,4,3,1398,33.4,33.3,33.3,33.4,33.3,33.30,1,1,B,4,51,Female,No,prereg
606a0f8e9aaf20da88090fa9,1,1,2,description_noiseless,beliefs_first,3,3,4,5,718,0,0,100,0,0,100,0,1,B,5,58,Female,No,prereg
a14e52fb263069a3905ef322,0,2,2,description_noiseless,choice_first,3,3,4,4,1027,50,10,40,70,10,20,1,1,B,6,27,Male,DATA_EXPIRED,prereg
4aa6ed4c95cc495939c03a7c,1,1.3,1.26,sampling_noiseless,choice_first,4,2,5,4,472,50,0,50,50,0,50,0,1,B,2,22,Male,Yes,prereg
42640d9056055ab9079b2184,1,0.7,1,sampling_noiseless,choice_first,2,3,4,4,806,80,5,15,30,5,65,1,1,B,5,55,Female,No,prereg
7c3d8ac575d0772d18027124,1,0.8,0.6,sampling_noiseless,beliefs_first,2,2,4,4,1580,70,15,15,60,20,20,1,1,B,6,22,Female,No,prereg
d0ea2b1718055b454a070ab3,1,1.2,1.8,sampling_noiseless,beliefs_first,4,3,4,4,577,60,0,40,30,10,60,1,1,B,5,42,Female,No,prereg
5c080b115ea001dbefc8051d,1,1,1.2,sampling_noiseless,beliefs_first,4,2,4,2,852,50,0,50,50,0,50,1,1,B,4,59,Male,No,prereg
90e913f1e97030682235a6db,0,1,1.25,description_noiseless,beliefs_first,5,3,4,4,1226,50,25,25,25,25,50,0,1,A,5,28,Male,No,prereg
3e87e24950ca272b5ae90093,1,0.82,0.82,description_noiseless,choice_first,2,1,2,2,936,45,9,46,36,9,55,1,1,B,5,68,Female,No,prereg
0dbb4d0ace0c289c541831b1,1,1,1.87,description_noiseless,beliefs_first,2,2,4,4,1158,45.5,9,45.5,45.5,9,45.5,1,1,A,5,23,Male,Yes,prereg
824ceb8da1d9b3ceb4fbc5f4,1,1,2,sampling_noiseless,beliefs_first,3,3,4,2,1560,70,10,20,65,10,25,0,1,A,6,35,Female,No,prereg
02c7a6b646b2720b4209caea,1,0.9,1.25,sampling_noiseless,beliefs_first,3,4,4,3,956,40,0,60,65,0,35,1,1,B,6,28,Female,Yes,prereg
46cf423d075d7f18b6b6eb9b,0,0.6,0.8,sampling_noiseless,choice_first,4,4,3,4,499,60,10,30,55,10,35,1,1,B,6,35,Male,DATA_EXPIRED,prereg
2188a707b7706ab8f6199d81,0,1,1,sampling_noiseless,beliefs_first,3,3,5,5,881,25,5,70,20,5,75,1,1,B,5,45,Female,DATA_EXPIRED,prereg
537e77e0b53446da688a8734,1,1,0.9,sampling_noiseless,choice_first,3,3,4,4,1157,48,4,48,48,4,48,1,1,A,6,45,Male,No,prereg
ddb491117cc457491101a323,1,1,0.89,description_noiseless,beliefs_first,3,2,4,3,1704,49,2,49,51,2,47,0,1,B,5,35,Female,DATA_EXPIRED,prereg
31fa5614488ff1517b72cc95,1,0.8,0.84,sampling_noiseless,choice_first,3,5,4,4,555,65,2,33,60,2,38,0,1,A,6,63,Female,No,prereg
c3ade0178d9096fedaf570d9,0,1.05,0.85,sampling_noiseless,beliefs_first,4,2,3,3,614,41,8,51,51,8,41,1,1,A,2,37,Male,DATA_EXPIRED,prereg
a237e47cd16e555b5e1d34f5,1,0.5,1.5,sampling_noiseless,beliefs_first,4,2,3,3,740,50,20,30,10,30,60,1,1,B,7,54,Female,No,prereg
2cc0121c2450b98b37db5467,1,1,1,description_noiseless,beliefs_first,4,4,3,4,1223,49,2,49,49,2,49,0,1,A,5,58,Male,No,prereg
9e7a70f50228cdd607e8849b,1,0.8,1.2,sampling_noiseless,choice_first,4,4,4,4,536,50,10,40,20,20,60,1,1,B,6,54,Male,No,prereg
bb33488d5085bbbd61642944,1,0.7,0.9,sampling_noiseless,choice_first,2,3,4,4,555,70,0,30,30,0,70,1,1,A,6,31,Male,No,prereg
20f030bfc632e5500eae6e59,0,1,1,description_noiseless,beliefs_first,3,4,4,5,1274,25,50,25,25,50,25,1,1,A,5,39,Male,No,prereg
c7eca9462794f97739e17fe5,0,1,1.25,description_noiseless,choice_first,2,3,3,2,378,50,10,40,35,20,45,1,1,B,6,43,Male,Yes,prereg
5983c0660fd20a18f7ecd9a6,0,1,1,description_noiseless,choice_first,3,2,3,2,589,46,8,46,50,10,40,1,1,A,7,33,Female,No,prereg
5aeaec56504992211033337a,1,0.4,1.8,sampling_noiseless,beliefs_first,4,4,3,4,1489,50,20,30,10,30,60,1,1,B,6,34,Male,DATA_EXPIRED,prereg
5f5945000ee33c69c299ebe1,0,2,1,description_noiseless,choice_first,2,1,5,4,682,20,5,75,25,5,70,1,1,A,5,23,Male,No,prereg
3432ebab9440836788ed9409,1,0.2,1,sampling_noiseless,choice_first,3,2,5,5,1741,75,20,5,5,20,75,1,1,A,7,32,Female,DATA_EXPIRED,prereg
d6f76d85411aee34e7e451f5,0,1.1,1.3,description_noiseless,beliefs_first,3,3,4,4,673,30,5,65,47,6,47,1,1,A,4,23,Female,Yes,prereg
ec34827bede9e75599686694,1,1,1,description_noiseless,beliefs_first,3,2,3,2,1102,49,2,49,49,2,49,0,1,B,2,27,Male,DATA_EXPIRED,prereg
83c97ada3bf7dee1c20fc6ce,1,1,1,description_noiseless,choice_first,5,2,2,1,568,50,1,49,50,1,49,0,1,B,5,23,Male,No,prereg
f141dfd4255ee68da87d75fa,1,1,1,sampling_noiseless,beliefs_first,4,4,4,4,897,50,10,40,40,10,50,1,1,A,6,51,Male,No,prereg
60df2df16d2d67d94e1f92c6,1,1,1.5,sampling_noiseless,choice_first,5,3,4,4,733,20,70,10,10,20,70,0,1,A,7,40,Male,No,prereg
ab34b8acd148fa91aa493726,1,1,1.5,sampling_noiseless,choice_first,5,3,5,5,1826,50,20,30,10,20,70,1,1,A,7,27,Female,No,prereg
156a1e094fa314c8ce2b5e3e,0,1,2,sampling_noiseless,beliefs_first,3,4,5,4,868,5,30,65,5,30,65,0,1,A,4,44,Male,DATA_EXPIRED,prereg
427d53249bd00bf33b968aed,0,1,1.25,description_noiseless,beliefs_first,4,3,3,3,500,25,0,75,75,0,25,0,1,B,4,25,Male,Yes,prereg
106bd9d30e5934c566d3c5dc,0,2,0,sampling_noiseless,beliefs_first,3,3,5,4,989,10,10,80,30,40,30,1,1,B,6,40,Female,No,prereg
0270660e2206f050489da622,0,1,1,description_noiseless,beliefs_first,3,2,5,3,1099,25,50,25,25,50,25,0,1,B,5,33,Male,DATA_EXPIRED,prereg
c0b21a335f54e21ad6b410f7,1,1,1,description_noiseless,beliefs_first,4,2,5,3,1435,45.5,9,45.5,45.5,9,45.5,1,1,A,7,48,Female,No,prereg
6c9dfd28ae5014b31c6fa8fa,1,2,2,sampling_noiseless,choice_first,3,1,5,5,1106,50,10,40,50,10,40,1,1,B,7,37,Female,DATA_EXPIRED,prereg
6ffee152111a1df8702f8a56,0,0.818,0.818,description_noiseless,choice_first,3,4,5,4,1640,45.45,9.1,45.450,45.450,9.10,45.450,1,1,A,7,60,Female,No,prereg
a58f57503d081548eacc29ac,1,0.88,0.92,sampling_noiseless,choice_first,4,3,4,3,862,70,2,28,70,2,28,0,1,B,5,57,Male,No,prereg
ad9207910f4d4a45c67c3e7b,1,1,1.2,sampling_noiseless,choice_first,4,3,5,5,707,49,2,49,48,2,50,0,1,B,7,42,Female,No,prereg
8750cf6b5fb093a10491d06f,1,1.2,1.8,sampling_noiseless,choice_first,3,3,4,3,1869,50,25,25,25,25,50,1,1,B,5,DATA_EXPIRED,Male,No,prereg
08b4e8899d796956d8a5d6b1,1,1.08,1.12,sampling_noiseless,beliefs_first,4,3,3,3,699,35,20,45,10,30,60,0,1,B,6,23,Male,Yes,prereg
ad1529d18d2d6d8d64abdcff,0,1,1.25,description_noiseless,choice_first,3,3,5,5,754,35,35,30,30,30,40,1,1,B,5,46,Female,No,prereg
d93d4644c7b1e7b9cd9d9657,1,1,1,description_noiseless,choice_first,4,2,5,4,941,45,10,45,45,10,45,0,1,B,6,62,Male,DATA_EXPIRED,prereg
0b4b7cf8e6dcd904ac2b2bca,1,0.4,1.2,sampling_noiseless,beliefs_first,3,3,5,5,1092,75,15,10,10,15,75,1,1,A,7,23,Female,DATA_EXPIRED,prereg
268604cb22e9c5d8f4889571,1,0.2,0.23,description_noiseless,beliefs_first,3,1,3,3,997,50,10,40,40,10,50,1,1,B,4,27,Female,DATA_EXPIRED,prereg
b772d578fdd0e82118e4021c,1,1,1,description_noiseless,beliefs_first,4,3,5,5,649,45,10,45,45,10,45,1,1,A,6,36,Female,No,prereg
dbd44345d4a8d5fa9961ad0f,0,1.04,1,sampling_noiseless,choice_first,4,4,5,5,750,49,2,49,49,2,49,0,1,B,7,53,Male,No,prereg
921bfb2ae337258de89a669e,1,1,1,description_noiseless,beliefs_first,3,3,4,4,1809,45.45,9.1,45.45,45.45,9.1,45.45,1,1,B,4,29,Female,No,prereg
c9380f1f099d97883cde9e35,0,1,1,description_noiseless,choice_first,3,4,4,3,283,25,50,25,25,50,25,0,1,B,4,30,Female,No,prereg
b213a469e9af662ec3393f8d,0,1.8,1,description_noiseless,choice_first,2,3,5,4,1028,30,30,40,35,25,40,1,1,A,6,33,Female,Yes,prereg
2e8f5933813a30ea4b181719,1,2,2,sampling_noiseless,choice_first,2,2,4,2,1358,74,8,18,64,8,28,1,1,A,7,48,Male,No,prereg
e1f17e772bc05bda78e21a6c,1,0,2,sampling_noiseless,choice_first,3,2,3,5,1116,40,10,50,20,10,70,1,1,A,6,64,Female,No,prereg
5e74b843bb699a2924df6433,0,2,2,description_noiseless,beliefs_first,3,2,3,2,1445,0,0,100,0,50,50,0,1,B,7,65,Male,No,prereg
078b6fa30dd66be88abe8d58,1,1,1.04,sampling_noiseless,beliefs_first,4,3,4,4,535,49,2,49,47,1,52,0,1,A,7,27,Male,No,prereg
8d3f011d4b867214122e1778,0,1,1,description_noiseless,choice_first,3,5,4,1,1591,30,20,50,30,30,40,1,1,A,6,32,Male,DATA_EXPIRED,prereg
46d1620143252ad6b46e15c6,1,0.8,1,sampling_noiseless,beliefs_first,3,1,5,4,1162,90,5,5,85,5,10,1,1,A,6,52,Female,No,prereg
d20498a73a0634cf881db7de,0,2,0,description_noiseless,choice_first,4,3,3,3,778,0,0,100,0,0,100,1,1,A,7,31,Female,No,prereg
719175b425bf1600925f625b,1,0.64,0.66,sampling_noiseless,beliefs_first,1,5,4,2,1282,66,4,30,62,4,34,0,1,A,6,25,Female,No,prereg
f9fe988f3deb6fc1b1a59edb,0,2,0,description_noiseless,beliefs_first,5,3,3,3,803,50,0,50,50,0,50,1,1,A,7,26,Male,No,prereg
47cf4effa6c3a005fc281817,1,1,1,sampling_noiseless,beliefs_first,4,3,4,2,582,49,2,49,49,2,49,0,1,B,2,42,Male,DATA_EXPIRED,prereg
db66f15013b8fd04b30a09eb,0,1,0.8,description_noiseless,beliefs_first,3,1,5,4,1203,25,25,50,60,20,20,1,1,B,6,55,Female,No,prereg
8bfb5272bc32bda3e2a5d998,1,0.8,1,sampling_noiseless,choice_first,3,3,4,2,681,55,9,36,27,9,64,1,1,B,6,59,Female,No,prereg
25d1eb206b72d801ccc559c6,1,1,1,sampling_noiseless,choice_first,3,3,4,3,632,48,1,51,51,1,48,0,1,B,7,48,Male,No,prereg
c3be4cd6e4e154dda13b09b5,0,1.02,0.98,description_noiseless,beliefs_first,5,4,4,4,1237,20,40,40,60,30,10,0,1,A,7,35,Male,DATA_EXPIRED,prereg
3226a06f77fbf2d061d4b771,0,0.8,1.2,sampling_noiseless,choice_first,4,3,4,4,522,50,40,10,40,40,20,1,1,B,7,52,Male,No,prereg
01c16ebb9b23f5d2f47f1bc8,1,1,1,description_noiseless,choice_first,4,5,3,4,1470,48,4,48,48,4,48,0,1,A,5,63,Male,No,prereg
c04c8cc734b6a7612927e2e1,1,1.2,1.3,sampling_noiseless,choice_first,2,3,4,2,590,25,0,75,25,0,75,1,1,B,5,42,Male,DATA_EXPIRED,prereg
70001d9bffbc34673fa3b5b2,1,0.18,0.24,sampling_noiseless,choice_first,1,1,4,4,1359,84,2,14,82,2,16,0,1,B,7,98,Female,DATA_EXPIRED,prereg
5aafbdac138b4a601f6db3f9,1,0.98,1.02,sampling_noiseless,beliefs_first,4,4,2,2,638,50,1,49,49,1,50,0,1,A,5,23,Male,DATA_EXPIRED,prereg
f9c68049cc2a6b68e4fc9544,0,1,1,description_noiseless,choice_first,3,1,4,4,356,33,33,34,33,33,34,1,1,A,5,29,Male,No,prereg
8f538002c9f9eca16c71cbec,1,1.5,1.7,description_noiseless,beliefs_first,4,1,4,4,726,20,20,60,15,15,70,0,1,A,4,27,Female,No,prereg
dc5011bdbff5a943e6dbd847,0,1,0.75,description_noiseless,beliefs_first,2,3,4,2,1027,5,90,5,25,50,25,1,1,A,4,65,Female,No,prereg
829d7193ad56cc84552f7bf2,0,1,0.98,description_noiseless,beliefs_first,3,3,5,2,983,48,2,50,50,2,48,0,1,B,7,23,Male,No,prereg
fee4fb1b695c7d218ac9bf4b,0,0.8,1,description_noiseless,choice_first,4,2,4,3,623,45,10,45,45,10,45,1,1,B,5,26,Male,DATA_EXPIRED,prereg
55afbefb2d0aa9a42a140c5e,1,1,1,sampling_noiseless,beliefs_first,3,3,4,3,888,45,9,46,45,9,46,1,1,A,2,22,Male,Yes,prereg
48cdb23e6ff1a9c8e10e1447,1,2,2,description_noiseless,choice_first,3,3,5,5,3880,25,25,50,25,50,25,0,1,A,5,50,Female,No,prereg
dd3bb66f5bf652d0711295c1,0,1,1,description_noiseless,choice_first,4,3,4,4,409,49,2,49,49,2,49,0,1,A,4,22,Female,DATA_EXPIRED,prereg
624757d60698f9e528ac59c0,0,0.8,1.2,sampling_noiseless,beliefs_first,4,2,4,4,330,20,30,50,50,20,30,1,1,B,7,34,Male,No,prereg
0a46abc5c92b176dbe0dfcbd,1,1,1,description_noiseless,beliefs_first,3,4,5,5,596,45,10,45,45,10,45,1,1,B,1,21,Male,Yes,prereg
bd2b65106a04c786066735c8,1,1,1,sampling_noiseless,beliefs_first,5,4,4,4,471,49,2,49,49,2,49,0,1,B,7,27,Male,No,prereg
1248723359b314fceda63f1d,1,0.94,1,sampling_noiseless,beliefs_first,2,4,4,4,581,47,6,47,49,4,47,0,1,B,5,45,Male,No,prereg
8414833d84bd197117971f21,1,0.8,1,sampling_noiseless,beliefs_first,3,3,4,3,686,70,10,20,60,10,30,1,1,A,6,37,Female,No,prereg
c1cfda843d5d31f876831c28,1,0.8,1,sampling_noiseless,choice_first,5,4,5,5,1242,70,20,10,20,70,10,0,1,A,6,50,Female,Yes,prereg
d3f60ae617515c651782aeaf,1,0.8,0.84,sampling_noiseless,beliefs_first,3,4,5,4,622,75,5,20,73,5,22,0,1,B,6,31,Female,No,prereg
a5736efe520e2ad4bc5c9677,1,1,1.2,sampling_noiseless,beliefs_first,2,3,2,2,522,45,20,35,20,35,45,1,1,B,7,24,Female,No,prereg
4e22ab8068f3883fe10b07f0,0,1,0.96,description_noiseless,beliefs_first,3,3,4,4,983,49.1,1.8,49.1,50.4,1.6,48,0,1,A,7,55,Male,No,prereg
04cd3d681f19347e35046e0d,1,0.5,0.8,sampling_noiseless,choice_first,1,2,5,4,1616,70,0,30,30,0,70,1,1,B,6,76,Female,DATA_EXPIRED,prereg
e914cb2db862166a1698da3a,0,0.9,0.9,description_noiseless,choice_first,3,2,5,5,1102,45,10,45,45,10,45,1,1,A,6,60,Female,No,prereg
1b96991ecaaeb042da6f97ff,0,1,1.2,description_noiseless,choice_first,4,1,5,5,796,44,12,44,50,10,40,1,1,B,7,33,Male,No,prereg
f1f1ea8dad05ad5fe5f11243,1,0.96,1,sampling_noiseless,beliefs_first,2,1,4,4,604,80,10,10,40,30,30,0,1,A,7,53,Female,No,prereg
833737082244ca5af0efa267,1,0.8,0.84,sampling_noiseless,choice_first,5,3,4,2,576,80,5,15,85,3,12,0,1,A,7,43,Male,DATA_EXPIRED,prereg
957126aa71497451ff8460fb,1,1.96,2,sampling_noiseless,choice_first,4,3,5,5,545,30,20,50,30,20,50,0,1,B,6,38,Female,No,prereg
ad7b49cdb40c3e181f3e3329,0,1,1,description_noiseless,choice_first,2,1,5,2,704,45,10,45,10,0,90,1,1,B,7,27,Male,Yes,prereg
a6d4b18c36c15e46d1829856,0,1,1,description_noiseless,beliefs_first,5,3,5,5,512,49,2,49,50,1,49,0,1,A,7,32,Male,No,prereg
a8e21d4c1d36734d31a66c76,1,2,1,sampling_noiseless,choice_first,5,4,5,5,457,70,10,20,5,5,90,1,1,A,7,38,Male,Yes,prereg
7b05bed23b24b15006b29dd4,1,1,1.2,sampling_noiseless,choice_first,2,4,5,4,1246,40,10,50,30,10,60,1,1,B,6,24,Male,No,prereg
9325a23ed80bc607d423da78,1,0.8,1.2,sampling_noiseless,choice_first,4,4,4,3,540,60,10,30,20,20,60,1,1,B,5,26,Male,No,prereg
00e261ed710ee77fbb512c32,1,0.75,0.75,description_noiseless,beliefs_first,4,3,5,4,1504,30,30,40,40,30,30,1,1,A,5,42,Male,DATA_EXPIRED,prereg
2b0b25ffd50401f9bcd5fdea,0,1,0.8,description_noiseless,beliefs_first,2,4,4,4,793,45,10,45,50,10,40,1,1,B,4,25,Female,No,prereg
ec09a26e3d783893e67e172a,1,1,1,description_noiseless,beliefs_first,4,4,3,3,925,45.45,9.1,45.45,45.45,9.1,45.45,1,1,B,6,31,Male,No,prereg
f81444b8caed93ecc987d96c,1,2,2,sampling_noiseless,choice_first,2,1,4,2,909,99,1,0,0,1,99,0,1,B,4,53,Female,No,prereg
4a92114ed22542b8a2a9a933,1,1.06,1.1,sampling_noiseless,choice_first,4,4,5,5,650,48,5,47,50,5,45,0,1,B,7,31,Male,DATA_EXPIRED,prereg
f16be87b68f479e42f327444,0,0,0,description_noiseless,beliefs_first,4,4,4,4,422,40,30,30,40,30,30,0,1,A,5,33,Male,No,prereg
34929e41dcdfa579accb4d4d,1,1,1.5,sampling_noiseless,choice_first,3,2,4,3,343,50,10,40,40,10,50,1,1,B,5,33,Male,No,prereg
02f4dc3eca88bf19c8984c54,1,0.39,0.04,description_noiseless,choice_first,4,3,5,5,848,30,33,37,30,30,40,0,1,B,6,30,Male,No,prereg
e808b77151bbc891665d37ee,0,1,1,description_noiseless,beliefs_first,5,5,3,3,830,45.46,9.09,45.45,45.46,9.09,45.45,1,1,A,1,23,Male,No,prereg
cc1948b4de570b573146b048,1,1,1.2,sampling_noiseless,beliefs_first,3,3,4,4,863,60,10,30,40,10,50,1,1,A,7,89,Female,DATA_EXPIRED,prereg
6ba8ebd0555fbe4285682977,0,0.75,1,description_noiseless,choice_first,2,3,4,4,632,45,10,45,40,10,50,1,1,B,6,27,Male,No,prereg
a60466db784c1ec1841cf087,1,0.54,0.54,sampling_noiseless,beliefs_first,4,4,5,5,981,0,0,100,2,0,98,0,1,B,7,58,Male,DATA_EXPIRED,prereg
5280565573e62a36f8ddda96,0,0.75,1,description_noiseless,beliefs_first,2,3,4,5,1399,49,2,49,58,2,40,0,1,B,7,22,Female,Yes,prereg
425caac19e81b27a30288cd5,0,1,1,description_noiseless,choice_first,3,4,4,3,758,45.5,9,45.5,45.5,9,45.5,1,1,A,6,43,Male,No,prereg
17a9640a511de798f2e35e1d,1,1,1,description_noiseless,choice_first,4,3,4,4,870,45,10,45,45,10,45,1,1,B,5,20,Male,Yes,prereg
697ac204862cc69f9912b82b,0,1.09,1,description_noiseless,beliefs_first,4,4,5,4,1222,50,40,10,50,40,10,1,1,A,7,53,Male,DATA_EXPIRED,prereg
5bf3808840c6a2c88e7918be,1,1.01,0.99,description_noiseless,beliefs_first,4,3,4,4,555,49.5,1,49.5,49.5,1,49.5,0,1,B,4,22,Male,Yes,prereg
48757db1cf1a30380e80b1e4,0,1,1,description_noiseless,choice_first,3,3,3,2,670,45,10,45,45,10,45,1,1,B,1,50,Male,No,prereg
ae0111914e086cd87bb4e8b2,1,1,2,sampling_noiseless,choice_first,3,3,4,4,563,20,20,60,60,20,20,1,1,A,6,28,Female,Yes,prereg
ede2381316ed166553d60d08,0,1,2,description_noiseless,choice_first,4,2,4,4,3011,50,1,49,25,1,74,0,1,A,5,48,Male,No,prereg
9f739eb6575e1b1f0ca49624,1,1,1,sampling_noiseless,choice_first,4,3,4,3,715,49.5,1,49.5,49.5,1,49.5,0,1,B,7,61,Male,No,prereg
262b8d1a60d8255b70517cda,0,1,1,description_noiseless,beliefs_first,4,3,4,4,917,45.45,9.1,45.45,45.45,9.1,45.45,1,1,A,6,42,Male,No,prereg
dd87a9cd4d7777685ca0d175,1,0.8,0.84,sampling_noiseless,beliefs_first,3,2,4,3,837,80,2,18,80,2,18,0,1,B,7,28,Male,No,prereg
931ce3a0d3ee25cf767ff69e,0,0.22,0.22,description_noiseless,beliefs_first,5,4,4,4,380,40,10,50,30,10,60,1,1,A,1,26,Male,No,prereg
7adf7b5871e9c85e668d82c9,1,1,1.2,sampling_noiseless,beliefs_first,3,3,3,4,458,50,10,40,40,10,50,1,1,A,6,25,Male,No,prereg
8fdc28161d464902bc87ccc3,1,1,1,description_noiseless,choice_first,4,5,5,4,447,49,2,49,49,2,49,0,1,B,6,26,Male,Yes,prereg
1cf2fd0fb51d5e3704a19ad9,0,1,0.75,description_noiseless,choice_first,2,2,5,4,739,45,10,45,60,10,30,1,1,B,5,26,Female,No,prereg
991016339a7fe4c151edb0b3,1,1,2,sampling_noiseless,choice_first,2,1,3,3,1340,50,10,40,40,30,30,1,1,B,4,36,Female,No,prereg
3f54250492747ea1d12ba361,1,1,1,description_noiseless,choice_first,5,3,4,4,644,49,2,49,49,2,49,0,1,B,7,33,Male,No,prereg
2e6c48f29c2fbbbd7b09427a,1,0.99,1,description_noiseless,choice_first,3,2,3,4,731,49,2,49,52,2,46,0,1,A,5,48,Female,No,prereg
442f220a1d006652fb108e8f,0,1.5,1.3,sampling_noiseless,beliefs_first,4,3,2,5,685,17,2,81,21,2,77,0,1,B,5,67,Female,DATA_EXPIRED,prereg
b6f379e92aac10faf9d4ae87,0,2,0.8,description_noiseless,choice_first,4,4,5,4,1797,20,30,50,50,30,20,0,1,B,6,49,Female,Yes,prereg
6df63ee3fcf8a22d00bf91ba,1,1,0.5,description_noiseless,choice_first,3,4,4,4,1281,70,20,10,60,20,20,1,1,A,6,33,Male,No,prereg
badd409d08a79601d47a2c37,0,0.4,0.3,description_noiseless,beliefs_first,2,3,5,3,710,49,2,49,49,2,49,0,1,B,7,37,Male,No,prereg
f5efc25139d5725e553b8f66,1,0.9,1.1,sampling_noiseless,beliefs_first,3,3,4,5,1390,60,0,40,20,0,80,1,1,A,7,DATA_EXPIRED,Male,No,prereg
7da321c5fff8f71f7d86d599,0,1,1,description_noiseless,choice_first,3,2,5,2,1365,49,1,50,50,1,49,0,1,A,7,33,Male,DATA_EXPIRED,prereg
062cd858b8b9fc1d97c4b68e,0,150,2,sampling_noiseless,choice_first,4,4,4,4,2414,30,20,50,30,50,20,0,1,A,6,50,Male,Yes,prereg
6a8e2b2ee09cbdb13529a423,1,2,2,description_noiseless,beliefs_first,5,3,2,2,840,25,50,25,25,50,25,0,1,B,5,41,Female,No,prereg
144203ed83e96f750295c725,0,1.51,0.49,description_noiseless,beliefs_first,4,3,5,5,540,35,5,60,60,2,38,0,1,B,6,31,Male,No,prereg
c4b8bcccc0fd176ced5f5b0b,1,0.75,1.25,sampling_noiseless,beliefs_first,3,2,4,3,2046,75,10,15,85,5,10,0,1,B,6,65,Female,No,prereg
d600ef257f54928aba255b14,0,1,0.8,description_noiseless,choice_first,4,2,5,5,3372,10,30,60,60,30,10,0,1,A,4,33,Male,Yes,prereg
e8a04f3b26c59c29bd093af3,0,1,1,description_noiseless,beliefs_first,4,5,2,4,579,45.45,9.1,45.45,45.45,9.1,45.45,1,1,B,4,25,Male,No,prereg
a68660ecce382982dc1e951b,1,1,1,sampling_noiseless,beliefs_first,2,4,3,2,632,55,0,45,45,0,55,1,1,B,6,42,Male,No,prereg
40d9c1117726d3f7df86a371,1,0.9,1,sampling_noiseless,choice_first,3,2,5,5,959,50,15,35,45,15,40,0,1,B,6,48,Male,DATA_EXPIRED,prereg
d1bfb2945b4b499ff4c18bf0,1,1.5,1.7,sampling_noiseless,beliefs_first,4,3,5,5,1900,40,8,52,40,8,52,1,1,A,7,66,Male,No,prereg
a9a9d2cffb98b25a6d252a58,0,1,0.75,description_noiseless,choice_first,4,3,5,4,1155,40,10,50,50,10,40,1,1,A,6,36,Male,No,prereg
a61196c9f75a91564f0fa1fd,0,1,1,description_noiseless,beliefs_first,3,2,5,5,1158,30,40,30,35,35,30,1,1,B,7,32,Male,No,prereg
7d12defa7bd3ae8f8fe4448b,1,1,2,sampling_noiseless,choice_first,4,2,5,5,688,50,25,25,0,50,50,0,1,B,7,32,Male,No,prereg
c912648bcb33074656cdb103,1,1.2,1.4,sampling_noiseless,beliefs_first,4,4,4,3,989,18,2,80,8,2,90,1,1,B,7,60,Female,No,prereg
679c54a3e0c14c155ad1d3bd,0,1,0.95,description_noiseless,beliefs_first,3,3,4,4,425,40,20,40,50,20,30,1,1,B,5,49,Male,No,prereg
a956242675ba7d04f41eaab7,0,2,2,description_noiseless,choice_first,3,3,5,3,637,49,2,49,49,2,49,0,1,A,1,32,Female,No,prereg
9dca11b511fd74407c66f8c4,0,2,1,sampling_noiseless,beliefs_first,2,2,1,1,438,25,50,25,50,25,25,0,1,A,5,37,Female,No,prereg
20b878a1c871d884e69976d9,0,1,1,sampling_noiseless,beliefs_first,5,3,3,4,932,20,55,25,40,40,20,1,1,B,7,21,Male,Yes,prereg
2f5d014654d003153b4643d2,0,2,2,description_noiseless,choice_first,4,3,5,5,1525,50,10,40,60,10,30,0,1,B,7,34,Male,Yes,prereg
165fa7faf88e01016c5ec939,1,1.6,1.64,sampling_noiseless,beliefs_first,4,2,3,3,469,5,0,95,5,0,95,0,1,A,6,48,Female,No,prereg
909435c92d41016c75e4fd72,0,1.01,0.99,description_noiseless,choice_first,2,4,3,3,484,49,2,49,50,2,48,0,1,B,2,21,Male,Yes,prereg
cb2d08d2c95f52afb78fd988,1,1,1,description_noiseless,beliefs_first,1,1,3,3,1059,49,2,49,49,2,49,0,1,B,4,62,Female,DATA_EXPIRED,prereg
1a156df23004bf52ab1dfb45,1,0.8,1,sampling_noiseless,choice_first,5,4,3,2,732,70,10,20,20,10,70,1,1,B,6,44,Male,No,prereg
eca9803a4a219547f111967d,1,1.4,1.6,sampling_noiseless,beliefs_first,3,4,4,4,685,80,10,10,40,10,50,1,1,B,7,62,Male,No,prereg
61c566cf9239ea074e5ce80a,1,1,1,description_noiseless,beliefs_first,5,4,4,4,890,45.5,9,45.5,45.5,9,45.5,1,1,A,7,32,Male,No,prereg
996e0f9dcc7fdb24a787cbaa,1,0.65,0.8,sampling_noiseless,choice_first,4,5,4,5,626,85,1,14,80,2,18,0,1,A,7,33,Male,DATA_EXPIRED,prereg
5bce7d70226b221098c1f078,1,1,1.25,description_noiseless,beliefs_first,2,2,5,5,1238,45,10,45,40,10,50,1,1,B,5,40,Male,No,prereg
6df212dc7cc20dbc70579fb9,0,0.1,0.1,description_noiseless,choice_first,4,3,5,3,1069,45,5,50,45,5,50,1,1,A,3,28,Male,No,prereg
650b34d4e3846283b9281b07,1,1.2,1,sampling_noiseless,beliefs_first,4,3,4,3,1002,45,10,45,50,0,50,1,1,A,6,46,Male,No,prereg
bb2a8271913667e2d5a528b5,1,0.51,0.55,sampling_noiseless,beliefs_first,4,4,4,4,778,95,1,4,91,1,8,0,1,B,6,56,Male,No,prereg
a5f81965f50c846331211fff,1,0.9,1.8,sampling_noiseless,choice_first,4,4,5,3,751,64,9,27,9,0,91,1,1,A,7,48,Male,No,prereg
fef959172fa0d3d7c6bdb6c1,1,1,0.8,description_noiseless,choice_first,2,2,3,3,694,46,9,45,50,9,41,1,1,A,5,40,Female,No,prereg
c224d01904a49b1d2a1d0ff9,1,1,1,description_noiseless,beliefs_first,1,3,4,5,791,45,10,45,45,10,45,1,1,A,1,35,Male,DATA_EXPIRED,prereg
2331dc010b691d13edb64608,1,0.94,0.9,sampling_noiseless,beliefs_first,4,3,4,3,637,75,10,15,75,10,15,0,1,B,7,42,Female,No,prereg
60fd5852c044761a8e287fba,0,1,1,description_noiseless,choice_first,3,2,3,3,501,49,2,49,49,2,49,0,1,A,4,34,Female,No,prereg
f80f450875455555b1e79fbb,1,0.96,1,sampling_noiseless,choice_first,2,1,5,5,556,50,2,48,48,2,50,0,1,A,6,41,Female,No,prereg
7fe7be5e6dcbdb56e3355920,0,1,1,sampling_noiseless,beliefs_first,4,3,4,4,634,5,25,70,10,40,50,1,1,B,5,42,Female,Yes,prereg
96d831c71914ad80f3922b6b,1,1,1.2,description_noiseless,choice_first,3,3,5,4,479,45,10,45,45,10,45,1,1,A,2,37,Female,No,prereg
c689aae6fec2024d6341e984,0,1,0.8,description_noiseless,beliefs_first,2,1,5,3,873,0,100,0,100,0,0,1,1,A,4,30,Male,No,prereg
a0b6f7c6720ea1f96f7889fb,1,1,1,description_noiseless,choice_first,4,4,3,3,770,49,2,49,49,2,49,0,1,A,7,32,Male,No,prereg
61dd312370f1c9a2eae4abe6,1,1.24,1.29,sampling_noiseless,beliefs_first,4,2,3,4,466,49.5,1,49.5,49.5,1,49.5,0,1,B,7,37,Male,DATA_EXPIRED,prereg
ff6d2f07071dd192272c0e99,0,1.1,0.9,description_noiseless,beliefs_first,2,2,4,4,756,47,5,48,58,4,38,1,1,A,5,40,Female,No,prereg
8c7d8805051ce8d75de0f3fa,0,1,1,description_noiseless,choice_first,4,3,5,4,721,45,10,45,45,10,45,1,1,B,6,45,Male,No,prereg
2428cd76c96a82667e36e9b9,1,0.5,0.4,sampling_noiseless,beliefs_first,4,4,5,5,568,60,5,35,80,5,15,1,1,B,4,27,Male,No,prereg
00dc6d2e8b094a2ef7195520,1,2,1,sampling_noiseless,beliefs_first,2,1,3,3,777,55,10,35,45,10,45,1,1,A,6,33,Female,No,prereg
eebcc6771c60553700b56d58,0,1,0.96,sampling_noiseless,choice_first,2,4,5,4,649,49,2,49,50,2,48,0,1,A,7,49,Female,DATA_EXPIRED,prereg
a38cd6425635a6e672e431f2,0,1,1,description_noiseless,beliefs_first,4,4,4,4,726,49.5,1,49.5,49.5,1,49.5,1,1,B,1,43,Male,DATA_EXPIRED,prereg
a3df421bfd16364bb2eb9eda,1,0.8,1.1,sampling_noiseless,choice_first,4,3,4,4,894,70,10,20,40,10,50,1,1,A,6,36,Female,No,prereg
6c53edb4c3731b33a2d1592f,0,1,1,description_noiseless,choice_first,2,1,3,3,1444,45.45,9.10,45.450,36.36,9.10,54.54,1,1,A,7,76,Female,No,prereg
7cc760bc00a31924e9760848,0,1,0.5,description_noiseless,choice_first,3,1,5,3,1823,10,10,80,90,5,5,0,1,B,7,84,Male,DATA_EXPIRED,prereg
a1ee940dc953b546de9b641e,1,1,1,description_noiseless,choice_first,4,5,3,3,728,49,2,49,49,2,49,0,1,A,4,43,Male,No,prereg
16d2fb25ab11cecf5da7383b,1,1.2,1.4,sampling_noiseless,choice_first,4,2,4,5,513,55,10,35,40,15,45,1,1,A,7,25,Male,No,prereg
9b9caa8aea3c9b79dcf64516,1,2,1,description_noiseless,choice_first,4,5,3,2,258,25,36,39,20,30,50,0,1,B,7,24,Male,Yes,prereg
45c149283d819c4e424ca702,0,1,1,description_noiseless,beliefs_first,2,1,2,3,285,50,25,25,50,25,25,1,1,B,4,31,Male,DATA_EXPIRED,prereg
173ed78c074c065025dd3292,0,2,2,description_noiseless,beliefs_first,3,2,3,3,1071,33,33,34,33,33,34,0,1,B,1,39,Female,No,prereg
d7fc3787110ccd0e327e16a4,1,1,2,sampling_noiseless,beliefs_first,2,3,4,3,949,60,30,10,35,40,25,1,1,B,4,36,Male,DATA_EXPIRED,prereg
83859894cb555eee03a9f9d5,1,1,1,description_noiseless,beliefs_first,2,2,4,4,485,45,10,45,45,10,45,1,1,B,4,30,Female,No,prereg
f98d16a651db685a8e2605a7,1,1,1.04,sampling_noiseless,beliefs_first,5,2,5,5,756,30,10,60,30,10,60,0,1,A,7,36,Female,DATA_EXPIRED,prereg
6f74670aa0fb3b6fe179245b,0,2,2,description_noiseless,beliefs_first,2,1,4,1,1222,2,10,88,0,8,92,1,1,A,4,64,Female,No,prereg
9f3afa5b8ffbedae2556244d,1,1,0.1,sampling_noiseless,choice_first,4,3,4,4,1242,80,10,10,70,10,20,1,1,B,5,45,Male,No,prereg
ebaf766400a22d6549125556,1,0.6,1.2,sampling_noiseless,choice_first,3,4,3,2,615,85,1,14,40,1,59,1,1,B,6,28,Male,Yes,prereg
396e4b23b9bade3d0e4e8a14,1,1,1,sampling_noiseless,choice_first,4,2,5,4,1334,5,30,65,10,40,50,1,1,B,5,33,Female,No,prereg
88b11851306c075affcb5556,0,1,1,description_noiseless,choice_first,3,4,3,4,541,48,2,50,50,2,48,0,1,A,1,45,Male,DATA_EXPIRED,prereg
e36f903b1e12a85ba0493e18,1,1,1,sampling_noiseless,choice_first,4,3,4,3,2295,49,2,49,48,4,48,0,1,B,6,25,Male,No,prereg
976537b2426cbc92993dd7c1,1,0.6,1,sampling_noiseless,choice_first,4,3,4,4,2464,60,25,15,20,60,20,1,1,B,5,26,Male,Yes,prereg
50859abb7625349fc97972ea,0,1,0.82,description_noiseless,choice_first,2,4,5,5,1270,45.5,9,45.5,45.5,9,45.5,1,1,A,5,28,Male,No,prereg
d8910196ae9591e1e8c51531,1,1.2,1,sampling_noiseless,beliefs_first,5,4,4,5,892,50,9,41,50,9,41,1,1,A,6,46,Male,DATA_EXPIRED,prereg
813416620beabac2e4c41733,1,1,1.04,sampling_noiseless,beliefs_first,3,2,5,5,575,40,2,58,38,2,60,0,1,A,6,34,Female,DATA_EXPIRED,prereg
d173bb2b2349032596209a0f,0,1,1,description_noiseless,beliefs_first,3,2,4,4,684,26,26,48,32,32,36,0,1,B,7,62,Male,No,prereg
68c61b92ca31e12a3427293b,1,1,0,description_noiseless,beliefs_first,2,2,3,2,690,25,50,25,20,60,20,1,1,B,5,23,Female,No,prereg
10071cc95095217e76dba04a,1,1,2,sampling_noiseless,choice_first,3,4,3,3,455,50,40,10,40,10,50,1,1,A,5,54,Male,No,prereg
8f94c415e2bbac00e075bbe3,1,1,0.9,sampling_noiseless,beliefs_first,4,2,3,3,962,60,1,39,50,1,49,0,1,A,7,31,Male,No,prereg
3d331f3d5a848e867f5fe61f,1,1,1,description_noiseless,choice_first,4,4,2,2,763,49,2,49,48,2,50,0,1,B,6,28,Female,DATA_EXPIRED,prereg
d4bcc9f801259afd1512bccd,1,1,1.04,sampling_noiseless,choice_first,2,3,3,4,642,25,1,74,20,1,79,0,1,A,7,62,Female,No,prereg
61d795cb81575b60a6ecd4c2,1,1.4,1.2,sampling_noiseless,beliefs_first,3,4,3,2,626,30,30,40,20,40,40,1,1,A,7,51,Male,DATA_EXPIRED,prereg
6030cd631a905a4b8f051402,0,1,0.9,description_noiseless,choice_first,2,1,5,4,1054,49,2,49,50,2,48,1,1,A,5,64,Male,No,prereg
4eea2ef42e4fd516af6e6f06,1,1.2,1.5,sampling_noiseless,beliefs_first,5,3,4,5,906,40,20,40,20,10,70,1,1,B,6,24,Male,Yes,prereg
7d9c07b19a9f9fa2189545ff,1,1.3,1.4,sampling_noiseless,choice_first,4,3,5,5,641,30,10,60,20,10,70,0,1,B,7,33,Female,No,prereg
494d8d162eb6bb6dfe800c83,1,2,2,description_noiseless,beliefs_first,4,1,2,2,519,45,10,45,10,10,80,1,1,A,7,44,Female,No,prereg
8fbab3b604bfeef20cc5c5d5,1,1,1,description_noiseless,beliefs_first,4,3,4,3,1331,49,2,49,49,2,49,0,1,B,6,51,Male,No,prereg
3edf6759321ca86ab904e80c,0,0.56,0.51,sampling_noiseless,beliefs_first,3,4,4,4,412,60,1,39,65,1,34,0,1,B,5,22,Female,Yes,prereg
5e89c6ec9da0f5618c57df3f,1,0.92,0.96,sampling_noiseless,beliefs_first,4,2,5,5,719,50,5,45,48,4,48,0,1,A,7,46,Male,No,prereg
1bef2731733e5b173bd42835,1,1.25,1,description_noiseless,choice_first,2,3,4,5,1222,45,10,45,46,9,45,1,1,A,7,54,Male,No,prereg
8b7043ace84ab49e6b5a1e05,1,1,1,sampling_noiseless,beliefs_first,3,2,4,3,1468,48,1,51,52,1,47,0,1,A,6,65,Male,No,prereg
970dd19ed9fcaad8a1df15ee,1,1,1,description_noiseless,choice_first,2,2,3,4,736,50,10,40,50,10,40,1,1,B,7,40,Female,No,prereg
cf1e1cdcb343c0f77d57a09f,1,2,1.6,sampling_noiseless,beliefs_first,3,2,4,4,855,52,2,46,55,4,41,0,1,B,6,38,Female,DATA_EXPIRED,prereg
d3bba01d5f7198fbc594bf1e,0,1,1,description_noiseless,choice_first,4,4,4,3,522,33,33,34,33,33,34,1,1,B,6,29,Male,No,prereg
30100823ee9431596cad5d43,1,1.2,1.7,sampling_noiseless,choice_first,5,2,3,2,519,20,5,75,15,5,80,0,1,B,7,43,Female,Yes,prereg
066c3ef3d56e81c0c85bd47d,1,0.9,0.9,description_noiseless,beliefs_first,3,3,5,2,1337,45.5,9,45.5,45.5,9,45.5,1,1,B,1,40,Male,No,prereg
64a3c6b9942539ba22ae5d0e,1,1,1,description_noiseless,choice_first,3,1,3,2,716,50,0,50,50,0,50,1,1,B,4,39,Male,DATA_EXPIRED,prereg
a0c51755711f5343f4f47081,0,1,1,description_noiseless,beliefs_first,3,5,3,2,704,49,2,49,49,2,49,1,1,A,1,39,Female,No,prereg
bac77f995db0f62fffad60ad,1,0.8,0.8,description_noiseless,choice_first,1,4,5,5,671,47,6,47,47,6,47,1,1,A,6,21,Male,Yes,prereg
e925a1f0a6d2bae2a31d01cc,1,0.8,0.9,sampling_noiseless,choice_first,2,4,2,5,542,55,9,36,55,9,36,1,1,A,2,21,Male,DATA_EXPIRED,prereg
57d308623ba3394327089359,0,2,2,sampling_noiseless,choice_first,2,2,3,2,1247,25,25,50,25,25,50,0,1,A,6,58,Female,No,prereg
4d2bbd0bb056c882833eb82c,1,1.04,1,sampling_noiseless,beliefs_first,2,1,3,5,935,49,49,2,49,49,2,0,1,B,7,32,Male,No,prereg
8d7cac4e3962aef09612acdb,1,0.84,0.8,sampling_noiseless,beliefs_first,4,1,4,4,973,54,0.5,45.5,56,0.5,43.5,0,1,B,7,31,Male,No,prereg
86299177477983a9edbb1a67,0,1.2,1,description_noiseless,beliefs_first,2,1,4,3,2485,48,4,48,49,2,49,1,1,A,4,58,Female,No,prereg
99d10089294401b3df354db3,1,1,1.03,sampling_noiseless,beliefs_first,4,3,4,4,452,45,5,50,40,5,55,0,1,B,5,31,Male,No,prereg
dbfada8e42f48c5cb614b097,0,1,1,description_noiseless,beliefs_first,3,3,5,4,1420,46,8,46,46,8,46,1,1,A,7,62,Male,No,prereg
688f49b3ef8b0b23c1c82d2f,0,1,1,description_noiseless,beliefs_first,4,2,4,4,756,0,100,0,0,100,0,1,1,A,4,41,Male,No,prereg
50c54d91914703048efe56dc,1,1.25,1.5,description_noiseless,choice_first,1,1,5,5,778,49.9,0.2,49.9,49.9,0.2,49.9,0,1,A,6,32,Male,No,prereg
a2d050e4e8f89895dc16132d,1,0.88,0.98,description_noiseless,beliefs_first,5,4,5,5,1334,40,40,20,40,40,20,0,1,A,7,46,Male,No,prereg
9fbf0dbafc624a68414c649a,1,0.2,0.4,sampling_noiseless,beliefs_first,4,3,4,2,1014,80,0,20,60,40,0,1,1,B,6,64,Female,No,prereg
f1c2d55320c3dd7443df2739,1,0.75,1,sampling_noiseless,choice_first,3,3,4,4,1073,55,30,15,10,20,70,1,1,A,7,22,Female,DATA_EXPIRED,prereg
11f0c82b6da7d1af12e1e444,1,1,1,description_noiseless,choice_first,3,3,4,4,1337,49,2,49,49,2,49,0,1,A,1,61,Male,DATA_EXPIRED,prereg
088d834d1176ce093addc6b9,1,1,1.8,sampling_noiseless,beliefs_first,4,2,1,2,585,20,30,50,10,20,70,1,1,B,5,24,Male,No,prereg
ee328da755bccd335ec5b70b,1,1,1.3,sampling_noiseless,choice_first,5,4,3,3,521,40,40,20,10,30,60,0,1,B,6,27,Male,No,prereg
f2d3a4349868980c672077f2,0,1,1,description_noiseless,beliefs_first,3,3,5,5,472,25,50,25,25,50,25,1,1,B,5,22,Female,Yes,prereg
067aec088c50ef8be26404d6,0,1,1,description_noiseless,choice_first,2,1,4,4,899,5,5,90,70,15,15,1,1,A,7,57,Female,No,prereg
fcdbf0b59ed6088656bb3a61,0,0.76,0.8,sampling_noiseless,choice_first,4,5,3,3,809,40,40,20,40,40,20,0,1,A,5,21,Female,DATA_EXPIRED,prereg
4a0d3b263f78a4fc280ae181,0,2,0.25,description_noiseless,beliefs_first,4,3,5,4,1737,20,25,55,55,20,25,0,1,A,7,29,Male,DATA_EXPIRED,prereg
5788dc7d7edf6bb30b220150,0,1.2,0.75,sampling_noiseless,choice_first,2,3,4,4,615,50,20,30,60,20,20,1,1,A,5,65,Male,No,prereg
bb3db84eab919e11b4bbc262,0,0.9,1,description_noiseless,choice_first,4,4,3,2,769,50,1,49,49,2,49,0,1,B,6,57,Male,No,prereg
b95b290b69efd79617f6ee95,1,0.8,1.4,sampling_noiseless,choice_first,3,3,4,2,836,60,10,30,20,10,70,1,1,A,7,62,Male,No,prereg
2cc46ac0d41e99271c589087,1,1,1,description_noiseless,beliefs_first,3,2,3,4,760,45.45,9.1,45.45,45.45,9.1,45.45,1,1,B,4,24,Male,No,prereg
b817deedb9f1818965eb35d3,1,0.8,2,sampling_noiseless,choice_first,5,1,5,5,609,20,60,20,10,30,60,1,1,B,4,31,Female,No,prereg
a293014cd9869af65cf61713,0,1,1,description_noiseless,beliefs_first,3,2,5,5,950,45.45,9.10,45.45,45.45,9.10,45.45,1,1,A,4,25,Male,DATA_EXPIRED,prereg
8f51b6f70e0189ec23fc16a9,1,0.94,0.9,sampling_noiseless,beliefs_first,4,3,2,2,1068,60,2,38,62,2,36,0,1,B,7,43,Male,No,prereg
422cd8aa06d94a0d1516f980,0,1.6,0.4,sampling_noiseless,choice_first,5,4,3,2,827,20,30,50,50,30,20,1,1,A,7,55,Male,DATA_EXPIRED,prereg
a78811f40693ee781763523f,1,1.46,1.5,sampling_noiseless,beliefs_first,3,3,5,4,1109,2,5,93,1,3,96,0,1,B,5,37,Male,No,prereg
c8051569d23cf93a22888fce,1,1,1.2,description_noiseless,choice_first,4,2,2,2,1028,20,30,50,10,30,60,1,1,B,5,26,Male,No,prereg
084179fe06614450b1df4479,0,0.75,0.83,description_noiseless,beliefs_first,2,4,5,5,715,49,2,49,58,2,40,1,1,A,6,32,Male,No,prereg
fe73117d331f39081c03ddbb,1,0.8,0.76,sampling_noiseless,beliefs_first,3,2,3,4,1008,50,0,50,50,0,50,0,1,B,7,31,Female,Yes,prereg
7264b77cc049e05c083a5241,1,1.2,1.24,description_noiseless,beliefs_first,3,3,4,4,988,49,2,49,51,1,48,0,1,A,5,25,Male,DATA_EXPIRED,prereg
c1909c942f3f5353ffb4ac89,0,1.25,1.5,description_noiseless,choice_first,5,1,2,1,728,40,10,50,50,10,40,1,1,A,7,23,Male,No,prereg
16df50f6afab6c0825c7114b,0,1,1,description_noiseless,choice_first,3,3,4,3,1218,45,10,45,45,10,45,1,1,A,5,24,Male,Yes,prereg
69c1bf449037dcc2efceb2ce,1,0.8,1,sampling_noiseless,beliefs_first,2,2,5,4,1439,33,34,33,33,34,33,0,1,A,7,53,Female,No,prereg
ddb24fae65ec923337b5a310,1,0.8,1.2,sampling_noiseless,choice_first,3,2,5,5,1118,30,50,20,20,50,30,1,1,A,5,32,Female,No,prereg
7de8af57010a3f60a731d644,0,1,1.25,description_noiseless,beliefs_first,1,3,5,5,656,45,10,45,36,10,54,1,1,A,5,22,Female,Yes,prereg
638d73de8c5e2f93628cd3c4,1,1,1.2,sampling_noiseless,choice_first,3,4,4,4,542,10,70,20,5,60,35,1,1,A,7,35,Male,DATA_EXPIRED,prereg
2dc10e09abe0c9ca40a914c5,1,0.8,1,sampling_noiseless,choice_first,2,2,4,2,1037,70,20,10,30,20,50,0,1,A,5,48,Female,No,prereg
8f004113186af7b344e4fd3c,0,1,1,description_noiseless,beliefs_first,3,2,4,1,864,49,1,50,50,1,49,0,1,A,7,52,Female,DATA_EXPIRED,prereg
313921c908efcdef5440f4ff,0,1.5,1.25,description_noiseless,beliefs_first,4,3,4,5,493,45,10,45,40,10,50,0,1,B,6,31,Female,No,prereg
0de1797b131d0a11b05f078d,1,0.8,1,sampling_noiseless,choice_first,3,4,5,5,783,60,9,31,50,9,41,1,1,B,6,60,Female,No,prereg
fffaae8c3827ca5e306607eb,0,1,0.8,description_noiseless,choice_first,4,2,5,5,643,48,4,48,52,4,44,1,1,A,7,34,Male,No,prereg
2eb8dd9d3eec8792c163fe4b,1,1.21,0.99,sampling_noiseless,beliefs_first,3,1,5,5,1772,90,0,10,90,0,10,0,1,A,6,40,Female,No,prereg
07c62c4a7953d0fcac4e41fc,1,0.7,0.74,sampling_noiseless,beliefs_first,3,2,5,5,741,88,2,10,88,2,10,0,1,A,6,20,Female,Yes,prereg
0b7d0dc38242e0f5b8d3d393,0,1,1,description_noiseless,beliefs_first,3,2,5,5,539,48,4,48,48,4,48,0,1,B,5,29,Female,DATA_EXPIRED,prereg
f7a8fda3244ec0c41e102c5f,1,0.8,1,sampling_noiseless,beliefs_first,3,4,5,4,783,60,10,30,45,10,45,1,1,A,5,37,Female,No,prereg
78c07144b21fd77dade26ff7,0,1.2,1.1,sampling_noiseless,choice_first,2,2,4,3,1782,40,0,60,30,0,70,0,1,B,3,33,Female,No,prereg
085356c47cd40e53aaa4c1f6,1,1.5,1.8,sampling_noiseless,choice_first,3,3,4,4,4711,30,20,50,20,30,50,0,1,A,5,62,Female,No,prereg
f1706d1346202723b2f9a9ef,1,0.98,0.94,sampling_noiseless,choice_first,3,2,4,4,1019,49,2,49,49,2,49,0,1,B,7,38,Female,No,prereg
6ce67313af92e2be7fce38ff,1,1.12,1.34,sampling_noiseless,beliefs_first,2,3,4,4,642,40,2,58,33,3,64,0,1,A,7,28,Female,No,prereg
333b09e6fff3798319328b47,1,2,2,sampling_noiseless,choice_first,3,2,5,4,1075,10,10,80,30,10,60,1,1,B,6,62,Female,No,prereg
0f596a08d4cca192c9fd1a8d,0,1.04,1,description_noiseless,beliefs_first,3,3,4,4,1273,0,50,50,0,100,0,0,1,B,7,23,Female,DATA_EXPIRED,prereg
70e218011ef676121df979ae,1,1,1.2,description_noiseless,choice_first,4,3,4,4,730,49,2,49,50,2,48,0,1,B,5,43,Female,DATA_EXPIRED,prereg
9df86d8259eecca5fcbe4d16,1,0.4,0.4,description_noiseless,choice_first,2,1,5,4,1114,45,10,45,45,10,45,1,1,A,4,39,Female,No,prereg
a7321f5d2c60bc2ef21aa4b5,1,1.6,1.5,sampling_noiseless,choice_first,3,3,4,4,496,15,10,75,5,5,90,0,1,A,6,26,Female,No,prereg
d8df425754f60a464400d713,0,1,0.6,description_noiseless,beliefs_first,2,3,4,5,1260,25,50,25,60,20,20,1,1,A,6,49,Female,No,prereg
efb271e1b8c9cc68fb5b863b,1,0.84,0.8,sampling_noiseless,beliefs_first,3,2,5,5,545,50,5,45,45,5,50,0,1,B,6,38,Female,DATA_EXPIRED,prereg
d9c7fb9c35898723f12e6983,1,0.8,1.2,sampling_noiseless,beliefs_first,3,3,4,4,511,45,10,45,35,10,55,1,1,A,7,44,Female,No,prereg
e79882a5da28b9afa855f7aa,0,1.04,1,sampling_noiseless,beliefs_first,4,4,2,2,665,49,1,50,49,1,50,0,1,B,7,50,Female,No,prereg
d70325f4018fb1e1838b2671,1,0.8,1.1,sampling_noiseless,choice_first,2,2,2,2,633,70,10,20,20,10,70,1,1,B,6,44,Female,No,prereg
5899f5fa71671741c0c4bc23,0,1.5,1,description_noiseless,beliefs_first,2,2,5,5,644,0,25,75,25,50,25,0,1,A,6,29,Female,No,prereg
497c74f9b7c8138b8d4c58ef,0,1.12,1,description_noiseless,beliefs_first,3,3,4,3,481,40,10,50,52,10,38,1,1,B,6,38,Female,Yes,prereg
0b982c9e849d1e0aa420a2d3,0,2,1,description_noiseless,choice_first,3,2,4,4,628,50,1,49,51,1,48,0,1,B,3,39,Female,No,prereg
64269c930314e19cfd9009ff,0,1,1,description_noiseless,beliefs_first,4,2,5,5,435,49.5,0.50,50,50,0.5,49.5,0,1,B,7,34,Female,No,prereg
e513027b84a7660eb2a21cd4,0,1.08,1.04,sampling_noiseless,beliefs_first,5,3,4,4,812,42,2,56,42,0,58,0,1,A,6,56,Female,No,prereg
847995815f241183194fad47,1,1,1.04,sampling_noiseless,choice_first,4,3,4,3,812,33,2,65,29,1,70,0,1,A,7,35,Female,DATA_EXPIRED,prereg
b308e743355b5c9438cda8b1,1,1,1.2,sampling_noiseless,choice_first,5,3,5,5,411,60,10,30,35,5,60,1,1,B,7,20,Female,Yes,prereg
69c53a2462f76a0e84a45d77,0,1.86,1.36,sampling_noiseless,choice_first,1,1,4,2,688,56,5,39,64,2,34,0,1,B,5,52,Female,No,prereg
8a3cb60b3e7c9966fa269ae9,1,0.98,1,description_noiseless,beliefs_first,2,2,4,4,627,33,34,33,33,34,33,1,1,B,6,38,Female,No,prereg
0c35b17a1a1b0f5836d6d875,1,0.88,0.96,sampling_noiseless,beliefs_first,2,3,5,5,585,78,2,20,45,5,50,1,1,A,6,30,Female,DATA_EXPIRED,prereg
074141c5b7713d5a932a00b9,1,1.35,1.4,sampling_noiseless,beliefs_first,2,3,4,3,897,70,20,10,60,20,20,1,1,B,6,31,Female,No,prereg
846e224586d7f4ec77f356c3,1,1.6,2,sampling_noiseless,choice_first,2,1,4,4,448,90,5,5,5,5,90,0,1,B,7,32,Female,DATA_EXPIRED,prereg
521ff10d4e7bacc5a1b2bdaa,0,1,1,description_noiseless,choice_first,2,2,4,4,710,49,2,49,49,2,49,0,1,A,1,53,Female,No,prereg
7c32f6e620c6724887668e84,0,0.6,0.8,sampling_noiseless,beliefs_first,3,1,5,5,921,80,10,10,60,20,20,1,1,A,5,61,Female,No,prereg
b302eb068b17eaf924f90099,1,1,1,description_noiseless,beliefs_first,4,3,4,3,1175,45,10,45,47,6,47,0,1,B,6,27,Female,Yes,prereg
3b5084a0f5e19ee7ebb38790,0,1,1,description_noiseless,choice_first,4,2,3,5,1186,20,30,50,30,30,40,0,1,B,7,38,Female,No,prereg
e8cebf0ff5d9d5706de7d539,1,0.8,0.95,sampling_noiseless,beliefs_first,2,2,5,4,990,50,3,47,55,3,42,0,1,A,7,27,Female,No,prereg
fdc8f57ea049962e51b17ca5,1,1,1.6,sampling_noiseless,choice_first,3,2,3,2,1250,50,25,25,20,20,60,1,1,A,7,39,Female,DATA_EXPIRED,prereg
e81a5d5a2837d3dbb1cde96f,1,0.08,2,description_noiseless,choice_first,3,1,4,2,1069,5,60,35,5,10,85,0,1,B,6,51,Female,No,prereg
de55c9e9ad74cddfc27e518e,1,1.25,1,description_noiseless,choice_first,3,2,4,4,576,55,10,35,40,10,50,0,1,B,5,32,Female,No,prereg
dc69d01e6bbc8394202acbc3,0,1,1,sampling_noiseless,beliefs_first,2,2,4,2,1051,25,15,60,45,10,45,1,1,A,5,55,Female,No,prereg
8bca4883ecc90150bf23004d,1,1,2,sampling_noiseless,beliefs_first,2,3,5,5,805,88,2,10,78,4,18,0,1,A,6,57,Female,No,prereg
caf4fb6c9183b56c082e023b,1,1,1.5,sampling_noiseless,beliefs_first,4,3,4,4,376,30,20,50,20,20,60,0,1,A,7,30,Female,Yes,prereg
0ad32f8504c002b5b5616437,1,0.8,1,sampling_noiseless,beliefs_first,3,4,4,3,796,70,5,25,40,10,50,1,1,B,6,30,Female,DATA_EXPIRED,prereg
bdff783a63414ce443975bd5,1,1,1,description_noiseless,choice_first,4,4,3,5,773,49.75,0.5,49.75,49.75,0.5,49.75,0,1,B,1,21,Female,Yes,prereg
fcb6a3c874fb7f3469b04fb5,1,0.6,1.2,sampling_noiseless,choice_first,4,3,4,2,816,85,10,5,15,5,80,1,1,A,7,49,Female,No,prereg
1d270f975263a0edaadf0737,0,1,0.8,description_noiseless,choice_first,3,2,4,3,1745,45.45,9.1,45.45,44.4,11.2,44.4,1,1,B,5,61,Female,No,prereg
86c25b5b69cd678246c6b724,1,1,2,sampling_noiseless,choice_first,4,3,3,5,1285,65,5,30,35,10,55,1,1,A,7,36,Female,No,prereg
bb0a927aec0cf2d97cfdc41c,0,2,0,description_noiseless,beliefs_first,3,2,5,5,835,40,20,40,40,20,40,0,1,A,7,55,Female,No,prereg
03eded04d509ccb95eaa2f69,0,1,1,description_noiseless,beliefs_first,3,1,5,4,609,35,35,30,35,35,30,1,1,B,7,25,Female,No,prereg
dd02603cd15b628a38aab4ba,0,1,0.75,description_noiseless,beliefs_first,5,4,4,4,1145,49,2,49,49,3,48,0,1,A,7,39,Female,No,prereg
c6f39a44a0ef2295dcc3778f,0,2,0,description_noiseless,choice_first,2,2,4,4,723,0,0,100,100,0,0,1,1,A,7,60,Female,No,prereg
7ed32b7a11f15e94541e0f0e,1,0.4,0.4,description_noiseless,choice_first,3,1,4,1,1209,49,2,49,49,2,49,0,1,A,6,43,Female,No,prereg
88c98bb93a5f68ffd8b54a5e,1,1,1,sampling_noiseless,choice_first,4,3,4,4,712,25,40,35,25,40,35,0,1,A,7,32,Female,DATA_EXPIRED,prereg
9337482aefd4de73e5aea17a,0,1,0.75,description_noiseless,beliefs_first,2,1,4,5,2835,44,1,55,36,1,63,1,1,A,6,64,Female,No,prereg
0b52afcb49bdcbd588c7f058,0,1,1,sampling_noiseless,choice_first,3,4,4,4,1409,50,10,40,40,10,50,1,1,B,2,69,Female,No,prereg
550d6aea725b07599465133f,1,0.75,0.75,sampling_noiseless,choice_first,2,4,4,2,755,80,1,19,75,1,24,0,1,A,3,41,Female,DATA_EXPIRED,prereg
4efa37a8f93ff387a585bdb6,0,1,1.5,description_noiseless,choice_first,4,1,4,4,572,40,40,20,20,20,60,0,1,B,6,43,Female,No,prereg
674785965cfc53b4f36fb24d,0,1,0.8,sampling_noiseless,beliefs_first,2,3,4,4,509,30,40,30,60,20,20,0,1,B,6,36,Female,No,prereg
946a289743181511f80c3158,1,0.6,1.4,sampling_noiseless,choice_first,3,2,4,4,558,40,20,40,30,15,55,1,1,B,7,26,Female,No,prereg
2c4deb3f987754f38a4bda15,1,0.75,0.75,description_noiseless,choice_first,3,2,4,4,656,35,30,35,35,30,35,1,1,A,5,39,Female,No,prereg
ded07dcd999971635430fa46,1,1,1.2,sampling_noiseless,beliefs_first,4,3,2,2,693,80,10,10,60,10,30,1,1,B,7,54,Female,No,prereg
c5cd7cf24a45a7f283556b47,0,0.18,0.2,description_noiseless,beliefs_first,1,2,4,4,771,10,10,80,80,10,10,1,1,A,7,42,Female,No,prereg
0ac0b28c4c2a54ba0077ecf0,1,0.25,1.25,sampling_noiseless,beliefs_first,2,3,4,4,645,75,1,24,60,10,30,0,1,B,7,23,Female,Yes,prereg
58cf223b344a85a2765b539a,1,2,2,description_noiseless,choice_first,4,3,3,3,512,50,0,50,51,0,49,0,1,A,5,52,Female,No,prereg
f9f0991da8ddc64ce6bcc058,0,2,1,description_noiseless,beliefs_first,1,4,3,3,663,0,0,100,33,33,34,0,1,A,6,47,Female,No,prereg
5667ea1fcc60783c00029dc7,1,1,1.25,description_noiseless,choice_first,4,4,2,5,861,80,10,10,10,10,80,1,1,B,5,28,Female,No,prereg
b8adbfce657986ac1ff348fb,1,0.6,1,sampling_noiseless,beliefs_first,4,2,3,5,1082,60,10,30,30,20,50,1,1,A,6,42,Female,DATA_EXPIRED,prereg
e3aa4c71bf953847fd76ecb6,1,0.2,1,sampling_noiseless,choice_first,3,2,3,4,649,60,10,30,30,10,60,1,1,A,6,31,Female,No,prereg
302dfab0e85c0f5d3a6e99e7,1,0.8,1.2,sampling_noiseless,choice_first,2,2,5,4,560,70,10,20,60,10,30,1,1,B,6,54,Female,No,prereg
e525c14e57aa3666275df149,0,2,1.75,description_noiseless,beliefs_first,4,2,5,5,1196,10,30,60,40,20,40,1,1,B,7,52,Female,No,prereg
4d954a4e12b13e6c1d3ccbb0,1,1,1,description_noiseless,choice_first,4,4,3,3,1315,49,2,49,49,2,49,0,1,B,4,34,Female,DATA_EXPIRED,prereg
8edbd83d635947ace7cc6879,1,0.98,0.98,description_noiseless,beliefs_first,4,2,5,3,958,49.1,1.9,49,49.1,1.9,49,0,1,B,1,39,Female,No,prereg
6e4b64720e78af1fb236cb79,1,1,1,description_noiseless,choice_first,3,4,4,3,1497,40,10,50,40,10,50,1,1,A,6,58,Female,No,prereg
5bb9ee22ffc6bfababfc094d,1,0.4,1,sampling_noiseless,choice_first,3,4,3,3,377,90,10,0,40,30,30,1,1,B,4,30,Female,No,prereg
ed57683bf40de6db518ee2ef,0,0.75,1,description_noiseless,choice_first,3,3,4,2,710,60,5,35,5,60,35,1,1,B,5,70,Female,No,prereg
bc88f04da0e5f9d0e2ed9626,0,1,0.7,description_noiseless,beliefs_first,2,3,4,4,767,49,1,50,51,1,48,0,1,B,4,60,Female,No,prereg
a59962577ac7ab899c2e39e5,1,0.78,0.82,sampling_noiseless,beliefs_first,2,3,5,4,1244,9,1,90,9,1,90,0,1,B,7,63,Female,No,prereg
8c9996e61c502de10ae0ca65,1,1,1.2,sampling_noiseless,choice_first,3,2,4,3,546,0,60,40,20,30,50,0,1,B,6,22,Female,Yes,prereg
4c641e4294ee8284c62e3638,0,1,1,description_noiseless,beliefs_first,2,2,3,3,534,0,50,50,50,50,0,0,1,A,4,51,Female,No,prereg
37cd67dda2f16a79421ca6e0,0,1,1,description_noiseless,choice_first,2,4,5,3,613,49,2,49,49,2,49,0,1,B,7,33,Female,Yes,prereg
757ea364db3bedb8cd59ef7f,0,1,1,description_noiseless,choice_first,2,3,4,5,475,45.5,9,45.5,45.5,9,45.5,1,1,A,4,21,Female,Yes,prereg
cda2d8510ade9935c954b041,1,1,1,sampling_noiseless,beliefs_first,2,1,5,5,764,30,5,65,30,0,70,0,1,A,3,38,Female,No,prereg
84f756e7c1d32031cd782297,1,0.9,0.94,sampling_noiseless,beliefs_first,4,2,5,2,994,51,1,48,52,1,47,0,1,B,6,53,Female,No,prereg
1fd0bda7e67d4df76dfa4938,0,1,1,description_noiseless,beliefs_first,3,4,4,1,887,45,10,45,45,10,45,1,1,A,7,51,Female,DATA_EXPIRED,prereg
7bf935783ce9a81346565284,0,1,1,description_noiseless,beliefs_first,3,4,5,4,1390,49.5,1,49.5,47,1,52,0,1,A,7,48,Female,No,prereg
55fd5cced7cdf19f9c908cf0,1,0.6,1.4,sampling_noiseless,beliefs_first,3,2,4,3,947,70,10,20,55,10,35,0,1,B,7,23,Female,No,prereg
405af47570e6b986158d3171,1,0.6,1.2,sampling_noiseless,beliefs_first,2,1,5,5,905,90,5,5,5,5,90,1,1,B,7,35,Female,DATA_EXPIRED,prereg
ef2c07ec694a030480cd0973,0,1,1,description_noiseless,choice_first,2,2,5,4,457,45,5,50,45,5,50,1,1,B,6,36,Female,No,prereg
37b23e5857c47d40b31c54f7,1,0.5,0.9,sampling_noiseless,beliefs_first,4,4,4,3,710,60,10,30,30,5,65,1,1,B,6,27,Female,No,prereg
3a55d0b0cd029367f3dd5fca,1,1.2,1,sampling_noiseless,choice_first,4,3,4,3,602,50,35,15,35,15,50,1,1,A,7,22,Female,No,prereg
a140009e7391b3b3588fa886,1,1,2,sampling_noiseless,choice_first,3,1,4,2,1252,20,40,40,3,25,72,0,1,A,6,50,Female,No,prereg
9f23aece3b6f4d1b798b9a60,0,1,0.99,description_noiseless,beliefs_first,2,1,4,4,1100,49,1,50,51,1,48,0,1,B,1,56,Female,No,prereg
d7150f550e445098b318aa69,0,1.5,0.25,description_noiseless,choice_first,3,2,5,5,1677,50,25,25,75,12.5,12.5,0,1,A,5,31,Female,Yes,prereg
cae171db59152aef3a19e8f2,1,1,2,sampling_noiseless,choice_first,4,2,4,4,573,50,25,25,50,25,25,0,1,A,6,34,Female,Yes,prereg
43eb0bc41ef1c710b7a0fb86,0,1,1,description_noiseless,choice_first,3,1,5,5,781,49,2,49,55,1,44,0,1,A,7,41,Female,No,prereg
71b52928b0c7b264bd61859e,1,1,1,description_noiseless,choice_first,3,4,5,5,352,45.5,9,45.5,45.5,9,45.5,1,1,B,1,22,Female,Yes,prereg
31bc674c07d6639725fa1f56,0,1,1,description_noiseless,beliefs_first,1,2,5,3,1310,45.5,9,45.5,45.5,9,45.5,1,1,B,5,55,Female,No,prereg
9f7324f71a90c5275abac3cb,0,12,1,description_noiseless,beliefs_first,3,1,4,2,1233,40,20,40,45,20,35,1,1,B,5,37,Female,No,prereg
f8226c47ca378883ddeacaf8,1,0.75,1,sampling_noiseless,beliefs_first,3,4,4,4,1153,80,5,15,5,2,93,0,1,A,7,65,Female,DATA_EXPIRED,prereg
569f2d98edee783960fcc8ff,1,0.9,0.9,description_noiseless,beliefs_first,2,1,3,3,670,50,50,0,50,50,0,1,1,A,4,46,Female,DATA_EXPIRED,prereg
4834889eeb81ffd0a7b135cb,0,0.9,1.1,sampling_noiseless,choice_first,4,3,5,5,1297,30,5,65,25,5,70,0,1,B,6,22,Female,DATA_EXPIRED,prereg
6e90a01189c1cd4eb8484c8a,1,0.96,1,sampling_noiseless,beliefs_first,2,2,5,5,731,49.5,0.5,50,49.75,0.5,49.75,0,1,B,7,40,Female,No,prereg
ff963fac5d2374ea8b545696,1,1.2,1.2,sampling_noiseless,beliefs_first,2,1,4,4,787,50,10,40,50,10,40,1,1,A,5,30,Female,No,prereg
9b4de76db53e69ed3d0a80c3,0,1,1,description_noiseless,choice_first,3,3,4,3,707,46,9,45,46,9,45,1,1,B,2,40,Female,No,prereg
3f58bf719f02b09889286e73,1,1.2,1.4,sampling_noiseless,choice_first,3,3,5,5,779,30,10,60,30,10,60,0,1,B,6,26,Female,No,prereg
8134f7fe40ae4d3d93543053,1,1.44,1.4,sampling_noiseless,beliefs_first,1,4,3,3,545,70,5,25,25,5,70,0,1,B,6,33,Female,No,prereg
b0417df2ef077d5a0d9ee620,0,1,1,description_noiseless,choice_first,4,3,5,5,456,80,10,10,80,10,10,1,1,B,7,32,Female,No,prereg
66abb1231d9c104ce28e627f,1,1,1,sampling_noiseless,choice_first,2,3,3,2,864,34,33,33,34,33,33,0,1,B,1,41,Female,No,prereg
bd230aa1df347aa0f79d54e9,0,1,1,description_noiseless,beliefs_first,2,3,4,4,1029,45,10,45,45,10,45,1,1,A,1,55,Female,No,prereg
b0e681ee052bd0933567070e,1,2,1.96,sampling_noiseless,choice_first,3,3,4,4,675,50,10,40,20,20,60,0,1,A,6,43,Female,DATA_EXPIRED,prereg
e221ad2857e6f8a9ac57129e,1,0.96,1,sampling_noiseless,beliefs_first,3,2,5,4,861,50,0,50,50,10,40,0,1,A,6,49,Female,No,prereg
5d5f5f7cc57c2d3f46a16d75,0,1,1,description_noiseless,beliefs_first,3,1,4,1,778,33,33,34,34,33,33,0,1,A,4,50,Female,No,prereg
4e6fce9fb276958dc6c5a510,0,1.1,1,description_noiseless,choice_first,4,3,4,4,805,45,35,20,40,35,25,0,1,B,5,29,Female,DATA_EXPIRED,prereg
c9067a8845fd5b3f7e577b2e,0,0.75,1,description_noiseless,beliefs_first,3,3,4,4,620,44.5,11,44.5,45.5,9,45.5,1,1,B,4,49,Female,DATA_EXPIRED,prereg
a6ce3c05050e1ce3c528f8a3,1,0.7,0.8,sampling_noiseless,choice_first,2,2,3,3,519,90,5,5,85,6,9,0,1,B,6,36,Female,Yes,prereg
9a38f3c8db231a28c095cad6,1,0.75,1.25,sampling_noiseless,beliefs_first,4,3,4,2,740,98,0,2,30,5,65,0,1,B,7,55,Female,No,prereg
ac919e8e27f2d72ff9c9f67c,0,1,2,sampling_noiseless,choice_first,2,2,4,4,480,30,50,20,30,20,50,1,1,A,6,40,Female,No,prereg
3a03ac884b927cc1bc225efb,0,1.25,1,description_noiseless,choice_first,4,2,4,4,463,10,50,40,10,50,40,1,1,B,6,40,Female,No,prereg
60458103f760cafc6c3dbd7a,1,1.5,2,description_noiseless,choice_first,4,2,5,5,1115,20,40,40,20,20,60,1,1,B,6,48,Female,No,prereg
6959397111a9260261b3983d,0,1,1,sampling_noiseless,beliefs_first,3,1,5,5,744,10,80,10,10,80,10,0,1,A,1,27,Female,No,prereg
3dd4dde9946c6d455fa400b9,1,1,0.96,description_noiseless,choice_first,2,2,4,4,1110,49,2,49,51,2,47,0,1,A,4,33,Female,No,prereg
03cfad7ea419a4b3906bd394,1,1,2,description_noiseless,beliefs_first,2,2,3,4,1501,0,50,50,20,30,50,0,1,A,5,31,Female,DATA_EXPIRED,prereg
7636cbdcd5a4e20f46e94b9a,0,0.8,1,description_noiseless,beliefs_first,5,3,4,4,731,49,2,49,51,1,48,0,1,B,6,28,Female,DATA_EXPIRED,prereg
96cf8948f948779849f96408,0,1,0.9,description_noiseless,choice_first,3,2,4,3,762,20,50,30,60,20,20,1,1,A,7,23,Female,No,prereg
923d1944b2d9868e106a741a,1,0.98,1,description_noiseless,choice_first,5,3,4,2,714,49,2,49,50,2,48,0,1,B,6,45,Female,No,prereg
55a6c66c5dbc38135e577aa0,1,1.5,0.75,description_noiseless,beliefs_first,4,2,4,4,713,50,1,49,49,1,50,1,1,B,5,55,Female,DATA_EXPIRED,prereg
aaabfd2adff8669f8b90e124,1,0.8,1.04,sampling_noiseless,choice_first,3,4,4,4,649,50,20,30,30,20,50,0,1,B,6,30,Female,DATA_EXPIRED,prereg
17eb17d2013b8755a42c3cc2,1,1.4,1.05,sampling_noiseless,beliefs_first,3,3,4,4,1645,25,5,70,10,15,75,1,1,A,6,51,Female,No,prereg
c6a858400bd89e6d31b5aede,1,1.3,1.35,sampling_noiseless,choice_first,3,2,4,4,1031,40,1,59,35,1,64,0,1,B,6,39,Female,DATA_EXPIRED,prereg
5da0beafa84610769e6d0014,1,1,1,description_noiseless,beliefs_first,3,2,3,4,633,45,10,45,45,10,45,1,1,B,4,21,Female,No,prereg
2d9114891a45729d1fe81d73,1,1,1,description_noiseless,choice_first,4,2,5,3,650,60,15,25,60,15,25,1,1,B,7,30,Female,No,prereg
733ffefa6a5f3b76cc3fa38c,1,1,1.5,sampling_noiseless,choice_first,4,3,4,3,848,80,10,10,10,40,50,1,1,B,6,35,Female,No,prereg
87d963aa46d9cd6a955a42ab,1,0.7,0.92,sampling_noiseless,choice_first,4,3,4,4,709,90,5,5,65,5,30,1,1,B,6,27,Female,No,prereg
5bc6f1f8784b192400cb45a5,1,1.04,1.08,sampling_noiseless,choice_first,2,1,4,4,986,49,1,50,45,1,54,0,1,A,6,58,Female,No,prereg
799e22e11671f25eb1801fea,0,1,1,description_noiseless,choice_first,2,3,2,1,494,45,10,45,45,10,45,1,1,B,6,27,Female,Yes,prereg
ab837f7ee8fab954f07e9c3f,1,0,2,sampling_noiseless,beliefs_first,5,2,5,4,688,30,40,30,20,60,20,0,1,B,7,32,Female,DATA_EXPIRED,prereg
a72efd006389cfd33c135a12,1,1.5,1.5,description_noiseless,beliefs_first,3,1,5,4,497,20,40,40,20,40,40,1,1,A,4,44,Female,No,prereg
287bccbedf633848132a4c06,1,1.2,1.25,sampling_noiseless,choice_first,3,1,3,3,752,20,40,40,20,40,40,0,1,B,6,49,Female,DATA_EXPIRED,prereg
78fee4b34d771ffcf9576575,1,1,1,description_noiseless,choice_first,2,3,4,2,707,48,4,48,48,4,48,0,1,B,1,37,Female,DATA_EXPIRED,prereg
1954243267c2ce5575fecfeb,1,1,1.04,sampling_noiseless,beliefs_first,2,5,5,3,1046,49,2,49,48,2,50,0,1,B,7,41,Female,No,prereg
5266767a88a45f1bad49864c,1,1.4,1.6,sampling_noiseless,choice_first,3,2,4,4,1116,10,30,60,10,30,60,1,1,A,6,52,Female,No,prereg
7344fbae7361c50b719b54e0,1,1.4,1.8,sampling_noiseless,beliefs_first,3,2,3,4,1221,20,40,40,10,30,60,1,1,B,6,58,Female,DATA_EXPIRED,prereg
e0575174196bc9f58b143c72,0,2,1,description_noiseless,choice_first,4,4,5,5,1704,20,35,45,35,40,25,0,1,B,7,61,Female,No,prereg
ebbce3f8a7a884800cffd070,0,1,1,description_noiseless,beliefs_first,3,2,3,3,719,10,55,35,55,35,10,0,1,B,6,68,Female,No,prereg
e71d0a9dc5b3fbfb4bf17970,1,1.04,1,sampling_noiseless,beliefs_first,4,3,3,4,548,50,1,49,49,1,50,0,1,B,7,28,Male,No,prereg
31868b7b0bd4c7a49ac55e47,0,1.5,1,description_noiseless,choice_first,2,2,3,4,545,33,33,34,50,25,25,1,1,B,5,48,Female,No,prereg
0f6cb6714a0dab3e14a4d9b8,1,1.25,1.25,description_noiseless,beliefs_first,3,2,5,4,576,45,10,45,45,10,45,1,1,A,4,37,Female,No,prereg
5f4fea3554aaa86659445438,1,0.4,1.6,sampling_noiseless,beliefs_first,2,1,4,3,722,60,30,10,10,25,65,1,1,A,7,63,Female,No,prereg
25fdc0e49c2267b8639c911a,0,0.65,0.69,sampling_noiseless,choice_first,3,3,4,3,419,80,10,10,40,40,20,0,1,B,5,30,Female,No,prereg
e6801d43f48572efda4117f9,0,1,1,description_noiseless,choice_first,4,3,4,4,1520,45.45,9.1,45.45,54.6,9,36.4,1,1,B,6,24,Female,Yes,prereg
c12512f010d0fb9360d4e9e6,0,2,0.8,description_noiseless,beliefs_first,1,5,4,2,700,70,10,20,80,15,5,1,1,A,3,28,Female,No,prereg
4fa6e560dc9182f813a712d3,0,2,1,description_noiseless,choice_first,1,3,3,3,383,40,20,40,40,40,20,0,1,B,5,32,Female,DATA_EXPIRED,prereg
7df83c320b8de4413ded8b33,1,1.1,1.26,sampling_noiseless,beliefs_first,3,1,4,5,1174,30,50,20,50,10,40,0,1,A,7,39,Female,No,prereg
48202ab90a4e5e61252e6963,0,1,1,description_noiseless,choice_first,3,3,4,4,938,45,10,45,45,10,45,1,1,B,5,22,Female,No,prereg
9d4dea2d9057139c7caeebd9,1,1.3,1.5,sampling_noiseless,choice_first,2,2,4,3,1301,52,9,39,38,8,54,0,1,A,3,58,Female,No,prereg
b28bcf68392e975a2200d9b5,1,1,1.2,sampling_noiseless,beliefs_first,3,4,5,4,631,45,10,45,50,5,45,1,1,B,7,35,Female,No,prereg
9113c7d3a2d0642a0630e182,1,1,1,description_noiseless,choice_first,4,4,4,2,357,50,1,49,50,1,49,0,1,B,5,34,Female,No,prereg
8d5f181fd4692f0154da5ce9,1,0.6,0.8,sampling_noiseless,choice_first,2,3,4,4,461,45,9,46,36,9,55,1,1,A,3,27,Female,Yes,prereg
1aaa240b0584c3274245aabb,1,1,1.2,sampling_noiseless,beliefs_first,1,3,4,3,879,90,1,9,20,2,78,1,1,A,6,45,Female,DATA_EXPIRED,prereg
f009684f19e0549dc07f8f2f,1,0.8,0.84,sampling_noiseless,choice_first,5,1,3,3,761,65,25,10,65,25,10,0,1,A,6,41,Female,No,prereg
873e11039f40c6e9102e7732,0,1,2,description_noiseless,choice_first,3,4,4,3,886,45,10,45,35,10,55,0,1,A,5,DATA_EXPIRED,Female,No,prereg
4cef3136366f40f4d874a1ce,0,1,1,description_noiseless,beliefs_first,3,1,2,4,776,25,50,25,25,50,25,0,1,A,7,42,Female,No,prereg
8e4db376344136cce3e1923f,1,1,2,sampling_noiseless,beliefs_first,2,2,5,4,1222,10,20,70,10,10,80,0,1,A,5,48,Female,No,prereg
5c988f64541bdf7ffa8129a0,1,1.06,0.94,sampling_noiseless,choice_first,3,2,4,2,830,60,10,30,30,10,60,0,1,B,6,24,Female,DATA_EXPIRED,prereg
4fd7f81dd9ce6d7271157ad3,1,1.16,1.2,sampling_noiseless,beliefs_first,4,2,4,4,2085,33,33,34,33,33,34,0,1,B,7,36,Female,No,prereg
8f5aa3ce1cb60029fb0ee09d,1,0.04,0.04,description_noiseless,beliefs_first,4,3,4,4,839,48,2,50,50,2,48,0,1,A,6,28,Female,No,prereg
cec8fcd358e925d9a6a114d0,1,0.2,1,sampling_noiseless,beliefs_first,3,3,4,3,532,85,5,10,25,10,65,1,1,A,6,27,Female,No,prereg
33630043afa7c6470c63b1a4,0,2,1,description_noiseless,beliefs_first,2,3,5,4,676,45,10,45,40,20,40,0,1,A,6,28,Female,No,prereg
ff59ceb0c93cd45568c385f6,1,1.3,1.5,description_noiseless,choice_first,4,3,4,4,2104,20,40,40,25,15,60,0,1,A,5,23,Female,DATA_EXPIRED,prereg
be5fc1b5a5eba4cffdbcea18,0,1,1,description_noiseless,choice_first,2,2,4,3,1992,49,2,49,49,2,49,0,1,A,5,34,Female,DATA_EXPIRED,prereg
e4d7b67f8d64fac1c309b007,1,1,1.2,sampling_noiseless,choice_first,3,3,5,5,744,25,50,25,10,40,50,1,1,A,4,27,Female,No,prereg
d3c7191d61a4723da4c37fe7,1,2,1,description_noiseless,choice_first,,,,,374,33,33,34,33,33,34,0,1,A,3,59,Female,DATA_EXPIRED,prereg
3c0bcef877f961712412be38,1,1,1,description_noiseless,choice_first,,,,,559,0,0,100,0,0,100,1,1,B,6,41,Female,No,prereg
9c2a276668310d20bbee356f,1,0.5,1.1,sampling_noiseless,beliefs_first,2,4,3,5,392,30,20,50,20,30,50,1,2,B,7,22,Female,No,prereg
a431e26d86f7eabc22587c7b,1,0.1,0.3,description_noiseless,choice_first,2,1,2,4,529,20,40,40,10,40,50,1,2,A,5,36,Male,No,prereg
02e718572c3227791c87f4d0,1,1.1,0.9,sampling_noiseless,choice_first,4,4,2,3,436,20,50,30,25,50,25,0,2,B,7,21,Male,Yes,prereg
53fd30b921af44b44278d9df,1,1,1,sampling_noiseless,beliefs_first,2,1,5,5,548,40,30,30,30,20,50,0,2,A,6,49,Female,DATA_EXPIRED,prereg
417f5ea4a534c090c79dc96a,1,1.4,1.6,sampling_noiseless,choice_first,2,3,5,5,493,5,2,93,2,2,96,1,2,B,6,30,Male,No,prereg
47d6fbd17a055b0f6dcd279b,0,1,1,description_noiseless,choice_first,5,3,5,5,508,0,70,30,0,70,30,1,2,A,7,36,Male,No,prereg
7aa79a4cc1f8e28429922216,0,1,1.125,description_noiseless,beliefs_first,2,2,4,4,530,45,45,10,45,10,45,1,2,A,5,21,Female,Yes,prereg
2f4f77cf3516dd65fe654bbf,1,1,0.9,sampling_noiseless,choice_first,3,3,5,5,526,60,10,30,30,10,60,0,2,A,6,24,Male,Yes,prereg
aa557b3c9888532c2f643d56,0,0.8,1.2,sampling_noiseless,beliefs_first,4,3,4,5,704,65,0,35,60,0,40,1,2,B,7,23,Female,Yes,prereg
bf46d0ff0554a93d77355184,1,1,1.2,sampling_noiseless,choice_first,5,4,5,5,664,30,10,60,20,10,70,1,2,A,6,37,Male,DATA_EXPIRED,prereg
7d86f34d5ad77bd1d988d9be,1,1.45,1.55,sampling_noiseless,beliefs_first,2,2,4,4,573,40,5,55,40,5,55,0,2,A,7,44,Female,DATA_EXPIRED,prereg
beaa55b48e0e927d39c6c413,1,1.2,1,description_noiseless,choice_first,4,3,4,3,670,50,2,48,20,1,79,0,2,A,4,25,Male,No,prereg
dd467f569e1f80ae3adb312a,0,1,1,sampling_noiseless,choice_first,2,5,5,5,752,45,10,45,40,10,50,1,2,A,7,22,Male,No,prereg
2b1aa04b7a7c74919f260088,0,1,1,description_noiseless,choice_first,4,4,2,2,270,45,10,45,45,10,45,0,2,A,7,30,Male,Yes,prereg
68d15344adea8e48c2040682,1,0.6,0.8,sampling_noiseless,choice_first,4,3,4,5,367,50,5,45,40,10,50,0,2,B,7,24,Male,No,prereg
30f1711ac13ac4e5743b0577,1,1,0.9,sampling_noiseless,beliefs_first,4,3,5,5,405,45,5,50,40,5,55,0,2,A,7,31,Male,No,prereg
2cd780300f69c352ad637c33,0,1.15,0.8,description_noiseless,beliefs_first,4,2,5,5,452,45,5,50,35,5,60,1,2,B,7,29,Male,No,prereg
47b02182b9ab40f7952614bc,0,2,2,description_noiseless,choice_first,4,3,3,4,399,0,0,100,0,0,100,1,2,B,5,21,Male,No,prereg
406ad4c71e98205c91a89bf0,1,1,1,description_noiseless,beliefs_first,2,3,5,5,885,45,10,45,45,10,45,1,2,B,5,21,Female,Yes,prereg
d628e8f6be3f6c498742383f,0,1,1,description_noiseless,choice_first,4,4,5,3,638,49,2,49,49,2,49,0,2,A,1,27,Male,No,prereg
4eda5a15e5ecd009b191b0dc,0,0.5,0.5,description_noiseless,beliefs_first,2,2,5,4,386,45,10,45,45,10,45,1,2,B,3,38,Male,No,prereg
7891214883027c095df0653d,1,0.2,1,sampling_noiseless,choice_first,2,3,4,4,960,70,0,30,20,0,80,1,2,A,5,38,Female,No,prereg
6b31aa868d49588b44126937,1,1,1.04,description_noiseless,choice_first,4,3,4,5,648,49,2,49,49,2,49,0,2,A,7,30,Male,No,prereg
9cb6554bd9e85d2db103de9b,0,1.25,1,description_noiseless,beliefs_first,3,1,5,3,529,50,20,30,60,20,20,1,2,A,7,51,Female,No,prereg
1e4a520e5ec587d4c684a224,1,0.8,1.1,sampling_noiseless,beliefs_first,3,5,5,5,473,50,0,50,50,0,50,1,2,A,7,33,Male,No,prereg
86d790e3ce957b96c492cfb1,1,0.75,0.8,description_noiseless,choice_first,3,3,3,2,1004,75,15,10,80,5,15,1,2,A,7,65,Female,No,prereg
00dac5efe6969a4957ac24b0,1,0.25,0.2,description_noiseless,choice_first,2,2,4,5,632,45,10,45,44,12,44,1,2,B,7,27,Male,Yes,prereg
a9594a68454489c6cc5d4101,0,1,1.2,sampling_noiseless,beliefs_first,5,3,3,3,804,20,5,75,20,5,75,1,2,B,7,24,Male,Yes,prereg
7f772b65bca4f217d1d75a2b,0,1,1,description_noiseless,beliefs_first,4,3,4,5,1013,0,100,0,0,100,0,0,2,A,4,74,Male,No,prereg
52a73d79869ceae8c93140e3,0,1,1,description_noiseless,beliefs_first,4,3,4,4,242,45,23,32,45,13,42,1,2,B,5,34,Male,DATA_EXPIRED,prereg
40bfd136fddafca5c8afe754,1,1,2,sampling_noiseless,choice_first,3,2,4,4,581,45,5,50,45,5,50,1,2,B,4,26,Female,No,prereg
ac2ca5a8ee98771e05fcce09,0,0.88,0.68,description_noiseless,choice_first,2,3,3,2,654,34,1.2,64.8,52,1,47,1,2,A,5,28,Male,No,prereg
c7bf58e3cc70fbbe590fb0d7,1,0.9,1,sampling_noiseless,choice_first,4,4,3,3,512,40,10,50,40,10,50,1,2,A,5,38,Male,No,prereg
d7d16f6ce1fe6bacf15895a6,1,0.5,1,sampling_noiseless,choice_first,4,4,5,5,735,60,10,30,50,10,40,0,2,A,7,32,Male,No,prereg
f4d67cad5f3dd188a0f120b7,1,1.1,1.1,sampling_noiseless,beliefs_first,2,1,5,5,843,25,25,50,25,25,50,1,2,A,4,30,Female,No,prereg
be1b358373180d4b4675b755,1,1.1,1.2,sampling_noiseless,choice_first,2,2,1,4,593,60,10,30,50,10,40,0,2,B,7,34,Male,DATA_EXPIRED,prereg
8121351ab14ec9995451997a,1,0.8,1,sampling_noiseless,beliefs_first,2,3,2,2,704,30,10,60,20,15,65,1,2,B,5,43,Male,No,prereg
4b6e548f909dd13af8124e9d,0,1,1,sampling_noiseless,choice_first,2,2,3,2,1173,25,50,25,25,50,25,0,2,A,6,31,Male,No,prereg
de0ca9b36ada262b42d0a9f5,0,2,0.5,description_noiseless,choice_first,4,3,4,4,567,25,35,40,45,45,10,0,2,A,5,60,Female,No,prereg
5a734650bb5ad682378e3d2c,0,1,1.1,description_noiseless,choice_first,2,3,4,4,723,45,10,45,45,10,45,0,2,A,5,32,Female,No,prereg
360eaf80632988f4fe655ba8,1,0.7,0.9,sampling_noiseless,beliefs_first,4,1,5,5,530,30,20,50,25,25,50,0,2,B,6,28,Female,No,prereg
5c5ba186a41579ad56bd8c86,1,0.8,0.72,sampling_noiseless,beliefs_first,4,2,2,2,711,85,0,15,70,0,30,1,2,B,4,28,Male,No,prereg
204a4a8432e4bd1fa47767ea,0,1,1,description_noiseless,choice_first,3,2,5,5,692,45,10,45,45,10,45,1,2,A,1,38,Male,No,prereg
bcdae254127eb2d4da6830cb,1,1,1,description_noiseless,beliefs_first,3,3,5,4,774,49.5,1,49.5,49.5,1,49.5,0,2,B,4,51,Female,No,prereg
c6e8a124869ba778e62ede97,0,1,1,description_noiseless,choice_first,3,2,2,2,470,49,2,49,49,2,49,1,2,A,1,30,Female,No,prereg
575a6a86284e9be75adfa60b,1,1.5,2,description_noiseless,choice_first,2,2,4,4,542,9,1,90,4,1,95,0,2,A,7,24,Male,No,prereg
4da429c79ac821b051c85366,1,1.02,1.04,sampling_noiseless,choice_first,3,4,5,4,1056,47,5,48,48,5,47,0,2,A,6,25,Male,Yes,prereg
7563bc7a37313cf1f6d9f332,0,2,0,description_noiseless,choice_first,4,2,4,5,593,60,30,10,40,50,10,0,2,B,6,30,Female,No,prereg
54cd68e20155f588ee9c38e7,1,1,1,sampling_noiseless,beliefs_first,3,3,4,5,944,30,5,65,25,5,70,1,2,B,5,39,Female,Yes,prereg
e0d5a469b16f600a5d7476b1,1,1,1,description_noiseless,beliefs_first,3,3,4,4,1220,49,2,49,49,2,49,0,2,A,5,50,Male,DATA_EXPIRED,prereg
d3d2f8a55f8ef6eeed91aabf,1,0.6,0.75,sampling_noiseless,choice_first,4,4,3,4,989,40,35,25,35,35,30,1,2,A,6,28,Male,Yes,prereg
19e3014d6d70e1cd9d9e3364,0,1,1,sampling_noiseless,choice_first,2,2,4,4,633,10,5,85,10,5,85,1,2,A,3,44,Male,No,prereg
07049c7a9d831703e9c6dcb6,1,0.96,1,sampling_noiseless,choice_first,3,5,4,3,866,50,2,48,48,2,50,0,2,A,7,54,Male,No,prereg
40117b5fc9e97c2ed700132e,1,0.9,1.1,sampling_noiseless,choice_first,2,2,2,3,860,10,0,90,0,0,100,0,2,A,6,60,Male,No,prereg
3084e969fc497e53f93d1cd6,1,0.6,0.8,sampling_noiseless,beliefs_first,2,4,4,4,873,40,2,58,30,2,68,1,2,B,4,39,Female,Yes,prereg
f5e0f187549ffd653d0e9408,1,1,1,description_noiseless,beliefs_first,2,3,3,3,887,49,2,49,49,2,49,0,2,A,1,28,Male,No,prereg
327dbf14fc3f276de8ce5503,1,0.95,0.75,sampling_noiseless,beliefs_first,2,3,3,4,655,75,5,20,80,0,20,0,2,B,5,37,Female,No,prereg
46a83e0d4154c95f0b829398,1,1.4,1.2,sampling_noiseless,beliefs_first,4,3,4,4,781,60,10,30,50,20,30,1,2,A,6,DATA_EXPIRED,Male,No,prereg
7b3570f7f10f898f13dc7b57,0,1.2,0.8,description_noiseless,choice_first,2,3,3,2,1080,35,5,60,60,5,35,1,2,A,1,69,Female,No,prereg
65fd32f6166e5bcab55bcbc5,0,0.78,0.77,sampling_noiseless,choice_first,4,4,4,4,732,85,0.5,14.5,84.5,0.49,15.01,0,2,A,5,37,Male,No,prereg
ba4b983885850e0ceb2d4a44,0,1,1,description_noiseless,beliefs_first,2,2,4,2,1341,45,10,45,45,10,45,1,2,B,7,61,Female,No,prereg
19804964d6463747354fd078,1,0.8,1,sampling_noiseless,choice_first,4,4,4,4,534,50,2,48,48,2,50,0,2,B,7,34,Male,No,prereg
54dfb750584dec786d1e176e,0,1,0.8,description_noiseless,choice_first,4,3,4,4,686,60,10,30,70,10,20,1,2,B,1,40,Female,DATA_EXPIRED,prereg
e58590ee85b5fb8ebfd1ab37,0,2,0,description_noiseless,beliefs_first,4,2,5,4,1327,10,1,89,90,1,9,1,2,B,6,40,Male,No,prereg
d6ef9ed40ae0488b69df94df,0,1,2,description_noiseless,choice_first,3,1,2,5,580,20,40,40,25,25,50,1,2,B,4,43,Female,No,prereg
dd496c54e8d12ec3bd97298b,0,1.2,1,description_noiseless,beliefs_first,3,2,4,4,685,0,0,100,100,0,0,0,2,A,7,52,Male,No,prereg
e7f3a3d346b6dcdf7c5773f6,1,0.17,0.2,description_noiseless,beliefs_first,3,3,5,4,1222,52,1,47,50,1,49,1,2,B,7,51,Male,Yes,prereg
b40b6572251b2aed827797e3,0,1.6,1.2,description_noiseless,beliefs_first,2,3,4,4,755,25,25,50,30,30,40,0,2,A,6,38,Male,No,prereg
de5ff063a1d9e7e42a551692,0,1.1,1.1,sampling_noiseless,choice_first,5,3,5,5,802,49.5,1,49.5,49.5,1,49.5,1,2,B,5,35,Male,No,prereg
31cca81e61f770d3e10f0351,1,1,1.25,description_noiseless,choice_first,5,2,5,5,1600,45,9,46,46,9,45,1,2,A,7,23,Male,Yes,prereg
c56279e291002ca09a4b4e30,1,1.02,1,description_noiseless,choice_first,3,4,3,4,491,49,2,49,49,2,49,0,2,B,6,38,Female,DATA_EXPIRED,prereg
c1c4793b9baf3bff50c457a2,1,1.25,1.2,description_noiseless,choice_first,3,2,4,3,634,20,30,50,30,50,20,0,2,B,6,33,Male,Yes,prereg
b1baac21b6e4b76d8b6c3f07,1,0.65,0.45,sampling_noiseless,choice_first,3,2,4,4,892,59.5,1,39.5,39.5,1,59.5,1,2,B,5,23,Male,Yes,prereg
7c98478337747c04a485e225,0,1,1.5,description_noiseless,beliefs_first,4,2,5,4,923,40,10,50,50,10,40,0,2,A,6,20,Male,Yes,prereg
8606a7e4601cd0c67521f8ff,1,1.25,0.75,description_noiseless,beliefs_first,4,2,5,5,544,25,10,65,65,10,25,1,2,A,4,56,Female,DATA_EXPIRED,prereg
2640cc974705e31d77594f73,1,0.5,1,sampling_noiseless,beliefs_first,2,2,3,3,699,20,40,40,20,40,40,0,2,B,7,33,Female,No,prereg
21c91e3530e9f2a863a00e58,1,0.8,1.4,sampling_noiseless,beliefs_first,4,2,3,2,553,50,10,40,40,10,50,1,2,B,7,33,Male,No,prereg
2f37862f9f58aaf5d3bfca3f,1,1.2,1.2,sampling_noiseless,choice_first,3,4,5,4,679,40,10,50,30,10,60,1,2,A,5,25,Male,Yes,prereg
01d32575b845719f936f929b,0,1,1,description_noiseless,beliefs_first,3,4,5,4,1504,33,34,33,33,34,33,1,2,A,7,59,Male,No,prereg
d38c8a80e7f949a2de85f7d4,1,2,0,description_noiseless,choice_first,1,1,5,5,567,50,25,25,25,25,50,0,2,A,4,41,Female,No,prereg
5a6af92785df6cf8fdbdd59b,0,1.02,0.85,description_noiseless,beliefs_first,2,2,5,5,1676,49,2,49,51,2,47,0,2,A,7,42,Male,No,prereg
af7a4f35c3e8ef2d5f947aec,1,1,1.2,sampling_noiseless,beliefs_first,3,1,5,2,1418,50,0,50,30,0,70,1,2,A,7,41,Female,No,prereg
4bcbda08c2622ab4b63f5640,1,0.8,0.84,sampling_noiseless,beliefs_first,3,2,3,4,388,60,5,35,60,5,35,0,2,B,5,31,Male,No,prereg
83d1204c8019a3d877c34898,1,1.1,1.3,sampling_noiseless,beliefs_first,3,2,4,3,1045,50,10,40,50,5,45,1,2,A,6,32,Female,Yes,prereg
a793c1bf9eff725f199a215a,1,1.4,1.6,sampling_noiseless,beliefs_first,3,3,5,5,684,45,0,55,45,0,55,0,2,A,7,30,Male,No,prereg
272fd7dd609c3f2a594e6989,0,0.5,1,description_noiseless,beliefs_first,3,3,3,4,810,30,10,60,40,10,50,0,2,A,6,30,Male,DATA_EXPIRED,prereg
ee4d2cd97e64c0db057a1403,1,1,1,description_noiseless,choice_first,2,3,5,5,998,45,10,45,45,10,45,0,2,A,4,30,Female,No,prereg
91450a56a8098ebbcc278ec1,0,2,0.5,description_noiseless,beliefs_first,4,3,5,5,610,5,10,85,90,5,5,1,2,A,6,31,Male,No,prereg
35d4ac9a5b269d9413dfebdf,1,1.2,1.4,sampling_noiseless,choice_first,4,2,4,4,831,10,10,80,10,10,80,1,2,B,6,45,Male,No,prereg
1a7a3d59b080c4a4d1e3dec5,1,0.9,1,sampling_noiseless,choice_first,3,3,5,5,706,70,0,30,80,0,20,0,2,A,7,28,Female,No,prereg
d66ccc4cb67629b6fe73714e,1,0.6,1.4,sampling_noiseless,choice_first,3,2,4,4,681,50,10,40,35,10,55,0,2,B,5,29,Female,No,prereg
5799e245e04fa72f5778f205,1,0.7,1.4,sampling_noiseless,choice_first,5,4,5,4,776,55,0,45,10,3,87,0,2,A,7,22,Male,Yes,prereg
634b2c3e7b5915d4e76fb5f2,1,0.9,0.8,sampling_noiseless,beliefs_first,3,2,4,3,1188,50,5,45,45,10,45,0,2,B,5,43,Male,No,prereg
46d17f825b121939c9103faf,0,2,1,sampling_noiseless,beliefs_first,3,4,3,4,1916,30,35,35,35,30,35,0,2,A,5,53,Male,No,prereg
efa0915c4eebc80ea47fa924,0,1,1,description_noiseless,choice_first,3,2,3,3,539,45,10,45,55,10,35,0,2,B,4,45,Male,DATA_EXPIRED,prereg
e6cd92629396e191576b4efa,1,0.8,1,sampling_noiseless,beliefs_first,3,1,5,4,651,37,20,43,37,10,53,1,2,B,7,23,Male,No,prereg
42347e1eebe5fe6fddfb1498,0,1.5,1,sampling_noiseless,choice_first,3,1,4,3,540,5,50,45,50,20,30,0,2,A,6,38,Male,No,prereg
5af6c948a51d9f9b6ff31eef,1,1,1,sampling_noiseless,beliefs_first,3,2,5,5,695,98,0,2,100,0,0,0,2,A,1,23,Female,No,prereg
3f4b415d92eaac6f70fcd4b6,0,1,0.95,sampling_noiseless,choice_first,4,2,4,4,553,40,5,55,50,0,50,1,2,A,3,33,Male,DATA_EXPIRED,prereg
79b06a6eb4be89e134b18e62,1,1,1,description_noiseless,choice_first,3,1,2,2,662,45,10,45,45,10,45,1,2,A,5,30,Female,No,prereg
cf8088eb5bad87bd64f9f80f,1,1,1,sampling_noiseless,beliefs_first,4,3,4,4,2012,50,25,25,35,55,10,0,2,A,5,33,Male,No,prereg
f88fcf2a8caafb01bdce7e23,0,1,0.8,description_noiseless,beliefs_first,3,1,1,2,1590,46,8,46,42,16,42,0,2,B,5,52,Female,No,prereg
3d52f30c5444e2d873b3a47d,1,0.75,1.25,sampling_noiseless,choice_first,4,2,4,4,637,60,5,35,65,5,30,0,2,B,7,41,Male,No,prereg
7aba6d972068305ee38db8bc,1,1,0.2,sampling_noiseless,choice_first,5,5,5,5,530,70,30,0,5,5,90,1,2,A,7,43,Male,No,prereg
a0a6606a5d475f4d0ddb1c3c,0,1.55,1.5,sampling_noiseless,beliefs_first,3,1,4,5,823,50,3,47,45,3,52,0,2,B,5,46,Female,No,prereg
308da1ed8fae7314cb0f0fe1,1,0.5,1.5,sampling_noiseless,choice_first,4,3,4,4,1566,80,10,10,10,10,80,0,2,B,7,50,Male,Yes,prereg
1b0bda4d2767fc7d83274905,1,0.75,0.9,sampling_noiseless,choice_first,4,3,5,5,841,45,2,53,45,0,55,0,2,B,7,36,Male,No,prereg
8600a82e8e4b00da994415fd,0,1.2,0.8,description_noiseless,beliefs_first,3,4,2,2,440,5,60,35,80,10,10,1,2,B,6,36,Female,No,prereg
e32f319c2a4a45673b0d71d1,0,2,0,description_noiseless,choice_first,5,4,4,4,370,0,0,100,100,0,0,1,2,A,6,24,Male,DATA_EXPIRED,prereg
43d855930d64e658e938e3da,1,1.8,2,sampling_noiseless,beliefs_first,3,4,3,3,739,0,0,100,0,0,100,1,2,A,7,42,Female,No,prereg
60a9a7cfc80308a85c236ceb,1,0.4,1,sampling_noiseless,beliefs_first,4,3,5,5,1369,60,10,30,40,10,50,0,2,B,7,33,Female,DATA_EXPIRED,prereg
79d46bfb9ddd9314f022a2d0,1,1,1,description_noiseless,choice_first,2,1,4,4,618,49.5,1,49.5,49.5,1,49.5,0,2,A,1,33,Female,No,prereg
9a91978ae6a4bbe06de8bb3b,1,0.8,0.6,sampling_noiseless,choice_first,2,3,4,3,609,80,5,15,25,5,70,0,2,B,7,19,Male,DATA_EXPIRED,prereg
49505e3df1b6e35981068068,1,1,1.2,sampling_noiseless,beliefs_first,4,4,5,5,440,40,20,40,42,13,45,1,2,B,5,23,Male,Yes,prereg
7f9ad6ae3860a564de6669c3,1,0.97,1,description_noiseless,beliefs_first,5,3,5,2,1294,97,3,0,0,3,97,0,2,A,7,41,Female,No,prereg
6de10b95e11e83fdd05b7040,0,1,0.98,description_noiseless,beliefs_first,4,4,4,5,1038,48,5,47,52,5,43,0,2,B,5,20,Male,No,prereg
cf63ce04519a2f6b0cde9761,1,1,1,description_noiseless,beliefs_first,3,4,4,3,785,45.5,9,45.5,45.5,9,45.5,1,2,A,7,27,Male,No,prereg
89a4c3deb9d3f8cc7a666f91,1,0.8,1.2,sampling_noiseless,beliefs_first,4,3,4,4,591,38,2,60,38,2,60,0,2,B,5,24,Male,No,prereg
036c563c9df9263b66945a47,0,1.75,1,sampling_noiseless,beliefs_first,4,3,4,4,2057,30,60,10,15,25,60,0,2,B,5,56,Male,No,prereg
d4a4779dc4c14f4fae8ef416,1,1,1,sampling_noiseless,beliefs_first,3,2,4,2,1170,50,9,41,41,9,50,1,2,A,6,33,Male,No,prereg
6bd6092f104fe35758b75774,0,1,1,description_noiseless,beliefs_first,4,1,4,3,743,45,10,45,45,10,45,1,2,B,4,32,Female,Yes,prereg
345a0a359db96960f43f91d1,1,1,1,description_noiseless,beliefs_first,3,2,2,2,1980,48,4,48,48,4,48,0,2,A,6,58,Male,No,prereg
676aad587dd0afc943cd14a9,0,1.1,1,sampling_noiseless,choice_first,4,3,4,4,1140,50,2,48,50,2,48,0,2,A,7,32,Male,No,prereg
298fd661592e4bde31e39a96,1,0.93,0.9,sampling_noiseless,beliefs_first,4,3,4,3,749,50,2,48,48,2,50,0,2,A,7,34,Male,No,prereg
d748c920d54faf8efd7b363c,0,1,0.8,sampling_noiseless,beliefs_first,4,2,5,4,916,80,1,19,80,1,19,1,2,B,5,53,Male,No,prereg
e62b58d0ecec9742406dd52f,1,1,1.2,description_noiseless,beliefs_first,5,1,5,5,2230,0,100,0,0,0,100,1,2,A,7,34,Male,No,prereg
6a9418d12336b47f1997f8d0,0,1,1,description_noiseless,choice_first,5,4,2,2,1204,45.45,9.1,45.45,45.45,9.1,45.45,1,2,A,4,27,Male,No,prereg
d9779c00eafe59f862516f67,0,1,1.24,description_noiseless,beliefs_first,3,1,4,4,759,55,5,40,48,4,48,1,2,A,6,52,Male,No,prereg
d72d4880b6b40b5c6eaba80e,1,1,1,description_noiseless,choice_first,4,3,4,4,616,48,4,48,48,4,48,0,2,A,4,32,Male,No,prereg
17402f438fee8e1938c940b8,1,1,1.04,sampling_noiseless,choice_first,3,2,5,3,765,45,5,50,40,10,50,0,2,B,7,23,Female,DATA_EXPIRED,prereg
82497caf10e29de4fbe94f7a,0,1.4,1,description_noiseless,beliefs_first,4,2,5,3,938,45,5,50,50,5,45,0,2,A,7,56,Male,No,prereg
ad8d55fba34d84426299a3c5,0,0.04,0.04,description_noiseless,choice_first,2,2,4,3,1062,45,10,45,45,10,45,0,2,B,1,33,Female,No,prereg
5ff66a0914f1849837b12c90,1,1.1,1,description_noiseless,beliefs_first,3,2,3,3,629,25,50,25,30,40,30,1,2,B,6,39,Male,No,prereg
b9e731dbea09dc00beb84c4f,1,1,1,sampling_noiseless,beliefs_first,2,1,4,4,618,40,10,50,10,20,70,0,2,B,5,37,Female,DATA_EXPIRED,prereg
5136a806f076a3fc6f435a55,1,1,1.2,sampling_noiseless,beliefs_first,4,3,4,4,1437,40,5,55,40,5,55,1,2,A,6,28,Female,No,prereg
aff0487e9f56c2c40f642ba4,1,1.2,1.24,sampling_noiseless,beliefs_first,3,4,4,5,656,50,0,50,50,0,50,0,2,B,7,36,Female,No,prereg
9cb787ce960d6bac36743962,1,0.8,1,sampling_noiseless,choice_first,2,2,4,4,672,45,5,50,45,5,50,0,2,B,6,33,Male,No,prereg
cac7e7be54af880da85983c3,0,1,0.82,description_noiseless,beliefs_first,4,3,5,5,839,45.5,9,45.5,54.5,9,36.5,1,2,A,7,26,Male,No,prereg
472e296b56b54f51f28fa451,1,0.4,0.5,sampling_noiseless,choice_first,4,4,4,2,748,60,20,20,50,25,25,1,2,A,4,28,Male,No,prereg
ccf8c9b2c6ea763314413af4,0,1.3,1.2,sampling_noiseless,beliefs_first,4,2,5,3,1212,40,5,55,35,5,60,1,2,B,4,27,Female,DATA_EXPIRED,prereg
6d1f88e25004ef3a6dfb0442,0,1,1,description_noiseless,beliefs_first,4,3,2,4,631,49,2,49,49,2,49,0,2,A,4,35,Female,No,prereg
f571dbf38af1d1f6c4b7c66f,1,1.8,1.7,description_noiseless,choice_first,2,2,4,4,1443,30,30,40,40,30,30,1,2,B,6,69,Male,No,prereg
54dcf6ed181883125a852f0f,0,1,1,description_noiseless,choice_first,2,1,5,5,1248,40,20,40,35,20,45,0,2,A,4,61,Female,No,prereg
7e3b2df950a48d982393ec69,1,0.25,0.25,description_noiseless,choice_first,5,2,4,5,1479,40,1,59,41,1,58,1,2,B,5,51,Male,No,prereg
abf414f8ad81ebca66d77f1e,0,2,0,description_noiseless,choice_first,5,1,3,4,1767,0,0,100,0,80,20,0,2,B,5,34,Female,No,prereg
ccfc6990db33ce52eecfb022,0,1,1,description_noiseless,choice_first,4,3,4,3,886,40,30,30,50,20,30,1,2,A,6,36,Male,No,prereg
319ff2ca0648b0c1a8f3dd2b,1,1.3,1.34,sampling_noiseless,choice_first,5,4,4,5,363,40,10,50,25,10,65,0,2,A,7,38,Male,No,prereg
af0fb9936d816c1b566db2b2,0,1,1,description_noiseless,beliefs_first,3,5,4,5,532,45,10,45,45,10,45,1,2,B,3,39,Female,Yes,prereg
11780692bb4e86a270539325,0,2,2,description_noiseless,choice_first,4,4,4,3,556,0,100,0,0,30,70,0,2,B,6,36,Male,Yes,prereg
dce0c2dbb7bfb031764dce2d,1,1,1,description_noiseless,beliefs_first,4,3,3,2,418,46,46,8,46,46,8,0,2,A,6,36,Male,DATA_EXPIRED,prereg
0933c765a55909386a4522ba,0,2,1,description_noiseless,beliefs_first,5,4,4,4,1530,50,25,25,30,35,35,1,2,A,7,21,Male,No,prereg
758d33fadf8aa4f4e2dcfb1e,1,0.75,1,description_noiseless,choice_first,4,4,5,5,606,33,20,47,45,10,45,0,2,B,7,27,Male,No,prereg
ef77d871fc9d8db3d269aeac,1,1,2,description_noiseless,choice_first,4,2,5,4,744,60,5,35,65,5,30,1,2,B,4,35,Male,DATA_EXPIRED,prereg
b6db1668d86c040150943cd5,1,0.5,0.8,sampling_noiseless,choice_first,3,2,4,4,650,80,0,20,70,0,30,1,2,A,5,37,Female,No,prereg
520d12815152e2d4ed129f3c,1,0.7,0.9,sampling_noiseless,choice_first,2,2,4,4,1247,50,5,45,45,5,50,1,2,B,6,31,Male,DATA_EXPIRED,prereg
be4fa0542b2c7754a166b8a0,1,1.4,1.2,sampling_noiseless,beliefs_first,4,3,3,2,678,30,10,60,30,10,60,1,2,A,7,30,Male,No,prereg
a6a1652403d4ef87e5a94625,1,1,1.2,description_noiseless,choice_first,5,3,5,5,486,25,25,50,40,10,50,0,2,A,7,28,Male,No,prereg
52c049e13ae25030c3269e33,1,0.8,1.1,sampling_noiseless,choice_first,3,3,2,4,729,40,0,60,35,5,60,0,2,B,6,39,Male,No,prereg
17e52cdb9833bda5f23b4ce5,0,2,1,description_noiseless,choice_first,4,2,3,3,892,50,20,30,20,30,50,0,2,B,7,25,Female,No,prereg
c6264475d2dd8964db157302,1,1.4,1,sampling_noiseless,choice_first,4,3,5,5,405,20,10,70,10,10,80,0,2,A,7,34,Male,No,prereg
f00dbce25c14fe24db90fce0,1,1.4,1.8,sampling_noiseless,choice_first,4,2,2,2,582,25,10,65,20,25,55,0,2,B,7,30,Female,No,prereg
9c77930b682424a7513af687,1,0.5,1.5,sampling_noiseless,choice_first,4,4,4,3,1929,30,40,30,35,35,30,0,2,A,7,49,Male,Yes,prereg
26b404f4d1c227ec04184ca7,0,0.8,0.84,sampling_noiseless,beliefs_first,5,2,4,3,1731,60,2,38,58,2,40,0,2,A,7,30,Male,No,prereg
68b415eb23ec3fd5a1508905,0,2,1,description_noiseless,choice_first,4,3,5,4,2049,25,35,40,30,35,35,0,2,B,6,38,Male,DATA_EXPIRED,prereg
2adf9aeac53ce0ab1527d0b3,1,1,1,sampling_noiseless,beliefs_first,1,3,5,3,1397,53,1,46,46,1,53,1,2,B,7,46,Male,No,prereg
64ba0a6c7d2b1072045f779d,1,1,1,sampling_noiseless,choice_first,4,4,3,3,453,40,10,50,45,10,45,1,2,A,7,25,Male,No,prereg
498662dfb2b341b920b6c3ba,1,0.5,1.5,sampling_noiseless,choice_first,3,2,5,5,488,80,15,5,10,60,30,1,2,B,7,39,Male,DATA_EXPIRED,prereg
a2b5f9b5db61ca0dfa800a81,1,1,0.9,description_noiseless,beliefs_first,4,3,4,3,447,25,50,25,30,45,25,1,2,B,3,23,Male,No,prereg
19c4afe5d0eaf15a89f45c8f,0,0.9,1.1,sampling_noiseless,choice_first,3,1,4,4,533,25,5,70,25,5,70,1,2,A,5,34,Female,No,prereg
afc1b29afc9d49d5ba86ef4d,0,1,1,description_noiseless,beliefs_first,4,3,5,2,1138,33,34,33,33,34,33,0,2,B,5,31,Male,No,prereg
70a9ca110d64786c93a932d6,0,1,1.05,description_noiseless,beliefs_first,4,3,4,3,1103,49,2,49,48,3,49,1,2,A,4,51,Female,No,prereg
6532ae6f6537f2e7c35dabc3,1,1,1.2,description_noiseless,choice_first,4,1,3,3,405,49,2,49,49,2,49,1,2,A,5,36,Male,DATA_EXPIRED,prereg
23cb760fc126e81362555f63,0,1,1,description_noiseless,choice_first,3,3,4,4,628,49,2,49,49,2,49,0,2,B,6,41,Male,No,prereg
4f1a1fcd5a85493d514a40f8,1,1,1.1,description_noiseless,beliefs_first,2,4,4,3,500,45,10,45,45,10,45,0,2,B,7,37,Male,DATA_EXPIRED,prereg
79fdbdb0863a63ade23cdad4,1,0.5,0.8,sampling_noiseless,beliefs_first,4,4,4,4,631,75,10,15,20,15,65,1,2,B,7,19,Male,Yes,prereg
773ba795ec274a5e063583e8,1,1,1,sampling_noiseless,choice_first,4,1,3,3,1794,40,10,50,40,10,50,1,2,B,7,64,Female,DATA_EXPIRED,prereg
dcac648e3863024ca00fd698,1,0.8,1,sampling_noiseless,beliefs_first,4,5,4,4,666,60,0,40,42,2,56,1,2,B,5,55,Male,No,prereg
37bdfe405a4a7e3dc1486464,1,1,2,description_noiseless,choice_first,3,2,5,4,688,10,40,50,10,20,70,1,2,B,6,29,Female,DATA_EXPIRED,prereg
aadf399e8985c78926bb7e70,1,0.87,0.65,sampling_noiseless,beliefs_first,4,2,5,5,997,82,1,17,78,1,21,1,2,B,7,18,Male,Yes,prereg
44fcf4efff0061ac5546a8bf,0,2,2,description_noiseless,beliefs_first,5,2,5,5,455,10,10,80,85,10,5,1,2,A,7,48,Female,No,prereg
4b5bb459863ed4f8a463d188,1,0.5,1,sampling_noiseless,beliefs_first,3,2,3,3,585,90,0,10,60,5,35,0,2,A,7,32,Male,No,prereg
1342929d97e5c5f6f8d41cf2,1,1,1,description_noiseless,choice_first,2,3,3,5,676,45,10,45,45,10,45,1,2,A,7,34,Female,DATA_EXPIRED,prereg
ae68b5286c7e832541d26406,1,1.2,1.4,sampling_noiseless,beliefs_first,3,4,5,5,659,50,5,45,45,5,50,1,2,A,6,19,Male,Yes,prereg
4a9699084ed37eea5c1ab3dc,0,1,1,description_noiseless,choice_first,4,4,5,4,1341,49,2,49,49,2,49,1,2,A,4,26,Male,Yes,prereg
95ecf9f8d0eea9a93c4cbb01,1,1,1.04,sampling_noiseless,choice_first,4,3,4,4,478,48,4,48,44,4,52,0,2,B,6,22,Male,Yes,prereg
152b209127749272bdc264fb,1,1,1,sampling_noiseless,choice_first,3,4,5,5,440,45,9,46,45,9,46,1,2,B,2,33,Male,DATA_EXPIRED,prereg
1d1cf6ca980f94c02f8825d4,0,1,1,description_noiseless,beliefs_first,4,4,4,4,2550,49,2,49,49,2,49,0,2,A,6,50,Male,No,prereg
78c01836a42c2a0b66dcf850,1,1.4,1.6,sampling_noiseless,beliefs_first,2,1,3,3,1120,15,10,75,10,5,85,1,2,B,5,60,Male,DATA_EXPIRED,prereg
8659c416b2c84127341b7bed,1,1.05,1.1,sampling_noiseless,choice_first,3,4,4,3,857,40,10,50,35,10,55,0,2,A,7,41,Male,No,prereg
23e32e9e6df608e23c10b0e4,1,123,1.3,sampling_noiseless,beliefs_first,3,4,4,3,1284,28,0,72,22,0,78,0,2,A,6,63,Female,No,prereg
faaf42e6b7f89f9c2eb6e7e0,0,1,1,description_noiseless,beliefs_first,2,1,5,4,2227,0,100,0,100,0,0,1,2,A,4,69,Female,No,prereg
a40c93ae68ce560859fcca06,0,1,1,description_noiseless,beliefs_first,3,2,4,4,915,5,70,25,10,60,30,1,2,A,4,38,Female,DATA_EXPIRED,prereg
dad5929900d520cd0710b16d,1,1,0.9,description_noiseless,beliefs_first,4,1,5,5,789,45,10,45,55,10,35,1,2,A,4,55,Female,DATA_EXPIRED,prereg
95ef2e3876bcf11db782823d,1,1,1.2,sampling_noiseless,choice_first,4,3,5,4,749,30,10,60,25,0,75,1,2,B,5,53,Male,No,prereg
43f9355814b73087e3f65445,1,1,1.04,sampling_noiseless,beliefs_first,2,3,3,2,725,20,0,80,15,0,85,0,2,B,7,40,Male,No,prereg
af1748f21a79a63f323654e5,0,1,1,description_noiseless,choice_first,3,3,2,2,611,45,9,46,45,9,46,1,2,A,4,33,Male,DATA_EXPIRED,prereg
bc7c41143e0c77583ad78794,0,2,1,description_noiseless,choice_first,4,3,2,3,1009,15,35,50,10,60,30,0,2,A,6,54,Female,No,prereg
1cae2a39d8901f99e32d4d28,1,0.5,1,description_noiseless,choice_first,4,2,4,4,1016,47,6,47,48,5,47,0,2,A,6,41,Male,No,prereg
4fa0ac6f64aff8748a03e495,1,1.3,1.98,description_noiseless,choice_first,2,1,2,1,925,50,20,30,20,60,20,0,2,A,5,51,Female,No,prereg
61441ae4f20c4843d9e00247,0,1,1,sampling_noiseless,choice_first,5,2,4,4,747,50,0,50,50,0,50,0,2,B,5,38,Male,No,prereg
c22113e61f6126ed824b8550,0,1.3,1.26,sampling_noiseless,choice_first,4,3,4,2,947,20,2,78,25,10,65,0,2,A,2,39,Male,No,prereg
6f609c6ac1f260c78e18ee17,1,2,1.8,description_noiseless,beliefs_first,2,2,4,5,957,50,15,35,40,10,50,1,2,A,5,56,Female,DATA_EXPIRED,prereg
caf42801a963d09ad2ea8948,1,1.2,0.3,sampling_noiseless,choice_first,3,3,4,3,1274,20,20,60,40,30,30,1,2,B,6,35,Male,DATA_EXPIRED,prereg
dfdf1dbf19d52e2ba06343d3,0,1,1,description_noiseless,beliefs_first,3,2,4,2,1504,40,5,55,40,5,55,0,2,A,6,53,Female,No,prereg
daccaee2290e308de5a78760,0,1,1,description_noiseless,choice_first,4,1,4,3,564,49,2,49,52,2,46,1,2,B,7,29,Male,No,prereg
5eef99eb2fdf9b0c447b272e,1,1,1.2,sampling_noiseless,choice_first,4,3,4,5,974,40,5,55,30,5,65,0,2,A,6,49,Male,No,prereg
2cfbf45b26dc8f5c05a5af5b,1,1,1.25,description_noiseless,choice_first,4,3,3,4,981,30,50,20,25,50,25,0,2,A,5,52,Female,No,prereg
a47a325e95638d016c679c4e,0,0.93,0.97,sampling_noiseless,beliefs_first,3,4,4,4,452,52,1,47,49,1,50,0,2,A,5,22,Male,No,prereg
de9b7343a7579db4494a7420,0,1,0.96,description_noiseless,beliefs_first,2,1,5,3,1403,50,1,49,51,1,48,0,2,B,4,34,Female,No,prereg
0354588bb3c11323a1d6f91a,0,1,1,description_noiseless,beliefs_first,3,2,4,2,755,47,2,51,51,2,47,1,2,B,4,36,Male,No,prereg
0d05ec1eacfaab87031f8777,1,1.1,1.4,sampling_noiseless,choice_first,2,3,4,4,677,50,20,30,30,20,50,1,2,B,5,43,Male,DATA_EXPIRED,prereg
2e559d0c01e357e0fff68c41,1,1,1,description_noiseless,choice_first,4,3,3,4,997,45.5,9,45.5,45.5,9,45.5,0,2,B,4,38,Female,No,prereg
0ff12f90094e66ba246e754a,0,1,1,sampling_noiseless,beliefs_first,3,3,3,3,1316,40,30,30,40,30,30,0,2,A,4,23,Male,Yes,prereg
119a0d4522309ede7c9464c2,1,1.4,0.8,sampling_noiseless,choice_first,3,4,4,4,547,65,15,20,25,25,50,1,2,A,6,32,Female,No,prereg
8b44d109d7f8215427480cde,0,2,0,description_noiseless,beliefs_first,2,3,4,3,1519,54,2,44,50,2,48,1,2,B,7,38,Female,DATA_EXPIRED,prereg
f508c9e511b62c2600107935,0,0.8,1,description_noiseless,beliefs_first,5,3,3,4,875,49,2,49,50.1,2,47.9,0,2,A,7,27,Male,No,prereg
b01294862d7636f8a91489f0,1,1.5,1,sampling_noiseless,beliefs_first,4,3,4,4,597,50,0,50,20,0,80,1,2,B,7,46,Female,No,prereg
c45bfb5572d80a62514c6604,0,1,2,description_noiseless,beliefs_first,4,2,4,4,2909,20,30,50,25,50,25,0,2,A,5,62,Female,DATA_EXPIRED,prereg
27d0a6dee1d0a9cde374804b,1,0.88,0.92,sampling_noiseless,beliefs_first,3,2,4,4,864,70,10,20,70,10,20,0,2,A,6,33,Female,No,prereg
98f3b7b42aab77d6cd4adb6a,0,0.8,0.8,sampling_noiseless,beliefs_first,3,2,4,5,1054,56,4,40,56,4,40,1,2,A,4,32,Male,No,prereg
907e8d1d0b67c3f2c071919a,1,0.9,1,sampling_noiseless,beliefs_first,2,4,5,2,754,55,1,44,45,1,54,0,2,A,4,35,Male,Yes,prereg
50f1f3218b639fd30e00bb6a,1,1,1.2,sampling_noiseless,choice_first,2,3,4,4,565,60,10,30,50,0,50,1,2,A,6,23,Female,No,prereg
33317cf1634272b2c7bfcb02,0,1,0.99,description_noiseless,choice_first,5,3,4,2,1085,30,30,40,40,20,40,0,2,A,5,33,Male,No,prereg
67ff8463260741f340688099,0,1,1.5,sampling_noiseless,choice_first,2,3,5,3,1144,40,20,40,40,20,40,1,2,B,1,48,Female,Yes,prereg
4969a219a8f39286390dba35,0,1,1,description_noiseless,choice_first,3,1,4,4,932,45,10,45,45,10,45,0,2,B,2,42,Male,No,prereg
6da578097a0becbced102a12,1,1,1,sampling_noiseless,beliefs_first,4,3,5,2,688,49.75,0.5,49.75,49.75,0.5,49.75,0,2,B,4,36,Male,No,prereg
1163696e5b84a3343927fedb,0,1,1,description_noiseless,beliefs_first,1,2,4,5,970,49,1,50,45,10,45,1,2,B,4,29,Female,DATA_EXPIRED,prereg
0c451dbe1deef0b2c56e4146,0,1,1,sampling_noiseless,choice_first,4,3,4,4,975,50,10,40,40,10,50,1,2,B,6,61,Male,No,prereg
d6e7da36e8059e0bb0164f11,1,1,1,description_noiseless,beliefs_first,4,3,4,4,1310,49,2,49,49,2,49,0,2,B,5,26,Male,DATA_EXPIRED,prereg
837f8f0e34798defe4b89bde,1,1,1,description_noiseless,beliefs_first,3,1,4,4,1881,25,50,25,25,50,25,1,2,B,4,48,Male,Yes,prereg
abf5903a4f44208c0259d9c2,1,2,1,sampling_noiseless,beliefs_first,5,5,5,5,642,30,40,30,20,40,40,0,2,B,7,22,Male,No,prereg
9f51baaf24e1f3a2f7b0aa77,1,1,1.1,sampling_noiseless,choice_first,3,3,4,2,714,30,10,60,25,10,65,1,2,A,4,39,Male,No,prereg
8543a62d36ddc3d02750c9de,0,1,0.75,description_noiseless,choice_first,4,2,5,4,1365,33,34,33,40,30,30,0,2,A,6,37,Female,DATA_EXPIRED,prereg
1bd42b3310028dacea63941d,1,0.85,0.95,sampling_noiseless,beliefs_first,2,4,4,4,565,40,1,59,30,1,69,0,2,A,7,48,Male,No,prereg
b60926794908cea750cdd574,0,1,0.85,description_noiseless,beliefs_first,4,3,5,3,1787,45.5,9,45.5,45.5,9,45.5,1,2,A,6,33,Male,No,prereg
c129a94accc26d2793d9fb7b,1,0.75,1,description_noiseless,choice_first,5,4,5,5,392,50,5,45,50,5,45,1,2,A,5,26,Male,No,prereg
13899b05289a6d982a42d75e,1,1.1,1.3,sampling_noiseless,beliefs_first,4,3,4,5,954,45,4,51,36,4,60,1,2,A,7,34,Female,No,prereg
4f2fd2d6df30e8ca39b261ab,1,0.8,1,sampling_noiseless,choice_first,3,3,3,4,641,40,1,59,40,1,59,1,2,A,6,18,Male,DATA_EXPIRED,prereg
fee5a8ddbb14450719b8d356,0,1,1,description_noiseless,choice_first,4,3,4,4,812,49,2,49,49,2,49,0,2,A,6,28,Male,No,prereg
2cf8f39b39020aef35aefdb6,1,1.25,1.25,sampling_noiseless,beliefs_first,2,2,4,4,918,40,20,40,40,10,50,0,2,A,6,49,Female,No,prereg
307b8287f4cb57dc6d716b68,1,0.7,1,sampling_noiseless,choice_first,2,3,5,5,1285,80,0,20,65,0,35,1,2,A,5,19,Male,Yes,prereg
9761f118ce9766a03dc26834,1,1,1,description_noiseless,beliefs_first,2,3,4,2,1569,49.02,1.96,49.02,49.02,1.96,49.02,0,2,B,7,56,Male,No,prereg
d1416d947f33c641491d4f76,1,1,1,description_noiseless,beliefs_first,2,2,3,3,878,45.5,9,45.5,45.5,9,45.5,0,2,B,1,37,Male,No,prereg
26ddd5b4d3393d54e1219139,0,0.75,1,description_noiseless,choice_first,4,2,4,4,1630,40,10,50,40,10,50,1,2,A,7,64,Male,No,prereg
4f8cf2c6592cf99f638494ff,1,0.9,1.1,sampling_noiseless,beliefs_first,4,4,5,5,543,25,2,73,30,1,69,0,2,A,7,31,Male,No,prereg
f90a649c0fa4f5d8a0a77e04,0,1,1,description_noiseless,choice_first,3,2,4,4,386,33,34,33,33,34,33,1,2,A,4,33,Male,No,prereg
a840d5f7006a5b00ddb03093,0,1,1.25,description_noiseless,beliefs_first,1,4,1,2,498,45,9,46,36,9,55,1,2,A,4,35,Male,No,prereg
62192e6ec87dd91cb626db61,1,1.4,1.6,sampling_noiseless,choice_first,3,2,4,4,474,50,40,10,10,40,50,1,2,B,6,36,Female,No,prereg
69883f38905ad24655c4fb16,0,1,1,sampling_noiseless,choice_first,3,3,4,4,541,25,50,25,25,50,25,1,2,A,7,31,Female,No,prereg
7803d761c8809f142a52b87b,1,0.8,0.76,sampling_noiseless,beliefs_first,4,3,5,5,469,70,10,20,72,5,23,1,2,A,6,26,Male,No,prereg
342b24a5caa3dd37e1a4a1ef,0,1,1.1,sampling_noiseless,choice_first,5,5,5,5,441,40,10,50,45,10,45,1,2,A,5,19,Male,DATA_EXPIRED,prereg
593224192e20c427599ba6f8,1,0.8,1.2,sampling_noiseless,choice_first,3,3,4,3,574,80,0,20,20,0,80,1,2,B,7,40,Male,DATA_EXPIRED,prereg
1ff1d7a704c8d975898c2698,0,1,0.5,description_noiseless,choice_first,4,1,4,5,580,50,20,30,60,30,10,1,2,A,6,35,Female,No,prereg
4d141138dd0ccadb7213ec98,1,1,1,description_noiseless,beliefs_first,4,2,4,4,633,49,2,49,49,2,49,1,2,B,5,46,Male,No,prereg
2aae45d18cddf1f74e961ac3,1,1.4,1.2,sampling_noiseless,beliefs_first,3,2,3,3,501,50,0,50,46,0,54,1,2,A,7,27,Male,No,prereg
5826192f8e4db2c6d022929d,1,1.8,1.9,sampling_noiseless,choice_first,4,2,5,4,683,30,2,68,21,1,78,1,2,A,7,36,Male,No,prereg
429dd7f41170c44b5be9de95,0,1,1,description_noiseless,beliefs_first,4,2,2,4,725,40,10,50,50,10,40,1,2,A,5,27,Female,Yes,prereg
e81eb237aad6de338bbe2b23,1,1,1,sampling_noiseless,beliefs_first,4,2,3,2,766,5,0,95,20,5,75,1,2,A,3,35,Female,DATA_EXPIRED,prereg
cc366d007afea4036162c8b4,1,1.5,1.8,sampling_noiseless,beliefs_first,3,2,5,3,723,20,10,70,20,10,70,0,2,B,6,28,Female,No,prereg
ac1b5c46048dacc568033348,0,1,1,sampling_noiseless,choice_first,3,3,5,5,750,49.5,1,49.5,49.5,1,49.5,1,2,A,4,30,Male,No,prereg
94bf18be94127f92237a67e1,1,1,2,sampling_noiseless,choice_first,3,2,4,2,854,60,30,10,30,30,40,0,2,B,6,39,Male,No,prereg
d7112c0e5085ebe50dc01837,1,1,1,description_noiseless,beliefs_first,4,3,4,4,700,40,10,50,40,10,50,0,2,A,6,45,Male,No,prereg
2442f4ece1052735d44f4424,0,2,0,description_noiseless,beliefs_first,3,1,5,4,768,33.3,33.3,33.4,33.3,33.4,33.3,1,2,B,4,65,Male,No,prereg
47ad12233d2c19b3c67d78e5,0,1,1,description_noiseless,beliefs_first,4,3,2,2,882,50,10,40,50,10,40,1,2,A,4,28,Male,No,prereg
23255af3daef02d8f2dd9076,1,0.81,0.9,description_noiseless,choice_first,2,1,5,4,894,50,0,50,50,0,50,1,2,A,6,34,Female,DATA_EXPIRED,prereg
efa0255b4c69e99e2e720adf,0,0.58,0.6,sampling_noiseless,choice_first,3,3,4,5,822,50,0,50,60,5,35,0,2,A,7,33,Male,No,prereg
7b4d5434e0376a4040a9d6cf,1,0.8,0.85,description_noiseless,choice_first,5,3,2,4,846,35,1,64,45,2,53,0,2,A,4,30,Male,DATA_EXPIRED,prereg
b77e4e64f4ba5e1c1bcd12c0,0,1.1,1,sampling_noiseless,choice_first,4,4,4,5,924,50,0,50,50,0,50,0,2,A,5,61,Male,No,prereg
152dec86cc7afc489acb7b18,0,1.1,0.9,sampling_noiseless,beliefs_first,3,3,4,3,1010,10,40,50,20,40,40,0,2,A,4,51,Female,No,prereg
cad3b2cfdb432560dcbcbe79,1,1.5,1.54,sampling_noiseless,choice_first,4,3,3,2,994,5,10,85,0,0,100,0,2,A,6,28,Male,DATA_EXPIRED,prereg
3822c8da5783eeacb5f7f3ed,1,1,0.95,description_noiseless,choice_first,5,4,5,5,1045,47,2,51,45,2,53,0,2,B,5,25,Male,DATA_EXPIRED,prereg
b882cddc9e99d3b701f0fbf9,1,1,1,sampling_noiseless,beliefs_first,3,2,4,4,1147,10,80,10,10,80,10,1,2,B,4,54,Male,No,prereg
cbb082e7f14d142486961c87,1,1,1,description_noiseless,beliefs_first,3,2,4,3,1334,50,10,40,50,10,40,0,2,A,2,42,Female,No,prereg
65af1533df45323ec8d818e4,1,1.3,1.34,sampling_noiseless,beliefs_first,3,2,5,5,1460,15,5,80,13,7,80,0,2,B,5,27,Female,No,prereg
7f6540917c9b0d686afc991d,1,1.1,1.1,description_noiseless,choice_first,4,4,5,5,1735,45.450,9.1,45.45,36.36,9.09,54.55,1,2,A,5,26,Male,No,prereg
fd70e962fca0cd31e2155bea,1,1,1,description_noiseless,choice_first,3,2,5,5,1875,0,100,0,0,100,0,1,2,A,4,56,Female,No,prereg
cf1b67662908305d2b7e5fda,0,1,1,description_noiseless,beliefs_first,3,4,3,4,541,40,20,40,40,20,40,0,2,B,6,26,Male,No,prereg
ec112a79576f8f9d1de82e29,0,1.46,1.5,sampling_noiseless,choice_first,3,3,4,4,508,45,5,50,45,5,50,0,2,B,5,32,Male,No,prereg
f5521215dc1b1b7c8a67c74c,1,1,1.1,sampling_noiseless,beliefs_first,2,2,4,4,529,40,0,60,40,10,50,0,2,B,6,22,Female,Yes,prereg
ea733c6b5c38fea2e2095409,0,1,0.9,description_noiseless,beliefs_first,3,4,5,3,429,49,2,49,50,2,48,1,2,B,6,21,Male,Yes,prereg
63615bf545c338dee8f5af87,1,1,1,description_noiseless,beliefs_first,3,3,4,5,554,45.5,9,45.5,45.5,9,45.5,1,2,A,3,39,Male,DATA_EXPIRED,prereg
7017fb1aa5d03798f385d795,1,0.4,0.2,description_noiseless,choice_first,4,3,3,3,586,50,5,45,60,10,30,1,2,B,6,42,Male,No,prereg
2ef52e5050fea87afbd3e28f,0,1,1,description_noiseless,beliefs_first,4,3,4,4,656,45,10,45,45,10,45,0,2,A,1,39,Female,No,prereg
fd71451163958ac306acb0af,1,1,1,description_noiseless,choice_first,4,2,4,3,580,33,33,34,20,35,45,1,2,A,5,55,Male,No,prereg
fd05a56991181a45f0994275,1,1,1.2,sampling_noiseless,choice_first,4,5,4,4,624,25,25,50,10,30,60,0,2,A,7,56,Male,DATA_EXPIRED,prereg
60d7ecaef9a1e8a22dba898d,1,1.2,1.3,description_noiseless,choice_first,4,2,5,5,703,60,5,35,45,5,50,0,2,B,5,62,Male,No,prereg
829c9d4fae2b449202754b47,1,1.2,1,sampling_noiseless,choice_first,3,3,4,2,637,50,0,50,50,0,50,0,2,A,7,45,Male,No,prereg
e364fa9d77e9ff2a1fea818a,1,0.2,1.8,sampling_noiseless,choice_first,2,4,4,4,603,60,0,40,20,20,60,1,2,A,7,29,Male,DATA_EXPIRED,prereg
2cebbf2d7a70af73cb1f3c7a,1,1.2,0.8,sampling_noiseless,beliefs_first,3,3,4,4,694,60,5,35,45,0,55,1,2,A,6,69,Male,No,prereg
48064ead740a5015fe0f6a8c,1,0.8,1.2,sampling_noiseless,beliefs_first,2,3,4,4,691,40,10,50,30,20,50,1,2,A,7,42,Male,No,prereg
3adb66c81ba6057ec4ebd467,1,1,1,description_noiseless,choice_first,2,1,4,4,474,50,2,48,50,2,48,1,2,B,4,30,Male,Yes,prereg
af58da624c09cb1310c1659d,1,1,1,sampling_noiseless,beliefs_first,4,4,5,4,666,45,10,45,45,10,45,1,2,A,6,34,Male,No,prereg
a0908837781f591b63f7c871,0,1.5,0.5,description_noiseless,beliefs_first,2,1,4,4,755,20,10,70,60,10,30,0,2,A,7,35,Female,No,prereg
9585434abdc4b6ecd79cf857,1,1,1.04,sampling_noiseless,beliefs_first,3,2,4,4,678,40,5,55,35,5,60,0,2,B,7,53,Male,No,prereg
e2a1486981509ba998b39713,1,1,1,description_noiseless,choice_first,4,5,4,5,673,45,10,45,45,10,45,1,2,A,4,43,Male,No,prereg
5bbe5eec36454ee4180b347e,0,1,1,description_noiseless,beliefs_first,4,5,4,4,761,50,10,40,40,10,50,1,2,A,1,23,Male,No,prereg
a5434a04f1006df58e3f2d26,1,1,1.25,description_noiseless,choice_first,3,4,4,2,686,49,1,50,39,1,60,1,2,A,3,29,Female,No,prereg
03b55fb3c47461bfcb8a6710,0,2,1.96,description_noiseless,beliefs_first,4,2,5,5,706,20,10,70,10,30,60,0,2,B,6,30,Female,No,prereg
97a9b346a7c070df00912987,1,1.15,1.1,sampling_noiseless,choice_first,4,4,4,4,904,80,5,15,70,5,25,0,2,A,6,39,Male,No,prereg
1eedc860364a53dec5951ae2,1,1,0.8,description_noiseless,beliefs_first,5,5,5,5,613,49,2,49,50,2,48,1,2,B,7,33,Male,Yes,prereg
ede85ba703f8f8fc9cec598d,1,1,1,description_noiseless,choice_first,4,4,4,2,758,40,10,50,40,10,50,0,2,A,5,22,Female,Yes,prereg
797c801deec2d640bfbe8c4d,1,1.25,1,description_noiseless,beliefs_first,3,3,5,4,519,49,2,49,38,2,60,1,2,A,5,30,Male,No,prereg
15f7311c7419f89985f63580,1,1,1,description_noiseless,beliefs_first,3,3,3,4,808,45.5,9,45.5,45.5,9,45.5,1,2,B,1,50,Male,No,prereg
8cca28ed4e5fa7d66b466994,1,1,1.25,description_noiseless,choice_first,3,1,4,5,906,44,1,55,56,1,43,0,2,A,5,49,Male,No,prereg
a29fa6fe29122775e491998d,0,1,1,description_noiseless,choice_first,2,2,5,4,777,45,10,45,45,10,45,0,2,B,4,40,Male,No,prereg
23a3815d919d2bbfe762bffd,0,0.1,2,sampling_noiseless,choice_first,4,4,4,4,851,40,1,59,42,1,57,0,2,A,4,48,Female,No,prereg
27af9a654804754357362fbe,1,1,1.02,description_noiseless,beliefs_first,2,1,2,2,533,48,4,48,44,4,52,0,2,B,6,33,Female,Yes,prereg
25c38298eaf959c22790479f,1,1.2,1.24,sampling_noiseless,beliefs_first,4,2,3,2,788,50,0,50,45,0,55,0,2,B,6,63,Female,DATA_EXPIRED,prereg
6f45e561d277d2f21b55409d,1,1.1,1.2,sampling_noiseless,beliefs_first,2,3,5,5,524,40,5,55,30,5,65,1,2,B,6,39,Male,No,prereg
c2816aa294ee2e0c21c48fa8,0,1,1,description_noiseless,choice_first,3,2,4,4,613,49,2,49,49,2,49,0,2,B,1,25,Female,No,prereg
a30f1a208d92b22e791dd099,1,0.8,1.2,sampling_noiseless,choice_first,4,2,4,3,524,50,0,50,50,0,50,0,2,A,7,54,Male,No,prereg
71b7672439c21c4724c97011,0,1,1,description_noiseless,choice_first,4,3,4,3,957,45.5,9,45.5,45.5,9,45.5,1,2,A,5,52,Male,No,prereg
b8cb84266c991b382cd3f705,1,1.2,1.25,description_noiseless,choice_first,5,2,2,2,629,0,0,100,0,0,100,1,2,B,6,28,Male,No,prereg
45e6598c807da90440da8929,1,1.4,1.2,sampling_noiseless,choice_first,4,3,4,4,863,30,10,60,25,10,65,1,2,B,6,35,Male,No,prereg
e4d8de136f3f396788b6a200,1,1,2,sampling_noiseless,choice_first,1,3,4,4,993,60,20,20,40,25,35,1,2,A,4,78,Female,No,prereg
e949f3441338b64996c772dc,1,1,1,description_noiseless,beliefs_first,5,3,4,4,480,25,50,25,25,25,50,1,2,A,6,30,Female,No,prereg
a15a31693b6e325bc5981c0e,0,1.4,1.3,sampling_noiseless,beliefs_first,4,2,4,3,682,20,10,70,30,10,60,0,2,A,3,29,Female,No,prereg
d53efff7d5cbafb4f14020b7,1,1,1.04,sampling_noiseless,choice_first,3,3,5,5,722,50,0,50,45,0,55,0,2,A,5,52,Male,No,prereg
f7bdb3a38b2d4f5bc027b8fb,0,2,2,sampling_noiseless,beliefs_first,1,3,4,4,977,20,0,80,20,0,80,1,2,A,6,49,Female,No,prereg
9548cdbd4cfdd0e6bcad3925,0,1.1,1,description_noiseless,choice_first,2,3,4,2,648,40,5,55,49,2,49,1,2,A,7,33,Female,No,prereg
03cd10139e78f3d37f94fe68,0,1.25,0.75,description_noiseless,choice_first,3,2,5,5,1123,20,55,25,25,55,20,1,2,A,6,44,Male,No,prereg
cca97a78118dc01423037129,1,2,2,sampling_noiseless,choice_first,2,1,4,4,1039,45,10,45,35,10,55,1,2,B,6,42,Male,No,prereg
8016614d5a1f6488cdead560,1,1.5,1.5,sampling_noiseless,beliefs_first,4,3,4,4,839,49,1,50,49,1,50,1,2,B,5,0,Female,No,prereg
46a8a78dfd40cff13c06fb9e,1,1.2,0.4,sampling_noiseless,beliefs_first,2,3,5,3,639,80,0,20,10,0,90,1,2,B,7,31,Male,DATA_EXPIRED,prereg
f4d20b94053367e38c9cdacf,0,1,1,description_noiseless,choice_first,2,2,2,1,904,52,2,46,48,2,50,0,2,B,4,50,Female,No,prereg
c2fdd8cd489fc44c45f8b64c,1,1,1,sampling_noiseless,choice_first,3,1,4,4,990,45,10,45,45,10,45,1,2,B,7,33,Male,No,prereg
4d6698dfbd712178f94ea085,1,1.1,1.2,sampling_noiseless,beliefs_first,5,4,4,5,787,40,10,50,40,10,50,0,2,A,6,55,Male,DATA_EXPIRED,prereg
2967623c155dfeb3a5580838,1,1,1.1,sampling_noiseless,choice_first,4,1,5,5,575,65,15,20,45,25,30,1,2,B,7,41,Female,No,prereg
43a86b1574da1a9d4bf190c1,1,1,1,description_noiseless,beliefs_first,2,2,4,4,632,40,30,30,40,30,30,1,2,A,5,44,Male,No,prereg
aa5abee36c23f4d073f08e43,0,1,1,sampling_noiseless,beliefs_first,4,2,4,4,1078,45,5,50,50,5,45,1,2,A,6,50,Male,No,prereg
4799923188b77e2fac468893,1,1,0.9,description_noiseless,choice_first,4,2,4,4,600,70,20,10,60,20,20,0,2,B,6,40,Female,No,prereg
3ae3e6cceb89352d373f3c0a,1,0.8,1,sampling_noiseless,choice_first,4,4,3,4,772,40,2,58,30,2,68,0,2,B,7,29,Male,No,prereg
8f271b82b5a3925fe8e5096c,1,0.8,0.9,sampling_noiseless,choice_first,2,2,3,3,1153,90,1,9,90,1,9,1,2,B,6,35,Male,No,prereg
da8cef2d34c3abbf02abb438,1,1,1,description_noiseless,beliefs_first,4,3,4,4,1237,49,2,49,49,2,49,0,2,B,6,34,Male,DATA_EXPIRED,prereg
79966d521ee8dca5075d0b65,1,0.9,1,sampling_noiseless,choice_first,3,3,4,4,833,35,35,30,33,33,34,1,2,A,6,25,Male,No,prereg
9db981b22436c3a309bb6fd8,1,2,2,description_noiseless,choice_first,4,4,2,2,385,49,2,49,49,2,49,1,2,B,7,39,Male,No,prereg
7529ffc62f0b77e44653361f,1,0.8,1.5,sampling_noiseless,choice_first,4,4,5,3,592,60,0,40,30,0,70,0,2,B,7,42,Female,No,prereg
34616e2c5f11f4fcd5c1a463,1,1.2,1.3,sampling_noiseless,beliefs_first,1,4,5,4,786,46,2,52,44,2,54,0,2,A,7,45,Female,DATA_EXPIRED,prereg
b8f22969993f0d04085278b6,1,0.8,0.9,sampling_noiseless,choice_first,4,2,4,3,1398,45,10,45,45,10,45,0,2,B,4,51,Female,No,prereg
606a0f8e9aaf20da88090fa9,1,2,2,description_noiseless,beliefs_first,3,3,4,5,718,0,0,100,0,0,100,1,2,B,6,58,Female,No,prereg
a14e52fb263069a3905ef322,1,2,2,description_noiseless,choice_first,3,3,4,4,1027,0,0,100,0,0,100,0,2,B,6,27,Male,DATA_EXPIRED,prereg
4aa6ed4c95cc495939c03a7c,1,1.4,1.6,sampling_noiseless,choice_first,4,2,5,4,472,30,0,70,30,0,70,1,2,A,7,22,Male,Yes,prereg
42640d9056055ab9079b2184,0,0.84,0.8,sampling_noiseless,choice_first,2,3,4,4,806,80,0,20,75,0,25,0,2,B,5,55,Female,No,prereg
7c3d8ac575d0772d18027124,1,0.8,0.9,sampling_noiseless,beliefs_first,2,2,4,4,1580,60,20,20,60,20,20,0,2,B,6,22,Female,No,prereg
d0ea2b1718055b454a070ab3,1,0.8,120,sampling_noiseless,beliefs_first,4,3,4,4,577,70,10,20,30,10,60,0,2,B,5,42,Female,No,prereg
5c080b115ea001dbefc8051d,1,1,1.04,sampling_noiseless,beliefs_first,4,2,4,2,852,50,0,50,50,0,50,0,2,A,5,59,Male,No,prereg
90e913f1e97030682235a6db,0,1,1,description_noiseless,beliefs_first,5,3,4,4,1226,50,25,25,50,25,25,1,2,B,6,28,Male,No,prereg
3e87e24950ca272b5ae90093,1,1,1,description_noiseless,choice_first,2,1,2,2,936,45,10,45,44,10,46,0,2,B,4,68,Female,No,prereg
0dbb4d0ace0c289c541831b1,0,1,0.88,description_noiseless,beliefs_first,2,2,4,4,1158,49,2,49,49,2,49,0,2,B,4,23,Male,Yes,prereg
824ceb8da1d9b3ceb4fbc5f4,1,1,2,sampling_noiseless,beliefs_first,3,3,4,2,1560,45,10,45,45,5,50,1,2,A,6,35,Female,No,prereg
02c7a6b646b2720b4209caea,1,0.9,1,sampling_noiseless,beliefs_first,3,4,4,3,956,50,2,48,50,2,48,0,2,A,6,28,Female,Yes,prereg
46cf423d075d7f18b6b6eb9b,1,0.8,0.82,sampling_noiseless,choice_first,4,4,3,4,499,45,10,45,50,10,40,0,2,B,7,35,Male,DATA_EXPIRED,prereg
2188a707b7706ab8f6199d81,1,1,1,sampling_noiseless,beliefs_first,3,3,5,5,881,30,10,60,30,10,60,0,2,B,5,45,Female,DATA_EXPIRED,prereg
537e77e0b53446da688a8734,1,1,1,sampling_noiseless,choice_first,3,3,4,4,1157,54,4,42,52,4,44,0,2,B,5,45,Male,No,prereg
ddb491117cc457491101a323,0,1,1,description_noiseless,beliefs_first,3,2,4,3,1704,45,10,45,45,10,45,1,2,B,4,35,Female,DATA_EXPIRED,prereg
31fa5614488ff1517b72cc95,0,1,0.8,sampling_noiseless,choice_first,3,5,4,4,555,35,5,60,30,5,65,1,2,A,5,63,Female,No,prereg
c3ade0178d9096fedaf570d9,1,1,0.98,sampling_noiseless,beliefs_first,4,2,3,3,614,47,2,51,51,2,47,0,2,B,6,37,Male,DATA_EXPIRED,prereg
a237e47cd16e555b5e1d34f5,1,1,1,sampling_noiseless,beliefs_first,4,2,3,3,740,40,50,10,10,50,40,0,2,A,7,54,Female,No,prereg
2cc0121c2450b98b37db5467,1,1,1,description_noiseless,beliefs_first,4,4,3,4,1223,45,10,45,45,10,45,1,2,A,4,58,Male,No,prereg
9e7a70f50228cdd607e8849b,1,0.6,1.4,sampling_noiseless,choice_first,4,4,4,4,536,60,20,20,20,20,60,0,2,A,5,54,Male,No,prereg
bb33488d5085bbbd61642944,1,1.16,1.2,sampling_noiseless,choice_first,2,3,4,4,555,60,0,40,40,0,60,0,2,A,7,31,Male,No,prereg
20f030bfc632e5500eae6e59,0,1,1,description_noiseless,beliefs_first,3,4,4,5,1274,25,50,25,27,48,25,0,2,B,6,39,Male,No,prereg
c7eca9462794f97739e17fe5,0,1,1.25,description_noiseless,choice_first,2,3,3,2,378,45,10,45,45,10,45,0,2,B,7,43,Male,Yes,prereg
5983c0660fd20a18f7ecd9a6,0,1,1,description_noiseless,choice_first,3,2,3,2,589,44,12,44,45,17,38,0,2,A,7,33,Female,No,prereg
5aeaec56504992211033337a,0,1,1,sampling_noiseless,beliefs_first,4,4,3,4,1489,0,100,0,0,100,0,0,2,A,1,34,Male,DATA_EXPIRED,prereg
5f5945000ee33c69c299ebe1,1,2,2,description_noiseless,choice_first,2,1,5,4,682,48,2,50,50,2,48,0,2,B,6,23,Male,No,prereg
3432ebab9440836788ed9409,1,0.5,1,sampling_noiseless,choice_first,3,2,5,5,1741,90,5,5,20,30,50,0,2,A,7,32,Female,DATA_EXPIRED,prereg
d6f76d85411aee34e7e451f5,0,1.2,1,description_noiseless,beliefs_first,3,3,4,4,673,40,10,50,50,10,40,0,2,B,6,23,Female,Yes,prereg
ec34827bede9e75599686694,1,1,1.25,description_noiseless,beliefs_first,3,2,3,2,1102,49,2,49,38,2,60,1,2,A,6,27,Male,DATA_EXPIRED,prereg
83c97ada3bf7dee1c20fc6ce,1,1,1,description_noiseless,choice_first,5,2,2,1,568,49,5,46,49,5,46,1,2,B,6,23,Male,No,prereg
f141dfd4255ee68da87d75fa,1,2,1,sampling_noiseless,beliefs_first,4,4,4,4,897,50,2,48,40,2,58,0,2,B,7,51,Male,No,prereg
60df2df16d2d67d94e1f92c6,0,1.5,1,sampling_noiseless,choice_first,5,3,4,4,733,10,20,70,10,70,20,1,2,A,7,40,Male,No,prereg
ab34b8acd148fa91aa493726,1,1,104,sampling_noiseless,choice_first,5,3,5,5,1826,20,10,70,20,10,70,0,2,A,6,27,Female,No,prereg
156a1e094fa314c8ce2b5e3e,0,1,1,sampling_noiseless,beliefs_first,3,4,5,4,868,0,25,75,0,25,75,1,2,A,4,44,Male,DATA_EXPIRED,prereg
427d53249bd00bf33b968aed,1,1.1,1,description_noiseless,beliefs_first,4,3,3,3,500,75,0,25,25,0,75,1,2,A,4,25,Male,Yes,prereg
106bd9d30e5934c566d3c5dc,1,0,2,sampling_noiseless,beliefs_first,3,3,5,4,989,50,20,30,30,10,60,0,2,B,6,40,Female,No,prereg
0270660e2206f050489da622,1,1,1.25,description_noiseless,beliefs_first,3,2,5,3,1099,30,40,30,30,40,30,1,2,B,4,33,Male,DATA_EXPIRED,prereg
c0b21a335f54e21ad6b410f7,1,1,1,description_noiseless,beliefs_first,4,2,5,3,1435,45.5,9,45.5,45.5,9,45.5,0,2,B,7,48,Female,No,prereg
6c9dfd28ae5014b31c6fa8fa,1,1.8,1.4,sampling_noiseless,choice_first,3,1,5,5,1106,49,2,49,50,0,50,0,2,B,7,37,Female,DATA_EXPIRED,prereg
6ffee152111a1df8702f8a56,1,1,1,description_noiseless,choice_first,3,4,5,4,1640,50,0,50,50,0,50,0,2,A,1,60,Female,No,prereg
a58f57503d081548eacc29ac,1,1.1,1.2,sampling_noiseless,choice_first,4,3,4,3,862,10,10,80,10,10,80,1,2,A,6,57,Male,No,prereg
ad9207910f4d4a45c67c3e7b,1,1.2,1,sampling_noiseless,choice_first,4,3,5,5,707,49,2,49,48,2,50,1,2,A,5,42,Female,No,prereg
8750cf6b5fb093a10491d06f,1,1.44,1.4,sampling_noiseless,choice_first,3,3,4,3,1869,20,0,80,20,0,80,0,2,B,6,DATA_EXPIRED,Male,No,prereg
08b4e8899d796956d8a5d6b1,1,0.8,1.2,sampling_noiseless,beliefs_first,4,3,3,3,699,65,20,15,20,25,55,1,2,B,7,23,Male,Yes,prereg
ad1529d18d2d6d8d64abdcff,0,1,1,description_noiseless,choice_first,3,3,5,5,754,30,40,30,30,40,30,0,2,B,4,46,Female,No,prereg
d93d4644c7b1e7b9cd9d9657,0,1,1,description_noiseless,choice_first,4,2,5,4,941,45,10,45,45,10,45,1,2,A,4,62,Male,DATA_EXPIRED,prereg
0b4b7cf8e6dcd904ac2b2bca,1,0.84,1.2,sampling_noiseless,beliefs_first,3,3,5,5,1092,35,5,60,25,10,65,0,2,B,7,23,Female,DATA_EXPIRED,prereg
268604cb22e9c5d8f4889571,1,0.3,0.4,description_noiseless,beliefs_first,3,1,3,3,997,50,10,40,40,10,50,0,2,B,4,27,Female,DATA_EXPIRED,prereg
b772d578fdd0e82118e4021c,1,1,1,description_noiseless,beliefs_first,4,3,5,5,649,49,2,49,49,2,49,0,2,A,7,36,Female,No,prereg
dbd44345d4a8d5fa9961ad0f,1,1,1,sampling_noiseless,choice_first,4,4,5,5,750,49,2,49,49,2,49,1,2,B,2,53,Male,No,prereg
921bfb2ae337258de89a669e,1,1,0.95,description_noiseless,beliefs_first,3,3,4,4,1809,48,2,50,50,2,48,0,2,B,4,29,Female,No,prereg
c9380f1f099d97883cde9e35,0,1,1,description_noiseless,choice_first,3,4,4,3,283,25,50,25,25,50,25,1,2,B,5,30,Female,No,prereg
b213a469e9af662ec3393f8d,0,1.5,1,description_noiseless,choice_first,2,3,5,4,1028,50,25,25,40,40,20,0,2,A,6,33,Female,Yes,prereg
2e8f5933813a30ea4b181719,1,1,1,sampling_noiseless,choice_first,2,2,4,2,1358,48,4,48,49,4,47,0,2,A,7,48,Male,No,prereg
e1f17e772bc05bda78e21a6c,1,1,1,sampling_noiseless,choice_first,3,2,3,5,1116,30,10,60,20,10,70,0,2,A,4,64,Female,No,prereg
5e74b843bb699a2924df6433,0,2,1,description_noiseless,beliefs_first,3,2,3,2,1445,0,0,100,0,50,50,1,2,B,6,65,Male,No,prereg
078b6fa30dd66be88abe8d58,1,0.9,1.1,sampling_noiseless,beliefs_first,4,3,4,4,535,50,10,40,40,10,50,1,2,B,7,27,Male,No,prereg
8d3f011d4b867214122e1778,0,1,1,description_noiseless,choice_first,3,5,4,1,1591,20,30,50,50,30,20,0,2,A,5,32,Male,DATA_EXPIRED,prereg
46d1620143252ad6b46e15c6,1,0.94,0.9,sampling_noiseless,beliefs_first,3,1,5,4,1162,45,45,10,47,47,6,0,2,B,6,52,Female,No,prereg
d20498a73a0634cf881db7de,0,0,2,description_noiseless,choice_first,4,3,3,3,778,0,0,100,0,0,100,0,2,A,7,31,Female,No,prereg
719175b425bf1600925f625b,1,0.8,0.7,sampling_noiseless,beliefs_first,1,5,4,2,1282,35,10,55,32,10,58,1,2,B,6,25,Female,No,prereg
f9fe988f3deb6fc1b1a59edb,0,2,0,description_noiseless,beliefs_first,5,3,3,3,803,50,0,50,50,0,50,0,2,A,6,26,Male,No,prereg
47cf4effa6c3a005fc281817,1,1,1,sampling_noiseless,beliefs_first,4,3,4,2,582,49,2,49,49,2,49,1,2,B,2,42,Male,DATA_EXPIRED,prereg
db66f15013b8fd04b30a09eb,0,1,0.85,description_noiseless,beliefs_first,3,1,5,4,1203,35,30,35,40,35,25,0,2,A,5,55,Female,No,prereg
8bfb5272bc32bda3e2a5d998,1,0.9,1.1,sampling_noiseless,choice_first,3,3,4,2,681,65,5,30,65,5,30,0,2,A,6,59,Female,No,prereg
25d1eb206b72d801ccc559c6,1,1,1,sampling_noiseless,choice_first,3,3,4,3,632,45,0,55,55,0,45,1,2,B,7,48,Male,No,prereg
c3be4cd6e4e154dda13b09b5,0,1.1,1,description_noiseless,beliefs_first,5,4,4,4,1237,0,50,50,50,50,0,1,2,A,7,35,Male,DATA_EXPIRED,prereg
3226a06f77fbf2d061d4b771,1,0.9,1.1,sampling_noiseless,choice_first,4,3,4,4,522,40,5,55,40,5,55,0,2,A,5,52,Male,No,prereg
01c16ebb9b23f5d2f47f1bc8,1,1,1,description_noiseless,choice_first,4,5,3,4,1470,47,6,47,47,6,47,1,2,A,5,63,Male,No,prereg
c04c8cc734b6a7612927e2e1,1,0.96,1,sampling_noiseless,choice_first,2,3,4,2,590,51,0,49,49,0,51,0,2,A,5,42,Male,DATA_EXPIRED,prereg
70001d9bffbc34673fa3b5b2,1,0.24,0.18,sampling_noiseless,choice_first,1,1,4,4,1359,84,2,14,82,2,16,1,2,B,7,98,Female,DATA_EXPIRED,prereg
5aafbdac138b4a601f6db3f9,0,1,1,sampling_noiseless,beliefs_first,4,4,2,2,638,0,100,0,0,100,0,1,2,A,4,23,Male,DATA_EXPIRED,prereg
f9c68049cc2a6b68e4fc9544,1,1,1,description_noiseless,choice_first,3,1,4,4,356,33,33,34,33,33,34,0,2,B,5,29,Male,No,prereg
8f538002c9f9eca16c71cbec,1,1,1.7,description_noiseless,beliefs_first,4,1,4,4,726,20,30,50,10,30,60,1,2,A,5,27,Female,No,prereg
dc5011bdbff5a943e6dbd847,0,1.25,0.6,description_noiseless,beliefs_first,2,3,4,2,1027,0,90,10,10,50,40,0,2,B,2,65,Female,No,prereg
829d7193ad56cc84552f7bf2,1,0.75,1.25,description_noiseless,beliefs_first,3,3,5,2,983,54.5,9.1,36.4,36.4,9.1,54.5,1,2,B,7,23,Male,No,prereg
fee4fb1b695c7d218ac9bf4b,0,0.8,1,description_noiseless,choice_first,4,2,4,3,623,45,10,45,45,10,45,0,2,B,5,26,Male,DATA_EXPIRED,prereg
55afbefb2d0aa9a42a140c5e,1,1,1,sampling_noiseless,beliefs_first,3,3,4,3,888,49,2,49,49,2,49,0,2,B,2,22,Male,Yes,prereg
48cdb23e6ff1a9c8e10e1447,0,2,1,description_noiseless,choice_first,3,3,5,5,3880,0,50,50,50,25,25,1,2,A,4,50,Female,No,prereg
dd3bb66f5bf652d0711295c1,1,1,1,description_noiseless,choice_first,4,3,4,4,409,49,2,49,49,2,49,1,2,A,4,22,Female,DATA_EXPIRED,prereg
624757d60698f9e528ac59c0,1,1.74,1.88,sampling_noiseless,beliefs_first,4,2,4,4,330,20,0,80,10,0,90,0,2,B,7,34,Male,No,prereg
0a46abc5c92b176dbe0dfcbd,1,1,1,description_noiseless,beliefs_first,3,4,5,5,596,49,2,49,49,2,49,0,2,B,1,21,Male,Yes,prereg
bd2b65106a04c786066735c8,0,1,1,sampling_noiseless,beliefs_first,5,4,4,4,471,50,0,50,50,0,50,1,2,B,5,27,Male,No,prereg
1248723359b314fceda63f1d,0,0.8,1,sampling_noiseless,beliefs_first,2,4,4,4,581,46,8,46,48,4,48,1,2,B,5,45,Male,No,prereg
8414833d84bd197117971f21,1,0.9,1.1,sampling_noiseless,beliefs_first,3,3,4,3,686,60,2,38,40,5,55,0,2,A,7,37,Female,No,prereg
c1cfda843d5d31f876831c28,1,0.9,1.1,sampling_noiseless,choice_first,5,4,5,5,1242,20,30,50,60,20,20,1,2,A,7,50,Female,Yes,prereg
d3f60ae617515c651782aeaf,1,1,1.2,sampling_noiseless,beliefs_first,3,4,5,4,622,47,6,47,44,6,50,1,2,A,6,31,Female,No,prereg
a5736efe520e2ad4bc5c9677,1,1,1.04,sampling_noiseless,beliefs_first,2,3,2,2,522,50,5,45,45,5,50,0,2,A,7,24,Female,No,prereg
4e22ab8068f3883fe10b07f0,0,1,0.9,description_noiseless,beliefs_first,3,3,4,4,983,45.5,9,45.5,47,9,44,1,2,B,7,55,Male,No,prereg
04cd3d681f19347e35046e0d,1,0,2,sampling_noiseless,choice_first,1,2,5,4,1616,90,0,10,10,0,90,0,2,B,7,76,Female,DATA_EXPIRED,prereg
e914cb2db862166a1698da3a,0,1,1,description_noiseless,choice_first,3,2,5,5,1102,48,4,48,48,4,48,0,2,B,6,60,Female,No,prereg
1b96991ecaaeb042da6f97ff,1,1,1,description_noiseless,choice_first,4,1,5,5,796,49,2,49,49,2,49,0,2,B,5,33,Male,No,prereg
f1f1ea8dad05ad5fe5f11243,1,1,1.2,sampling_noiseless,beliefs_first,2,1,4,4,604,35,35,30,10,40,50,1,2,B,7,53,Female,No,prereg
833737082244ca5af0efa267,1,1.4,1.2,sampling_noiseless,choice_first,5,3,4,2,576,30,5,65,25,5,70,1,2,A,7,43,Male,DATA_EXPIRED,prereg
957126aa71497451ff8460fb,1,1,1.2,sampling_noiseless,choice_first,4,3,5,5,545,40,10,50,35,10,55,1,2,B,5,38,Female,No,prereg
ad7b49cdb40c3e181f3e3329,0,1,1,description_noiseless,choice_first,2,1,5,2,704,30,10,60,30,9,61,0,2,B,7,27,Male,Yes,prereg
a6d4b18c36c15e46d1829856,0,1.2,1.1,description_noiseless,beliefs_first,5,3,5,5,512,50,1,49,49,2,49,1,2,B,7,32,Male,No,prereg
a8e21d4c1d36734d31a66c76,1,1.5,1.45,sampling_noiseless,choice_first,5,4,5,5,457,60,10,30,30,0,70,0,2,B,7,38,Male,Yes,prereg
7b05bed23b24b15006b29dd4,1,1.2,1.1,sampling_noiseless,choice_first,2,4,5,4,1246,48.75,2.5,48.75,49.75,2.5,47.75,0,2,A,6,24,Male,No,prereg
9325a23ed80bc607d423da78,1,0.9,1.1,sampling_noiseless,choice_first,4,4,4,3,540,40,25,35,20,15,65,0,2,B,5,26,Male,No,prereg
00e261ed710ee77fbb512c32,1,0.4,0.4,description_noiseless,beliefs_first,4,3,5,4,1504,30,40,30,40,30,30,0,2,A,6,42,Male,DATA_EXPIRED,prereg
2b0b25ffd50401f9bcd5fdea,1,1,1.1,description_noiseless,beliefs_first,2,4,4,4,793,45,10,45,50,10,40,0,2,B,5,25,Female,No,prereg
ec09a26e3d783893e67e172a,1,1,1,description_noiseless,beliefs_first,4,4,3,3,925,49.02,1.96,49.02,49.02,1.96,49.02,0,2,B,7,31,Male,No,prereg
f81444b8caed93ecc987d96c,1,2,0,sampling_noiseless,choice_first,2,1,4,2,909,99,0,1,1,0,99,1,2,A,4,53,Female,No,prereg
4a92114ed22542b8a2a9a933,1,1.1,1,sampling_noiseless,choice_first,4,4,5,5,650,36,9,55,45,0,55,1,2,A,6,31,Male,DATA_EXPIRED,prereg
f16be87b68f479e42f327444,0,0,0,description_noiseless,beliefs_first,4,4,4,4,422,30,30,40,40,30,30,1,2,A,5,33,Male,No,prereg
34929e41dcdfa579accb4d4d,1,1.4,1.5,sampling_noiseless,choice_first,3,2,4,3,343,30,10,60,30,10,60,0,2,B,5,33,Male,No,prereg
02f4dc3eca88bf19c8984c54,1,0.18,0.2,description_noiseless,choice_first,4,3,5,5,848,23,23,54,20,12,68,1,2,A,6,30,Male,No,prereg
e808b77151bbc891665d37ee,0,1,1,description_noiseless,beliefs_first,5,5,3,3,830,49,2,49,49,2,49,0,2,A,1,23,Male,No,prereg
cc1948b4de570b573146b048,1,1.36,1.4,sampling_noiseless,beliefs_first,3,3,4,4,863,60,0,40,60,0,40,0,2,A,6,89,Female,DATA_EXPIRED,prereg
6ba8ebd0555fbe4285682977,0,0.8,0.85,description_noiseless,choice_first,2,3,4,4,632,45,10,45,50,5,45,0,2,B,5,27,Male,No,prereg
a60466db784c1ec1841cf087,1,1,1,sampling_noiseless,beliefs_first,4,4,5,5,981,50,0,50,50,0,50,1,2,B,7,58,Male,DATA_EXPIRED,prereg
5280565573e62a36f8ddda96,1,1,1,description_noiseless,beliefs_first,2,3,4,5,1399,49,2,49,49,2,49,1,2,B,1,22,Female,Yes,prereg
425caac19e81b27a30288cd5,0,1,1,description_noiseless,choice_first,3,4,4,3,758,49,2,49,49,2,49,0,2,B,4,43,Male,No,prereg
17a9640a511de798f2e35e1d,1,1,1,description_noiseless,choice_first,4,3,4,4,870,45,10,45,45,10,45,0,2,B,4,20,Male,Yes,prereg
697ac204862cc69f9912b82b,0,1.04,1.04,description_noiseless,beliefs_first,4,4,5,4,1222,70,2,28,65,0,35,0,2,B,4,53,Male,DATA_EXPIRED,prereg
6e9d1621a4346982f14e2097,1,1,1,sampling_noiseless,choice_first,4,3,2,3,476,60,10,30,60,10,30,1,2,B,5,33,Male,No,prereg
5bf3808840c6a2c88e7918be,1,1,1,description_noiseless,beliefs_first,4,3,4,4,555,45.5,9,45.5,45.5,9,45.5,1,2,A,4,22,Male,Yes,prereg
48757db1cf1a30380e80b1e4,0,1,1,description_noiseless,choice_first,3,3,3,2,670,49,2,49,49,2,49,0,2,B,1,50,Male,No,prereg
ae0111914e086cd87bb4e8b2,1,1,1.5,sampling_noiseless,choice_first,3,3,4,4,563,50,25,25,25,25,50,0,2,A,5,28,Female,Yes,prereg
ede2381316ed166553d60d08,0,1,0.9,description_noiseless,choice_first,4,2,4,4,3011,4,48,48,96,2,2,1,2,B,6,48,Male,No,prereg
9f739eb6575e1b1f0ca49624,1,1,1,sampling_noiseless,choice_first,4,3,4,3,715,48,4,48,48,4,48,1,2,A,7,61,Male,No,prereg
262b8d1a60d8255b70517cda,1,1,1,description_noiseless,beliefs_first,4,3,4,4,917,49,2,49,49,2,49,0,2,A,6,42,Male,No,prereg
dd87a9cd4d7777685ca0d175,1,0.9,0.7,sampling_noiseless,beliefs_first,3,2,4,3,837,60,5,35,50,5,45,1,2,B,6,28,Male,No,prereg
931ce3a0d3ee25cf767ff69e,0,0.4,0.4,description_noiseless,beliefs_first,5,4,4,4,380,50,5,45,50,5,45,0,2,A,1,26,Male,No,prereg
7adf7b5871e9c85e668d82c9,1,1.6,1.3,sampling_noiseless,beliefs_first,3,3,3,4,458,10,20,70,5,15,80,0,2,B,7,25,Male,No,prereg
8fdc28161d464902bc87ccc3,1,1,1,description_noiseless,choice_first,4,5,5,4,447,46,8,46,36,8,56,1,2,A,6,26,Male,Yes,prereg
1cf2fd0fb51d5e3704a19ad9,0,0.85,0.75,description_noiseless,choice_first,2,2,5,4,739,25,5,70,30,5,65,0,2,B,3,26,Female,No,prereg
991016339a7fe4c151edb0b3,0,1,1,sampling_noiseless,choice_first,2,1,3,3,1340,10,20,70,35,20,45,0,2,B,4,36,Female,No,prereg
3f54250492747ea1d12ba361,1,1,1,description_noiseless,choice_first,5,3,4,4,644,49,2,49,49,2,49,1,2,B,7,33,Male,No,prereg
2e6c48f29c2fbbbd7b09427a,0,0.9,1.1,description_noiseless,choice_first,3,2,3,4,731,45,10,45,43,10,47,1,2,A,5,48,Female,No,prereg
442f220a1d006652fb108e8f,1,1.6,1.8,sampling_noiseless,beliefs_first,4,3,2,5,685,11,0,89,7,2,91,1,2,B,4,67,Female,DATA_EXPIRED,prereg
b6f379e92aac10faf9d4ae87,0,1.05,2,description_noiseless,choice_first,4,4,5,4,1797,30,20,50,20,50,30,1,2,B,6,49,Female,Yes,prereg
6df63ee3fcf8a22d00bf91ba,1,0.8,1.2,description_noiseless,choice_first,3,4,4,4,1281,60,20,20,60,30,10,0,2,A,6,33,Male,No,prereg
badd409d08a79601d47a2c37,0,0.4,0.3,description_noiseless,beliefs_first,2,3,5,3,710,40,20,40,50,20,30,1,2,B,7,37,Male,No,prereg
f5efc25139d5725e553b8f66,1,1.5,1.85,sampling_noiseless,beliefs_first,3,3,4,5,1390,46,0,54,46,2,52,0,2,A,6,DATA_EXPIRED,Male,No,prereg
7da321c5fff8f71f7d86d599,1,1,1,description_noiseless,choice_first,3,2,5,2,1365,48,4,48,48,4,48,1,2,B,6,33,Male,DATA_EXPIRED,prereg
062cd858b8b9fc1d97c4b68e,1,1.05,2,sampling_noiseless,choice_first,4,4,4,4,2414,50,30,20,30,20,50,1,2,A,6,50,Male,Yes,prereg
6a8e2b2ee09cbdb13529a423,0,2,0,description_noiseless,beliefs_first,5,3,2,2,840,10,50,40,60,20,20,1,2,A,5,41,Female,No,prereg
144203ed83e96f750295c725,0,1.2,1.6,description_noiseless,beliefs_first,4,3,5,5,540,45,10,45,50,10,40,1,2,A,4,31,Male,No,prereg
c4b8bcccc0fd176ced5f5b0b,1,0.5,1.5,sampling_noiseless,beliefs_first,3,2,4,3,2046,90,0,10,75,0,25,1,2,B,6,65,Female,No,prereg
d600ef257f54928aba255b14,0,0.7,1,description_noiseless,choice_first,4,2,5,5,3372,5,25,70,70,25,5,1,2,B,6,33,Male,Yes,prereg
e8a04f3b26c59c29bd093af3,0,1,1,description_noiseless,beliefs_first,4,5,2,4,579,45.45,9.1,45.45,45.45,9.10,45.45,0,2,A,4,25,Male,No,prereg
a68660ecce382982dc1e951b,1,1,1,sampling_noiseless,beliefs_first,2,4,3,2,632,50,5,45,45,5,50,0,2,A,6,42,Male,No,prereg
40d9c1117726d3f7df86a371,1,1,1,sampling_noiseless,choice_first,3,2,5,5,959,35,10,55,45,10,45,1,2,A,5,48,Male,DATA_EXPIRED,prereg
d1bfb2945b4b499ff4c18bf0,1,1.09,1.05,sampling_noiseless,beliefs_first,4,3,5,5,1900,49,0,51,51,0,49,0,2,B,7,66,Male,No,prereg
a9a9d2cffb98b25a6d252a58,0,1,0.9,description_noiseless,choice_first,4,3,5,4,1155,50,5,45,45,5,50,0,2,A,6,36,Male,No,prereg
a61196c9f75a91564f0fa1fd,0,0.25,0.25,description_noiseless,beliefs_first,3,2,5,5,1158,30,40,30,31,40,29,0,2,B,7,32,Male,No,prereg
7d12defa7bd3ae8f8fe4448b,1,1,2,sampling_noiseless,choice_first,4,2,5,5,688,45,45,10,25,50,25,1,2,B,7,32,Male,No,prereg
c912648bcb33074656cdb103,1,0.94,0.98,sampling_noiseless,beliefs_first,4,4,4,3,989,60,10,30,55,10,35,0,2,B,7,60,Female,No,prereg
679c54a3e0c14c155ad1d3bd,0,1,0.9,description_noiseless,beliefs_first,3,3,4,4,425,40,20,40,50,20,30,0,2,A,1,49,Male,No,prereg
a956242675ba7d04f41eaab7,1,2,2,description_noiseless,choice_first,3,3,5,3,637,49,2,49,49,2,49,1,2,B,1,32,Female,No,prereg
9dca11b511fd74407c66f8c4,0,1,2,sampling_noiseless,beliefs_first,2,2,1,1,438,25,35,40,45,15,40,1,2,A,5,37,Female,No,prereg
20b878a1c871d884e69976d9,1,1,1,sampling_noiseless,beliefs_first,5,3,3,4,932,50,25,25,25,25,50,0,2,A,7,21,Male,Yes,prereg
2f5d014654d003153b4643d2,0,2,2,description_noiseless,choice_first,4,3,5,5,1525,45,10,45,45,10,45,1,2,B,7,34,Male,Yes,prereg
165fa7faf88e01016c5ec939,0,1.6,1.2,sampling_noiseless,beliefs_first,4,2,3,3,469,5,0,95,5,0,95,1,2,B,6,48,Female,No,prereg
909435c92d41016c75e4fd72,1,1,1,description_noiseless,choice_first,2,4,3,3,484,45,10,45,50,10,40,1,2,A,2,21,Male,Yes,prereg
cb2d08d2c95f52afb78fd988,1,1,1,description_noiseless,beliefs_first,1,1,3,3,1059,46,8,46,46,8,46,1,2,A,4,62,Female,DATA_EXPIRED,prereg
1a156df23004bf52ab1dfb45,1,0.8,1,sampling_noiseless,choice_first,5,4,3,2,732,50,5,45,45,5,50,0,2,B,7,44,Male,No,prereg
eca9803a4a219547f111967d,1,1.36,1.4,sampling_noiseless,beliefs_first,3,4,4,4,685,50,0,50,50,0,50,0,2,B,7,62,Male,No,prereg
61c566cf9239ea074e5ce80a,1,1,1,description_noiseless,beliefs_first,5,4,4,4,890,49,2,49,49,2,49,0,2,B,7,32,Male,No,prereg
996e0f9dcc7fdb24a787cbaa,1,0.9,1,sampling_noiseless,choice_first,4,5,4,5,626,25,5,70,25,10,65,1,2,B,6,33,Male,DATA_EXPIRED,prereg
5bce7d70226b221098c1f078,1,1,1,description_noiseless,beliefs_first,2,2,5,5,1238,40,10,50,45,10,45,0,2,A,4,40,Male,No,prereg
6df212dc7cc20dbc70579fb9,1,0.5,0.5,description_noiseless,choice_first,4,3,5,3,1069,49,49,2,49,2,49,0,2,A,1,28,Male,No,prereg
650b34d4e3846283b9281b07,1,0.96,1,sampling_noiseless,beliefs_first,4,3,4,3,1002,40,10,50,40,10,50,0,2,A,6,46,Male,No,prereg
bb2a8271913667e2d5a528b5,1,0.82,0.71,sampling_noiseless,beliefs_first,4,4,4,4,778,75,1,24,70,1,29,1,2,A,6,56,Male,No,prereg
a5f81965f50c846331211fff,0,2,2,sampling_noiseless,choice_first,4,4,5,3,751,46,8,46,46,8,46,0,2,B,6,48,Male,No,prereg
fef959172fa0d3d7c6bdb6c1,1,0.9,1,description_noiseless,choice_first,2,2,3,3,694,49,2,49,50,2,48,0,2,B,6,40,Female,No,prereg
c224d01904a49b1d2a1d0ff9,1,1,1,description_noiseless,beliefs_first,1,3,4,5,791,45,10,45,45,10,45,0,2,B,1,35,Male,DATA_EXPIRED,prereg
2331dc010b691d13edb64608,1,0.64,0.84,sampling_noiseless,beliefs_first,4,3,4,3,637,40,20,40,30,30,40,1,2,A,6,42,Female,No,prereg
60fd5852c044761a8e287fba,0,1,1,description_noiseless,choice_first,3,2,3,3,501,49,2,49,49,2,49,1,2,B,4,34,Female,No,prereg
f80f450875455555b1e79fbb,1,1,1.2,sampling_noiseless,choice_first,2,1,5,5,556,45,5,50,50,5,45,1,2,A,6,41,Female,No,prereg
7fe7be5e6dcbdb56e3355920,1,0,0,sampling_noiseless,beliefs_first,4,3,4,4,634,40,20,40,45,15,40,0,2,A,6,42,Female,Yes,prereg
96d831c71914ad80f3922b6b,1,1,1,description_noiseless,choice_first,3,3,5,4,479,49,2,49,49,2,49,0,2,B,2,37,Female,No,prereg
c689aae6fec2024d6341e984,0,1,0.8,description_noiseless,beliefs_first,2,1,5,3,873,0,100,0,100,0,0,0,2,A,5,30,Male,No,prereg
a0b6f7c6720ea1f96f7889fb,1,1,1,description_noiseless,choice_first,4,4,3,3,770,46,9,45,45,9,46,1,2,A,7,32,Male,No,prereg
61dd312370f1c9a2eae4abe6,1,0.8,1,sampling_noiseless,beliefs_first,4,2,3,4,466,49,2,49,49,2,49,1,2,A,7,37,Male,DATA_EXPIRED,prereg
ff6d2f07071dd192272c0e99,0,1.3,0.85,description_noiseless,beliefs_first,2,2,4,4,756,51,8,41,38,15,47,0,2,B,4,40,Female,No,prereg
8c7d8805051ce8d75de0f3fa,0,1,1,description_noiseless,choice_first,4,3,5,4,721,49,2,49,49,2,49,0,2,A,1,45,Male,No,prereg
2428cd76c96a82667e36e9b9,1,1.12,1.08,sampling_noiseless,beliefs_first,4,4,5,5,568,35,5,60,33,2,65,0,2,B,7,27,Male,No,prereg
00dc6d2e8b094a2ef7195520,1,0.75,0.9,sampling_noiseless,beliefs_first,2,1,3,3,777,15,10,75,12,10,78,0,2,A,7,33,Female,No,prereg
eebcc6771c60553700b56d58,1,1,0.8,sampling_noiseless,choice_first,2,4,5,4,649,50,5,45,60,5,35,1,2,B,6,49,Female,DATA_EXPIRED,prereg
a38cd6425635a6e672e431f2,0,1,1,description_noiseless,beliefs_first,4,4,4,4,726,49.5,1,49.5,49.5,1,49.5,0,2,B,1,43,Male,DATA_EXPIRED,prereg
a3df421bfd16364bb2eb9eda,1,1.1,1.4,sampling_noiseless,choice_first,4,3,4,4,894,30,10,60,10,10,80,0,2,A,7,36,Female,No,prereg
6c53edb4c3731b33a2d1592f,0,1,1,description_noiseless,choice_first,2,1,3,3,1444,34,9,57,55,9,36,0,2,A,7,76,Female,No,prereg
7cc760bc00a31924e9760848,0,0.75,0.5,description_noiseless,choice_first,3,1,5,3,1823,10,10,80,80,10,10,1,2,B,5,84,Male,DATA_EXPIRED,prereg
a1ee940dc953b546de9b641e,1,1,1,description_noiseless,choice_first,4,5,3,3,728,45,10,45,45,10,45,1,2,A,6,43,Male,No,prereg
16d2fb25ab11cecf5da7383b,1,0.9,0.94,sampling_noiseless,choice_first,4,2,4,5,513,50,10,40,45,12,43,0,2,B,7,25,Male,No,prereg
9b9caa8aea3c9b79dcf64516,0,2,2,description_noiseless,choice_first,4,5,3,2,258,33,34,33,33,34,33,1,2,B,7,24,Male,Yes,prereg
45c149283d819c4e424ca702,1,1,1,description_noiseless,beliefs_first,2,1,2,3,285,25,50,25,25,50,25,0,2,B,5,31,Male,DATA_EXPIRED,prereg
173ed78c074c065025dd3292,0,1,1,description_noiseless,beliefs_first,3,2,3,3,1071,33,33,34,33,33,34,1,2,A,1,39,Female,No,prereg
d7fc3787110ccd0e327e16a4,1,0.9,1.1,sampling_noiseless,beliefs_first,2,3,4,3,949,40,15,45,30,20,50,0,2,B,3,36,Male,DATA_EXPIRED,prereg
83859894cb555eee03a9f9d5,1,1,1,description_noiseless,beliefs_first,2,2,4,4,485,45,10,45,45,10,45,0,2,A,4,30,Female,No,prereg
f98d16a651db685a8e2605a7,1,1,1.2,sampling_noiseless,beliefs_first,5,2,5,5,756,30,10,60,30,10,60,1,2,B,5,36,Female,DATA_EXPIRED,prereg
6f74670aa0fb3b6fe179245b,0,2,2,description_noiseless,beliefs_first,2,1,4,1,1222,0,50,50,2,50,48,0,2,A,4,64,Female,No,prereg
9f3afa5b8ffbedae2556244d,0,1.1,0.9,sampling_noiseless,choice_first,4,3,4,4,1242,25,15,60,45,10,45,0,2,B,5,45,Male,No,prereg
ebaf766400a22d6549125556,1,0.8,0.9,sampling_noiseless,choice_first,3,4,3,2,615,70,1,29,60,1,39,0,2,B,7,28,Male,Yes,prereg
396e4b23b9bade3d0e4e8a14,1,1,1,sampling_noiseless,choice_first,4,2,5,4,1334,20,50,30,15,15,70,0,2,A,6,33,Female,No,prereg
88b11851306c075affcb5556,0,1,1,description_noiseless,choice_first,3,4,3,4,541,40,10,50,50,10,40,1,2,A,1,45,Male,DATA_EXPIRED,prereg
e36f903b1e12a85ba0493e18,1,0.8,1,sampling_noiseless,choice_first,4,3,4,3,2295,58,4,38,48,4,48,1,2,B,2,25,Male,No,prereg
976537b2426cbc92993dd7c1,1,0.8,1.2,sampling_noiseless,choice_first,4,3,4,4,2464,50,0,50,0,40,60,0,2,B,5,26,Male,Yes,prereg
50859abb7625349fc97972ea,0,1,0.85,description_noiseless,choice_first,2,4,5,5,1270,49,2,49,49,2,49,0,2,B,5,28,Male,No,prereg
d8910196ae9591e1e8c51531,1,1,1.04,sampling_noiseless,beliefs_first,5,4,4,5,892,48,4,48,44,2,54,0,2,A,6,46,Male,DATA_EXPIRED,prereg
813416620beabac2e4c41733,1,1.6,1.8,sampling_noiseless,beliefs_first,3,2,5,5,575,30,20,50,20,10,70,1,2,B,7,34,Female,DATA_EXPIRED,prereg
d173bb2b2349032596209a0f,1,1,1,description_noiseless,beliefs_first,3,2,4,4,684,25,55,20,20,45,35,1,2,A,6,62,Male,No,prereg
68c61b92ca31e12a3427293b,1,2,0,description_noiseless,beliefs_first,2,2,3,2,690,15,55,30,100,0,0,0,2,A,5,23,Female,No,prereg
10071cc95095217e76dba04a,1,2,2,sampling_noiseless,choice_first,3,4,3,3,455,80,10,10,50,10,40,0,2,B,4,54,Male,No,prereg
8f94c415e2bbac00e075bbe3,1,1,1,sampling_noiseless,beliefs_first,4,2,3,3,962,48,4,48,48,1,51,1,2,B,5,31,Male,No,prereg
3d331f3d5a848e867f5fe61f,1,1,1.2,description_noiseless,choice_first,4,4,2,2,763,45,10,45,36,10,54,1,2,B,6,28,Female,DATA_EXPIRED,prereg
d4bcc9f801259afd1512bccd,1,1.05,1,sampling_noiseless,choice_first,2,3,3,4,642,60,0,40,35,0,65,1,2,B,7,62,Female,No,prereg
61d795cb81575b60a6ecd4c2,0,1.2,1.24,sampling_noiseless,beliefs_first,3,4,3,2,626,30,30,40,30,30,40,0,2,A,7,51,Male,DATA_EXPIRED,prereg
6030cd631a905a4b8f051402,1,1.1,1,description_noiseless,choice_first,2,1,5,4,1054,50,1,49,50,1,49,0,2,B,5,64,Male,No,prereg
4eea2ef42e4fd516af6e6f06,1,1.4,1.5,sampling_noiseless,beliefs_first,5,3,4,5,906,30,10,60,20,10,70,0,2,A,7,24,Male,Yes,prereg
7d9c07b19a9f9fa2189545ff,1,1.4,1.6,sampling_noiseless,choice_first,4,3,5,5,641,20,15,65,10,15,75,1,2,B,7,33,Female,No,prereg
494d8d162eb6bb6dfe800c83,1,1,1,description_noiseless,beliefs_first,4,1,2,2,519,45,10,45,20,40,40,0,2,B,6,44,Female,No,prereg
8fbab3b604bfeef20cc5c5d5,1,1,1,description_noiseless,beliefs_first,4,3,4,3,1331,45,10,45,45,10,45,1,2,A,6,51,Male,No,prereg
3edf6759321ca86ab904e80c,1,1.1,1,sampling_noiseless,beliefs_first,3,4,4,4,412,33,3,64,27,3,70,1,2,A,6,22,Female,Yes,prereg
5e89c6ec9da0f5618c57df3f,1,0.4,1,sampling_noiseless,beliefs_first,4,2,5,5,719,65,10,25,60,10,30,1,2,B,7,46,Male,No,prereg
1bef2731733e5b173bd42835,1,0.98,1.02,description_noiseless,choice_first,2,3,4,5,1222,49,2,49,51,2,47,0,2,B,5,54,Male,No,prereg
8b7043ace84ab49e6b5a1e05,1,1,1,sampling_noiseless,beliefs_first,3,2,4,3,1468,47,2,51,44,1,55,1,2,A,5,65,Male,No,prereg
970dd19ed9fcaad8a1df15ee,0,1,1,description_noiseless,choice_first,2,2,3,4,736,50,10,40,50,10,40,0,2,A,4,40,Female,No,prereg
cf1e1cdcb343c0f77d57a09f,1,1.2,1,sampling_noiseless,beliefs_first,3,2,4,4,855,50,2,48,51,2,47,1,2,A,6,38,Female,DATA_EXPIRED,prereg
d3bba01d5f7198fbc594bf1e,0,1,1,description_noiseless,choice_first,4,4,4,3,522,33,33,34,33,33,34,0,2,B,6,29,Male,No,prereg
30100823ee9431596cad5d43,1,1.3,1.6,sampling_noiseless,choice_first,5,2,3,2,519,30,5,65,20,5,75,1,2,B,7,43,Female,Yes,prereg
066c3ef3d56e81c0c85bd47d,1,0.9,0.9,description_noiseless,beliefs_first,3,3,5,2,1337,49,2,49,49,2,49,0,2,B,1,40,Male,No,prereg
64a3c6b9942539ba22ae5d0e,0,1,1,description_noiseless,choice_first,3,1,3,2,716,50,1,49,50,1,49,0,2,B,4,39,Male,DATA_EXPIRED,prereg
a0c51755711f5343f4f47081,0,1,1,description_noiseless,beliefs_first,3,5,3,2,704,49,2,49,49,2,49,0,2,A,1,39,Female,No,prereg
bac77f995db0f62fffad60ad,0,0.9,0.9,description_noiseless,choice_first,1,4,5,5,671,49,2,49,49,2,49,0,2,B,7,21,Male,Yes,prereg
e925a1f0a6d2bae2a31d01cc,1,0.98,1.02,sampling_noiseless,choice_first,2,4,2,5,542,48,4,48,48,4,48,0,2,B,7,21,Male,DATA_EXPIRED,prereg
57d308623ba3394327089359,0,2,2,sampling_noiseless,choice_first,2,2,3,2,1247,91,0,9,9,0,91,1,2,B,5,58,Female,No,prereg
4d2bbd0bb056c882833eb82c,1,0.8,1,sampling_noiseless,beliefs_first,2,1,3,5,935,48,48,4,48,48,4,1,2,B,7,32,Male,No,prereg
8d7cac4e3962aef09612acdb,0,1.3,1,sampling_noiseless,beliefs_first,4,1,4,4,973,35,0.5,64.5,49.5,0.5,50,1,2,B,7,31,Male,No,prereg
86299177477983a9edbb1a67,1,1,1,description_noiseless,beliefs_first,2,1,4,3,2485,48,4,48,49,2,49,0,2,B,4,58,Female,No,prereg
99d10089294401b3df354db3,1,1,1.1,sampling_noiseless,beliefs_first,4,3,4,4,452,30,10,60,20,10,70,1,2,A,5,31,Male,No,prereg
dbfada8e42f48c5cb614b097,1,1,1,description_noiseless,beliefs_first,3,3,5,4,1420,49,2,49,46,8,46,0,2,A,6,62,Male,No,prereg
688f49b3ef8b0b23c1c82d2f,0,1,1,description_noiseless,beliefs_first,4,2,4,4,756,0,100,0,0,100,0,0,2,B,4,41,Male,No,prereg
50c54d91914703048efe56dc,0,1.57,2,description_noiseless,choice_first,1,1,5,5,778,40,10,50,40,5,55,1,2,B,7,32,Male,No,prereg
a2d050e4e8f89895dc16132d,1,0.98,0.88,description_noiseless,beliefs_first,5,4,5,5,1334,40,40,20,40,40,20,1,2,B,7,46,Male,No,prereg
9fbf0dbafc624a68414c649a,1,0.02,0.04,sampling_noiseless,beliefs_first,4,3,4,2,1014,98,0,2,2,0,98,0,2,A,2,64,Female,No,prereg
f1c2d55320c3dd7443df2739,0,1.2,0.8,sampling_noiseless,choice_first,3,3,4,4,1073,25,30,45,45,25,30,0,2,B,4,22,Female,DATA_EXPIRED,prereg
11f0c82b6da7d1af12e1e444,0,1,1,description_noiseless,choice_first,3,3,4,4,1337,45.5,9,45.5,45.5,9,45.5,1,2,A,1,61,Male,DATA_EXPIRED,prereg
088d834d1176ce093addc6b9,1,1.3,1.4,sampling_noiseless,beliefs_first,4,2,1,2,585,40,10,50,40,10,50,0,2,A,5,24,Male,No,prereg
ee328da755bccd335ec5b70b,1,0.9,1,sampling_noiseless,choice_first,5,4,3,3,521,50,30,20,15,35,50,1,2,B,6,27,Male,No,prereg
f2d3a4349868980c672077f2,0,1,1,description_noiseless,beliefs_first,3,3,5,5,472,25,50,25,25,50,25,0,2,B,5,22,Female,Yes,prereg
067aec088c50ef8be26404d6,0,1,1,description_noiseless,choice_first,2,1,4,4,899,15,15,70,70,15,15,0,2,A,7,57,Female,No,prereg
fcdbf0b59ed6088656bb3a61,0,1.2,1.4,sampling_noiseless,choice_first,4,5,3,3,809,40,40,20,40,40,20,1,2,A,5,21,Female,DATA_EXPIRED,prereg
4a0d3b263f78a4fc280ae181,0,1.75,1,description_noiseless,beliefs_first,4,3,5,4,1737,30,20,50,40,50,10,1,2,A,5,29,Male,DATA_EXPIRED,prereg
5788dc7d7edf6bb30b220150,1,1.3,0.8,sampling_noiseless,choice_first,2,3,4,4,615,60,20,20,20,20,60,0,2,A,7,65,Male,No,prereg
bb3db84eab919e11b4bbc262,1,0.8,1,description_noiseless,choice_first,4,4,3,2,769,45,10,45,60,10,30,1,2,A,6,57,Male,No,prereg
b95b290b69efd79617f6ee95,0,1.4,1.3,sampling_noiseless,choice_first,3,3,4,2,836,75,0,25,40,0,60,0,2,B,4,62,Male,No,prereg
2cc46ac0d41e99271c589087,1,1,1,description_noiseless,beliefs_first,3,2,3,4,760,49,2,49,49,2,49,0,2,A,4,24,Male,No,prereg
b817deedb9f1818965eb35d3,0,0.5,1,sampling_noiseless,choice_first,5,1,5,5,609,30,20,50,50,10,40,0,2,B,4,31,Female,No,prereg
a293014cd9869af65cf61713,1,1,1,description_noiseless,beliefs_first,3,2,5,5,950,49.5,1,49.5,49.5,1,49.5,0,2,A,3,25,Male,DATA_EXPIRED,prereg
8f51b6f70e0189ec23fc16a9,1,0.95,0.85,sampling_noiseless,beliefs_first,4,3,2,2,1068,45,5,50,40,5,55,1,2,A,5,43,Male,No,prereg
422cd8aa06d94a0d1516f980,1,0.8,1.2,sampling_noiseless,choice_first,5,4,3,2,827,60,20,20,30,10,60,0,2,B,7,55,Male,DATA_EXPIRED,prereg
a78811f40693ee781763523f,1,0.8,1,sampling_noiseless,beliefs_first,3,3,5,4,1109,35,25,40,32,25,43,1,2,B,5,37,Male,No,prereg
c8051569d23cf93a22888fce,1,1,1,description_noiseless,choice_first,4,2,2,2,1028,20,30,50,10,30,60,0,2,A,6,26,Male,No,prereg
084179fe06614450b1df4479,0,0.8,1,description_noiseless,beliefs_first,2,4,5,5,715,48,4,48,52,4,44,0,2,B,6,32,Male,No,prereg
fe73117d331f39081c03ddbb,1,1,1.1,sampling_noiseless,beliefs_first,3,2,3,4,1008,30,10,60,30,0,70,1,2,A,5,31,Female,Yes,prereg
7264b77cc049e05c083a5241,1,1,1,description_noiseless,beliefs_first,3,3,4,4,988,40,10,50,40,10,50,1,2,B,6,25,Male,DATA_EXPIRED,prereg
c1909c942f3f5353ffb4ac89,1,0.4,0.3,description_noiseless,choice_first,5,1,2,1,728,40,2,58,42,2,56,0,2,B,6,23,Male,No,prereg
16df50f6afab6c0825c7114b,1,2,2,description_noiseless,choice_first,3,3,4,3,1218,47,6,47,47,6,47,0,2,A,5,24,Male,Yes,prereg
69c1bf449037dcc2efceb2ce,1,1.2,1,sampling_noiseless,beliefs_first,2,2,5,4,1439,50,10,40,40,10,50,1,2,A,6,53,Female,No,prereg
ddb24fae65ec923337b5a310,1,1.3,1.26,sampling_noiseless,choice_first,3,2,5,5,1118,30,15,55,30,15,55,0,2,A,7,32,Female,No,prereg
7de8af57010a3f60a731d644,0,1.25,1.5,description_noiseless,beliefs_first,1,3,5,5,656,48,2,50,50,2,48,0,2,A,5,22,Female,Yes,prereg
638d73de8c5e2f93628cd3c4,1,1.2,1.24,sampling_noiseless,choice_first,3,4,4,4,542,20,30,50,20,30,50,0,2,B,7,35,Male,DATA_EXPIRED,prereg
2dc10e09abe0c9ca40a914c5,1,0.9,1,sampling_noiseless,choice_first,2,2,4,2,1037,50,20,30,30,30,40,1,2,B,4,48,Female,No,prereg
8f004113186af7b344e4fd3c,0,1,1,description_noiseless,beliefs_first,3,2,4,1,864,40,10,50,50,10,40,1,2,A,7,52,Female,DATA_EXPIRED,prereg
66120c1c8ce3ef6386b02c34,1,1,1.6,sampling_noiseless,beliefs_first,4,2,4,4,439,40,10,50,20,10,70,1,2,A,7,31,Female,DATA_EXPIRED,prereg
313921c908efcdef5440f4ff,0,1.5,1.5,description_noiseless,beliefs_first,4,3,4,5,493,45,10,45,45,10,45,1,2,A,4,31,Female,No,prereg
0de1797b131d0a11b05f078d,0,1,1,sampling_noiseless,choice_first,3,4,5,5,783,52,2,46,50,2,48,0,2,B,6,60,Female,No,prereg
fffaae8c3827ca5e306607eb,1,1,1.2,description_noiseless,choice_first,4,2,5,5,643,48,4,48,52,2,46,0,2,B,5,34,Male,No,prereg
2eb8dd9d3eec8792c163fe4b,1,0.85,1,sampling_noiseless,beliefs_first,3,1,5,5,1772,45,9,46,46,9,45,1,2,B,7,40,Female,No,prereg
07c62c4a7953d0fcac4e41fc,1,1.2,1.4,sampling_noiseless,beliefs_first,3,2,5,5,741,48,2,50,48,2,50,1,2,B,6,20,Female,Yes,prereg
0b7d0dc38242e0f5b8d3d393,1,1,1,description_noiseless,beliefs_first,3,2,5,5,539,48,4,48,48,4,48,1,2,B,2,29,Female,DATA_EXPIRED,prereg
f7a8fda3244ec0c41e102c5f,1,1,0.96,sampling_noiseless,beliefs_first,3,4,5,4,783,60,0,40,60,0,40,0,2,B,7,37,Female,No,prereg
78c07144b21fd77dade26ff7,1,1.05,1.8,sampling_noiseless,choice_first,2,2,4,3,1782,40,0,60,15,0,85,1,2,B,3,33,Female,No,prereg
085356c47cd40e53aaa4c1f6,1,0.7,1.7,sampling_noiseless,choice_first,3,3,4,4,4711,70,20,10,20,10,70,1,2,A,7,62,Female,No,prereg
f1706d1346202723b2f9a9ef,1,1,1.2,sampling_noiseless,choice_first,3,2,4,4,1019,40,20,40,35,20,45,1,2,A,7,38,Female,No,prereg
6ce67313af92e2be7fce38ff,1,1.05,1.2,sampling_noiseless,beliefs_first,2,3,4,4,642,48,2,50,40,4,56,1,2,B,6,28,Female,No,prereg
333b09e6fff3798319328b47,1,2,2,sampling_noiseless,choice_first,3,2,5,4,1075,0,0,100,0,0,100,0,2,B,6,62,Female,No,prereg
0f596a08d4cca192c9fd1a8d,0,1,0.818,description_noiseless,beliefs_first,3,3,4,4,1273,0,100,0,100,0,0,1,2,B,7,23,Female,DATA_EXPIRED,prereg
70e218011ef676121df979ae,0,1,1.2,description_noiseless,choice_first,4,3,4,4,730,45,10,45,51,9,40,1,2,A,3,43,Female,DATA_EXPIRED,prereg
9df86d8259eecca5fcbe4d16,0,1,1,description_noiseless,choice_first,2,1,5,4,1114,45,10,45,45,10,45,0,2,A,4,39,Female,No,prereg
a7321f5d2c60bc2ef21aa4b5,1,1.2,1.5,sampling_noiseless,choice_first,3,3,4,4,496,10,10,80,5,10,85,1,2,A,5,26,Female,No,prereg
d8df425754f60a464400d713,0,0.75,1,description_noiseless,beliefs_first,2,3,4,5,1260,60,20,20,30,40,30,0,2,B,4,49,Female,No,prereg
efb271e1b8c9cc68fb5b863b,1,0.6,0.64,sampling_noiseless,beliefs_first,3,2,5,5,545,80,2,18,60,2,38,1,2,A,6,38,Female,DATA_EXPIRED,prereg
d9c7fb9c35898723f12e6983,1,1.18,1.26,sampling_noiseless,beliefs_first,3,3,4,4,511,40,5,55,30,5,65,0,2,B,7,44,Female,No,prereg
e79882a5da28b9afa855f7aa,0,1,1.04,sampling_noiseless,beliefs_first,4,4,2,2,665,49,2,49,49,2,49,1,2,A,7,50,Female,No,prereg
d70325f4018fb1e1838b2671,1,0.9,1,sampling_noiseless,choice_first,2,2,2,2,633,60,0,40,50,0,50,0,2,A,6,44,Female,No,prereg
5899f5fa71671741c0c4bc23,1,1.2,1.6,description_noiseless,beliefs_first,2,2,5,5,644,60,0,40,30,0,70,1,2,B,3,29,Female,No,prereg
497c74f9b7c8138b8d4c58ef,0,0.95,0.9,description_noiseless,beliefs_first,3,3,4,3,481,49,2,49,48,2,50,0,2,A,6,38,Female,Yes,prereg
0b982c9e849d1e0aa420a2d3,0,1,1,description_noiseless,choice_first,3,2,4,4,628,49,1,50,50,5,45,1,2,B,4,39,Female,No,prereg
64269c930314e19cfd9009ff,1,1.5,1.5,description_noiseless,beliefs_first,4,2,5,5,435,40,20,40,40,20,40,1,2,A,7,34,Female,No,prereg
e513027b84a7660eb2a21cd4,1,1.4,1.6,sampling_noiseless,beliefs_first,5,3,4,4,812,30,0,70,30,0,70,1,2,A,7,56,Female,No,prereg
847995815f241183194fad47,1,0,2,sampling_noiseless,choice_first,4,3,4,3,812,90,0,10,10,0,90,1,2,B,7,35,Female,DATA_EXPIRED,prereg
b308e743355b5c9438cda8b1,1,1.28,1.24,sampling_noiseless,choice_first,5,3,5,5,411,35,5,60,35,5,60,0,2,A,7,20,Female,Yes,prereg
69c53a2462f76a0e84a45d77,1,1,0.8,sampling_noiseless,choice_first,1,1,4,2,688,100,0,0,80,10,10,1,2,B,7,52,Female,No,prereg
2080f51ecff67e697ddc7146,1,1.2,1.7,sampling_noiseless,choice_first,4,3,4,5,520,30,1,69,28,1,71,1,2,B,7,36,Female,Yes,prereg
8a3cb60b3e7c9966fa269ae9,1,0.98,1,description_noiseless,beliefs_first,2,2,4,4,627,33,34,33,33,34,33,0,2,A,7,38,Female,No,prereg
0c35b17a1a1b0f5836d6d875,1,1.1,0.78,sampling_noiseless,beliefs_first,2,3,5,5,585,75,5,20,18,2,80,0,2,A,7,30,Female,DATA_EXPIRED,prereg
074141c5b7713d5a932a00b9,1,1.56,1.6,sampling_noiseless,beliefs_first,2,3,4,3,897,40,10,50,35,10,55,0,2,A,6,31,Female,No,prereg
846e224586d7f4ec77f356c3,0,2,1.8,sampling_noiseless,choice_first,2,1,4,4,448,0,0,100,0,0,100,1,2,B,7,32,Female,DATA_EXPIRED,prereg
521ff10d4e7bacc5a1b2bdaa,0,1,1,description_noiseless,choice_first,2,2,4,4,710,49,2,49,49,2,49,1,2,A,1,53,Female,No,prereg
7c32f6e620c6724887668e84,0,0.5,0.6,sampling_noiseless,beliefs_first,3,1,5,5,921,40,10,50,45,5,50,0,2,A,6,61,Female,No,prereg
b302eb068b17eaf924f90099,1,1,1,description_noiseless,beliefs_first,4,3,4,3,1175,45,10,45,48,4,48,1,2,B,6,27,Female,Yes,prereg
3b5084a0f5e19ee7ebb38790,0,0.8,0.9,description_noiseless,choice_first,4,2,3,5,1186,40,20,40,20,30,50,1,2,B,6,38,Female,No,prereg
e8cebf0ff5d9d5706de7d539,1,0.7,0.8,sampling_noiseless,beliefs_first,2,2,5,4,990,65,0,35,55,0,45,1,2,A,7,27,Female,No,prereg
fdc8f57ea049962e51b17ca5,1,1.65,1.7,sampling_noiseless,choice_first,3,2,3,2,1250,30,5,65,25,5,70,0,2,B,7,39,Female,DATA_EXPIRED,prereg
e81a5d5a2837d3dbb1cde96f,1,2,0.4,description_noiseless,choice_first,3,1,4,2,1069,5,25,70,15,50,35,1,2,A,5,51,Female,No,prereg
de55c9e9ad74cddfc27e518e,0,1.5,1.25,description_noiseless,choice_first,3,2,4,4,576,50,5,45,40,10,50,1,2,B,4,32,Female,No,prereg
dc69d01e6bbc8394202acbc3,1,1,1,sampling_noiseless,beliefs_first,2,2,4,2,1051,80,2,18,65,1,34,0,2,A,6,55,Female,No,prereg
8bca4883ecc90150bf23004d,1,1,2,sampling_noiseless,beliefs_first,2,3,5,5,805,45,2,53,46,4,50,1,2,A,6,57,Female,No,prereg
caf4fb6c9183b56c082e023b,0,1,1.5,sampling_noiseless,beliefs_first,4,3,4,4,376,20,30,50,30,20,50,1,2,A,4,30,Female,Yes,prereg
0ad32f8504c002b5b5616437,1,0.7,1,sampling_noiseless,beliefs_first,3,4,4,3,796,40,10,50,25,10,65,0,2,B,7,30,Female,DATA_EXPIRED,prereg
bdff783a63414ce443975bd5,1,1,1,description_noiseless,choice_first,4,4,3,5,773,49.75,0.5,49.75,49.75,0.5,49.75,1,2,B,1,21,Female,Yes,prereg
fcb6a3c874fb7f3469b04fb5,1,0.96,1.2,sampling_noiseless,choice_first,4,3,4,2,816,92,4,4,3,4,93,0,2,A,7,49,Female,No,prereg
1d270f975263a0edaadf0737,0,1,0.75,description_noiseless,choice_first,3,2,4,3,1745,50.3,2.3,47.4,48,2,50,0,2,A,5,61,Female,No,prereg
86c25b5b69cd678246c6b724,1,1,2,sampling_noiseless,choice_first,4,3,3,5,1285,35,2,63,51,2,47,0,2,B,6,36,Female,No,prereg
bb0a927aec0cf2d97cfdc41c,0,0,2,description_noiseless,beliefs_first,3,2,5,5,835,45.5,9,45.5,45.5,9,45.5,1,2,B,7,55,Female,No,prereg
03eded04d509ccb95eaa2f69,0,2,0,description_noiseless,beliefs_first,3,1,5,4,609,0,30,70,1,1,98,0,2,A,7,25,Female,No,prereg
dd02603cd15b628a38aab4ba,0,1,1.25,description_noiseless,beliefs_first,5,4,4,4,1145,49,2,49,52,1,47,1,2,A,7,39,Female,No,prereg
c6f39a44a0ef2295dcc3778f,0,0,2,description_noiseless,choice_first,2,2,4,4,723,0,0,100,100,0,0,0,2,B,7,60,Female,No,prereg
7ed32b7a11f15e94541e0f0e,1,0.18,0.2,description_noiseless,choice_first,3,1,4,1,1209,50,1,49,49,1,50,1,2,B,6,43,Female,No,prereg
88c98bb93a5f68ffd8b54a5e,1,1,1,sampling_noiseless,choice_first,4,3,4,4,712,20,40,40,25,45,30,1,2,A,7,32,Female,DATA_EXPIRED,prereg
9337482aefd4de73e5aea17a,0,1,0.75,description_noiseless,beliefs_first,2,1,4,5,2835,40,4,56,57,3,40,0,2,B,6,64,Female,No,prereg
0b52afcb49bdcbd588c7f058,1,2,2,sampling_noiseless,choice_first,3,4,4,4,1409,50,0,50,49,2,49,0,2,B,5,69,Female,No,prereg
550d6aea725b07599465133f,1,1,1,sampling_noiseless,choice_first,2,4,4,2,755,55,1,44,44,1,55,1,2,B,3,41,Female,DATA_EXPIRED,prereg
4efa37a8f93ff387a585bdb6,1,0.8,1.2,description_noiseless,choice_first,4,1,4,4,572,40,30,30,20,30,50,1,2,B,6,43,Female,No,prereg
674785965cfc53b4f36fb24d,1,1.1,1.2,sampling_noiseless,beliefs_first,2,3,4,4,509,30,30,40,10,30,60,1,2,B,6,36,Female,No,prereg
946a289743181511f80c3158,1,1.4,1.6,sampling_noiseless,choice_first,3,2,4,4,558,45,0,55,45,0,55,0,2,A,7,26,Female,No,prereg
2c4deb3f987754f38a4bda15,0,1,1,description_noiseless,choice_first,3,2,4,4,656,35,30,35,35,30,35,0,2,B,6,39,Female,No,prereg
ded07dcd999971635430fa46,1,1,1,sampling_noiseless,beliefs_first,4,3,2,2,693,49,1,50,48,1,51,0,2,B,7,54,Female,No,prereg
c5cd7cf24a45a7f283556b47,1,1,0.75,description_noiseless,beliefs_first,1,2,4,4,771,5,5,90,90,5,5,0,2,B,7,42,Female,No,prereg
0ac0b28c4c2a54ba0077ecf0,1,1.3,1.5,sampling_noiseless,beliefs_first,2,3,4,4,645,57,3,40,55,2,43,1,2,A,7,23,Female,Yes,prereg
58cf223b344a85a2765b539a,0,1,1,description_noiseless,choice_first,4,3,3,3,512,49,1,50,50,1,49,1,2,B,5,52,Female,No,prereg
f9f0991da8ddc64ce6bcc058,0,2,1,description_noiseless,beliefs_first,1,4,3,3,663,0,0,100,33,34,33,1,2,B,7,47,Female,No,prereg
5667ea1fcc60783c00029dc7,0,1.7,1.5,description_noiseless,choice_first,4,4,2,5,861,2,18,80,2,8,90,0,2,A,5,28,Female,No,prereg
b8adbfce657986ac1ff348fb,1,1.3,0.8,sampling_noiseless,beliefs_first,4,2,3,5,1082,40,10,50,30,10,60,0,2,B,6,42,Female,DATA_EXPIRED,prereg
e3aa4c71bf953847fd76ecb6,1,1,1.5,sampling_noiseless,choice_first,3,2,3,4,649,65,5,30,45,5,50,0,2,A,6,31,Female,No,prereg
302dfab0e85c0f5d3a6e99e7,1,1,0.9,sampling_noiseless,choice_first,2,2,5,4,560,30,10,60,35,10,55,0,2,B,3,54,Female,No,prereg
e525c14e57aa3666275df149,1,1.75,2,description_noiseless,beliefs_first,4,2,5,5,1196,10,20,70,20,40,40,0,2,B,7,52,Female,No,prereg
4d954a4e12b13e6c1d3ccbb0,0,1,1,description_noiseless,choice_first,4,4,3,3,1315,45,10,45,45,10,45,1,2,B,4,34,Female,DATA_EXPIRED,prereg
8edbd83d635947ace7cc6879,1,0.98,0.98,description_noiseless,beliefs_first,4,2,5,3,958,45.5,9,45.5,45.5,9,45.5,1,2,B,1,39,Female,No,prereg
6e4b64720e78af1fb236cb79,1,1,1,description_noiseless,choice_first,3,4,4,3,1497,40,10,50,40,10,50,0,2,A,4,58,Female,No,prereg
5bb9ee22ffc6bfababfc094d,1,0.88,0.84,sampling_noiseless,choice_first,3,4,3,3,377,30,40,30,30,40,30,0,2,A,6,30,Female,No,prereg
ed57683bf40de6db518ee2ef,0,1.25,0.75,description_noiseless,choice_first,3,3,4,2,710,5,35,60,60,35,5,0,2,B,6,70,Female,No,prereg
bc88f04da0e5f9d0e2ed9626,0,1,0.75,description_noiseless,beliefs_first,2,3,4,4,767,40,10,50,60,10,30,1,2,B,4,60,Female,No,prereg
a59962577ac7ab899c2e39e5,1,0.8,1.2,sampling_noiseless,beliefs_first,2,3,5,4,1244,80,10,10,70,10,20,1,2,B,6,63,Female,No,prereg
8c9996e61c502de10ae0ca65,1,1,1.2,sampling_noiseless,choice_first,3,2,4,3,546,40,40,20,10,30,60,1,2,B,6,22,Female,Yes,prereg
4c641e4294ee8284c62e3638,0,2,1,description_noiseless,beliefs_first,2,2,3,3,534,0,25,75,75,25,0,1,2,A,4,51,Female,No,prereg
37cd67dda2f16a79421ca6e0,0,1,1,description_noiseless,choice_first,2,4,5,3,613,46,8,46,46,8,46,1,2,A,7,33,Female,Yes,prereg
757ea364db3bedb8cd59ef7f,0,1,1,description_noiseless,choice_first,2,3,4,5,475,49,2,49,49,2,49,0,2,A,4,21,Female,Yes,prereg
cda2d8510ade9935c954b041,1,1,1,sampling_noiseless,beliefs_first,2,1,5,5,764,48,4,48,46,4,50,1,2,B,3,38,Female,No,prereg
84f756e7c1d32031cd782297,1,0.8,1,sampling_noiseless,beliefs_first,4,2,5,2,994,49,2,49,44,2,54,1,2,A,6,53,Female,No,prereg
1fd0bda7e67d4df76dfa4938,0,1,1,description_noiseless,beliefs_first,3,4,4,1,887,45,10,45,45,10,45,0,2,B,7,51,Female,DATA_EXPIRED,prereg
7bf935783ce9a81346565284,0,1,1,description_noiseless,beliefs_first,3,4,5,4,1390,45.45,9.1,45.45,45.45,9.1,45.45,1,2,A,4,48,Female,No,prereg
55fd5cced7cdf19f9c908cf0,1,0.5,1.5,sampling_noiseless,beliefs_first,3,2,4,3,947,65,10,25,40,15,45,1,2,A,7,23,Female,No,prereg
405af47570e6b986158d3171,1,0.58,1.32,sampling_noiseless,beliefs_first,2,1,5,5,905,92,1,7,8,2,90,0,2,B,7,35,Female,DATA_EXPIRED,prereg
ef2c07ec694a030480cd0973,0,1,1,description_noiseless,choice_first,2,2,5,4,457,45,5,50,45,5,50,0,2,A,5,36,Female,No,prereg
37b23e5857c47d40b31c54f7,1,0.4,1.12,sampling_noiseless,beliefs_first,4,4,4,3,710,80,2,18,40,2,58,0,2,A,7,27,Female,No,prereg
3a55d0b0cd029367f3dd5fca,1,1.4,0.9,sampling_noiseless,choice_first,4,3,4,3,602,55,5,40,55,5,40,0,2,B,6,22,Female,No,prereg
a140009e7391b3b3588fa886,1,2,1,sampling_noiseless,choice_first,3,1,4,2,1252,3,1,96,2,0,98,1,2,B,4,50,Female,No,prereg
9f23aece3b6f4d1b798b9a60,0,1,1,description_noiseless,beliefs_first,2,1,4,4,1100,49,1,50,50,1,49,1,2,A,1,56,Female,No,prereg
d7150f550e445098b318aa69,1,1.75,1.5,description_noiseless,choice_first,3,2,5,5,1677,25,15,60,30,10,60,1,2,B,4,31,Female,Yes,prereg
cae171db59152aef3a19e8f2,1,1,1,sampling_noiseless,choice_first,4,2,4,4,573,75,0,25,75,0,25,1,2,B,5,34,Female,Yes,prereg
43eb0bc41ef1c710b7a0fb86,0,1,1,description_noiseless,choice_first,3,1,5,5,781,49,2,49,66,2,32,1,2,B,7,41,Female,No,prereg
71b52928b0c7b264bd61859e,0,1,1,description_noiseless,choice_first,3,4,5,5,352,49,2,49,49,2,49,0,2,B,1,22,Female,Yes,prereg
31bc674c07d6639725fa1f56,1,1,1,description_noiseless,beliefs_first,1,2,5,3,1310,45.5,9,45.5,45.5,9,45.5,0,2,A,5,55,Female,No,prereg
9f7324f71a90c5275abac3cb,0,17,15,description_noiseless,beliefs_first,3,1,4,2,1233,40,20,40,45,20,35,0,2,A,5,37,Female,No,prereg
f8226c47ca378883ddeacaf8,1,1.5,1.8,sampling_noiseless,beliefs_first,3,4,4,4,1153,1,1,98,1,1,98,1,2,A,7,65,Female,DATA_EXPIRED,prereg
569f2d98edee783960fcc8ff,1,1.3,1.3,description_noiseless,beliefs_first,2,1,3,3,670,50,50,0,50,50,0,0,2,B,5,46,Female,DATA_EXPIRED,prereg
4834889eeb81ffd0a7b135cb,0,1,0.9,sampling_noiseless,choice_first,4,3,5,5,1297,5,60,35,5,80,15,1,2,B,6,22,Female,DATA_EXPIRED,prereg
6e90a01189c1cd4eb8484c8a,1,1,0.85,sampling_noiseless,beliefs_first,2,2,5,5,731,59,1,40,48,1,51,1,2,A,7,40,Female,No,prereg
ff963fac5d2374ea8b545696,1,1.6,1.7,sampling_noiseless,beliefs_first,2,1,4,4,787,48,2,50,40,2,58,0,2,A,7,30,Female,No,prereg
9b4de76db53e69ed3d0a80c3,1,1,1,description_noiseless,choice_first,3,3,4,3,707,45,10,45,45,10,45,0,2,A,2,40,Female,No,prereg
3f58bf719f02b09889286e73,1,1.2,1.1,sampling_noiseless,choice_first,3,3,5,5,779,40,10,50,40,10,50,1,2,A,5,26,Female,No,prereg
8134f7fe40ae4d3d93543053,1,1.4,1.6,sampling_noiseless,beliefs_first,1,4,3,3,545,60,5,35,35,5,60,1,2,A,6,33,Female,No,prereg
b0417df2ef077d5a0d9ee620,1,1,1,description_noiseless,choice_first,4,3,5,5,456,80,10,10,80,10,10,0,2,B,7,32,Female,No,prereg
66abb1231d9c104ce28e627f,1,1,1,sampling_noiseless,choice_first,2,3,3,2,864,34,33,33,34,33,33,1,2,B,1,41,Female,No,prereg
bd230aa1df347aa0f79d54e9,0,1,1,description_noiseless,beliefs_first,2,3,4,4,1029,45,10,45,45,10,45,0,2,A,1,55,Female,No,prereg
b0e681ee052bd0933567070e,1,1.5,1,sampling_noiseless,choice_first,3,3,4,4,675,75,5,20,15,10,75,1,2,A,6,43,Female,DATA_EXPIRED,prereg
e221ad2857e6f8a9ac57129e,1,0.8,1,sampling_noiseless,beliefs_first,3,2,5,4,861,75,0,25,25,25,50,1,2,B,6,49,Female,No,prereg
5d5f5f7cc57c2d3f46a16d75,1,1,1.25,description_noiseless,beliefs_first,3,1,4,1,778,50,10,40,40,10,50,1,2,A,4,50,Female,No,prereg
4e6fce9fb276958dc6c5a510,0,1,0.9,description_noiseless,choice_first,4,3,4,4,805,40,20,40,35,20,45,1,2,B,3,29,Female,DATA_EXPIRED,prereg
c9067a8845fd5b3f7e577b2e,0,1,1,description_noiseless,beliefs_first,3,3,4,4,620,25,50,25,25,50,25,0,2,A,4,49,Female,DATA_EXPIRED,prereg
a6ce3c05050e1ce3c528f8a3,1,1.2,1.5,sampling_noiseless,choice_first,2,2,3,3,519,70,10,20,65,10,25,1,2,A,5,36,Female,Yes,prereg
9a38f3c8db231a28c095cad6,1,0.7,1.2,sampling_noiseless,beliefs_first,4,3,4,2,740,30,10,60,25,10,65,1,2,B,7,55,Female,No,prereg
ac919e8e27f2d72ff9c9f67c,1,1,1.2,sampling_noiseless,choice_first,2,2,4,4,480,20,20,60,20,20,60,0,2,A,6,40,Female,No,prereg
3a03ac884b927cc1bc225efb,0,2,1.5,description_noiseless,choice_first,4,2,4,4,463,20,60,20,40,40,20,0,2,B,7,40,Female,No,prereg
60458103f760cafc6c3dbd7a,1,2,1.25,description_noiseless,choice_first,4,2,5,5,1115,20,20,60,50,30,20,0,2,B,6,48,Female,No,prereg
6959397111a9260261b3983d,1,1.2,1.4,sampling_noiseless,beliefs_first,3,1,5,5,744,0,10,90,0,0,100,1,2,A,7,27,Female,No,prereg
3dd4dde9946c6d455fa400b9,1,1,1,description_noiseless,choice_first,2,2,4,4,1110,45,10,45,45,10,45,1,2,B,4,33,Female,No,prereg
03cfad7ea419a4b3906bd394,1,0.2,0.2,description_noiseless,beliefs_first,2,2,3,4,1501,25,25,50,25,25,50,1,2,B,2,31,Female,DATA_EXPIRED,prereg
7636cbdcd5a4e20f46e94b9a,1,1,1,description_noiseless,beliefs_first,5,3,4,4,731,45,10,45,37,18,45,1,2,B,5,28,Female,DATA_EXPIRED,prereg
96cf8948f948779849f96408,0,1,0.8,description_noiseless,choice_first,3,2,4,3,762,20,50,30,60,25,15,0,2,B,7,23,Female,No,prereg
923d1944b2d9868e106a741a,1,1,1,description_noiseless,choice_first,5,3,4,2,714,45,10,45,45,10,45,1,2,B,6,45,Female,No,prereg
55a6c66c5dbc38135e577aa0,0,0.75,0.75,description_noiseless,beliefs_first,4,2,4,4,713,40,2,58,58,2,40,0,2,B,5,55,Female,DATA_EXPIRED,prereg
aaabfd2adff8669f8b90e124,1,1,1.2,sampling_noiseless,choice_first,3,4,4,4,649,50,20,30,30,20,50,1,2,B,6,30,Female,DATA_EXPIRED,prereg
17eb17d2013b8755a42c3cc2,1,1.5,1.3,sampling_noiseless,beliefs_first,3,3,4,4,1645,45,1,54,50,1,49,0,2,B,6,51,Female,No,prereg
c6a858400bd89e6d31b5aede,1,1.2,1.4,sampling_noiseless,choice_first,3,2,4,4,1031,10,0,90,5,0,95,1,2,B,4,39,Female,DATA_EXPIRED,prereg
5da0beafa84610769e6d0014,1,1,1,description_noiseless,beliefs_first,3,2,3,4,633,49,2,49,49,2,49,0,2,A,4,21,Female,No,prereg
2d9114891a45729d1fe81d73,1,0.75,1.25,description_noiseless,choice_first,4,2,5,3,650,45,10,45,45,10,45,0,2,B,7,30,Female,No,prereg
733ffefa6a5f3b76cc3fa38c,1,1,1,sampling_noiseless,choice_first,4,3,4,3,848,60,10,30,50,10,40,0,2,B,7,35,Female,No,prereg
87d963aa46d9cd6a955a42ab,1,0.98,1.02,sampling_noiseless,choice_first,4,3,4,4,709,40,5,55,35,5,60,0,2,A,4,27,Female,No,prereg
5bc6f1f8784b192400cb45a5,1,1.4,1.2,sampling_noiseless,choice_first,2,1,4,4,986,59,1,40,45,1,54,1,2,A,6,58,Female,No,prereg
799e22e11671f25eb1801fea,1,1,1,description_noiseless,choice_first,2,3,2,1,494,45,5,50,50,5,45,0,2,A,3,27,Female,Yes,prereg
a72efd006389cfd33c135a12,0,1,1,description_noiseless,beliefs_first,3,1,5,4,497,20,40,40,20,40,40,0,2,A,4,44,Female,No,prereg
287bccbedf633848132a4c06,1,0.8,1,sampling_noiseless,choice_first,3,1,3,3,752,30,50,20,20,40,40,1,2,B,6,49,Female,DATA_EXPIRED,prereg
78fee4b34d771ffcf9576575,0,1,1,description_noiseless,choice_first,2,3,4,2,707,45,10,45,45,10,45,1,2,A,1,37,Female,DATA_EXPIRED,prereg
1954243267c2ce5575fecfeb,1,1.2,1,sampling_noiseless,beliefs_first,2,5,5,3,1046,45,10,45,41,10,49,1,2,A,7,41,Female,No,prereg
5266767a88a45f1bad49864c,1,1,1.1,sampling_noiseless,choice_first,3,2,4,4,1116,50,10,40,50,10,40,0,2,A,7,52,Female,No,prereg
7344fbae7361c50b719b54e0,1,1.5,2,sampling_noiseless,beliefs_first,3,2,3,4,1221,20,30,50,15,20,65,0,2,B,7,58,Female,DATA_EXPIRED,prereg
e0575174196bc9f58b143c72,0,1,1,description_noiseless,choice_first,4,4,5,5,1704,25,35,40,50,30,20,1,2,B,6,61,Female,No,prereg
ebbce3f8a7a884800cffd070,0,1,1,description_noiseless,beliefs_first,3,2,3,3,719,0,5,95,2,3,95,1,2,B,4,68,Female,No,prereg
e71d0a9dc5b3fbfb4bf17970,1,0.9,0.9,sampling_noiseless,beliefs_first,4,3,3,4,548,51,1,48,48,1,51,1,2,A,7,28,Male,No,prereg
31868b7b0bd4c7a49ac55e47,0,1,1,description_noiseless,choice_first,2,2,3,4,545,30,40,30,40,30,30,0,2,A,5,48,Female,No,prereg
0f6cb6714a0dab3e14a4d9b8,1,1.25,1.25,description_noiseless,beliefs_first,3,2,5,4,576,45,10,45,45,10,45,0,2,B,4,37,Female,No,prereg
5f4fea3554aaa86659445438,1,1,1.48,sampling_noiseless,beliefs_first,2,1,4,3,722,50,20,30,40,30,30,0,2,A,7,63,Female,No,prereg
25fdc0e49c2267b8639c911a,1,0.5,0.5,sampling_noiseless,choice_first,3,3,4,3,419,75,20,5,50,40,10,1,2,B,5,30,Female,No,prereg
e6801d43f48572efda4117f9,1,1,1,description_noiseless,choice_first,4,3,4,4,1520,49,2,49,50.9,2,47.1,0,2,A,7,24,Female,Yes,prereg
c12512f010d0fb9360d4e9e6,1,1,0.5,description_noiseless,beliefs_first,1,5,4,2,700,60,20,20,80,5,15,0,2,B,2,28,Female,No,prereg
4fa6e560dc9182f813a712d3,1,2,0.5,description_noiseless,choice_first,1,3,3,3,383,80,10,10,40,25,35,1,2,A,4,32,Female,DATA_EXPIRED,prereg
7df83c320b8de4413ded8b33,1,0.98,0.5,sampling_noiseless,beliefs_first,3,1,4,5,1174,50,49,1,30,20,50,1,2,B,7,39,Female,No,prereg
48202ab90a4e5e61252e6963,0,1,1,description_noiseless,choice_first,3,3,4,4,938,49,2,49,49,2,49,0,2,B,5,22,Female,No,prereg
9d4dea2d9057139c7caeebd9,1,1.4,1.6,sampling_noiseless,choice_first,2,2,4,3,1301,25,15,60,15,20,65,1,2,B,3,58,Female,No,prereg
b28bcf68392e975a2200d9b5,1,1.04,1,sampling_noiseless,beliefs_first,3,4,5,4,631,50,5,45,60,5,35,0,2,A,7,35,Female,No,prereg
9113c7d3a2d0642a0630e182,1,1,1,description_noiseless,choice_first,4,4,4,2,357,50,1,49,50,1,49,1,2,B,5,34,Female,No,prereg
8d5f181fd4692f0154da5ce9,1,0.92,0.9,sampling_noiseless,choice_first,2,3,4,4,461,55,0,45,53,0,47,0,2,A,4,27,Female,Yes,prereg
1aaa240b0584c3274245aabb,1,0.7,0.9,sampling_noiseless,beliefs_first,1,3,4,3,879,75,5,20,40,5,55,0,2,B,6,45,Female,DATA_EXPIRED,prereg
f009684f19e0549dc07f8f2f,1,1,1,sampling_noiseless,choice_first,5,1,3,3,761,70,10,20,50,10,40,1,2,A,6,41,Female,No,prereg
873e11039f40c6e9102e7732,1,1,2,description_noiseless,choice_first,3,4,4,3,886,40,20,40,30,40,30,1,2,B,4,DATA_EXPIRED,Female,No,prereg
4cef3136366f40f4d874a1ce,0,1,1,description_noiseless,beliefs_first,3,1,2,4,776,25,50,25,25,50,25,1,2,A,7,42,Female,No,prereg
8e4db376344136cce3e1923f,1,1,1,sampling_noiseless,beliefs_first,2,2,5,4,1222,0,100,0,0,100,0,1,2,A,4,48,Female,No,prereg
5c988f64541bdf7ffa8129a0,1,1.1,0.9,sampling_noiseless,choice_first,3,2,4,2,830,70,10,20,40,10,50,1,2,B,6,24,Female,DATA_EXPIRED,prereg
4fd7f81dd9ce6d7271157ad3,1,1.3,1.5,sampling_noiseless,beliefs_first,4,2,4,4,2085,33,33,34,33,33,34,1,2,A,6,36,Female,No,prereg
8f5aa3ce1cb60029fb0ee09d,1,0.2,0.2,description_noiseless,beliefs_first,4,3,4,4,839,45,10,45,45,10,45,1,2,A,7,28,Female,No,prereg
cec8fcd358e925d9a6a114d0,1,1,1,sampling_noiseless,beliefs_first,3,3,4,3,532,45,10,45,45,10,45,0,2,B,6,27,Female,No,prereg
33630043afa7c6470c63b1a4,1,1.75,1.25,description_noiseless,beliefs_first,2,3,5,4,676,30,10,60,40,40,20,1,2,B,5,28,Female,No,prereg
ff59ceb0c93cd45568c385f6,0,2,1.7,description_noiseless,choice_first,4,3,4,4,2104,40,30,30,40,40,20,1,2,A,5,23,Female,DATA_EXPIRED,prereg
be5fc1b5a5eba4cffdbcea18,1,1,1.2,description_noiseless,choice_first,2,2,4,3,1992,50,2,48,50,2,48,1,2,A,5,34,Female,DATA_EXPIRED,prereg
e4d7b67f8d64fac1c309b007,1,1.56,1.56,sampling_noiseless,choice_first,3,3,5,5,744,25,0,75,25,0,75,0,2,A,1,27,Female,No,prereg
