id,view1,view2,view3,view4,view5,view6,view7,view8,view9,view10,view11,view12,view13,view14,view15,view16,view17,view18,view19,view20,view21,view22,view23,view24,view25,view26,view27,view28,view29,view30,view31,view32,view33,view34,view35,view36,view37,view38,view39,view40,view41,view42,view43,view44,view45,view46,view47,view48,view49,view50,view51,cond_presentation,short,df
Your Prolific ID:,Timing - 51 - Timing - Page Submit,Timing - 51 - Timing - Page Submit,Timing - 51 - Timing - Page Submit,Timing - 51 - Timing - Page Submit,Timing - 51 - Timing - Page Submit,Timing - 51 - Timing - Page Submit,Timing - 51 - Timing - Page Submit,Timing - 51 - Timing - Page Submit,Timing - 51 - Timing - Page Submit,Timing - 51 - Timing - Page Submit,Timing - 51 - Timing - Page Submit,Timing - 51 - Timing - Page Submit,Timing - 51 - Timing - Page Submit,Timing - 51 - Timing - Page Submit,Timing - 51 - Timing - Page Submit,Timing - 51 - Timing - Page Submit,Timing - 51 - Timing - Page Submit,Timing - 51 - Timing - Page Submit,Timing - 51 - Timing - Page Submit,Timing - 51 - Timing - Page Submit,Timing - 51 - Timing - Page Submit,Timing - 51 - Timing - Page Submit,Timing - 51 - Timing - Page Submit,Timing - 51 - Timing - Page Submit,Timing - 51 - Timing - Page Submit,Timing - 51 - Timing - Page Submit,Timing - 51 - Timing - Page Submit,Timing - 51 - Timing - Page Submit,Timing - 51 - Timing - Page Submit,Timing - 51 - Timing - Page Submit,Timing - 51 - Timing - Page Submit,Timing - 51 - Timing - Page Submit,Timing - 51 - Timing - Page Submit,Timing - 51 - Timing - Page Submit,Timing - 51 - Timing - Page Submit,Timing - 51 - Timing - Page Submit,Timing - 51 - Timing - Page Submit,Timing - 51 - Timing - Page Submit,Timing - 51 - Timing - Page Submit,Timing - 51 - Timing - Page Submit,Timing - 51 - Timing - Page Submit,Timing - 51 - Timing - Page Submit,Timing - 51 - Timing - Page Submit,Timing - 51 - Timing - Page Submit,Timing - 51 - Timing - Page Submit,Timing - 51 - Timing - Page Submit,Timing - 51 - Timing - Page Submit,Timing - 51 - Timing - Page Submit,Timing - 51 - Timing - Page Submit,Timing - 51 - Timing - Page Submit,Timing - 51 - Timing - Page Submit,sampling_noiseless,0,prereg
000000000000000000000000,1.597,0.359,0.306,0.302,0.264,0.169,0.324,0.922,0.361,0.285,0.307,0.676,0.324,0.329,0.299,0.302,0.329,0.314,0.366,0.34,0.333,0.304,0.146,0.338,0.345,0.332,0.387,0.288,0.362,0.306,0.338,0.266,0.214,0.343,0.276,0.305,0.18,0.32,0.798,0.322,0.343,0.295,0.367,0.352,0.231,0.176,0.137,0.282,0.018,0.347,0.338,sampling_noiseless,0,prereg
9c2a276668310d20bbee356f,3.368,2.242,1.201,1.024,1.735,1.262,0.784,0.701,0.514,0.646,2.548,1.177,1.021,0.992,1.1,0.5,1.14,1.889,2.747,1.977,0.871,0.634,0.571,0.64,0.619,0.512,0.439,0.378,0.411,0.486,0.392,0.68,0.209,1.092,0.369,0.439,0.466,0.401,0.397,0.44,3.579,0.901,2.307,0.676,0.681,0.729,0.661,0.798,2.338,0.717,0.664,sampling_noiseless,0,prereg
02e718572c3227791c87f4d0,1.849,0.743,0.677,0.553,0.586,0.961,0.601,0.444,0.417,0.478,0.4,0.149,0.507,0.473,0.433,0.384,0.478,0.418,0.446,0.48,0.398,0.384,0.421,0.367,0.396,0.399,0.413,0.414,0.464,0.462,0.493,0.421,0.51,0.411,0.384,0.43,0.387,0.463,0.429,0.363,0.336,0.119,0.32,0.382,0.379,0.367,0.368,0.524,0.194,0.297,0.449,sampling_noiseless,0,prereg
53fd30b921af44b44278d9df,2.472,2.69,1.356,1.268,1.503,1.5,1.847,2.7,1.123,1.731,1.176,0.843,1.725,4.198,1.952,7.258,2.029,0.854,0.517,0.523,0.404,0.409,0.535,0.726,0.911,1.024,1.184,0.584,0.655,1.559,0.8,2.1,0.975,2.616,0.655,0.925,0.905,0.997,0.773,0.906,0.941,0.639,0.78,1.049,1.586,1.233,0.604,0.61,0.515,1.569,0.805,sampling_noiseless,0,prereg
417f5ea4a534c090c79dc96a,3.656,0.982,0.787,0.656,0.997,0.58,0.52,0.898,0.369,0.608,0.481,0.436,0.465,0.421,0.438,0.312,1.317,0.332,5.184,1.541,0.452,0.475,0.538,0.44,0.438,0.454,0.305,0.478,1.052,0.674,0.431,0.483,0.414,0.586,0.456,0.485,0.453,0.38,0.374,0.393,0.413,0.396,0.414,0.269,0.309,0.406,0.607,0.453,0.201,0.445,0.454,sampling_noiseless,0,prereg
2f4f77cf3516dd65fe654bbf,2.116,0.773,1.042,1.517,0.579,1.453,0.419,0.491,0.433,0.444,0.531,0.549,0.411,0.706,0.532,0.643,0.613,0.436,0.548,0.564,0.598,0.379,0.589,0.357,0.471,0.436,0.942,0.365,0.373,0.376,0.51,0.327,0.326,0.418,0.339,0.286,0.305,0.378,0.396,0.27,0.368,0.516,0.369,0.271,0.376,0.381,0.411,0.306,0.363,0.474,0.497,sampling_noiseless,0,prereg
aa557b3c9888532c2f643d56,5.198,4.425,1.434,1.323,0.944,0.8,1.181,0.786,0.95,1.009,0.668,0.692,0.59,0.682,0.697,0.676,0.764,0.376,0.752,0.655,0.795,0.602,0.595,1.941,0.936,0.952,0.749,0.748,0.771,0.719,0.734,0.38,0.704,0.715,0.667,0.7,0.812,0.648,0.668,0.61,0.612,0.613,0.641,0.426,1.583,0.628,0.632,0.573,2.569,1.014,1.278,sampling_noiseless,0,prereg
bf46d0ff0554a93d77355184,5.867,2.26,1.519,3.405,1.27,1.055,1.167,1.522,0.964,1.183,1.774,0.995,0.8,0.948,3.751,1.016,0.938,1.028,1.271,1.028,0.676,0.77,0.951,0.94,0.755,0.807,0.738,0.956,0.924,1.308,0.866,1.241,0.797,0.715,0.803,0.768,0.899,1.038,1.128,0.884,0.801,1.063,0.983,1.103,0.864,0.842,1.061,0.947,1.019,1.244,1.391,sampling_noiseless,0,prereg
7d86f34d5ad77bd1d988d9be,5.479,3.533,4.296,1.678,2.283,1.544,2.04,1.421,1.093,1.261,0.998,1.219,1.43,1.145,1.388,1.271,1.558,0.94,1.087,1.16,0.956,0.906,1.05,0.94,1.299,0.912,0.704,0.618,0.508,1.529,0.882,5.156,1.315,1.784,2.817,1.312,1.674,1.138,1.782,0.999,0.849,0.977,1.048,0.882,1.434,1.699,1.183,1.642,1.789,1.081,1.071,sampling_noiseless,0,prereg
dd467f569e1f80ae3adb312a,6.446,2.39,2.084,1.939,1.233,0.775,2.841,0.988,1.691,0.845,0.799,0.719,0.944,0.685,0.796,0.71,0.67,0.694,0.627,1.106,0.625,0.886,0.49,0.585,0.941,0.657,0.455,0.733,0.745,0.475,1.053,0.891,0.582,0.697,0.476,2.443,3.191,0.74,0.587,0.749,0.594,0.668,0.548,0.493,0.343,0.41,0.301,0.467,0.413,0.5,1.059,sampling_noiseless,0,prereg
68d15344adea8e48c2040682,2.039,0.704,0.62,0.471,0.543,0.339,0.653,1.427,0.611,0.28,0.295,0.686,0.424,0.585,0.516,0.498,0.541,0.572,0.643,0.62,0.405,0.695,0.445,0.356,0.354,0.575,0.566,0.613,0.747,0.597,0.581,0.562,0.419,0.533,0.312,0.45,0.49,1.091,0.348,0.26,0.564,1.077,0.53,0.404,0.401,0.483,0.405,0.422,0.461,0.247,0.301,sampling_noiseless,0,prereg
30f1711ac13ac4e5743b0577,1.121,0.78,0.389,0.479,0.413,0.57,0.527,0.405,0.567,0.358,0.344,0.393,0.371,0.452,0.439,0.371,0.45,0.409,0.371,0.319,0.215,0.419,0.702,0.367,0.334,0.327,1.225,0.467,0.401,0.689,0.994,0.452,0.378,0.375,1.962,0.527,0.188,0.183,0.158,0.133,0.172,0.229,0.243,0.28,0.275,0.694,0.481,0.408,0.375,0.196,0.405,sampling_noiseless,0,prereg
7891214883027c095df0653d,7.755,1.983,1.395,1.588,2.437,1.184,1.207,1.527,1.154,20.724,1.102,0.694,0.659,1.261,1.382,1.111,1.046,0.653,0.58,28.49,0.984,0.701,0.469,0.757,1.124,0.601,2.382,0.701,1.151,3.376,0.501,0.404,0.769,0.749,1.324,0.801,0.787,0.796,0.745,2.727,1.611,0.696,0.795,0.567,0.957,1.422,0.502,0.77,0.688,1.052,1.527,sampling_noiseless,0,prereg
1e4a520e5ec587d4c684a224,4.081,4.172,2.018,4.062,1.569,0.934,0.86,1.001,0.817,0.935,0.974,0.894,0.758,0.922,1.279,0.786,0.832,1,1.28,0.963,0.863,2.375,0.701,0.457,0.569,0.777,0.882,0.981,0.86,0.754,1,2.262,0.739,0.497,0.885,0.75,0.653,0.701,0.762,0.699,1.084,0.756,0.629,0.628,1.063,0.717,0.978,0.892,0.791,0.843,0.7,sampling_noiseless,0,prereg
65cf26eafb29dd3b11ef39f6,8.15,3.361,0.854,0.636,15.289,0.588,0.4,0.547,4.501,0.692,0.62,0.376,1.07,5.294,0.499,0.522,0.667,0.539,0.486,0.571,0.387,2.245,0.415,0.363,1.128,0.401,0.334,0.266,0.341,0.259,0.772,0.286,0.335,63.993,0.39,0.342,0.278,0.231,0.387,0.137,0.332,0.269,0.286,0.164,2.188,0.602,0.363,0.995,0.386,0.135,0.752,sampling_noiseless,0,prereg
a9594a68454489c6cc5d4101,41.092,2.751,1.688,3.023,2.944,1.427,1.604,1.302,1.337,1.121,1.905,0.779,0.793,0.962,0.792,0.602,0.8,0.705,0.777,0.759,0.846,0.87,0.841,0.842,0.797,1.168,0.668,0.777,0.601,0.931,0.404,0.504,0.582,0.461,0.457,0.496,0.369,0.398,0.541,0.485,0.428,2.562,0.987,1.019,0.366,0.301,0.852,1.122,0.465,0.508,0.552,sampling_noiseless,0,prereg
40bfd136fddafca5c8afe754,6.221,8.368,4.228,4.326,7.146,7.001,4.371,3.283,2.483,1.476,1.621,1.349,0.942,1.157,1.001,0.948,0.658,2.796,1.194,1.117,0.625,0.742,0.529,0.434,0.64,1.165,0.475,0.393,3.36,0.831,0.762,0.762,0.611,0.603,0.526,0.478,0.389,0.367,0.349,0.481,0.475,0.46,0.422,0.576,0.399,0.454,0.77,0.43,0.664,0.356,0.445,sampling_noiseless,0,prereg
c7bf58e3cc70fbbe590fb0d7,7.469,1.317,0.792,1.102,0.952,0.911,0.863,0.648,0.624,0.643,0.702,1.046,2.461,1.093,0.961,0.685,0.678,0.885,0.774,0.947,0.638,1.002,0.546,0.435,0.497,0.534,4.467,0.615,0.635,0.643,1.543,0.661,0.656,0.619,0.613,0.643,0.659,0.748,0.642,0.943,0.828,0.661,0.681,0.635,0.67,0.661,0.63,0.668,0.669,0.615,0.646,sampling_noiseless,0,prereg
d7d16f6ce1fe6bacf15895a6,3.454,1.172,1.931,1.033,1.511,1.872,1.019,1.213,0.943,3.22,0.997,1.218,1.231,0.998,0.979,0.973,1.463,3.449,1.319,2.014,1.278,1.206,1.469,1.555,1.681,1.635,1.285,1.08,1.095,1.129,0.955,1.191,1.097,1.005,1.004,1.074,0.918,0.532,0.833,0.855,4.267,3.636,1.451,1.174,1.048,1.247,0.881,5.254,1.19,1.151,1.74,sampling_noiseless,0,prereg
f4d67cad5f3dd188a0f120b7,7.827,2.503,1.469,0.68,0.767,0.548,0.47,0.511,0.56,0.524,0.654,0.553,0.529,0.536,0.396,0.556,0.321,0.393,0.413,0.233,0.458,0.38,0.334,0.333,0.355,0.874,0.32,0.324,0.288,0.375,0.299,0.35,0.336,0.252,0.39,0.837,0.403,0.369,0.409,0.245,0.594,0.96,0.539,0.35,0.305,0.442,0.636,0.414,1.147,0.343,0.978,sampling_noiseless,0,prereg
be1b358373180d4b4675b755,3.92,2.38,1.541,2.028,1.733,1.983,2.051,1.688,1.233,1.045,1.024,0.935,0.773,1.134,0.71,0.565,0.801,0.762,0.801,1.119,0.967,0.761,0.676,0.894,0.721,0.798,0.603,0.59,0.731,0.651,0.497,0.942,1.112,1.597,0.759,0.532,0.405,0.428,0.508,0.509,0.573,0.561,0.451,0.371,1.528,0.792,0.818,0.722,0.819,1.006,1.077,sampling_noiseless,0,prereg
8121351ab14ec9995451997a,6.216,2.613,1.294,4.106,1.271,1.344,1.084,1.766,1.196,1.561,1.669,1.541,1.462,1.86,1.349,1.19,1.976,5.572,1.669,1.251,0.953,1.327,1.593,1.159,1.234,1.103,0.963,1.059,1.167,1.237,0.923,1.349,1.186,0.507,0.607,1.1,0.889,1.185,1.045,1.221,0.906,0.759,0.817,1.217,0.904,0.595,0.524,0.503,0.651,0.522,1.439,sampling_noiseless,0,prereg
4b6e548f909dd13af8124e9d,4.392,1.796,1.454,0.957,1.071,0.975,1.178,1.059,1.192,0.957,1.054,0.603,0.61,0.85,1.037,0.703,1.002,0.947,1.251,1.302,0.56,0.624,0.836,1.095,1.799,1.684,0.95,1.189,0.86,0.609,1.22,0.682,2.428,0.701,0.777,1.105,0.682,0.692,0.785,0.733,0.572,0.658,0.55,0.642,0.702,0.89,1.008,0.849,0.652,2.018,1.16,sampling_noiseless,0,prereg
360eaf80632988f4fe655ba8,8.157,0.884,0.744,0.762,0.835,0.654,0.849,2.818,1.863,0.502,0.4,0.36,0.282,0.303,0.309,0.351,0.363,0.346,0.38,0.311,0.364,0.372,0.291,0.402,0.422,0.304,0.387,0.485,1.16,0.549,0.525,0.453,0.442,0.421,0.57,0.513,0.425,0.53,1.066,0.644,0.731,0.589,0.633,0.601,0.514,0.559,0.51,0.462,0.456,0.534,0.537,sampling_noiseless,0,prereg
5c5ba186a41579ad56bd8c86,7.455,5.382,3.235,3.556,1.603,1.293,1.708,2.239,1.086,1.038,0.697,1.6,0.699,1.456,1.048,0.719,0.901,0.886,0.762,0.69,1.104,2.032,1.669,0.785,0.602,1.021,3.126,0.916,0.892,0.75,0.994,0.723,0.821,0.73,0.669,0.836,0.96,0.838,1.113,1.468,1.101,0.87,0.779,0.736,0.749,0.724,0.668,0.652,0.625,0.63,1.358,sampling_noiseless,0,prereg
4da429c79ac821b051c85366,2.103,1.222,0.904,1.05,1.195,1.325,1.06,0.984,0.883,0.706,0.934,1.202,1.217,0.997,0.727,1.004,0.761,0.869,0.614,0.781,0.673,0.631,0.604,0.402,0.875,0.693,0.685,0.792,0.443,0.734,0.579,0.643,0.689,0.667,0.635,0.683,0.672,0.633,0.637,0.579,0.626,0.623,0.621,0.605,1.99,0.873,0.644,0.782,0.893,1.246,2.504,sampling_noiseless,0,prereg
54cd68e20155f588ee9c38e7,20.101,6.052,3.31,2.772,3.353,3.218,4.168,3.6,1.83,2.433,2.401,1.557,4.578,10.356,1.248,1.151,0.844,0.889,0.723,0.822,1.536,0.088,0.939,6.501,1.471,1.374,0.923,0.994,0.848,1.055,3.518,1.153,1.389,0.902,1.012,1.226,0.887,0.796,0.923,1.014,0.835,0.905,1.717,1.031,0.901,0.83,1.116,1.093,1.173,1.015,0.685,sampling_noiseless,0,prereg
d3d2f8a55f8ef6eeed91aabf,1.46,1.293,0.754,1.273,0.782,0.539,7.6,0.697,0.893,0.601,0.402,0.479,0.489,0.396,0.39,0.31,0.355,0.201,0.435,0.893,7.639,17.178,1.306,0.372,1.2,3.485,0.387,0.638,4.064,1.361,0.307,0.312,0.528,0.629,0.86,0.592,0.479,0.441,0.548,0.504,0.65,0.774,0.804,0.568,0.628,0.825,0.363,0.474,0.501,2.68,0.745,sampling_noiseless,0,prereg
19e3014d6d70e1cd9d9e3364,6.11,4.48,7.906,3.869,3.215,1.8,1.563,2.621,2.227,1.82,5.434,10.315,1.178,0.971,0.862,0.946,1.062,0.868,1.322,1.218,1.319,1.348,1.334,0.592,1.143,0.643,0.764,0.702,0.887,0.57,0.911,0.398,0.573,0.731,0.424,0.425,0.359,0.324,0.364,0.332,0.415,3.028,0.711,0.6,0.902,0.864,1.086,0.83,0.701,1.05,0.701,sampling_noiseless,0,prereg
07049c7a9d831703e9c6dcb6,4.747,1.86,1.134,0.541,0.91,0.673,0.717,0.599,0.547,0.536,0.558,0.853,0.746,0.788,0.763,0.662,0.626,0.658,0.617,0.629,0.802,4.061,0.62,0.513,1.103,0.498,0.378,0.514,0.195,0.468,0.327,0.469,0.555,0.464,0.443,0.421,0.101,0.377,0.439,0.384,0.553,0.398,0.494,0.5,0.418,0.574,0.564,0.427,0.538,0.632,0.885,sampling_noiseless,0,prereg
40117b5fc9e97c2ed700132e,3.564,6.072,5.301,3.659,3.417,4.079,1.602,1.094,1.348,1.774,1.98,1.894,5.227,1.565,1.359,2.815,2.957,1.492,3.8,3.368,3.501,2.708,1.776,4.521,3.647,2.325,1.609,1.314,1.468,4.2,7.578,1.56,3.278,5.681,1.546,3.101,2.172,1.587,1.731,1.664,1.32,1.601,1.9,0.221,1.613,1.763,1.152,1.502,1.32,1.186,2.015,sampling_noiseless,0,prereg
3084e969fc497e53f93d1cd6,7.348,3.202,2.58,1.786,2.266,1.725,1.701,1.103,0.989,1.803,1.004,1.795,2.4,4.596,2.301,2.145,1.889,1.894,5.258,1.301,1.596,1.442,1.25,2.456,1.794,1.647,1.591,16.176,6.252,0.938,0.902,1.629,1.214,1.173,2.215,1.866,1.485,7.409,0.949,1.389,1.07,1.248,3.637,1.26,1.109,1.297,2.714,1.107,1.119,0.973,2.594,sampling_noiseless,0,prereg
327dbf14fc3f276de8ce5503,2.8,1.078,1.21,0.946,1.038,1.159,1.235,1.249,1.077,0.8,0.92,0.889,1.073,2.6,0.92,0.82,1.631,1.7,1.876,0.901,0.732,0.77,0.677,0.71,1.56,0.983,0.722,0.912,0.66,0.983,0.846,0.707,0.646,0.821,0.975,0.861,0.771,0.875,0.936,1.71,0.914,1.212,0.952,0.8,0.9,0.752,2.039,2.52,0.895,1.298,1.58,sampling_noiseless,0,prereg
46a83e0d4154c95f0b829398,12.429,6.829,6.188,5.048,1.673,2.359,1.895,1.126,1.146,0.974,1.031,1.062,1.151,0.824,1.242,0.81,2.295,1.262,0.785,0.665,1.394,1.164,0.741,0.534,1.021,0.594,0.739,0.748,4.468,1.005,0.866,2.241,1.082,0.862,1.167,0.75,0.681,0.667,0.991,0.54,0.638,0.495,0.748,0.702,0.73,0.827,0.674,0.619,0.863,0.777,2.853,sampling_noiseless,0,prereg
65fd32f6166e5bcab55bcbc5,6.914,1.993,2.44,2.238,2.247,1.755,2.269,1.637,2.327,1.378,1.843,1.997,1.885,1.573,1.861,3.37,1.917,1.366,1.322,2.392,7.523,4.378,2.423,2.396,1.372,1.809,1.533,1.543,2.2,1.652,4.171,2.174,1.061,0.232,2.46,3.471,2.922,1.992,1.377,2.548,2.346,1.49,1.258,1.588,1.655,2.068,2.015,2.886,4.933,1.763,3.863,sampling_noiseless,0,prereg
19804964d6463747354fd078,1.597,0.477,0.688,0.675,1.189,0.81,1.342,0.857,0.782,0.619,0.944,0.836,0.646,0.588,0.399,0.444,0.435,1.037,0.559,0.467,0.501,0.497,0.493,0.46,0.549,0.454,0.507,0.524,0.557,0.515,0.489,0.494,0.419,0.452,0.443,0.43,0.419,0.406,0.387,0.476,0.298,0.439,0.354,0.356,0.36,0.454,0.469,0.424,1.425,1.206,2.798,sampling_noiseless,0,prereg
de5ff063a1d9e7e42a551692,8.383,4.125,7.718,3.122,2.301,1.176,0.892,0.98,0.845,0.851,1.014,1.221,0.685,0.827,0.974,0.66,0.625,0.718,0.701,0.829,0.708,0.801,0.786,0.632,0.681,0.845,0.892,1.536,0.622,0.681,0.68,0.584,0.57,0.549,0.558,0.555,1.167,0.728,0.515,0.558,0.633,0.722,0.601,0.808,5.624,0.941,0.666,0.663,0.691,0.597,11.566,sampling_noiseless,0,prereg
b1baac21b6e4b76d8b6c3f07,5.15,3.388,3.849,1.832,1.496,1.327,1.349,1.231,1.066,1.815,1.519,1.4,1.522,1.672,1.871,1.478,1.598,0.945,1.113,1.001,1.078,1.3,1.203,0.876,1.815,0.943,0.87,0.8,1.441,1.059,1.178,1.338,1.882,1.451,1.228,1.284,0.927,1.194,1.349,1.085,0.825,0.736,0.925,0.93,1.235,0.991,1.632,0.974,1.071,0.989,1.145,sampling_noiseless,0,prereg
2640cc974705e31d77594f73,8.34,3.4,125.204,1.45,1.438,2.051,1.049,2.082,0.469,0.9,0.619,0.359,0.373,0.449,0.36,0.19,1.1,0.964,1.097,0.635,0.879,0.734,0.529,0.638,0.686,0.419,0.467,0.458,0.474,0.435,0.534,0.622,0.466,0.422,0.624,0.666,0.455,0.723,0.661,0.722,0.562,0.52,0.71,0.612,0.58,0.64,1.213,0.808,0.667,1.041,0.633,sampling_noiseless,0,prereg
21c91e3530e9f2a863a00e58,11.362,7.942,1.326,1.092,3.629,0.973,0.671,0.898,0.764,2.076,2.408,1.024,0.463,0.473,0.419,0.56,0.49,0.519,0.203,0.431,0.335,0.367,0.649,0.225,0.359,0.384,0.627,1.037,0.487,0.466,0.494,0.542,0.493,1.081,1.355,0.446,0.592,0.725,0.458,0.548,0.466,0.487,0.617,0.468,0.299,0.601,0.406,0.4,0.411,0.455,0.653,sampling_noiseless,0,prereg
2f37862f9f58aaf5d3bfca3f,4.643,3.427,1.09,1.642,0.724,0.901,0.792,0.627,0.784,0.629,0.644,0.588,0.599,0.56,0.775,1.415,0.572,0.606,0.824,0.847,0.969,0.695,0.637,0.739,0.989,0.808,0.511,0.501,0.567,0.619,0.485,0.367,0.34,0.34,0.351,5.304,0.751,0.682,0.597,0.593,0.941,0.686,1.269,0.697,0.473,0.56,0.666,0.593,0.447,0.692,0.961,sampling_noiseless,0,prereg
af7a4f35c3e8ef2d5f947aec,11.043,13.468,4.326,5.034,5.359,4.231,6.022,2.867,2.894,1.818,1.947,1.979,1.842,2.452,2.113,2.926,1.497,1.508,1.694,2.515,2.172,4.23,1.844,2.137,1.998,2.042,2.741,1.731,1.791,2.418,1.685,1.775,1.626,3.495,2.163,1.637,1.402,1.271,1.395,0.975,1.055,3.277,1.698,1.169,1.641,1.717,1.318,1.594,1.936,1.795,1.35,sampling_noiseless,0,prereg
4bcbda08c2622ab4b63f5640,1.021,0.639,0.78,0.548,0.596,0.621,0.484,0.435,0.468,0.365,0.391,0.396,0.234,0.348,0.395,0.918,0.617,0.803,0.46,0.515,0.508,0.3,0.378,0.372,0.35,0.335,0.365,0.313,0.301,0.32,0.202,0.332,0.376,0.3,0.386,0.4,0.434,0.359,0.393,0.313,0.38,0.419,0.383,0.356,0.392,0.326,0.442,0.372,0.373,0.362,0.419,sampling_noiseless,0,prereg
83d1204c8019a3d877c34898,13.176,8.601,5.01,3.752,5.1,4.636,2.53,10.734,8.14,6.658,4.135,4.046,4.312,2.825,2.718,1.495,2.424,1.686,2.751,1.618,2.135,2.036,1.355,1.633,1.367,1.545,2.372,1.679,0.998,0.939,0.927,0.573,4.007,0.911,0.837,1.078,1.658,1.161,0.896,0.939,2.954,1.726,1.507,1.874,0.9,2,3.001,1.22,1.822,6.059,2.562,sampling_noiseless,0,prereg
a793c1bf9eff725f199a215a,3.35,1.405,1.202,2.101,0.903,1.003,0.88,0.604,0.682,0.607,0.782,0.542,0.563,0.673,0.606,0.603,0.696,0.649,0.691,0.505,0.497,0.953,0.641,0.546,0.568,0.571,0.505,0.604,0.703,0.606,0.68,0.696,0.506,0.702,0.765,0.706,0.793,0.631,0.672,0.605,6.69,0.965,0.604,0.787,0.78,0.708,3.306,0.51,0.997,0.804,0.897,sampling_noiseless,0,prereg
35d4ac9a5b269d9413dfebdf,5.068,1.249,0.975,1.364,0.924,0.738,1.264,0.731,0.761,1.445,0.854,1.779,0.853,1.074,0.936,0.902,0.754,1.201,0.899,0.759,0.838,3.38,0.927,1.387,1.088,2.823,0.927,0.749,0.619,0.587,0.559,0.683,0.689,0.624,0.71,1.018,0.501,0.61,1.126,0.678,0.574,0.464,0.44,0.852,0.726,0.635,0.718,0.887,1.164,0.769,0.804,sampling_noiseless,0,prereg
1a7a3d59b080c4a4d1e3dec5,2.497,3.171,1.053,1.4,0.869,0.779,1.033,0.827,1.107,0.769,0.894,0.777,0.857,0.869,0.613,0.993,1.027,0.776,0.879,7.83,13.628,1.672,5.787,1.215,0.725,0.596,2.68,0.678,1.08,0.541,0.704,1.055,1.306,8.636,0.916,0.689,0.611,0.997,0.879,0.86,1.201,0.867,1.043,0.948,0.71,0.736,0.513,0.771,0.65,0.863,0.737,sampling_noiseless,0,prereg
d66ccc4cb67629b6fe73714e,2.674,0.838,0.212,1.33,0.829,0.85,0.913,1.209,1.53,1.254,0.372,0.89,0.479,0.357,0.448,0.655,0.195,0.177,0.379,0.218,0.393,0.44,0.112,0.313,0.611,0.377,0.189,0.25,0.345,0.26,0.305,0.563,0.287,0.271,0.255,0.503,0.281,0.505,0.748,0.635,0.35,0.392,0.602,0.292,0.335,0.344,0.291,0.793,0.163,38.49,0.451,sampling_noiseless,0,prereg
5799e245e04fa72f5778f205,1.415,0.643,1.213,1.293,0.914,1.254,1.205,0.881,0.405,0.66,0.49,0.569,0.566,0.751,0.897,0.689,0.49,0.582,1.158,0.499,0.554,0.433,0.393,0.427,0.642,0.648,0.624,0.544,0.714,0.202,0.517,0.431,0.264,1.221,0.584,0.436,0.474,0.449,0.475,0.707,0.384,0.556,0.501,0.523,0.52,0.653,0.294,0.471,0.642,0.671,0.459,sampling_noiseless,0,prereg
634b2c3e7b5915d4e76fb5f2,2.633,0.601,1.799,1.251,0.736,0.426,1.128,1.305,1.083,0.878,0.769,0.777,1.845,5.049,1.096,0.673,1.875,0.765,0.789,0.727,0.479,0.554,0.684,2.23,0.72,0.213,0.385,1.484,0.684,0.453,0.502,0.712,0.468,2.688,0.659,9.804,1.712,0.421,0.376,0.901,2.746,1.644,1.296,7.047,0.431,0.389,0.585,0.47,0.517,0.38,1.171,sampling_noiseless,0,prereg
46d17f825b121939c9103faf,2.057,0.7,0.501,1.741,0.476,0.526,0.404,0.375,0.302,0.262,0.258,0.347,0.52,0.588,0.439,0.333,0.643,1.356,0.301,1.019,0.294,0.304,0.4,1.658,0.433,0.384,0.612,0.412,2.019,1.252,0.796,1.022,2.201,0.492,1.656,1.048,0.496,0.779,0.4,0.407,0.35,0.433,0.83,0.694,1.652,4.176,0.639,0.512,0.48,0.483,0.67,sampling_noiseless,0,prereg
e6cd92629396e191576b4efa,7.821,8.108,1.715,1.324,1.107,1.032,3.277,1.29,0.996,1.151,1.174,1.115,0.925,1.419,1.067,0.954,1.692,1.339,1.085,0.945,0.238,1.133,0.992,1.391,1.136,0.768,0.922,1.001,0.921,0.901,1.044,0.801,0.809,0.857,0.858,3.688,1.51,1.187,0.879,0.841,1.001,0.875,0.7,0.934,0.828,0.783,1.093,0.77,1.241,0.857,1.025,sampling_noiseless,0,prereg
42347e1eebe5fe6fddfb1498,1.745,1.539,0.869,0.257,0.9,1.051,0.744,0.862,0.697,0.774,0.677,0.616,1.23,0.641,0.544,0.701,0.509,0.5,0.772,0.465,1.217,0.528,0.489,0.624,0.939,0.486,0.429,0.613,0.453,0.702,0.418,0.488,0.39,0.37,0.609,0.338,0.517,0.721,0.439,0.531,0.789,0.684,0.624,0.35,0.3,0.519,0.392,0.446,0.394,0.389,0.635,sampling_noiseless,0,prereg
5af6c948a51d9f9b6ff31eef,2.943,3.731,1.768,1.33,0.618,1.6,0.78,0.935,1.203,0.914,0.683,0.689,0.665,0.8,0.5,0.437,0.446,0.365,0.336,0.605,0.306,0.529,1.165,0.351,0.302,0.19,0.318,0.988,0.297,0.291,0.531,0.353,3.183,0.363,0.287,0.217,0.3,0.322,0.324,0.299,0.294,0.649,0.283,0.284,0.209,0.684,0.243,0.327,0.346,0.327,0.715,sampling_noiseless,0,prereg
3f4b415d92eaac6f70fcd4b6,3.918,2.014,1.001,1.235,1.554,0.829,1.035,0.749,0.604,0.669,0.698,0.732,0.801,0.891,2.089,2.084,4.203,15.714,1.178,0.156,0.461,0.475,0.288,0.377,0.384,0.419,0.245,0.441,0.435,0.498,0.457,0.474,0.372,0.277,0.472,0.294,0.511,0.175,0.22,0.471,2.09,1.021,0.375,0.193,0.601,0.258,0.588,1.021,0.721,0.854,0.606,sampling_noiseless,0,prereg
cf8088eb5bad87bd64f9f80f,4.275,0.932,3.153,0.279,0.347,0.576,0.78,12.787,1.702,28.684,0.374,1.542,0.689,0.469,46.171,4.853,2.634,215.172,1.044,0.943,0.336,22.61,46.536,0.963,0.264,1.361,0.287,1.142,0.702,1.015,1.115,1.872,0.819,1.635,1.694,0.807,1.363,0.381,0.651,0.7,0.277,0.235,2.341,0.739,0.494,3.201,0.43,0.478,0.544,23.739,1.61,sampling_noiseless,0,prereg
3d52f30c5444e2d873b3a47d,3.96,1.295,0.919,0.821,0.784,0.733,0.74,0.732,0.756,0.735,0.948,0.681,0.659,0.595,0.72,0.654,0.683,0.703,0.623,0.602,0.577,0.523,0.575,0.555,0.576,0.578,0.593,0.632,0.448,1.327,0.65,0.742,0.556,0.526,0.637,0.398,0.779,0.548,0.577,0.639,0.719,0.666,0.596,0.481,0.426,0.775,0.719,0.901,0.502,1.363,3.674,sampling_noiseless,0,prereg
7aba6d972068305ee38db8bc,3.446,0.902,0.544,0.5,0.457,0.395,0.325,0.296,0.205,0.225,0,0.234,0,0.417,0.265,0.251,0.338,0.248,4.455,0.126,0.129,0.357,0.259,0.233,0.243,0.229,2.318,0.159,0.127,0.49,0.178,0.149,0.425,0.402,10.101,0.814,0.195,0.248,0.205,0.293,0.278,0.14,0.302,0.279,0.321,0.267,0.232,0.2,0.279,0.294,0.371,sampling_noiseless,0,prereg
a0a6606a5d475f4d0ddb1c3c,4.591,2.558,3.898,2.366,2.839,1.308,0.989,1.29,1.311,2.268,2.404,0.987,0.908,0.895,1.058,1.267,0.998,1.772,4.07,3.008,1.207,2.41,1.415,1.406,1.198,0.906,0.807,1.071,1.005,18.272,1.379,0.904,1.607,0.796,0.77,1.104,1.702,1.071,0.894,0.9,0.994,0.865,2.203,0.892,0.987,0.741,0.605,0.898,0.805,0.701,1.962,sampling_noiseless,0,prereg
308da1ed8fae7314cb0f0fe1,3.459,1.034,0.874,0.699,3.794,0.127,0.591,0.404,0.419,0.525,0.457,0.305,0.37,0.35,0.43,0.411,0.53,0.35,0.385,0.346,0.604,0.37,0.603,0.413,2.754,0.439,0.533,0.456,0.413,0.373,0.409,0.15,0.334,0.363,0.204,0.486,0.058,0.422,0.31,0.345,0.281,1.033,0.513,0.403,0.371,0.355,0.373,0.165,0.171,0.263,0.419,sampling_noiseless,0,prereg
1b0bda4d2767fc7d83274905,9.144,5.504,1.975,6.015,1.254,4.6,4.918,3.773,2.86,1.278,1.226,1.39,2.208,1.42,1.314,1.968,0.981,1.212,2.452,2.033,0.676,1.281,0.873,1.009,3.643,4.777,2.469,1.567,7.238,3.537,1.2,1.253,1.164,0.672,0.851,0.798,0.97,0.871,3.286,1.681,1.071,0.676,0.698,0.679,0.861,0.698,0.945,1.325,1.989,1.136,1.153,sampling_noiseless,0,prereg
43d855930d64e658e938e3da,12.063,3.449,5.383,1.679,3.841,1.464,1.603,1.281,1.963,4.343,1.634,1.279,0.983,0.671,0.579,0.538,1.422,0.913,0.628,0.775,0.546,0.415,0.424,0.457,0.559,1.341,0.624,1.047,0.848,0.956,0.767,0.489,0.859,0.527,0.714,0.63,0.487,0.472,0.524,0.487,1.668,0.798,0.663,0.474,0.401,0.487,0.613,0.534,0.517,0.549,0.511,sampling_noiseless,0,prereg
60a9a7cfc80308a85c236ceb,2.603,1.236,0.951,1.23,5.548,1.28,1.248,1.147,1.763,1.672,1.345,1.206,0.732,0.598,1.217,0.69,0.782,0.782,0.894,2.389,1.089,0.884,0.761,0.703,0.487,0.586,0.616,0.68,0.642,1.254,0.776,0.274,0.703,0.617,0.239,0.252,1.871,0.539,0.554,0.595,0.844,0.864,0.565,0.551,0.602,0.768,2.462,0.815,1.016,0.934,1.531,sampling_noiseless,0,prereg
9a91978ae6a4bbe06de8bb3b,2.077,1.661,1.274,0.938,1.647,0.855,0.467,0.455,0.988,0.401,0.548,0.34,0.371,0.399,0.735,0.189,0.449,0.344,0.233,0.901,0.1,0.185,0.161,0.641,0.275,0.414,0.663,0.233,0.145,0.334,0.201,0.371,0.1,0.542,0.536,0.381,0.4,0.9,0.484,0.253,0.158,0.276,0.1,0.232,0.244,0.299,0.642,0.978,0.4,0.347,0.801,sampling_noiseless,0,prereg
49505e3df1b6e35981068068,3.977,2.595,1.488,1.005,0.913,0.909,0.601,0.831,0.883,1.811,0.743,0.6,0.54,0.553,0.566,0.543,4.262,0.904,0.926,0.689,0.669,0.583,0.553,0.684,0.493,0.606,0.507,0.896,0.681,0.729,0.795,0.583,0.544,0.604,0.577,0.586,0.622,0.502,0.502,0.572,0.576,0.454,0.461,0.463,0.5,0.412,0.438,0.473,0.525,0.533,0.639,sampling_noiseless,0,prereg
89a4c3deb9d3f8cc7a666f91,2.994,0.849,1.579,0.63,0.301,0.279,0.323,0.328,0.301,0.226,0.782,0.319,0.299,0.299,0.408,0.142,0.079,0.318,0.102,0.15,0.397,0.365,0.155,0.166,0.301,0.388,0.607,0.291,0.25,0.287,0.241,0.277,0.297,0.159,1.315,0.535,0.305,0.348,0.329,0.316,0.332,0.273,0.338,0.178,0.225,0.302,0.253,0.323,0.391,0.323,0.261,sampling_noiseless,0,prereg
036c563c9df9263b66945a47,4.835,1.501,0.936,0.275,24.6,2.259,1.019,1.392,20.076,0.869,6.826,3.705,0.638,1.967,2.262,0.82,0.753,3.024,0.817,0.097,0.621,0.622,0.158,0.094,0.267,0.588,0.103,0.758,0.672,1.272,4.241,18.837,1.063,2.407,1.239,1.508,1.249,1.046,1.165,0.685,1.758,0.837,1.802,2.045,1.004,3.627,0.873,0.93,57.491,3.394,3.065,sampling_noiseless,0,prereg
d4a4779dc4c14f4fae8ef416,7.701,6.785,5.193,3.091,2.602,3.301,5.046,2.576,1.986,2.351,2.162,2.148,1.951,1.854,1.295,1.645,1.502,1.404,5.161,1.747,1.201,1.654,1.623,1.149,1.201,1.1,2.248,1.201,1.397,1.675,1.301,1.359,1.087,1.395,1.06,1.132,0.801,1.739,3.3,1.496,1.32,1.855,2.373,2.092,1.265,1.773,2.101,1.176,2.501,1.301,2.702,sampling_noiseless,0,prereg
676aad587dd0afc943cd14a9,4.09,0.879,0.871,0.723,1.315,0.678,1.322,0.81,0.465,0.634,0.764,0.841,0.735,0.64,0.474,0.654,0.558,0.523,0.578,0.842,0.416,0.646,0.576,0.427,0.85,0.631,0.545,0.611,0.545,0.593,0.599,0.605,0.694,0.582,0.501,0.66,8.352,1.794,0.6,0.68,0.6,0.499,0.512,0.557,0.522,0.717,0.546,0.598,0.394,0.42,0.476,sampling_noiseless,0,prereg
298fd661592e4bde31e39a96,7.23,1.513,2.98,0.808,0.897,0.895,0.947,0.609,1.075,0.897,0.421,0.406,0.747,0.439,0.453,0.435,0.454,0.534,1.246,0.518,0.425,0.666,0.441,0.643,0.581,0.461,0.359,0.38,0.413,0.703,0.734,0.298,0.343,0.391,2.179,0.419,0.399,0.443,0.497,0.788,0.519,0.541,0.46,0.481,0.493,0.475,0.474,0.854,0.673,1.62,1.456,sampling_noiseless,0,prereg
d748c920d54faf8efd7b363c,4.988,3.259,1.373,1.967,2.79,2.014,1.543,1.028,4.771,5.753,1.077,1.202,3.969,1.943,2.463,1.015,2.188,0.941,1.045,1,5.933,0.943,1.016,2.002,1.303,1.743,0.916,0.503,3.976,2.694,0.799,1.189,1.294,0.528,1.929,0.538,5.054,0.811,0.047,0.872,0.785,1.145,0.9,0.88,1.053,1.755,0.262,0.944,0.912,1.207,1.511,sampling_noiseless,0,prereg
17402f438fee8e1938c940b8,2.606,1.101,1.041,1.542,1.365,1.417,1.052,1.121,21.997,0.774,2.441,1.003,0.922,0.857,0.716,1.081,0.884,1.277,0.698,1.018,1.236,0.781,0.851,0.638,0.801,1.063,0.784,0.744,1.318,0.703,0.481,0.826,1.352,2.399,1.702,0.53,1.93,1.061,0.543,0.611,0.669,1.224,0.9,1.726,4.637,5.893,0.574,0.503,13.064,1.562,9.319,sampling_noiseless,0,prereg
b9e731dbea09dc00beb84c4f,1.788,1.037,1.034,0.824,0.869,1.754,2.832,0.865,0.565,0.475,0.475,0.392,0.724,0.587,0.5,0.393,0.387,0.58,0.468,1.318,1.16,1.296,0.812,0.719,0.684,0.675,0.543,0.691,0.655,0.533,0.433,0.439,0.377,0.455,0.361,0.519,0.487,0.463,0.429,0.403,0.483,0.382,0.421,0.445,0.398,0.643,0.413,0.888,2.64,2.438,0.684,sampling_noiseless,0,prereg
5136a806f076a3fc6f435a55,8.586,7.346,1.562,1.637,2.208,2.036,0.299,1.491,1.61,1.341,1.508,1.533,1.318,1.389,1.574,1.336,1.493,1.267,1.828,1.977,1.48,1.82,1.754,1.782,1.452,4.742,3.699,7.246,1.163,1.264,1.083,1.198,1.371,1.592,1.11,4.254,1.286,3.223,1.392,1.31,1.5,1.508,1.416,1.078,1.375,1.352,2.701,1.53,1.747,2.066,2.306,sampling_noiseless,0,prereg
aff0487e9f56c2c40f642ba4,2.327,1.963,1.557,1.211,1.393,0.953,1.155,1.631,0.893,1,0.937,0.68,4.93,1.458,0.579,0.955,0.73,0.973,1.065,1.173,0.855,1,1.147,1.077,0.882,0.776,0.842,0.575,0.732,0.571,0.469,0.742,0.666,1.163,1.033,1.484,0.87,1.071,1.214,3.611,1.335,0.923,0.693,0.724,0.596,0.511,2.018,1.05,2.239,1.611,0.806,sampling_noiseless,0,prereg
9cb787ce960d6bac36743962,2.74,1.478,1.641,1.264,1.067,0.807,0.829,1.112,0.966,1.074,1.169,0.913,0.971,0.841,0.902,0.847,1.226,0.68,0.895,0.716,0.804,0.938,0.909,0.704,0.773,0.636,1.003,0.752,0.674,1.487,0.779,0.702,0.663,0.802,0.444,0.549,0.837,0.983,0.873,0.901,0.893,1.155,4.36,1.333,0.95,0.963,0.771,0.717,1.153,0.969,1.209,sampling_noiseless,0,prereg
472e296b56b54f51f28fa451,6.73,4.497,2.372,2.319,2.287,1.56,1.597,1.372,1.321,1.136,1.128,0.877,0.996,0.946,0.939,1.568,0.904,0.81,0.815,0.848,0.76,0.67,0.697,0.671,0.722,1.323,0.967,0.716,0.675,1.33,0.92,0.86,0.766,0.817,0.722,0.802,0.808,0.808,0.857,0.915,1.103,17.086,3.788,1.264,1.142,1.617,0.756,0.697,0.782,1.074,1.209,sampling_noiseless,0,prereg
ccf8c9b2c6ea763314413af4,3.633,3.029,1.459,1.252,1.179,1.108,1.384,1.797,0.87,1.097,0.971,1.494,1.079,0.833,0.603,0.602,0.915,0.801,0.562,0.472,0.782,0.71,0.831,0.492,0.439,0.359,1.299,0.635,0.974,1.208,1.115,0.873,0.749,3.032,1.085,0.813,0.926,0.778,0.645,0.957,0.557,3.264,0.486,0.839,1.112,0.602,0.943,3.008,6.035,0.808,2.026,sampling_noiseless,0,prereg
319ff2ca0648b0c1a8f3dd2b,2.586,0.843,0.725,0.776,0.782,0.996,0.68,0.467,1.047,1.082,1.08,1.077,0.521,1.37,0.593,1.134,0.884,0.94,0.583,0.792,0.542,0.526,0.436,0.689,0.652,0.449,0.544,1.346,0.458,0.953,0.728,0.722,0.364,0.414,0.396,0.528,0.574,0.434,0.405,0.782,0.639,1.333,1.164,0.577,0.836,0.854,0.717,0.7,0.763,0.687,0.648,sampling_noiseless,0,prereg
b6db1668d86c040150943cd5,7.151,1.948,1.272,1.444,0.792,1.176,0.971,0.957,0.893,0.745,1.375,0.715,0.728,1.702,0.711,0.607,0.716,0.804,0.822,0.682,0.75,0.692,0.818,0.809,0.657,0.712,0.591,0.678,0.799,0.533,0.738,1.214,1.001,0.846,0.529,0.521,0.775,0.458,0.526,0.497,0.682,0.641,0.541,0.713,0.733,0.499,2.988,0.545,0.555,0.691,0.68,sampling_noiseless,0,prereg
520d12815152e2d4ed129f3c,18.455,3.702,2.244,3.948,1.874,2.145,1.876,1.46,2.252,1.18,2.691,1.493,1.237,1.284,0.801,1.007,1.887,1.544,1.077,4.175,0.873,1.438,1.094,0.982,1.1,1.358,0.843,0.801,0.89,0.998,0.701,1.132,1.606,1.27,0.907,0.602,0.8,0.89,0.782,0.882,2.287,2.085,2.501,3.649,1.1,1.093,0.891,0.907,1.048,0.903,2.893,sampling_noiseless,0,prereg
be4fa0542b2c7754a166b8a0,5.602,4.697,1.565,3.764,1.004,0.502,0.889,0.914,1.969,1.001,1.846,1.063,3.37,1.869,0.783,0.973,0.894,0.605,0.878,0.97,0.906,1.079,0.852,0.681,0.972,0.76,0.667,0.662,0.503,0.692,0.564,0.673,0.766,0.69,0.655,0.706,0.06,0.7,0.454,0.405,2.099,0.708,2,0.705,0.885,0.701,1.309,0.602,0.798,1.579,2.004,sampling_noiseless,0,prereg
52c049e13ae25030c3269e33,1.601,1.854,1.348,0.789,0.844,1.091,1.148,1.806,0.718,0.774,0.805,0.751,0.738,0.712,1.063,0.596,1.016,0.733,0.386,0.852,0.985,0.563,0.296,0.7,0.614,0.564,0.65,0.607,0.467,0.35,1.02,1.2,0.666,0.8,0.428,0.906,0.704,0.902,0.765,0.843,0.381,0.253,0.786,2.353,1.859,1.045,1.053,0.78,1.08,1.22,1.392,sampling_noiseless,0,prereg
c6264475d2dd8964db157302,2.611,1.517,1.196,1.029,0.999,0.895,0.805,0.757,0.837,0.763,0.979,0.747,0.84,0.717,0.763,1.238,0.645,0.675,0.701,1.399,0.62,1.001,0.577,0.475,0.474,0.514,0.436,0.589,0.634,0.564,0.42,0.304,0.392,0.42,0.301,0.379,0.354,1.385,0.484,0.421,0.304,0.467,0.389,0.357,2.228,0.632,0.632,0.536,0.64,0.504,0.622,sampling_noiseless,0,prereg
f00dbce25c14fe24db90fce0,1.784,0.919,1.032,0.939,0.949,1.441,1.551,0.523,0.953,0.855,0.838,0.933,0.683,0.776,0.623,0.791,3.127,0.805,0.952,0.551,0.483,0.508,0.528,0.697,0.667,0.643,0.466,0.478,0.708,1.917,0.602,0.804,1.011,0.551,0.202,0.201,0.48,0.436,0.435,0.369,0.45,0.296,0.393,0.43,0.375,0.425,0.465,0.359,0.326,0.459,0.487,sampling_noiseless,0,prereg
9c77930b682424a7513af687,5.366,0.72,1.827,1.369,1.988,1.376,1.335,1.226,0.921,1.068,0.958,1.159,0.877,1.065,1.488,1.857,0.348,2.889,1.783,1.972,1.342,1.704,1.235,0.653,2.059,1.586,8.455,1.871,1.421,1.43,2.241,1.45,12.84,4.842,3.495,2.788,3.359,3.906,1.18,1.388,3.452,1.316,1.137,3.531,1.374,1.543,1.297,4.175,1.878,1.49,5.534,sampling_noiseless,0,prereg
26b404f4d1c227ec04184ca7,291.119,2.094,2.104,1.039,0.799,1.491,0.708,8.538,2.501,0.767,0.626,4.265,0.955,0.627,353.822,26.019,1.352,1.64,1.501,1.387,1.38,1.168,1.995,1.687,3.34,0.693,0.759,0.574,0.534,1.432,0.477,0.517,0.581,0.484,0.486,0.518,0.42,0.409,0.408,0.628,0.451,0.343,0.414,0.631,0.452,0.483,0.883,0.623,0.405,0.61,0.393,sampling_noiseless,0,prereg
2adf9aeac53ce0ab1527d0b3,9.257,1.685,3.932,2.094,1.712,1.773,1.634,1.678,1.174,2.16,1.009,0.993,0.917,0.91,0.94,1.046,1.103,0.857,1.097,1.397,0.912,0.998,0.778,0.876,1.039,1.05,0.801,0.881,2.054,0.974,0.921,0.958,1.113,0.946,0.66,1.043,0.829,0.915,0.928,1.075,0.916,0.991,0.883,1.123,0.963,0.833,6.207,2.962,1.058,1.329,1.824,sampling_noiseless,0,prereg
64ba0a6c7d2b1072045f779d,2.852,1.743,1.105,1.088,0.92,1.023,0.878,0.938,0.835,0.969,0.864,0.712,0.861,3.867,0.802,0.823,0.536,0.511,0.612,0.477,0.69,0.748,0.657,0.697,0.706,0.489,0.591,0.679,0.599,0.804,0.674,0.888,0.562,0.769,0.505,0.862,0.693,0.652,0.788,0.404,0.674,0.637,0.529,0.671,0.496,0.679,0.404,0.403,0.594,0.65,0.763,sampling_noiseless,0,prereg
498662dfb2b341b920b6c3ba,6.688,2.436,2.883,1.944,1.6,1.147,1.295,1.308,1.48,1.378,0.322,0.955,1.362,0.726,0.502,0.511,1.126,1.972,1.087,0.65,0.533,0.519,0.424,0.448,0.518,1.645,0.556,0.579,0.618,0.75,0.755,0.673,0.575,0.406,0.643,0.543,0.404,0.45,0.362,0.533,0.482,0.392,1.28,0.511,0.501,0.468,0.434,0.445,0.478,0.525,0.901,sampling_noiseless,0,prereg
19c4afe5d0eaf15a89f45c8f,4.662,2.05,1.075,1.499,1.2,1.063,1.079,1.021,1.075,1.034,0.803,0.765,0.792,1.09,1.095,0.809,0.762,1.384,1.448,2.578,0.948,0.707,0.94,0.704,0.859,1.351,1.484,0.884,1.218,1.326,1.04,1.211,0.89,0.947,1.016,0.937,1.865,1.075,1.196,1.059,1.083,0.943,1.158,1.157,1.465,1.43,0.979,0.883,1.052,1.042,0.866,sampling_noiseless,0,prereg
79fdbdb0863a63ade23cdad4,5.965,0.779,4.75,3.394,1.058,1.286,1.057,1.164,1.161,0.747,3.105,1.113,1.053,0.794,1.312,0.908,1.246,0.958,0.74,2.662,0.927,0.928,1.353,1.271,0.781,0.77,0.727,0.745,0.812,1.81,0.836,0.701,0.588,0.525,0.593,0.688,1.67,0.608,0.562,0.509,0.834,0.597,0.879,0.524,0.444,0.288,0.397,0.42,0.433,0.563,0.466,sampling_noiseless,0,prereg
773ba795ec274a5e063583e8,27.166,6.245,5.463,5.48,5.677,5.512,6.453,9.152,6.006,6.904,8.1,6.35,6.586,15.708,25.473,10.482,6.973,6.876,6.779,6.451,7.242,5.649,4.884,6.322,14.259,6.217,5.179,5.746,6.288,4.817,5.277,11.511,9.06,5.494,6.637,4.965,5.434,5.199,5.502,5.212,6.231,6.117,6.454,4.935,5.807,9.777,11.317,7.333,7.061,8.185,8.657,sampling_noiseless,0,prereg
dcac648e3863024ca00fd698,3.415,0.962,1.025,1.072,0.916,1.433,0.891,1.893,0.92,0.671,1.061,0.939,0.866,0.776,1.109,0.747,0.637,1.05,0.555,0.768,0.809,0.382,0.43,0.457,0.522,0.439,0.726,0.785,0.527,0.524,0.872,0.618,0.675,0.596,0.645,0.48,0.567,1.601,0.491,0.424,0.477,0.701,0.388,0.493,0.679,0.847,0.867,0.673,0.518,0.567,0.511,sampling_noiseless,0,prereg
aadf399e8985c78926bb7e70,12.47,10.781,4.092,1.059,5.978,1.493,0.614,0.929,0.561,0.555,0.566,0.556,0.527,0.531,1.034,0.571,0.713,1.139,0.621,0.612,0.542,0.985,0.857,0.864,0.75,0.794,0.721,0.689,0.494,0.873,0.642,1.875,1.03,1.055,0.8,0.983,0.878,0.922,0.883,0.847,0.787,0.932,0.852,3.775,6.598,1.19,1.03,0.844,0.889,0.731,1.57,sampling_noiseless,0,prereg
4b5bb459863ed4f8a463d188,2.049,1.557,0.997,0.872,0.9,0.824,1.901,0.761,1.017,0.81,0.769,0.93,0.879,1.019,0.921,0.766,0.917,1.041,0.672,1.103,0.684,0.977,0.643,0.529,0.679,0.549,0.447,1.016,0.58,0.412,0.496,0.767,0.41,0.324,0.397,0.442,0.45,0.622,0.346,0.337,1.901,0.616,1.014,0.393,0.6,9.17,1.797,0.675,0.748,1.585,0.878,sampling_noiseless,0,prereg
ae68b5286c7e832541d26406,4.969,2.3,2.324,1.217,1.639,1.128,0.931,2.039,1.147,0.918,0.686,1.686,1.176,1.038,0.729,0.703,0.627,0.846,3.14,0.722,1.029,0.754,0.664,1.013,0.339,0.462,0.482,0.427,1.38,1.214,5.755,1.667,1.077,0.686,1.622,0.376,0.544,0.589,0.793,0.931,0.425,0.544,0.782,0.643,0.981,0.718,0.611,0.73,0.957,0.907,0.933,sampling_noiseless,0,prereg
95ecf9f8d0eea9a93c4cbb01,1.606,0.888,0.611,0.593,0.662,0.46,0.498,0.337,0.49,0.599,0.379,0.361,0.441,0.378,0.271,0.305,0.309,0.558,0.622,0.259,0.185,0.18,0.247,0.278,0.22,0.262,0.218,0.259,0.167,0.222,0.282,0.278,0.298,0.314,0.237,0.114,0.167,0.082,0.576,0.274,0.238,0.327,0.308,0.526,0.297,0.328,0.34,0.212,0.25,0.204,0.941,sampling_noiseless,0,prereg
152b209127749272bdc264fb,3.811,1.55,1.109,1.127,0.784,0.92,0.767,0.645,0.593,0.84,0.841,0.647,0.673,0.692,0.672,0.643,0.693,0.582,0.635,0.912,0.501,2.301,0.753,0.426,0.413,0.756,0.722,0.597,0.577,0.544,0.672,0.867,0.556,0.484,0.597,0.425,1.134,0.582,0.466,0.594,0.436,0.522,0.619,0.55,0.636,0.605,0.561,0.52,0.616,0.56,0.639,sampling_noiseless,0,prereg
78c01836a42c2a0b66dcf850,6.027,4.247,2.272,1.341,1.528,1.686,1.595,1.403,1.225,1.276,1.363,1.141,0.902,1.092,1.275,0.779,1.137,1.006,0.764,1.134,1.103,1.224,0.8,0.974,0.709,1.13,1.912,1.046,1.336,1.443,0.705,6.109,1.413,1.181,0.989,0.785,0.936,0.98,0.776,0.804,1.113,4.405,0.8,1.099,0.833,0.968,0.913,0.876,1.929,0.96,0.823,sampling_noiseless,0,prereg
8659c416b2c84127341b7bed,5.052,2.664,1.502,2.27,1.282,1.336,1.788,1.652,1.238,1.001,1.037,0.601,0.985,0.776,0.704,0.676,0.746,0.667,0.748,0.884,0.733,0.641,0.892,0.79,0.795,0.659,0.669,0.5,0.676,0.592,0.614,0.45,1.158,6.178,2.582,0.906,0.875,1.088,0.782,1.23,2.307,1.174,3.892,1.403,1.537,1.076,0.939,0.654,0.623,3.384,1.308,sampling_noiseless,0,prereg
23e32e9e6df608e23c10b0e4,9.239,4.896,2.637,2.802,4.485,4.503,7.072,6.571,4.789,4.539,3.7,41.548,2.64,2.491,15.549,5.068,1.671,1.984,2.592,1.828,1.755,2.466,3.601,1.528,1.571,2.16,1.712,1.445,2.107,1.359,1.681,1.357,1.316,2.207,1.385,1.326,1.838,1.589,1.546,1.401,1.14,1.555,1.272,2.289,0.987,1.402,3.455,1.714,1.892,1.301,1.756,sampling_noiseless,0,prereg
95ef2e3876bcf11db782823d,7.389,6.708,3.01,2.022,1.525,1.665,1.191,1.029,1.702,1.432,1.53,1.246,2.936,5.609,2.442,1.231,2.282,1.035,1.038,0.892,0.932,2.15,1.274,1.158,1.209,0.866,0.822,0.844,0.825,0.723,0.748,0.697,0.6,2.062,1.99,0.726,0.947,2.277,0.955,1.491,0.815,1.066,1.103,0.837,1.073,0.818,1.017,1.265,1.341,0.856,1.205,sampling_noiseless,0,prereg
43f9355814b73087e3f65445,3.929,3.236,0.722,0.838,1.063,0.893,1.006,0.979,1.818,0.527,0.51,0.453,0.461,0.656,2.537,0.739,0.568,1.144,1.068,0.455,0.409,0.422,0.4,0.303,0.892,0.823,0.648,0.461,0.488,0.917,0.27,0.541,0.42,0.786,2.44,0.956,0.628,0.556,0.523,0.715,0.826,0.58,0.395,0.963,0.623,0.887,0.73,0.719,0.75,0.61,0.832,sampling_noiseless,0,prereg
61441ae4f20c4843d9e00247,3.504,1.31,1.544,0.83,1.443,1.341,0.901,0.995,0.96,0.574,0.496,0.98,2.337,0.846,0.902,0.619,0.925,0.553,3.575,1.294,1.3,0.575,0.785,0.696,0.52,0.518,0.466,0.4,0.519,0.465,4.302,0.678,0.854,1.152,0.557,1.13,1.417,0.66,0.601,0.696,0.659,0.99,0.755,0.571,0.855,0.623,0.7,0.584,0.541,0.601,2.582,sampling_noiseless,0,prereg
c22113e61f6126ed824b8550,14.875,1.301,1.171,1.617,1,1.975,1.159,1.551,1.635,1.778,0.956,1.785,5.332,0.882,0.723,0.642,0.89,0.62,1.179,0.731,1.331,1.15,0.769,0.729,0.683,0.634,0.648,0.229,0.564,0.525,0.524,0.875,1.043,0.56,0.996,0.59,0.653,3.06,0.939,0.961,0.525,0.664,0.481,0.638,0.481,0.541,0.581,0.992,0.695,0.606,0.647,sampling_noiseless,0,prereg
caf42801a963d09ad2ea8948,8.691,7.752,7.442,2.773,2.407,4.241,0.924,1.608,3.047,2.294,1.399,1.114,0.881,3.323,0.699,0.648,11.549,1.098,16.528,1.475,0.601,0.559,1.432,0.783,0.62,0.515,0.753,0.6,0.529,0.819,0.744,0.572,2.928,0.589,0.489,0.471,0.553,0.435,0.528,0.523,0.483,0.485,0.473,0.565,0.558,0.487,0.551,0.625,0.53,0.677,0.566,sampling_noiseless,0,prereg
5eef99eb2fdf9b0c447b272e,6.513,5.817,12.894,2.389,1.815,1.816,1.872,2.06,2.622,2.114,2.269,2.113,6.709,39.948,1.416,7.537,2.1,1.479,1.488,1.532,1.709,1.595,3.863,1.334,1.544,3.139,1.245,2.249,1.488,1.716,0.892,1.287,2.181,9.152,1.77,1.189,2.936,1.586,0.862,1.704,1.15,0.844,1.458,1.067,1.25,0.893,1.222,0.78,2.054,1.209,3.12,sampling_noiseless,0,prereg
a47a325e95638d016c679c4e,1.451,0.708,0.584,0.583,0.346,0.718,0.437,0.392,0.461,0.391,0.362,0.298,0.295,0.331,0.259,0.643,0.382,0.32,0.375,0.476,0.409,0.357,0.328,0.308,0.339,1.357,0.432,0.325,0.378,0.371,0.411,0.311,0.32,0.351,0.345,0.345,0.302,0.273,0.294,0.45,0.358,0.36,0.392,0.379,0.365,0.309,0.337,0.31,0.371,0.362,0.388,sampling_noiseless,0,prereg
0d05ec1eacfaab87031f8777,21.564,5.662,3.858,0.732,0.471,0.386,0.34,0.63,0.515,0.434,0.959,0.887,0.964,2.998,0.391,0.596,0.249,0.395,0.199,0.23,0.713,0.71,0.228,3.876,0.308,0.599,0.421,0.325,0.237,0.357,0.483,0.303,0.39,0.325,0.337,0.33,0.388,0.388,0.201,0.398,0.511,0.141,0.382,0.346,0.203,0.348,0.287,0.379,0.42,0.479,0.502,sampling_noiseless,0,prereg
0ff12f90094e66ba246e754a,2.684,0.321,0.532,0.455,0.485,0.429,0.454,0.598,0.57,0.733,1.422,0.788,1.103,0.585,0.822,1.127,1.063,1.198,0.519,0.46,0.517,0.509,0.608,0.468,0.621,0.881,0.446,0.405,0.222,0.548,0.612,0.319,0.499,0.601,0.468,0.405,0.356,0.559,0.586,0.387,0.409,0.294,0.158,0.418,0.394,0.304,0.354,0.442,0.788,1.416,3.323,sampling_noiseless,0,prereg
119a0d4522309ede7c9464c2,10.547,4.563,9.119,4.01,1.073,1.004,2.095,0.753,1.34,0.94,1.093,0.814,0.901,0.863,0.908,0.596,0.581,0.519,0.755,0.609,0.705,0.813,0.763,0.798,0.555,0.701,0.919,1.713,0.749,1.217,0.588,0.588,0.561,0.507,0.611,0.534,0.466,0.519,1.216,0.615,0.414,0.514,0.484,0.528,0.776,0.496,0.45,0.193,2.022,0.779,0.894,sampling_noiseless,0,prereg
b01294862d7636f8a91489f0,4.21,1.405,1.862,2.012,1.088,0.713,0.851,1.217,0.939,0.578,1.934,1.724,2.54,0.739,0.3,0.507,0.352,0.399,0.513,0.325,0.349,0.295,0.19,0.322,0.16,0.316,0.267,0.315,0.328,0.587,0.329,1.537,2.693,0.534,0.543,0.426,0.365,0.319,0.392,0.386,0.348,0.302,0.616,0.379,0.414,0.702,0.689,1.097,0.821,0.78,1.943,sampling_noiseless,0,prereg
27d0a6dee1d0a9cde374804b,2.708,0.666,0.771,0.501,0.633,0.784,0.469,0.486,0.505,0.601,0.603,0.673,0.575,0.655,0.564,0.847,0.898,0.565,0.342,0.301,0.289,0.902,0.138,1.107,0.701,0.85,0.655,1.752,0.703,0.908,1.287,2.101,0.885,0.661,0.603,0.799,0.689,0.655,0.602,0.664,0.708,0.17,3.992,0.578,0.508,0.536,0.749,0.015,0.245,0.88,0.87,sampling_noiseless,0,prereg
98f3b7b42aab77d6cd4adb6a,5.197,2.711,1.574,0.815,0.993,1.094,0.975,0.827,0.882,0.533,1.168,2.194,1.431,1.513,1.456,0.661,1.259,0.665,1.102,0.816,1.278,1.768,1.385,0.619,0.731,0.511,0.494,1.33,0.716,1.666,0.787,2.491,0.665,0.927,0.78,0.624,0.713,1.034,0.945,0.726,0.506,0.62,0.514,0.537,0.676,6.482,1.46,8.637,3.501,0.909,0.724,sampling_noiseless,0,prereg
907e8d1d0b67c3f2c071919a,3.105,1.639,1.007,1.705,1.448,1.004,0.898,2.238,0.664,0.803,0.632,0.632,0.574,0.55,0.455,0.449,1.895,0.196,0.305,0.271,1.906,0.664,0.396,0.452,1.636,0.359,0.468,2.084,1.464,0.798,0.571,1.422,0.499,1.073,0.632,0.623,0.503,0.347,0.402,0.395,0.146,0.881,0.546,0.405,0.401,1.405,0.179,0.603,1.054,1.406,0.802,sampling_noiseless,0,prereg
50f1f3218b639fd30e00bb6a,7.807,1.556,1.507,1.075,1.189,0.984,0.964,0.792,0.764,0.803,0.704,0.746,0.817,0.797,0.902,0.714,0.656,0.643,0.654,0.668,0.66,0.707,0.697,0.589,0.695,0.639,0.625,1.034,0.634,0.573,0.508,0.733,0.658,0.61,0.577,0.646,0.689,0.666,0.599,0.736,1.01,3.328,0.92,1.008,1.118,0.837,0.898,1.069,0.978,1.08,1.197,sampling_noiseless,0,prereg
8fee8f51db49dd53ae139383,19.331,8.227,4.451,4.151,4.934,4.691,8.43,6.215,3.816,4.747,6.947,5.909,12.226,6.934,5.11,6.179,6.343,4.9,5.21,5.202,4.516,5.745,5.627,6.177,17.131,6.252,5.144,6.174,4.572,6.007,5.637,6.616,5.023,5.307,4.446,4.844,6.113,4.365,6.761,6.983,5.543,4.72,4.279,4.502,4.507,5.743,5.255,4.809,5.168,4.838,19.079,sampling_noiseless,0,prereg
67ff8463260741f340688099,5.392,3.52,11.933,3.952,6.839,3.682,4.547,4.83,1.1,6.345,3.823,1.212,2.565,1.051,4.696,1.111,0.959,1.069,0.88,12.326,7.593,0.932,1.11,1.156,10.267,0.801,0.985,2.149,1.515,8.17,1.581,1.113,1.607,0.967,5.565,2.057,1.536,1.06,0.675,8.956,1.087,1.586,1.023,0.919,8.894,1.221,1.043,0.961,1.429,9.581,4.316,sampling_noiseless,0,prereg
6da578097a0becbced102a12,3.369,1.925,1.992,1.944,0.799,1.314,1.043,0.761,2.365,0.653,0.961,0.853,0.718,0.746,0.664,0.675,0.637,0.642,0.701,0.756,0.557,0.645,0.642,0.683,0.406,0.212,0.75,0.467,0.869,0.612,0.584,0.661,0.635,0.485,0.455,0.657,4.897,1.35,0.919,0.667,0.986,0.856,0.785,0.883,0.967,1.786,1.099,0.855,1.555,2.272,1.011,sampling_noiseless,0,prereg
0c451dbe1deef0b2c56e4146,9.12,6.026,5.279,4.341,3.637,2.465,4.022,7.255,5.383,2.954,1.643,1.864,2.173,1.329,1.088,1.409,2.376,1.848,1.528,1.193,3.649,1.672,1.586,8.007,2.049,3.535,2.07,1.794,1.445,1.118,2.121,2.949,1.612,1.528,2.9,2.927,1.37,1,2.431,1.844,2.93,1.248,1.487,1.632,1.076,1.123,1.606,0.917,1.57,5.734,3.377,sampling_noiseless,0,prereg
abf5903a4f44208c0259d9c2,6.053,1.901,1.187,0.817,0.962,0.721,0.697,0.752,0.895,0.602,0.712,0.59,0.971,0.711,0.723,0.922,0.617,1.119,0.606,0.638,0.604,0.621,0.505,0.65,1.072,0.562,0.725,0.671,0.747,0.681,0.647,0.681,0.873,0.65,0.714,0.676,0.81,0.693,0.65,0.622,0.665,0.73,0.647,0.675,0.6,0.71,0.595,0.672,0.737,0.686,1.088,sampling_noiseless,0,prereg
9f51baaf24e1f3a2f7b0aa77,6.509,11.162,1.504,1.747,0.931,1.221,1.007,0.933,1.011,0.987,0.822,0.776,2.158,1.158,1.046,0.895,0.879,3.441,1.213,0.784,0.729,0.381,0.707,0.723,0.816,0.777,0.749,4.223,0.679,1.528,1.17,0.758,0.727,0.815,0.543,0.506,0.455,0.459,0.746,0.504,0.487,0.47,0.433,0.653,0.558,1.638,0.517,0.749,0.654,0.55,0.968,sampling_noiseless,0,prereg
1bd42b3310028dacea63941d,28.564,3.712,10.534,0.37,0.715,0.945,0.47,0.509,0.443,0.406,0.744,0.878,0.402,0.356,0.45,0.476,0.371,0.373,0.432,0.308,0.306,0.327,0.466,0.618,0.885,0.397,0.339,0.308,0.437,0.166,0.793,0.338,0.359,0.342,0.337,0.17,0.15,0.372,8.556,1.287,1.048,1.572,0.478,0.442,0.407,0.41,0.417,0.417,0.514,0.573,0.421,sampling_noiseless,0,prereg
13899b05289a6d982a42d75e,14.142,1.527,1.608,1.655,1.17,1.571,1.208,1.529,6.6,2.301,1.626,1.181,1.092,1.563,1.133,1.332,1.167,1.441,1.263,1.277,1.104,1.103,1.174,1.773,1.084,1.047,1.471,2.579,1.192,1.191,1.179,1.026,1.287,1.033,1.091,1.375,2.036,1.134,0.984,1.026,0.962,0.901,1.219,1.214,2.93,1.736,5.517,2.945,3.415,5.462,1.61,sampling_noiseless,0,prereg
4f2fd2d6df30e8ca39b261ab,9.912,1.793,1.164,1.051,1.034,0.911,1.457,0.997,0.979,0.832,0.735,0.755,0.884,0.72,0.635,1.716,0.552,4.389,0.716,0.922,0.763,0.89,1.784,0.834,0.51,0.549,0.715,0.674,0.686,0.381,1.552,0.572,0.706,0.389,0.529,0.727,0.488,0.781,0.705,0.587,0.654,0.341,0.656,0.38,0.342,0.342,0.454,0.369,0.363,0.39,0.368,sampling_noiseless,0,prereg
2cf8f39b39020aef35aefdb6,7.694,4.847,3.439,2.883,2.273,2.614,2.136,2.787,2.759,1.8,3.222,1.513,1.192,1.48,1.252,1.179,1.372,1.651,0.984,1.163,1.971,1.591,1.49,1.081,1.265,3.019,3.095,1.689,1.942,1.669,1.396,1.313,1.072,1.135,1.869,1.88,1.302,0.785,0.809,0.952,1.187,1.106,1.015,1.507,0.957,1.866,0.94,1.273,1.277,1.488,1.003,sampling_noiseless,0,prereg
307b8287f4cb57dc6d716b68,12.972,3.459,2.577,2.777,1.559,2.235,4.103,1.11,2.418,1.243,1.037,1.145,3.426,2.49,0.93,0.995,0.92,4.293,2.778,1.047,1.06,0.85,0.738,0.695,1.236,1.386,0.97,0.859,0.593,5.712,1.091,1.014,0.774,0.584,1.27,0.737,1.2,0.855,0.493,1.479,3.466,0.859,0.968,0.472,1.044,1.513,18.791,1.796,2.764,1.695,1.183,sampling_noiseless,0,prereg
4f8cf2c6592cf99f638494ff,3.446,0.947,0.846,0.522,0.859,0.558,0.566,0.328,0.562,0.395,0.379,0.37,2.022,0.405,0.594,0.381,0.845,0.54,0.406,0.315,0.345,0.295,0.278,0.173,1.727,0.555,0.172,0.29,0.337,0.441,0.371,0.404,0.983,0.332,0.362,0.563,0.431,0.37,0.075,0.342,1.279,0.456,0.185,0.753,0.238,0.374,0.355,0.455,0.419,0.455,0.5,sampling_noiseless,0,prereg
62192e6ec87dd91cb626db61,4.392,6.416,2.155,2.172,2.071,2.054,1.985,2.343,1.803,1.732,1.618,1.553,1.687,1.816,1.246,1.203,1.339,1.323,1.301,0.91,0.861,0.8,1.188,0.856,0.963,0.819,0.809,0.733,0.917,1.536,0.993,0.828,0.883,0.991,0.867,0.837,1.008,1.214,1.087,0.922,0.897,1.052,0.805,0.781,0.757,1.47,1.193,0.675,0.648,1.172,0.841,sampling_noiseless,0,prereg
69883f38905ad24655c4fb16,6.035,4.717,2.102,2.403,4.48,2.487,1.584,1.401,3.383,1.358,9.931,5.921,7.866,1.78,1.744,1.626,1.91,9.894,2.286,2.351,1.569,2.078,2.201,1.612,1.304,1.456,1.968,1.24,1.91,1.962,2.493,2.626,1.52,2.362,1.998,1.427,1.645,1.503,1.698,1.509,4.625,1.503,1.631,2.925,2.049,1.648,2.339,2.421,2.053,3.663,14.469,sampling_noiseless,0,prereg
7803d761c8809f142a52b87b,4.803,0.917,0.798,0.709,0.395,0.433,0.844,0.631,0.534,0.354,0.401,0.562,0.8,0.834,0.534,0.792,0.73,0.725,2.116,2.129,0.513,6.282,0.582,0.9,0.285,0.198,0.279,0.244,0.257,0.386,1.091,0.286,0.152,0.244,0.215,0.385,0.423,0.245,0.476,0.309,0.311,1.417,0.621,0.57,0.438,0.557,1.838,0.099,0.563,0.974,0.745,sampling_noiseless,0,prereg
342b24a5caa3dd37e1a4a1ef,5.077,1.578,0.892,0.703,0.923,0.56,0.761,0.69,0.681,0.663,0.51,1.686,0.594,0.737,0.663,0.731,0.464,0.574,1.327,0.752,0.492,0.616,0.669,0.587,0.547,0.855,0.617,0.65,0.487,0.42,0.609,0.442,0.471,0.465,0.452,1.108,0.768,0.722,0.906,0.743,0.541,0.548,0.547,0.483,0.456,0.537,0.589,0.419,0.403,0.725,0.526,sampling_noiseless,0,prereg
593224192e20c427599ba6f8,5.352,5.911,2.028,1.408,1.064,2.745,2.088,0.472,0.411,0.394,0.323,0.459,0.301,0.395,0.363,0.404,0.355,2.076,0.417,0.286,0.291,0.512,0.541,0.516,0.319,0.387,1,0.285,0.422,0.292,0.281,0.235,0.15,0.14,0.167,0.29,1.054,0.827,0.594,0.294,0.364,0.291,1.177,0.584,0.381,0.284,0.195,0.501,0.254,0.273,0.414,sampling_noiseless,0,prereg
2aae45d18cddf1f74e961ac3,12.574,5.638,10.642,1.377,0.741,1.123,0.991,0.769,1.024,1.148,1,1.077,0.894,0.734,0.923,0.682,1.008,0.598,0.791,1.032,0.802,0.827,0.629,0.666,0.639,0.462,0.708,3.262,1.293,0.657,2.08,0.69,0.922,0.581,0.492,0.405,0.388,0.376,0.379,0.35,0.532,0.366,0.322,0.351,0.353,0.403,0.34,0.395,0.461,0.508,1.019,sampling_noiseless,0,prereg
5826192f8e4db2c6d022929d,4.997,1.808,1.036,1.056,1.068,0.97,1.045,0.722,0.783,0.393,0.389,0.428,0.353,0.301,1.015,0.68,0.76,0.357,0.338,0.364,0.455,0.383,0.288,0.301,0.355,0.305,0.267,0.131,0.386,0.56,0.381,0.435,0.503,0.43,0.392,0.795,0.542,0.439,0.439,0.346,0.348,0.349,0.281,0.358,0.573,0.417,0.449,0.371,2.161,1.516,1.148,sampling_noiseless,0,prereg
e81eb237aad6de338bbe2b23,10.696,6.098,4.407,2.376,3.05,3.358,2.001,1.916,2.283,1.125,2.279,3.828,1.33,0.991,1.117,0.858,1.689,0.935,1.347,0.662,0.59,0.591,0.582,2.535,1.316,1.822,1.163,0.985,0.985,1.372,2.959,1.361,1.044,1.417,1.15,1.228,1.028,1.059,1.374,0.802,1.195,1.46,0.551,0.698,4.53,1.092,0.73,0.551,0.575,0.744,1.494,sampling_noiseless,0,prereg
cc366d007afea4036162c8b4,4.874,1.224,0.827,0.887,2.334,2.002,1.142,2.176,0.764,0.827,1.758,1.389,0.739,0.589,0.85,0.932,0.841,0.973,0.703,0.628,0.595,0.522,0.459,0.589,0.58,0.558,0.533,0.5,0.409,0.478,0.305,0.443,0.443,0.671,0.954,2.448,0.977,0.607,0.978,0.979,1.089,0.642,0.581,0.504,0.557,0.302,0.587,0.639,0.402,0.504,0.696,sampling_noiseless,0,prereg
ac1b5c46048dacc568033348,7.661,1.651,1.242,1.182,0.815,0.833,3.492,4.19,1.106,0.998,0.699,1.153,0.533,0.466,1.015,0.797,1.006,0.701,0.445,0.545,0.619,0.931,0.714,0.423,0.5,0.423,0.412,0.429,0.394,0.368,0.349,0.403,0.476,0.385,0.429,0.563,0.377,0.402,0.447,0.444,0.373,0.396,0.458,0.626,0.521,0.526,0.419,0.438,0.442,0.716,0.739,sampling_noiseless,0,prereg
94bf18be94127f92237a67e1,2.353,1.535,1.264,1.065,1.096,0.962,1.197,1.103,1.019,1.15,1.221,0.993,1.098,2.112,0.865,0.621,0.461,1.246,1.543,0.782,0.715,0.743,0.618,0.903,0.886,6.89,1.066,0.79,23.187,1.029,7.1,0.634,4.982,23.179,0.715,0.329,10.332,0.654,0.833,0.557,0.586,0.474,0.822,0.525,0.652,0.539,0.561,0.587,0.598,0.538,0.577,sampling_noiseless,0,prereg
efa0255b4c69e99e2e720adf,11.596,3.686,3.725,4.702,3.185,3.26,1.685,3.09,1.752,1.878,1.355,2.536,1.387,2.13,1.476,1.87,0.9,1.043,1.524,2.962,2.941,1.05,0.884,1.087,0.935,1.083,0.851,0.623,0.597,0.539,0.52,0.588,0.922,0.631,0.517,0.826,0.487,1.161,0.713,1.008,1.247,0.543,0.533,1.147,0.562,0.521,1.397,0.531,0.593,1.508,3.521,sampling_noiseless,0,prereg
b77e4e64f4ba5e1c1bcd12c0,28.273,11.578,5.809,9.027,6.001,5.018,25.329,5.738,6.991,6.789,17.416,5.966,5.198,4.515,8.544,4.505,4.89,5.656,4.836,4.074,4.56,6.657,5.978,12.129,8.913,4.8,6.402,4.569,4.697,4.116,5.035,4.959,4.189,5.315,5.144,8.77,4.844,3.758,5.335,4.743,5.779,5.472,12.201,4.805,4.876,5.648,4.84,7.184,4.819,4.885,5.815,sampling_noiseless,0,prereg
152dec86cc7afc489acb7b18,9.622,3.33,2.651,2.704,2.851,2.651,1.902,1.678,1.866,2.038,1.707,2.216,1.861,1.293,1.8,1.948,1.898,2.654,2.032,2.782,2.826,2.34,2.57,2.277,2.232,2.707,2.134,2.88,3.185,3.097,2.47,2.233,2.606,2.203,2.519,2.967,2.664,2.747,2.896,2.38,1.964,2.123,2.363,2.634,1.897,2.15,2.253,2.489,2.153,6.107,7.849,sampling_noiseless,0,prereg
cad3b2cfdb432560dcbcbe79,4.844,2.254,2.617,2.216,3.087,3.293,2.508,2.612,2.94,1.787,3.817,1.584,1.743,2.336,2.141,1.81,3.309,2.917,1.805,2.584,2.106,3.101,2.611,3.099,1.846,2.126,4.042,2.951,6.406,3.518,1.54,3.866,1.954,1.074,1.319,13.551,1.249,0.78,1.2,1.322,1.305,2.542,1.303,2.903,2.528,1.128,1.937,1.224,1.759,1.005,1.681,sampling_noiseless,0,prereg
b882cddc9e99d3b701f0fbf9,13.985,3.82,2.253,1.758,1.2,0.949,0.924,1.129,1.253,1.008,1.079,0.818,0.959,0.913,1.078,3.26,0.788,0.731,0.765,0.942,0.896,0.969,2.196,0.949,0.771,1.217,0.846,1.428,1.12,1.169,4.382,4.332,2.629,1.532,2.658,1.279,0.896,0.833,1.549,1.343,1.25,0.851,1.546,0.922,1.14,1.177,0.83,0.809,1.062,1.924,1.446,sampling_noiseless,0,prereg
65af1533df45323ec8d818e4,10.82,2.786,1.298,1.259,0.968,0.708,0.847,0.933,1.242,0.966,0.872,0.658,0.661,0.874,0.716,0.652,0.883,0.762,0.723,2.394,0.665,0.901,0.647,0.684,0.448,0.467,0.601,0.555,0.601,0.657,0.608,0.634,0.574,0.364,0.621,0.344,0.547,0.551,20.778,17.414,0.701,0.609,0.622,0.629,0.614,0.597,0.485,0.672,0.786,0.701,0.665,sampling_noiseless,0,prereg
ec112a79576f8f9d1de82e29,1.931,0.595,0.553,0.672,0.598,1.071,0.737,0.718,0.66,0.542,0.491,0.822,0.912,0.416,0.656,0.386,0.435,0.636,0.562,0.46,0.355,0.342,0.35,0.328,0.322,0.475,0.595,0.457,16.556,1.077,0.676,0.526,0.669,0.694,0.457,0.435,0.35,0.397,0.403,0.683,0.385,0.848,0.421,0.368,0.695,0.426,0.459,0.401,0.421,0.436,0.63,sampling_noiseless,0,prereg
f5521215dc1b1b7c8a67c74c,4.73,2.898,1.622,2.194,2.519,1.802,4.629,1.802,1.644,2.048,1.983,1.97,2.688,1.929,2.637,2.042,1.571,1.531,1.165,3.208,1.313,1.442,4.885,3.083,1.542,1.104,2.065,1.281,1.48,2.263,1.558,1.761,1.957,1.287,2.002,3.449,1.653,1.509,1.465,1.601,1.348,1.134,2.133,1.45,1.721,1.242,1.119,1.235,1.571,2.204,2.33,sampling_noiseless,0,prereg
fd05a56991181a45f0994275,2.6,1.148,0.823,0.852,0.861,0.875,0.72,0.71,0.779,0.787,0.589,0.621,1.719,0.554,0.487,0.457,0.484,0.416,0.43,1.325,0.589,0.636,0.632,0.596,0.633,0.633,0.709,0.639,2.467,0.511,0.877,0.861,0.864,0.868,0.658,1.165,1.226,0.598,0.958,2.297,1.2,1.545,0.935,1.784,0.938,1.109,0.62,0.634,1.462,1.026,1.285,sampling_noiseless,0,prereg
829c9d4fae2b449202754b47,2.742,0.941,0.75,0.77,0.709,0.626,0.846,1.684,1.276,0.864,0.888,3.201,1.645,0.755,0.638,0.859,0.703,0.732,1.134,0.579,0.617,0.663,0.889,0.741,14.972,1.443,0.814,0.709,1.058,0.872,0.722,0.784,0.931,0.864,0.975,1.086,0.704,0.774,0.748,0.595,0.681,0.849,1.001,0.985,0.896,1.11,0.791,0.946,0.885,0.974,0.951,sampling_noiseless,0,prereg
e364fa9d77e9ff2a1fea818a,6.757,1.445,3.812,1.694,1.687,1.103,2.113,1.347,1.322,2.035,1.958,1.813,1.364,1.164,1.054,0.993,0.978,0.802,0.778,0.858,0.97,0.835,0.761,0.96,0.664,0.553,0.524,0.558,0.464,0.49,0.722,0.767,0.891,0.651,0.552,0.971,0.727,0.693,0.597,0.6,0.688,0.572,0.741,0.595,0.566,0.8,0.724,1.192,1.19,0.688,0.792,sampling_noiseless,0,prereg
2cebbf2d7a70af73cb1f3c7a,6.03,5.487,1.306,0.702,0.533,0.522,0.311,0.631,0.498,0.535,0.344,0.422,0.268,0.583,0.408,0.347,0.479,0.455,4.927,0.442,0.428,0.665,0.386,0.282,0.362,0.3,0.357,0.267,0.233,0.2,0.234,0.264,0.251,0.395,0.375,0.33,0.23,0.234,0.27,0.602,0.376,0.236,0.611,0.426,0.576,0.534,0.4,0.799,0.495,0.66,0.522,sampling_noiseless,0,prereg
48064ead740a5015fe0f6a8c,1.705,1.688,1.292,1.131,0.784,1.242,0.997,1.006,1.578,1.383,1.39,1.813,1.314,1.254,1.062,1.569,0.776,1.11,0.793,1.077,0.448,0.41,0.413,0.462,0.599,0.524,0.455,0.393,0.363,0.477,0.173,0.351,0.344,0.45,0.382,0.998,0.401,0.407,0.373,0.422,0.665,0.524,0.474,0.405,0.379,0.437,0.563,0.48,0.47,0.562,0.88,sampling_noiseless,0,prereg
af58da624c09cb1310c1659d,11.27,2.9,2.044,1.485,1.2,1.679,2.355,1.555,1.608,1.092,1.005,1.245,2.551,1.468,1.677,1.634,0.859,1.391,1.104,1.003,0.837,0.927,0.963,0.845,1.189,0.959,1.859,1.205,1.023,1.645,0.776,1.084,0.866,0.813,0.993,0.927,1.009,0.972,0.808,1.287,1.164,1.019,1.021,1.243,7.452,2.866,2.283,1.01,1.187,1.338,1.431,sampling_noiseless,0,prereg
9585434abdc4b6ecd79cf857,2.384,2.264,1.9,1.043,1.21,1.263,0.81,0.698,0.49,0.477,0.588,0.511,0.47,0.58,0.748,0.831,0.518,0.513,0.526,0.509,0.372,0.421,0.439,0.262,0.427,0.366,0.286,0.225,0.452,0.426,0.205,0.343,0.213,0.329,0.257,0.618,0.521,0.272,0.388,0.209,0.255,0.297,0.192,0.252,0.308,0.789,0.44,0.758,0.451,0.194,0.709,sampling_noiseless,0,prereg
97a9b346a7c070df00912987,1.701,1.677,1.716,1.302,1.206,0.802,1.089,0.871,0.729,0.845,3.491,0.776,0.751,0.97,0.834,0.798,0.697,4.087,1.142,0.701,0.828,1.949,1.491,2.193,1.786,1.375,5.392,0.708,1.251,2.192,1.364,0.806,0.644,3.636,0.651,0.779,0.7,0.725,2.25,0.831,0.795,0.749,0.988,0.704,2.746,0.774,0.207,0.803,0.526,0.962,3.604,sampling_noiseless,0,prereg
23a3815d919d2bbfe762bffd,1.941,0.944,0.502,1.345,1.056,0.82,0.991,0.523,0.466,0.428,0.457,0.399,0.452,0.396,0.445,0.458,0.401,0.682,0.484,0.551,0.432,0.454,0.405,0.955,0.403,0.485,0.463,0.656,0.528,0.396,0.444,0.448,0.511,0.44,0.447,0.377,0.453,0.604,0.547,0.488,0.424,0.567,0.365,0.372,0.506,0.281,0.348,0.203,0.397,1.011,0.589,sampling_noiseless,0,prereg
25c38298eaf959c22790479f,14.311,6.648,6.176,2.43,2.088,4.001,1.434,2.471,1.888,1.55,2.335,2.139,6.094,1.5,2.407,3.328,2.936,1.615,1.405,3.007,1.544,1.608,1.501,1.177,1.616,1.397,1.403,1.607,1.749,0.829,1.329,1.145,1.486,1.494,1.64,1.356,1.049,2.792,0.992,0.825,1.587,1.152,1.374,3.438,4.422,3.537,2.482,1.196,1.801,1.196,1.871,sampling_noiseless,0,prereg
6f45e561d277d2f21b55409d,5.82,1.558,1.682,1.079,1.027,0.956,1.133,1.179,0.856,1.257,1.333,1.144,0.7,0.979,0.744,0.792,1.471,0.77,0.81,0.808,0.67,0.797,0.639,0.656,0.729,0.655,0.544,0.399,0.517,0.65,0.527,0.47,0.567,1.655,0.591,0.523,0.466,0.464,0.618,0.511,0.732,0.81,0.755,0.67,0.643,0.63,0.841,0.717,0.693,0.99,1.053,sampling_noiseless,0,prereg
a30f1a208d92b22e791dd099,2.506,0.39,0.682,0.502,0.536,0.453,1.113,0.893,0.855,0.724,0.71,0.556,0.757,0.807,0.644,0.992,0.907,0.698,0.519,0.97,0.7,0.561,0.638,0.44,0.697,0.504,0.414,0.482,0.202,0.758,0.572,0.567,0.582,0.941,0.807,0.774,0.777,0.787,1.194,0.801,0.96,0.869,0.567,0.564,0.721,0.824,0.925,0.987,0.61,0.657,3.244,sampling_noiseless,0,prereg
45e6598c807da90440da8929,4.864,2.677,1.985,1.695,1.271,1.608,0.902,1.005,0.772,0.706,0.832,0.898,0.808,0.876,0.858,0.66,0.703,1.004,0.913,1.046,1.21,1.287,0.88,0.782,1.141,0.912,1.436,0.745,0.682,0.686,2.602,0.756,0.504,0.7,0.607,0.507,0.666,0.777,5.615,0.715,1.002,0.682,0.651,0.665,1.344,1.244,1.269,0.905,0.902,1.094,1.982,sampling_noiseless,0,prereg
e4d8de136f3f396788b6a200,4.9,9.174,2.3,3.801,1.787,1.862,1.4,1,0.998,1.076,1.345,1.1,0.841,0.795,0.801,4.985,1.141,0.801,1.1,0.8,0.778,0.694,0.5,0.766,0.701,0.601,0.7,0.963,0.593,0.501,0.4,0.579,0.479,0.495,0.597,0.2,0.7,0.167,0.765,0.671,0.601,0.586,0.3,0.4,0.4,0.301,0.599,0.276,0.395,3.682,2.494,sampling_noiseless,0,prereg
a15a31693b6e325bc5981c0e,3.262,4.49,0.949,0.588,0.482,0.715,0.578,0.485,0.619,1.25,1.217,1.13,1.043,0.614,0.617,0.492,0.661,0.601,0.615,1.067,0.505,0.618,0.626,0.56,0.59,0.658,0.563,0.472,0.555,0.52,0.527,0.714,0.501,0.492,0.538,0.549,0.489,0.431,0.435,0.436,0.378,0.549,0.49,0.436,0.437,0.399,0.381,0.487,0.493,0.401,2.148,sampling_noiseless,0,prereg
d53efff7d5cbafb4f14020b7,3.465,1.833,1.74,1.9,1.709,1.598,1.516,1.277,1.265,1.071,0.782,0.944,0.859,0.872,0.936,0.766,0.846,0.943,0.764,0.491,0.696,0.741,0.749,0.885,0.666,0.648,0.969,0.594,4.731,0.977,0.944,0.429,0.452,0.478,0.628,0.709,0.954,0.785,0.528,0.775,0.767,0.517,0.451,0.522,0.538,0.645,0.521,0.499,0.618,0.732,1.3,sampling_noiseless,0,prereg
f7bdb3a38b2d4f5bc027b8fb,8.13,19.53,2.071,1.585,7.752,2.389,2.097,1.736,1.978,1.767,1.607,1.731,1.701,1.59,2.151,1.819,1.674,0.273,2.492,1.401,1.391,1.384,2.158,1.617,2.997,1.485,1.346,1.207,1.362,2.749,1.7,1.662,1.957,1.428,1.452,1.799,1.648,2.294,3.17,1.73,1.285,1.58,1.293,1.293,1.4,1.486,1.167,2.12,1.395,1.309,1.256,sampling_noiseless,0,prereg
cca97a78118dc01423037129,24.344,16.557,15.987,15.769,13.283,12.129,10.47,35.752,1.784,1.56,1.24,1.328,1.706,1.271,2.988,1.69,1.176,1.186,1.175,1.352,1.009,0.994,1.068,1.28,0.776,0.92,0.927,0.684,0.862,2.068,2.6,0.875,0.879,0.915,1.888,1.17,0.828,0.779,1.069,1.298,0.906,1.067,0.982,1.116,1.51,1.009,10.938,2.404,0.996,1.287,0.857,sampling_noiseless,0,prereg
8016614d5a1f6488cdead560,11.043,3.267,1.182,2.326,1.512,0.948,1.143,1.091,1.084,1.023,1.196,1.124,1.134,1.128,1.56,1.75,1.775,1.082,0.802,1.246,1.116,2.598,1.075,0.949,0.936,0.983,1.032,0.898,1.976,1.158,2.325,1.267,1.242,0.795,1.17,0.975,0.795,1.159,1.631,2.241,1.026,0.672,0.993,8.201,1.317,1.621,1.088,1.236,1.136,0.677,0.642,sampling_noiseless,0,prereg
46a8a78dfd40cff13c06fb9e,3.344,7.71,4.506,4.37,2.86,1.414,1.555,1.561,0.872,1.073,0.94,1.365,2.012,1.43,1.715,1.212,1.611,1.835,3.246,2.029,3.687,3.751,2.349,2.794,2.12,4.834,4.489,3.886,3.157,4.733,2.116,3.755,2.27,1.669,3.373,5.293,9.281,1.689,1.396,5.778,1.743,1.677,1.942,1.904,2.391,2.332,5.537,1.388,1.087,3.376,3.777,sampling_noiseless,0,prereg
c2fdd8cd489fc44c45f8b64c,6.511,17.58,3.021,3.035,2.732,2.748,2.406,3.151,2.751,2.201,3.68,2.424,2.832,2.523,2.356,2.593,2.18,2.915,3.238,3.766,2.902,2.113,3.416,2.177,2.331,2.812,2.255,2.224,2.27,2.298,4.503,2.295,2.444,2.391,12.896,8.081,3.423,2.487,3.489,2.747,3.892,5.983,2.08,2.155,2.329,2.275,2.163,2.465,2.257,2.129,1.989,sampling_noiseless,0,prereg
4d6698dfbd712178f94ea085,6.272,2.029,2.048,0.971,1.876,0.91,1.284,0.938,0.911,1.148,1.061,1.122,0.945,0.871,0.974,0.916,1.471,1.736,0.934,0.928,1.195,1.139,1.061,1.185,0.868,0.894,2.001,1.152,1.442,0.86,0.902,0.999,0.99,1.021,1.777,0.961,1.047,2.231,1.522,1.662,0.842,1.173,1.178,0.861,0.961,0.706,0.853,1.121,1.12,0.945,0.892,sampling_noiseless,0,prereg
2967623c155dfeb3a5580838,12.866,2.452,1.597,2.034,1.67,1.457,1.645,1.629,1.233,1.307,1.286,1.193,1.303,1.088,0.862,0.834,0.741,0.62,0.506,0.517,0.533,0.465,0.4,0.478,0.486,0.442,0.469,0.419,0.415,0.419,0.414,0.387,0.165,0.43,0.426,0.435,1.391,0.483,0.349,0.423,0.333,0.404,0.429,0.467,0.422,1.416,0.493,0.518,0.533,0.524,0.558,sampling_noiseless,0,prereg
aa5abee36c23f4d073f08e43,7.144,4.464,3.24,2.828,4.501,2.715,3.152,4.872,1.994,50.401,1.5,0.9,1.052,1.001,0.963,0.846,1.236,1.692,1.345,3.026,1.301,1.02,0.994,0.98,2.766,1.2,1.1,1.264,0.801,0.924,0.88,1.494,1.22,0.989,0.885,1.038,1.024,0.902,0.87,1.284,0.876,0.978,0.702,1.037,0.873,0.923,1.748,1.493,0.973,1.279,22.938,sampling_noiseless,0,prereg
3ae3e6cceb89352d373f3c0a,1.876,0.969,0.764,0.733,1.173,1.19,1.201,1.488,1.136,1.665,0.864,0.76,0.883,0.83,1.01,0.988,0.901,1.166,0.816,0.836,1.061,1.127,0.807,0.696,0.7,0.726,0.541,0.948,0.833,0.774,0.82,0.64,0.935,0.631,0.485,0.396,0.742,0.669,0.765,0.784,1.376,0.738,0.896,0.782,7.999,1.032,1.034,0.771,0.926,1.163,5.56,sampling_noiseless,0,prereg
8f271b82b5a3925fe8e5096c,14.229,8.88,9.797,3.29,1.878,1.939,1.422,1.933,2.103,1.424,1.597,2.15,1.127,1.158,1.251,1.481,1.464,1.185,2.695,1.168,4.228,1.719,1.627,1.651,1.47,1.3,1.25,2.348,1.618,1.69,4.095,1.735,1.4,1.274,1.433,1.061,1.175,1.852,1.761,3.457,24.474,1.789,1.423,0.989,1.119,2.531,1.112,1.11,1.4,1,0.75,sampling_noiseless,0,prereg
79966d521ee8dca5075d0b65,7.058,2.096,1.63,1.301,1.061,1.435,0.997,0.99,0.853,0.934,1.002,0.932,0.992,0.83,0.828,0.797,0.97,0.853,0.781,0.841,1.023,2.259,1.15,0.701,0.973,0.867,0.761,0.83,0.919,1.035,5.531,1.297,0.825,0.804,0.766,0.785,0.623,1.191,2.855,0.716,0.787,3.255,0.66,0.745,0.74,0.708,0.542,0.675,0.882,0.745,5.25,sampling_noiseless,0,prereg
7529ffc62f0b77e44653361f,3.432,1.163,0.985,2.692,0.788,1.376,1.043,0.817,0.643,1.19,1.161,1.291,1.2,1.797,0.652,0.92,0.886,0.657,0.582,0.57,0.24,0.373,0.428,0.609,0.404,0.379,0.166,0.428,0.425,1.836,0.278,0.787,0.72,0.493,0.661,0.443,0.356,0.484,0.435,0.534,0.493,0.669,0.502,0.569,0.622,0.672,0.408,0.477,0.427,0.42,0.435,sampling_noiseless,0,prereg
34616e2c5f11f4fcd5c1a463,2.528,1.425,1.843,1.353,1.313,1.422,1.153,0.955,0.83,0.689,0.606,0.695,0.749,0.953,0.748,0.715,0.611,0.728,1.929,0.731,0.822,0.856,1.651,0.771,0.84,0.627,2.002,0.861,0.744,0.811,1.022,1.989,0.684,0.757,0.969,0.931,0.815,0.852,3.377,1.061,1.409,0.848,1.142,0.928,1.293,0.882,0.832,1.057,1.196,1.056,0.84,sampling_noiseless,0,prereg
b8f22969993f0d04085278b6,9.379,6.172,5.68,4.986,5.05,5.546,5.351,4.262,5.168,4.276,3.503,6.779,4.103,5.669,4.434,4.404,4.246,4.233,5.508,3.908,5.605,5.398,4.977,5.039,5.68,4.303,4.931,5.94,7.694,5.062,6.033,5.293,5.002,4.779,4.641,5.847,4.977,4.898,4.076,3.729,5.662,4.115,3.194,6.294,5.163,5.761,4.361,4.43,4.701,4.81,6.762,sampling_noiseless,0,prereg
4aa6ed4c95cc495939c03a7c,6.004,2.639,3.083,1.047,1.78,0.683,0.815,1.198,0.672,0.681,0.676,0.702,0.875,0.695,1.308,1.19,1.71,2.041,0.797,0.632,1.056,0.768,0.702,0.961,0.815,0.693,1.079,0.712,0.69,2.001,1.337,1.399,0.762,0.665,0.782,0.824,1.503,0.592,1.815,0.793,0.745,0.695,0.736,0.604,1.177,0.745,0.713,0.543,0.627,0.548,0.467,sampling_noiseless,0,prereg
42640d9056055ab9079b2184,4.595,1.694,1.111,1.626,2.208,1.349,6.888,1.582,3.568,1.188,2.78,106.601,1.693,1.162,0.96,1.378,0.977,2.004,1.055,0.947,0.935,0.847,1.273,1.063,0.782,2.193,1.492,1.343,0.99,0.685,0.659,0.856,0.655,0.7,0.679,0.646,0.79,0.818,0.704,0.644,0.625,0.501,0.606,0.596,0.75,0.619,0.622,0.51,0.464,0.692,0.863,sampling_noiseless,0,prereg
7c3d8ac575d0772d18027124,3.966,0.767,0.75,1.017,1.225,0.856,0.824,0.863,1.123,1.032,1.449,0.981,0.102,0.955,1.329,1.911,0.822,0.431,0.401,0.971,0.399,0.688,0.733,0.657,0.789,0.684,0.757,0.635,0.549,0.845,0.541,0.528,0.53,0.487,0.717,0.422,1.323,0.481,0.393,0.419,0.546,0.617,0.81,0.496,0.343,0.851,0.576,0.814,0.394,5.112,0.881,sampling_noiseless,0,prereg
d0ea2b1718055b454a070ab3,1.53,0.905,0.735,0.756,0.465,0.643,0.499,0.576,0.456,0.502,0.588,0.407,0.442,0.455,0.446,0.409,0.423,0.405,0.472,0.392,0.389,0.43,0.412,0.417,0.392,0.366,0.442,0.441,0.415,0.387,0.426,0.381,0.349,0.376,0.41,0.412,0.679,0.393,0.395,0.643,0.442,0.35,0.314,0.432,0.366,0.384,0.404,0.377,0.399,0.38,0.391,sampling_noiseless,0,prereg
5c080b115ea001dbefc8051d,5.811,4.83,1.672,1.408,1.531,1.638,3.161,2.581,1.773,2.082,1.93,5.312,1.544,0.988,3.172,2.288,10.517,6.466,5.533,1.592,2.247,1.994,3.464,0.978,1.144,1.675,1.229,2.124,1.461,1.304,2.67,1.059,2.542,1.599,1.056,1.101,1.288,4.097,1.193,1.061,0.94,0.976,0.845,1.886,1.362,1.075,1.872,2.872,1.723,1.041,1.564,sampling_noiseless,0,prereg
824ceb8da1d9b3ceb4fbc5f4,9.083,5.274,6.207,6.834,3.835,6.905,2.302,2.24,0.602,1.214,1.18,1.336,1.268,1.508,5.03,4.941,1.136,1.349,1.325,1.286,1.502,1.177,0.902,1.574,2.501,1.432,1.264,2.585,1.304,1.271,0.999,1.902,1.025,1.331,1.865,1.868,2.295,1.583,2.322,0.901,1.295,0.998,3.298,0.799,17.758,1.635,2.766,1.855,0.765,0.625,1.712,sampling_noiseless,0,prereg
02c7a6b646b2720b4209caea,2.958,2.921,2.712,1.521,1.027,2.412,1.146,1.241,1.23,1.131,1.196,0.831,1.074,0.878,1.029,1.18,1.082,2.25,1.037,0.648,1.152,0.783,0.877,1.072,3.193,1.019,0.737,0.692,1.129,0.958,0.709,0.762,0.859,1.118,1.112,0.925,1.115,1.067,1.063,0.826,0.727,0.776,0.961,1.236,1.002,0.684,0.768,0.64,0.802,0.752,0.735,sampling_noiseless,0,prereg
46cf423d075d7f18b6b6eb9b,1.9,0.899,0.793,0.697,0.693,0.676,0.755,0.735,0.593,0.631,0.56,0.489,0.648,0.665,0.573,0.56,0.703,0.608,0.467,0.397,0.613,0.815,0.529,0.569,0.45,0.613,0.476,0.479,0.691,0.675,0.485,0.659,1.698,0.54,0.409,0.604,0.552,0.585,0.502,0.525,0.483,0.592,0.479,0.439,0.723,0.445,1.151,0.563,0.713,0.657,0.774,sampling_noiseless,0,prereg
2188a707b7706ab8f6199d81,10.941,28.678,2.028,3.174,2.956,3.306,19.484,9.901,1.698,6.728,2.51,14.036,2.12,1.145,1.029,2.509,1.532,1.145,1.136,0.801,1.863,0.69,0.695,0.705,0.756,1.071,0.728,0.809,2.006,2.935,0.54,5.256,1.64,0.698,0.551,0.752,0.901,0.661,1.437,15.454,18.616,2.089,1.161,0.732,0.621,0.425,0.572,0.39,0.432,0.456,0.46,sampling_noiseless,0,prereg
537e77e0b53446da688a8734,10.2,6.125,3.1,4.654,3.862,4.92,1.077,0.924,1.335,3.474,1.456,3.83,1.13,0.973,0.831,1.251,1.166,1.496,0.802,0.8,1.127,0.765,1.114,1.039,0.897,0.845,1.19,0.969,0.963,0.921,0.978,0.84,0.862,0.947,1.152,1.003,0.997,1.169,0.892,1.332,1.031,1.257,1.002,1.965,1.727,0.794,1.117,0.853,0.739,1.119,1.356,sampling_noiseless,0,prereg
31fa5614488ff1517b72cc95,4.974,2.191,1.554,1.728,1.01,1.016,2.224,2.019,1.633,0.953,0.946,0.638,0.726,0.921,0.967,0.672,0.864,0.864,0.73,0.794,0.684,0.603,0.645,0.629,0.713,0.603,0.542,0.571,0.925,0.697,1.503,1.091,0.901,0.956,1.28,0.649,0.678,0.653,0.739,0.777,1.264,0.625,0.508,0.546,1.167,0.666,0.718,0.658,0.88,1.235,1.415,sampling_noiseless,0,prereg
c3ade0178d9096fedaf570d9,1.696,0.922,0.568,0.563,0.63,0.489,0.52,0.583,0.586,0.676,0.558,0.455,0.463,0.506,0.737,0.58,0.556,0.51,0.751,1.348,0.678,0.666,0.723,0.694,1.182,1.163,0.366,0.432,0.415,0.466,0.518,0.411,1.068,0.525,0.217,0.269,0.546,0.362,0.492,0.464,0.492,0.358,0.297,1.042,0.533,0.534,0.384,0.385,0.583,0.676,2.704,sampling_noiseless,0,prereg
a237e47cd16e555b5e1d34f5,3.939,5.305,3.911,3.738,2.538,1.943,1.773,2.194,1.507,1.164,1.166,0.974,1.381,0.799,0.702,0.718,0.92,0.644,1.28,0.631,0.639,0.835,0.839,0.913,0.763,0.615,1.082,1.076,0.726,0.54,0.165,0,0.682,1.007,0.503,0.569,0.516,0.544,0.448,0.727,0.292,0.567,0.544,0.582,0.522,0.432,1,0.646,0.751,0.401,0.548,sampling_noiseless,0,prereg
9e7a70f50228cdd607e8849b,2.034,0.766,0.697,0.473,0.469,0.445,0.534,0.423,0.426,0.438,0.379,0.394,0.383,0.412,0.432,0.431,0.392,0.46,0.477,0.446,0.556,0.582,0.495,0.498,0.43,0.716,0.451,0.533,0.442,0.473,0.488,0.46,0.512,0.467,0.453,0.473,0.441,0.413,0.498,0.422,0.416,0.434,0.384,0.457,0.456,0.496,0.482,0.529,0.679,0.516,0.643,sampling_noiseless,0,prereg
bb33488d5085bbbd61642944,6.959,1.62,2.792,1.208,1.116,1.096,0.987,1.049,0.958,1.004,2.027,0.928,0.66,0.592,0.637,1.042,1.54,2.061,0.631,0.643,0.615,0.524,0.573,1.51,0.7,0.555,0.59,0.672,0.592,0.574,0.606,0.585,0.574,0.588,0.576,0.61,0.557,0.765,0.618,15.279,0.621,0.781,1.234,0.502,1.117,0.503,0.303,0.693,0.361,0.558,0.579,sampling_noiseless,0,prereg
5aeaec56504992211033337a,29.879,7.982,12.158,16.986,12.073,15.103,9.309,9.639,20.931,14.394,8.171,9.291,6.777,6.032,10.994,7.766,8.385,7.644,8.429,7.863,8.681,8.064,8.693,6.264,9.678,10.868,7.591,7.77,7.234,8.565,10.083,6.962,6.06,7.576,7.483,9.021,7.152,7.579,6.956,6.08,7.402,13.438,7.83,7.367,7.857,8.954,8.749,6.566,7.439,8.254,7.286,sampling_noiseless,0,prereg
3432ebab9440836788ed9409,4.198,1.582,1.418,0.968,1.396,1.759,1.035,1.026,0.763,1.109,3.512,1.137,1.043,1.377,1.263,1.218,1.276,1.103,1.216,1.229,1.127,1.592,1.153,0.866,1.077,1.203,0.931,0.82,0.703,0.759,1.396,1.999,0.804,1.237,1.083,0.785,0.848,0.781,1.095,0.941,3.832,1.001,1.03,13.701,2.293,2.599,0.75,0.814,1.615,0.837,1.143,sampling_noiseless,0,prereg
f141dfd4255ee68da87d75fa,2.59,2.278,1.757,1.5,2.168,1.38,1.618,1.596,2.105,1.687,2.575,1.647,1.292,0.975,1.001,1.596,2.88,2.051,1.599,2.486,1.671,2.004,1.368,1.293,1.345,2.95,1.708,5.391,1.337,1.94,1.283,1.661,1.278,1.876,4.203,2.37,2.445,1.204,1.24,2.505,1.368,1.477,1.255,1.32,1.452,1.401,1.005,2.172,1.344,1.649,2.093,sampling_noiseless,0,prereg
60df2df16d2d67d94e1f92c6,7.118,2.71,1.208,3.717,1.908,1.513,1.069,0.903,1.101,1.254,0.915,0.723,0.887,0.779,0.683,0.874,0.522,0.829,0.47,3.328,1.427,1.274,1.375,1.1,0.946,0.614,0.715,0.901,1.236,1.51,1.315,1.008,1.411,1.125,0.904,0.944,1.164,1.26,1.027,1.258,0.534,0.582,0.595,0.47,0.766,0.552,0.517,1.004,0.622,0.557,0.878,sampling_noiseless,0,prereg
ab34b8acd148fa91aa493726,3.341,1.829,0.941,0.854,0.701,1.02,2.259,1.11,0.655,0.561,0.907,0.481,0.582,0.617,0.801,1.735,0.291,0.619,0.692,1.028,0.901,1.022,0.98,0.883,0.768,2.379,0.895,0.691,0.467,0.44,0.366,0.286,0.331,0.461,0.321,0.398,0.294,0.302,0.322,0.4,0.79,1.488,0.664,0.335,0.292,0.38,0.704,0.883,0.639,0.452,0.468,sampling_noiseless,0,prereg
156a1e094fa314c8ce2b5e3e,3.106,2.402,2.191,1.801,2.314,6.382,1.699,26.4,1.089,0.609,5.506,0.707,1.103,1.071,0.937,0.929,1.071,4.905,0.855,1.267,0.691,0.741,1.068,1.507,0.867,0.804,0.787,0.936,0.758,0.928,0.854,0.731,0.707,27.506,1.543,0.768,1.105,1.459,1.331,4.936,1.694,1.268,0.586,4.501,2.081,3.679,1.152,0.771,0.538,0.551,0.944,sampling_noiseless,0,prereg
106bd9d30e5934c566d3c5dc,6.004,3.944,2.047,1.668,1.867,12.643,1.508,2.536,2.102,2.692,1.831,4.13,2.489,1.47,1.102,1.904,4.441,1.773,2.584,0.905,1.087,0.936,0.807,1.302,1.104,0.709,0.702,0.24,1.186,1.247,0.879,1.06,0.662,1.053,1.005,1.541,1.242,0.661,0.66,0.661,0.978,1.909,0.247,0.808,0.75,0.608,0.507,0.499,0.865,0.835,0.938,sampling_noiseless,0,prereg
6c9dfd28ae5014b31c6fa8fa,3.176,1.243,1.32,1.227,1.224,1.027,0.856,1.254,0.931,2.067,0.953,2.245,1.165,1.042,0.655,0.832,0.893,0.481,0.657,0.797,0.515,0.614,0.573,0.536,1.568,1.94,0.838,1.157,2.899,2.324,1.275,1.064,1.535,1.774,2.351,1.325,2.037,1.035,1.061,0.742,0.952,0.706,0.785,0.79,0.791,0.824,0.621,0.806,0.591,0.963,0.711,sampling_noiseless,0,prereg
a58f57503d081548eacc29ac,12.592,4.072,1.401,1.188,1.613,1.406,1.21,1.276,1.596,1.667,4.202,1.21,0.908,1.31,1.111,0.975,1.051,1.478,0.854,1.004,1.295,0.749,0.5,0.805,0.881,0.89,1.003,2.102,1.145,0.687,0.505,0.499,0.555,0.993,0.8,0.691,0.647,0.647,0.68,0.798,0.869,0.606,4.409,1.267,1.43,0.715,0.978,0.936,0.901,1.054,1.66,sampling_noiseless,0,prereg
ad9207910f4d4a45c67c3e7b,9.467,1.285,1.126,0.913,0.643,0.756,0.779,1.173,0.672,0.746,0.676,0.55,0.816,1.022,1.037,0.899,14.636,0.395,0.542,0.609,0.684,0.543,0.55,2.55,0.651,0.504,0.575,0.507,0.444,0.464,0.459,0.477,0.537,0.638,0.498,0.489,0.542,0.522,0.433,0.475,0.575,0.398,0.482,0.458,0.615,0.549,0.45,0.489,0.496,0.972,1.158,sampling_noiseless,0,prereg
8750cf6b5fb093a10491d06f,15.206,8.747,6.39,6.456,7.137,7.883,8.502,2.711,16.926,6.258,1.318,1.004,1.707,1.332,0.949,1.602,1.439,1.171,0.991,1.194,3.039,0.881,1.175,1.297,2.766,1.377,10.779,0.917,1.549,1.057,1.018,0.706,1.195,0.962,1.166,1.091,0.926,1.413,1.004,0.7,0.723,0.67,0.716,0.873,0.857,0.656,0.723,0.905,1.103,0.825,12.055,sampling_noiseless,0,prereg
08b4e8899d796956d8a5d6b1,11.155,27.331,5.365,3.806,2.529,3.064,21.96,12.888,32.204,1.194,1.792,6.487,2.224,10.964,1.172,1.15,1.163,0.324,1.114,0.884,1.255,1.169,1.238,0.84,1.075,1.058,0.988,0.689,1.115,0.769,0.518,0.993,0.534,1.048,0.965,1.277,1.137,0.372,1.113,0.51,0.573,0.818,0.708,0.857,0.524,0.98,0.394,1.028,0.345,1.245,4.012,sampling_noiseless,0,prereg
0b4b7cf8e6dcd904ac2b2bca,5.543,3.804,3.085,1.738,0.806,0.678,0.585,0.62,0.561,0.443,0.45,3.043,0.688,0.531,0.505,0.899,0.723,0.589,0.468,0.554,0.509,0.393,0.404,0.307,0.403,0.395,0.423,0.405,0.329,0.366,0.542,0.446,0.423,0.378,1.528,1.417,1.378,0.708,0.44,0.283,1.688,2.758,0.929,0.873,2.84,1.164,0.505,0.565,0.635,1.476,2.219,sampling_noiseless,0,prereg
dbd44345d4a8d5fa9961ad0f,7.217,4.122,2.225,1.886,1.515,1.412,1.383,1.501,1.328,1.893,1.147,1.526,3.356,3.008,1.033,1.22,1.03,1.207,0.845,1.407,0.954,0.941,1.148,0.98,0.909,1.635,1.912,0.895,0.826,0.942,8.265,1.261,1.109,1.49,1.713,1.005,1.246,1.3,1.126,1.223,0.995,1.04,1.029,1.214,0.981,0.908,1.218,1.223,1.254,1.183,1.371,sampling_noiseless,0,prereg
2e8f5933813a30ea4b181719,15.397,10.497,2.767,3.193,8.619,4.827,2.691,2.743,3.636,2.721,3.856,3.83,3.761,2.796,2.816,2.445,6.2,2.85,3.69,2.546,89.728,3.303,3.003,2.103,117.808,1.013,1.037,1.037,1.202,1.304,0.976,0.978,1.159,1.143,0.946,1.058,1.049,2.773,4.16,2.693,1.375,1.236,1.005,1.327,1.263,10.459,12.542,1.977,1.233,1.342,2.474,sampling_noiseless,0,prereg
e1f17e772bc05bda78e21a6c,9.114,2.748,2.586,2.09,1.756,2.692,1.635,1.403,1.783,1.965,2.641,1.888,2.972,2.121,2.837,1.856,1.428,1.409,1.599,1.665,1.263,1.611,1.375,1.088,1.426,2.212,3.95,1.083,1.15,0.911,0.978,1.296,0.715,2.046,2.027,1.275,1.176,2.125,1.375,3.841,1.565,1.132,1.194,1.535,0.326,1.656,1.333,1.689,1.267,1.246,2.85,sampling_noiseless,0,prereg
078b6fa30dd66be88abe8d58,2.271,2.521,1.594,2.128,1.395,1.847,1.463,2.933,1.94,1.217,1.075,1.189,1.051,1.072,1.977,1.701,1.248,1.26,1.42,1.919,1.856,1.019,1.487,1.721,1.211,2.67,1.051,1.085,0.833,0.786,1.425,1.258,2.611,0.816,1.644,0.8,1.103,0.939,1.234,1.344,1.392,1.576,0.937,0.87,0.92,1.4,2.389,1.023,1.345,0.839,0.88,sampling_noiseless,0,prereg
46d1620143252ad6b46e15c6,6.038,4.944,4.96,3.576,1.372,4.124,5.156,4.222,2.448,3.5,4.014,3.766,4.332,3.433,3.937,3.215,2.608,2.6,3.922,4.354,3.059,3.658,3.945,3.435,3.585,3.325,2.628,3.048,3.677,2.819,2.817,3.337,3.472,1.882,2.852,9.595,3.966,3.493,3.656,3.155,3.489,4.272,5.519,3.676,3.996,3.227,3.281,3.51,3.15,2.824,3.021,sampling_noiseless,0,prereg
719175b425bf1600925f625b,11.831,6.492,2.515,5.551,1.886,2.952,1.815,1.76,2.013,1.244,2.122,3.279,1.013,2.726,1.124,3.144,4.761,2.166,1.161,1.692,1.994,1.145,1.065,0.8,0.761,1.508,1.011,0.892,0.722,0.731,1.042,0.575,0.775,1.338,0.71,0.83,0.979,0.774,0.672,0.972,1.08,23.769,3.88,15.628,2.4,1.245,0.828,2.064,1.628,1.115,1.454,sampling_noiseless,0,prereg
47cf4effa6c3a005fc281817,3.988,2.675,1.649,1.282,1.396,4.031,1.237,1.075,2.698,5.367,0.887,0.745,0.671,0.719,0.851,0.858,1.864,0.842,1.656,0.912,0.74,0.597,0.698,0.596,0.614,0.621,0.7,1.293,0.77,0.755,0.767,0.624,0.639,0.961,0.693,1.1,0.784,0.842,0.678,0.842,0.883,0.759,0.649,0.637,0.72,0.958,1.001,1.329,1.493,1.261,4.674,sampling_noiseless,0,prereg
8bfb5272bc32bda3e2a5d998,3.026,1.085,1.217,1.012,1.148,1.03,0.963,0.966,0.998,0.902,1.049,1.135,0.64,0.637,0.662,0.981,1.07,0.792,0.86,0.786,0.924,1.127,1.407,1.006,0.745,0.75,0.773,1.08,0.829,0.735,0.891,0.796,0.804,0.671,0.662,1.266,0.821,0.962,0.732,0.622,0.668,0.702,0.638,0.755,0.798,0.739,1.013,0.68,0.799,0.707,1.755,sampling_noiseless,0,prereg
25d1eb206b72d801ccc559c6,5.723,3.863,2.803,1.988,1.94,1.848,1.884,1.7,1.924,2.423,2.108,1.711,1.727,2.031,1.579,1.886,1.714,1.941,1.85,1.787,1.814,1.605,1.304,1.21,1.568,1.303,1.152,1.326,1.344,1.403,1.42,1.26,1.586,1.475,1.665,1.285,1.593,1.504,1.442,1.369,2.026,1.381,1.622,1.531,1.391,2.446,1.928,3.275,2.458,1.751,1.9,sampling_noiseless,0,prereg
3226a06f77fbf2d061d4b771,2.603,1.052,0.8,0.595,0.503,0.482,0.482,0.478,0.301,0.396,0.304,0.431,0.441,0.418,0.398,0.382,0.398,0.372,0.398,0.388,0.541,0.305,0.388,0.368,0.382,0.413,0.4,0.363,0.432,0.411,0.329,0.369,0.392,0.378,0.366,0.398,0.383,0.335,0.395,0.357,0.384,0.416,0.301,0.362,0.361,0.332,0.344,0.359,0.384,0.356,0.557,sampling_noiseless,0,prereg
c04c8cc734b6a7612927e2e1,2.916,2.673,1.21,1.368,1.908,0.841,0.991,0.715,0.775,0.758,0.801,0.633,0.969,0.719,0.526,1.457,1.136,1.707,0.709,0.792,0.585,0.742,0.662,0.759,0.598,0.673,2.443,0.657,0.863,0.666,0.773,1.019,0.869,0.617,0.618,0.638,1.777,0.866,0.695,0.499,0.695,0.569,1.239,0.699,0.949,0.479,0.462,0.647,0.8,0.516,0.706,sampling_noiseless,0,prereg
70001d9bffbc34673fa3b5b2,8.18,1.756,1.392,1.141,0.993,0.757,0.738,0.788,1.225,0.858,1.21,0.93,1.153,0.795,0.693,0.746,0.812,1.104,1.171,0.836,0.63,0.626,0.963,0.891,0.89,0.725,0.665,1.466,6.966,1.249,1.008,0.704,0.953,0.682,0.741,0.733,0.602,0.748,0.744,9.715,1.325,1.289,1.405,1.126,0.943,0.864,1.18,0.937,0.854,0.74,0.61,sampling_noiseless,0,prereg
5aafbdac138b4a601f6db3f9,7.711,2.2,1.595,1.143,1.111,1.2,1.203,1.179,0.971,0.86,0.6,0.885,0.472,0.578,0.674,0.478,0.684,0.54,0.414,1.277,0.891,0.938,0.986,0.495,0.574,0.701,0.457,0.787,0.543,1.666,0.729,0.951,0.865,1.485,0.878,0.722,0.614,0.67,0.96,0.712,0.667,0.709,0.793,0.831,0.662,0.479,0.847,0.894,0.68,0.954,2.265,sampling_noiseless,0,prereg
55afbefb2d0aa9a42a140c5e,8.818,6.028,5.341,0.707,0.392,0.633,0.409,0.441,0.411,0.383,0.352,0.299,0.383,0.361,0.559,6.885,0.635,0.571,0.891,0.639,0.476,0.372,0.352,0.364,0.387,0.608,0.479,0.36,0.312,0.367,0.303,0.352,0.362,0.362,0.23,1.037,0.32,0.357,0.554,0.237,0.383,0.325,0.214,0.14,0.354,0.325,0.85,0.4,0.412,0.374,0.362,sampling_noiseless,0,prereg
624757d60698f9e528ac59c0,1.094,0.301,0.18,0.426,0.318,0.496,0.291,0.181,0.242,0.118,0.218,0.256,0.213,0.287,0.213,0.489,0.292,0.259,0.217,0.335,0.212,0.402,0.241,0.348,0.304,0.337,0.287,0.263,0.366,0.443,2.095,0.336,0.319,0.333,0.274,0.473,0.503,0.171,0.35,0.186,7.037,0.504,0.46,0.522,0.304,0.35,0.179,0.322,0.243,0.149,0.213,sampling_noiseless,0,prereg
bd2b65106a04c786066735c8,3.647,3.07,0.423,0.67,0.592,0.405,0.455,0.389,0.518,0.674,0.328,0.383,0.668,0.269,0.504,0.586,0.205,0.754,0.257,0.386,0.176,0.647,0.258,0.271,0.207,0.519,0.453,0.204,0.303,0.73,0.275,0.278,0.934,0.486,0.164,0.235,0.452,0.42,0.505,0.67,0.417,0.43,0.301,0.335,0.243,0.258,0.142,0.355,0.386,0.434,0.439,sampling_noiseless,0,prereg
1248723359b314fceda63f1d,4.618,2.838,1.502,2.891,1.18,1.163,1.054,1.029,1.076,1.049,0.845,1.225,1.12,0.828,0.864,1.257,0.982,2.445,1.038,0.851,0.778,0.923,0.965,0.931,0.9,0.974,0.96,0.916,0.872,0.861,1.084,1.026,0.916,0.871,0.708,0.806,0.822,1.055,0.927,0.902,0.909,1.208,0.794,0.876,0.774,0.766,0.79,0.735,0.705,0.748,0.812,sampling_noiseless,0,prereg
8414833d84bd197117971f21,4.152,2.353,3.126,0.762,2.401,0.83,1.006,0.812,4.604,0.739,0.64,0.586,0.63,0.471,0.612,0.564,0.547,0.857,0.929,0.834,0.613,0.906,1.307,0.502,0.857,0.814,0.843,0.711,0.851,0.683,1.079,0.859,0.949,0.66,1.083,0.478,2.928,1.767,0.902,1.067,0.777,0.811,0.684,3.17,1.137,0.826,0.859,0.728,0.826,0.929,1.443,sampling_noiseless,0,prereg
c1cfda843d5d31f876831c28,12.348,3.391,3.504,2.546,0.928,1.065,0.664,0.728,0.633,0.79,0.788,0.733,0.654,0.806,0.796,0.476,0.493,0.485,1.525,0.579,3.179,0.016,0.109,0.154,0.469,0.945,0.4,0.41,0.481,1.373,0.43,0.287,0.713,0.728,0.698,0.538,0.426,0.69,1.928,0.628,0.792,0.879,0.462,0.733,0.71,0.549,0.99,0.583,0.688,0.438,1.633,sampling_noiseless,0,prereg
d3f60ae617515c651782aeaf,2.731,1.372,1.128,2.466,0.73,1.052,0.682,0.673,0.701,1.323,1.051,0.719,1.232,1.343,0.771,0.671,1.65,0.881,0.824,0.785,0.61,0.872,1.024,0.717,0.726,1.06,0.793,1.027,0.733,0.595,0.714,0.572,0.717,0.89,0.535,0.637,0.91,0.721,0.684,0.724,0.597,0.804,0.582,0.439,0.428,0.81,0.752,1.652,0.66,0.665,1.181,sampling_noiseless,0,prereg
a5736efe520e2ad4bc5c9677,2.029,1.006,0.617,0.19,1.267,0.389,0.421,2.131,1.048,0.406,1.508,0.797,0.385,0.301,1.089,0.433,0.379,0.154,0.304,0.225,0.207,0.243,0.627,0.639,0.998,3.218,3.638,1.415,0.567,4.897,0.369,1.006,0.183,1.765,0.586,0.291,0.695,1.013,2.053,1.036,0.453,0.769,0.362,0.552,0.916,0.347,0.342,0.36,0.899,0.423,0.342,sampling_noiseless,0,prereg
04cd3d681f19347e35046e0d,6.308,4.19,4.045,4.203,2.768,2.699,3.113,2.955,2.507,2.827,2.493,2.825,2.308,2.143,2.376,2.539,3.549,2.197,1.762,2.088,2.363,1.866,1.972,2.434,1.907,3.194,2.709,2.397,2.908,2.563,2.129,1.599,2.35,2.639,2.28,2.186,2.106,1.948,1.758,2.201,2.157,2.271,1.941,1.752,2.103,1.968,2.246,1.826,2.533,2.204,2.329,sampling_noiseless,0,prereg
f1f1ea8dad05ad5fe5f11243,3.726,3.894,1.634,1.394,1.082,1.234,1.868,1.06,1.982,1.578,0.903,1.258,1.318,1.169,1.25,1.003,0.941,0.673,0.723,0.605,3.457,1.26,0.858,1.142,0.831,0.878,1.046,0.702,0.986,0.749,0.833,0.605,0.7,0.865,0.68,0.655,0.443,0.778,1.408,0.739,0.704,0.43,0.896,0.661,0.529,1.002,0.569,0.503,0.655,0.866,1.079,sampling_noiseless,0,prereg
833737082244ca5af0efa267,5.419,3.801,1.242,2.614,3.305,1.835,2.257,2.591,0.696,0.451,0.324,0.349,0.183,0.298,0.425,0.705,0.436,0.386,0.441,0.418,0.407,0.351,0.42,0.431,0.546,0.466,0.413,0.288,0.435,0.478,0.439,0.45,0.424,0.427,0.691,0.142,0.307,0.164,0.65,0.42,0.42,0.405,0.429,0.497,0.34,0.611,0.489,0.301,0.492,0.397,0.466,sampling_noiseless,0,prereg
957126aa71497451ff8460fb,8.584,0.268,1.235,0.759,3.716,1.748,1.287,1.205,0.839,2.392,0.701,0.732,0.609,0.665,0.652,0.723,0.737,0.652,0.801,1.213,0.776,0.687,1.038,0.639,0.685,0.993,0.771,0.592,0.764,0.498,0.49,0.48,0.525,0.533,1.81,0.937,1.07,0.7,0.666,0.66,0.533,0.621,0.523,0.744,0.675,0.637,1.112,0.898,0.648,0.619,1.1,sampling_noiseless,0,prereg
a8e21d4c1d36734d31a66c76,2.814,1.524,0.669,0.727,0.48,0.918,1.182,0.483,0.512,0.402,0.585,0.967,1.579,0.608,0.432,0.471,0.422,0.35,0.496,0.229,0.26,0.292,0.197,0.107,0.169,0.133,0.324,0.313,0.188,0.218,0.164,0.146,0.456,0.191,1.053,0.301,0.629,0.486,0.186,0.523,0.45,0.408,0.383,0.264,0.308,0.511,0.213,0.467,0.433,0.395,0.899,sampling_noiseless,0,prereg
7b05bed23b24b15006b29dd4,4.037,2.488,1.09,1.516,1.34,1.022,1.511,1.272,1.523,1.725,1.023,1.085,1.096,0.933,0.815,0.921,0.93,0.831,2.267,0.754,0.893,0.985,1.06,0.652,0.998,0.833,0.837,0.761,0.842,0.839,0.816,0.727,15.858,1.575,0.936,0.877,1.016,0.787,1,0.6,0.978,0.723,0.898,0.602,1.142,0.412,0.816,0.827,0.8,0.77,0.986,sampling_noiseless,0,prereg
9325a23ed80bc607d423da78,1.846,1.512,0.953,0.926,0.43,0.545,0.387,0.475,0.301,0.402,0.375,0.356,0.284,0.287,0.226,0.578,0.467,0.448,0.327,0.398,0.392,0.845,0.501,0.488,0.572,0.396,0.532,0.386,0.369,0.445,0.418,0.202,0.403,0.349,0.377,0.382,0.252,0.45,0.349,0.385,0.257,0.385,0.291,0.36,0.102,0.412,0.346,0.292,0.351,0.345,2.337,sampling_noiseless,0,prereg
f81444b8caed93ecc987d96c,6.082,1.301,5.096,1.732,3.396,1.752,1.771,1.272,2.705,2.853,1.88,1.77,1.222,1.158,1.492,1.082,0.99,1.524,1.581,1.253,5.915,1.246,1.487,2.66,1.448,2.662,1.3,1.762,1.195,1.134,1.252,1.232,1.315,1.272,1.277,1.134,1.143,1.234,1.069,0.976,1.18,1.417,1.618,1.818,4.258,1.097,1.179,2.119,1.423,1.243,1.802,sampling_noiseless,0,prereg
4a92114ed22542b8a2a9a933,16.903,1.065,1.484,0.761,1.69,0.863,0.768,0.866,1.583,0.954,0.678,0.77,0.846,0.917,0.7,0.718,0.571,0.809,0.516,0.484,0.527,0.458,0.428,0.686,0.504,0.621,0.531,0.478,0.497,0.489,0.573,0.45,0.711,0.524,0.537,0.41,0.526,0.451,0.754,0.522,0.417,0.464,0.473,0.495,0.529,0.462,0.698,0.48,0.499,0.692,0.545,sampling_noiseless,0,prereg
34929e41dcdfa579accb4d4d,1.471,0.829,1.18,0.99,0.733,0.665,0.872,0.612,0.658,0.6,0.732,0.62,0.525,0.911,0.689,0.671,0.922,2.016,0.594,0.491,0.676,0.537,0.455,0.465,0.463,0.42,0.221,0.887,0.507,0.603,0.521,0.971,0.36,0.381,0.339,0.304,0.256,0.374,0.373,0.273,0.237,0.272,0.424,0.27,0.568,0.41,0.543,0.289,0.351,0.706,0.871,sampling_noiseless,0,prereg
cc1948b4de570b573146b048,14.793,5.517,4.268,3.516,3.46,2.532,4.104,4.994,2.563,2.274,3.105,1.985,1.675,4.345,4.755,3.518,1.334,4.661,1.354,2.465,1.694,1.275,1.633,1.382,1.56,2.611,1.143,1.168,1.473,1.293,1.653,1.509,2.677,1.636,1.829,1.325,1.181,1.084,1.291,1.619,1.745,1.555,1.583,0.894,1.549,2.81,1.816,1.148,1.255,1.22,1.736,sampling_noiseless,0,prereg
a60466db784c1ec1841cf087,10.252,4.422,3.505,2.187,1.581,1.666,1.147,1.104,1.3,1.088,1.23,1.265,1.075,1.022,1.049,1.041,1.111,1.135,1.318,4.542,1.538,1.365,1.047,1.019,1.147,0.973,1.247,1.651,1.352,1.655,0.979,1.062,0.913,1.161,0.979,11.368,3.223,1.067,1.569,1.266,0.816,0.989,1.444,0.676,0.545,0.684,1.063,0.924,2.055,1.897,0.953,sampling_noiseless,0,prereg
6e9d1621a4346982f14e2097,4.88,3.341,0.902,1.312,0.751,0.831,1.194,7.965,1.605,0.795,0.389,0,1.137,0.228,0.928,0.861,0.285,0.375,0.356,0.356,0.29,0.868,0.309,0.367,1.121,1.025,0.879,0.648,0.474,0.814,0.193,0.325,0.193,0.164,0.363,0.836,0.275,0.217,0.257,0.361,0.672,1.067,0.164,0.314,0.273,0.481,0.236,0.279,0.221,0.306,0.436,sampling_noiseless,0,prereg
ae0111914e086cd87bb4e8b2,1.804,0.941,0.449,0.458,0.405,0.145,1.556,0.376,0.447,0.441,0.395,0.539,0.419,0.332,0.362,0.465,0.232,0.421,0.343,0.942,0.448,0.394,0.331,0.219,0.54,0.239,0.828,0.292,1.268,0.318,0.2,0.642,0.477,0.518,1.091,0.476,0.375,0.954,0.36,0.434,0.617,0.347,0.416,0.348,0.85,0.914,0.503,1.643,0.731,0.39,0.532,sampling_noiseless,0,prereg
9f739eb6575e1b1f0ca49624,11.634,5.498,3.535,2.777,1.39,1.88,1.997,1.787,1.084,1.359,1.476,1.744,1.672,1.421,1.247,1.092,1.157,1.592,1.118,1.086,1.055,1.168,1.253,6.981,1.588,1.114,0.977,0.994,1.006,0.971,1.143,0.971,0.86,0.827,0.833,0.988,0.964,0.963,0.872,0.87,1.38,1.244,0.768,0.81,0.797,0.897,0.884,1.395,0.729,1.394,1.053,sampling_noiseless,0,prereg
dd87a9cd4d7777685ca0d175,9.151,3.273,1.444,0.813,0.978,0.887,0.801,0.547,0.803,0.93,0.444,0.406,0.367,0.331,0.14,0.317,0.407,0.35,0.2,0.138,0.768,0.923,0.391,0.428,0.361,0.114,0.485,0.547,1.816,0.418,0.426,0.444,0.375,0.434,0.386,0.362,0.41,0.362,0.622,0.381,0.342,0.377,0.336,0.437,0.352,0.343,0.333,0.436,0.416,0.395,0.459,sampling_noiseless,0,prereg
7adf7b5871e9c85e668d82c9,1.631,0.84,0.48,0.742,0.669,0.664,0.52,0.682,0.574,0.426,0.403,0.364,0.67,0.36,0.385,0.43,0.373,0.402,0.34,0.282,0.36,0.34,0.343,0.449,0.64,0.422,0.587,0.438,0.3,0.36,0.35,0.352,0.827,0.574,0.359,0.331,0.419,0.205,0.316,0.317,0.41,0.395,0.47,0.35,0.34,0.233,0.383,0.394,0.436,0.371,0.366,sampling_noiseless,0,prereg
991016339a7fe4c151edb0b3,4.65,1.451,1.101,1.448,1.169,1.698,1.797,1.63,5.167,1.334,0.819,38.28,0.809,1.348,1.496,1.359,1.477,3.368,15.13,2.193,1.086,0.818,0.6,0.947,1.693,0.556,1.455,7.565,1.142,7.039,0.926,0.781,0.811,1.548,1.434,0.945,1.014,1.654,0.825,7.532,0.926,0.451,0.676,0.994,0.845,0.894,0.994,1.989,1.363,1.931,4.024,sampling_noiseless,0,prereg
442f220a1d006652fb108e8f,7.426,5.255,3.089,2.423,2.248,1.496,0.906,1.063,0.755,0.778,0.907,0.895,1.821,1.639,1.508,0.892,0.694,0.501,0.845,0.696,0.584,1.567,0.636,0.528,0.595,0.585,0.646,0.573,0.573,0.553,0.583,0.622,0.586,0.562,0.573,0.622,0.477,0.601,0.542,0.521,0.567,0.746,0.909,0.422,1.103,0.603,0.6,2.342,0.767,0.895,0.984,sampling_noiseless,0,prereg
f5efc25139d5725e553b8f66,18.522,8.931,7.089,3.739,6.296,3.202,3.089,15.347,3.754,2.044,5.576,2.744,1.842,3.879,3.775,4.558,2.588,3.183,2.171,3.101,3.049,2.688,3.801,3.577,2.139,2.966,3.413,1.406,1.073,6.2,3.946,1.31,2.343,1.844,3.464,1.838,2.472,1.197,2.362,2.38,2.202,2.101,2.142,1.064,2.423,1.638,1.827,2.361,2.236,4.263,2.802,sampling_noiseless,0,prereg
062cd858b8b9fc1d97c4b68e,140.878,10.427,62.757,4.162,53.219,1.696,200.291,33.905,1.077,1.329,38.926,37.156,8.65,18.016,1.949,0.83,0.712,0.804,0.643,0.548,53.369,20.449,38.454,58.1,2.267,0.711,2.013,0.914,0.649,9.729,0.779,0.723,0.595,0.475,3.027,0.566,0.736,0.644,0.484,0.454,0.913,0.488,0.413,0.618,0.647,0.866,0.712,0.618,0.989,0.602,3.196,sampling_noiseless,0,prereg
c4b8bcccc0fd176ced5f5b0b,33.298,26.801,14.116,9.14,14.601,9.584,5.431,8.601,6.3,9.234,3.38,3.243,2.351,5.298,2.244,1.862,4.331,1.149,2.084,2.24,1.849,1.768,1.443,2.426,1.926,2.701,2.848,3.383,1.42,2.832,1.935,1.75,1.891,2.126,3.625,1.201,1.759,2.799,1.782,2.984,4.616,1.527,1.625,2.43,2.654,2.042,1.964,2.131,1.786,1.885,1.766,sampling_noiseless,0,prereg
a68660ecce382982dc1e951b,1.634,0.467,1.317,0.817,0.417,0.433,0.5,0.567,1.133,0.566,0.833,1,0.55,0.5,0.367,0.567,0.467,0.416,0.5,0.4,0.55,0.533,1.75,0.7,0.5,0.417,0.466,0.6,0.483,0.533,0.533,0.583,0.467,0.483,0.45,0.5,0.467,0.7,0.483,0.4,0.533,0.467,0.5,0.533,0.45,0.517,0.517,0.517,0.5,0.6,0.733,sampling_noiseless,0,prereg
40d9c1117726d3f7df86a371,9.478,4.902,2.792,2.075,1.257,2.721,0.89,1.056,0.974,1.076,1.258,1.096,0.921,0.802,0.658,2.554,1.283,1.177,0.832,0.803,1.281,3.628,1.203,0.727,0.785,1.931,14.649,0.848,0.743,0.781,0.69,0.693,0.565,0.54,0.545,0.53,0.534,0.64,1.281,0.633,0.661,0.673,0.742,0.659,0.606,0.477,0.62,0.787,0.561,0.562,0.631,sampling_noiseless,0,prereg
d1bfb2945b4b499ff4c18bf0,47.586,14.788,15.371,19.62,14.461,14.477,12.422,13.196,13.943,13.207,12.821,13.003,11.869,11.467,11.639,1.235,16.888,8.764,8.149,26.754,14.025,9.584,9.225,9.145,7.714,6.432,7.215,21.023,9.444,9.03,8.084,9,8.09,8.313,8.693,17.862,11.396,11.416,9.667,9.692,8.61,8.424,7.273,9.658,8.709,10.003,9.17,8.245,7.882,8.864,9.612,sampling_noiseless,0,prereg
7d12defa7bd3ae8f8fe4448b,5.015,4.584,2.733,2.18,1.307,1.24,1.037,1.055,1.021,1.001,1.121,0.863,2.063,0.685,1.036,0.693,0.992,0.819,1.052,0.682,0.613,0.62,0.82,0.639,1.183,0.568,0.648,0.59,0.732,0.587,0.633,0.66,0.591,0.556,0.557,0.554,0.574,0.487,0.566,0.547,0.533,0.52,0.556,0.573,0.506,2.262,0.595,0.565,0.403,0.641,0.946,sampling_noiseless,0,prereg
c912648bcb33074656cdb103,5.633,2.032,1.774,1.962,1.652,1.72,2.62,1.591,2.428,2.16,1.908,2.111,1.783,1.437,1.14,4.741,2.115,2.083,1.27,1.112,0.701,1.496,10.093,1.876,1.139,1.602,1.292,0.715,1.583,1.041,1.145,2.758,1.046,1.39,1.236,1.373,1.251,0.807,1.031,0.844,0.785,0.941,0.742,1.016,1.268,1.064,1.311,0.758,1.382,1.066,0.882,sampling_noiseless,0,prereg
9dca11b511fd74407c66f8c4,4.411,2.319,2.112,2.918,1.171,0.951,0.987,0.865,0.651,0.543,0.49,0.402,0.394,0.447,0.402,0.427,0.445,0.527,0.425,0.369,0.319,0.315,0.256,0.362,0.2,0.371,0.394,0.369,0.445,0.493,0.435,0.534,0.481,0.713,0.527,0.414,0.436,0.797,0.525,0.51,0.234,0.616,0.446,1.182,0.264,0.77,0.486,0.389,0.94,0.917,0.695,sampling_noiseless,0,prereg
20b878a1c871d884e69976d9,1.841,1.313,0.964,0.939,2.1,0.859,0.654,0.692,0.776,0.587,0.619,0.639,0.613,0.633,0.741,0.625,0.616,0.569,0.598,0.632,0.597,0.518,0.551,0.648,1.275,0.635,0.558,0.63,0.536,0.529,0.29,11.298,0.616,0.936,0.73,0.897,1.141,0.64,0.789,0.676,0.737,0.666,0.988,0.597,0.606,0.622,0.489,0.542,0.537,0.596,0.696,sampling_noiseless,0,prereg
165fa7faf88e01016c5ec939,4.303,1.692,1.309,1.554,1.301,1.279,0.903,1.003,0.959,1.489,1.573,1.104,1.634,1.164,0.776,0.6,0.502,0.666,0.974,0.508,0.595,0.808,0.869,0.705,0.782,1.206,0.503,1.088,0.698,0.512,0.489,0.491,0.18,1.054,0.65,1.401,0.778,0.502,0.403,2.74,1.456,0.865,0.906,0.668,0.701,0.566,0.507,0.606,0.776,0.601,0.896,sampling_noiseless,0,prereg
486f6eece129b673fc7e117e,2.379,3.403,5.628,1.788,2.061,3.517,2.197,1.549,1.357,1.433,1.01,1.181,1.071,1.081,0.967,0.972,1.028,0.917,0.731,0.716,0.701,0.557,1.001,1.398,0.589,0.618,0.479,0.556,0.658,0.552,0.809,0.488,0.44,1.297,0.774,1.501,1.126,0.472,0.627,0.777,0.688,0.854,0.56,0.57,0.501,1.048,0.506,0.576,0.558,1.699,1.402,sampling_noiseless,0,prereg
1a156df23004bf52ab1dfb45,3.204,0.692,0.972,0.615,0.486,0.707,0.474,0.593,0.636,0.592,0.51,0.557,0.838,5.026,0.595,0.906,0.612,16.971,0.614,7.493,0.146,2.601,0,0,0,0.2,0,0.347,0.379,0.416,0.439,0.347,0,0.381,0.149,0.162,0.179,0.038,0.102,0.189,0,0.177,0.147,0.548,0,0.416,0.074,0.102,0.173,0.132,0.166,sampling_noiseless,0,prereg
eca9803a4a219547f111967d,5.323,1.69,1.971,1.515,3.353,2.097,1.49,1.878,1.166,1.169,1.594,1.033,1.18,2.16,1.444,1.168,1.051,1.176,2.243,0.725,0.686,1.719,0.717,1.772,0.967,1.201,1.062,1.236,1.233,1.052,0.801,0.768,1.258,1.174,0.96,0.934,1.918,1.768,1.291,2.104,0.971,1.392,1.516,0.866,0.892,1.197,1.031,0.745,0.869,1.131,1.18,sampling_noiseless,0,prereg
996e0f9dcc7fdb24a787cbaa,3.834,1.501,0.861,1.048,0.722,0.962,1.01,0.95,0.655,0.686,0.524,0.801,2.372,0.595,0.561,0.438,0.442,0.714,0.865,0.401,0.49,0.81,0.379,0.578,0.381,0.788,0.298,0.138,0.682,0.231,0.411,0.304,0.244,0.539,0.199,0.414,0.201,0.255,0.271,0.413,0.353,0.28,0.443,0.251,0.322,0.406,0.675,0.501,0.372,0.59,0.628,sampling_noiseless,0,prereg
650b34d4e3846283b9281b07,19.867,1.214,1.475,1.041,1.228,0.898,1.069,0.794,0.774,0.774,0.84,1.184,0.72,0.733,0.814,0.597,0.686,0.73,0.5,0.562,0.894,0.616,0.783,0.489,0.484,0.532,1.783,0.965,1.027,0.783,0.928,0.832,0.907,0.733,0.664,0.947,0.603,0.896,0.842,0.576,0.661,1.308,1.047,0.54,0.591,0.746,0.753,0.908,0.849,0.799,0.966,sampling_noiseless,0,prereg
bb2a8271913667e2d5a528b5,17.185,8.311,10.591,3.069,1.251,1.803,1.185,0.934,1.114,1.041,0.703,0.91,0.624,1.106,1.263,0.712,0.617,0.674,0.492,0.477,0.585,0.509,0.653,0.504,0.514,0.457,0.421,0.442,0.421,0.352,0.615,0.536,0.44,0.406,0.693,1.325,0.51,0.426,0.268,0.863,0.557,0.456,0.402,0.399,0.408,0.424,0.534,0.387,0.384,0.444,0.727,sampling_noiseless,0,prereg
a5f81965f50c846331211fff,2.43,1.202,1.907,1.275,1.473,1.135,1.044,1.352,1.699,0.779,0.951,1.022,0.784,0.917,0.973,2.312,1.782,0.763,1.022,0.743,1.847,1.048,1.076,1.125,1.101,0.954,0.918,0.752,0.997,0.888,0.855,0.839,0.815,0.951,1.639,0.869,0.883,0.723,0.839,0.919,1.342,6.653,1.901,1.326,0.911,1.256,0.796,1.099,1.177,0.925,2.468,sampling_noiseless,0,prereg
2331dc010b691d13edb64608,7.501,5.478,7.538,5.981,4.003,6.975,6.124,4.002,4.252,2.908,2.364,3.3,2.503,3.073,1.866,2.772,3.183,3.069,2.999,2.905,2.571,2.918,2.701,2.609,2.769,3.352,2.073,1.688,1.086,0.966,0.894,0.944,0.694,2.053,1.199,1.504,0.878,0.9,0.939,0.893,1.009,0.866,0.922,0.905,0.893,0.898,0.988,1.8,0.702,0.98,0.94,sampling_noiseless,0,prereg
f80f450875455555b1e79fbb,5.579,2.551,3.075,3.121,3.382,1.956,1.447,2.115,1.738,1.564,1.362,1.818,1.764,1.69,1.349,1.738,1.126,1.185,1.187,1.449,1.514,1.383,1.081,1.143,1.544,2.493,1.406,2.15,1.846,1.622,1.437,1.049,1.637,1.578,1.718,1.488,1.279,1.32,1.271,1.77,1.232,1.28,1.274,1.428,1.559,1.093,1.049,0.978,0.982,0.958,1.446,sampling_noiseless,0,prereg
7fe7be5e6dcbdb56e3355920,3.186,4.947,2.46,1.643,1.315,2.565,1.241,1.748,1.482,1.591,2.298,3.073,1.981,1.351,1.403,1.361,1.158,1.117,1.4,1.353,1.089,1.334,1.124,0.912,1.843,0.852,0.953,1.491,1.086,0.848,1.165,1.999,0.83,1.004,0.88,0.67,0.71,0.8,1.592,1,0.668,0.962,0.961,1.158,0.547,1.429,1.014,1.016,0.996,0.826,0.813,sampling_noiseless,0,prereg
61dd312370f1c9a2eae4abe6,3.238,1.396,1.03,0.718,0.737,0.854,0.73,0.861,0.82,0.826,0.693,0.731,0.698,0.67,0.722,0.644,0.63,0.616,0.548,0.637,0.641,0.611,0.653,1.498,0.283,0.354,0.406,0.267,0.256,0.321,0.27,0.228,0.223,0.335,0.4,0.225,0.375,0.205,0.295,0.284,0.292,0.203,0.273,0.254,0.322,1,0.397,0.287,0.504,0.48,1.279,sampling_noiseless,0,prereg
2428cd76c96a82667e36e9b9,1.236,1.301,1.005,0.739,0.842,0.975,0.628,0.639,0.56,0.827,0.701,0.49,0.457,0.418,0.962,0.572,0.61,0.482,0.424,0.436,0.464,0.408,0.463,0.369,0.355,0.364,0.317,0.165,0.388,2.187,0.832,0.42,0.375,0.521,0.4,0.455,0.367,0.379,0.394,0.374,0.419,0.4,0.345,0.384,0.37,0.356,0.695,0.557,0.402,0.555,0.608,sampling_noiseless,0,prereg
00dc6d2e8b094a2ef7195520,2.136,1.7,1.231,1.564,1.347,2.101,1.178,1.767,1.557,2.135,4.221,2.527,1.386,1.395,2.036,2.421,2.728,2.684,4.442,2.372,3.841,2.286,1.567,1.539,1.65,1.269,1.82,3.055,1.062,6.07,5.546,2.102,1,1.001,1.396,1.551,1.69,1.991,1.578,3.565,2.978,1.378,1.237,1.181,1.201,2.301,1.759,2.049,2.885,1.461,1.68,sampling_noiseless,0,prereg
eebcc6771c60553700b56d58,4.333,1.828,1.397,2.032,1.378,1.526,1.468,1.506,1.547,1.772,1.144,1.349,1.012,0.991,1.393,1.703,1.254,1.084,1.041,1.165,0.997,1.062,1.056,1.511,1.491,1.048,0.996,0.974,0.895,0.702,1.103,1.288,0.92,1.147,1.158,1.063,0.987,6.867,1.94,1.702,1.327,1.641,1.27,1.465,1.301,1.413,1.359,1.076,1.724,1.55,1.566,sampling_noiseless,0,prereg
a3df421bfd16364bb2eb9eda,3.486,1.05,4.295,3.094,2.344,0.985,1.879,0.917,5.073,0.901,3.373,3.848,0.898,3.378,5.141,0.876,0.642,0.835,1.585,0.817,0.598,5.098,0.837,2.452,2.046,10,2.302,1.074,0.773,3.594,5.174,0.949,2.748,10.413,29.729,0.885,0.634,9.351,2.509,3.283,3.234,6.429,4.037,0.841,13.463,1.1,4.674,4.822,0.854,0.821,1.645,sampling_noiseless,0,prereg
16d2fb25ab11cecf5da7383b,2.864,1.392,1.372,1.502,0.938,1.113,1.118,1.034,0.796,1.581,1.019,0.821,0.88,0.785,0.834,0.751,1.008,0.733,0.845,0.868,1.673,1.2,0.812,0.736,0.929,0.909,0.945,0.848,0.811,0.93,0.763,0.944,0.959,0.947,0.7,1.392,1.13,0.869,0.665,0.844,1.49,0.83,0.901,0.806,0.652,0.686,0.864,0.77,0.721,1.384,1.045,sampling_noiseless,0,prereg
d7fc3787110ccd0e327e16a4,3.629,5.946,3.18,2.631,1.263,3.614,1.518,3.517,2.584,1.233,2.482,2.683,0.617,0.492,0.944,0.67,0.549,0.759,0.741,0.582,1.177,0.917,0.751,0.62,0.63,0.727,0.785,0.353,0.742,0.598,0.523,0.408,0.441,0.655,0.44,0.397,0.275,0.54,0.199,0.493,0.591,0.401,0.265,0.563,0.583,0.591,0.532,0.423,0.559,1.525,0.714,sampling_noiseless,0,prereg
f98d16a651db685a8e2605a7,7.288,5.264,1.527,1.178,0.945,0.883,0.565,0.432,0.575,0.578,0.545,0.435,0.589,0.427,0.332,3.634,1.065,0.45,0.367,0.571,0.363,0.364,0.322,0.383,0.369,0.373,0.426,0.251,0.432,1.126,0.391,0.484,0.557,0.469,0.445,0.432,0.348,0.441,0.513,0.323,4.572,0.962,0.481,0.458,0.194,0.727,0.427,0.253,0.394,0.444,0.348,sampling_noiseless,0,prereg
9f3afa5b8ffbedae2556244d,4.472,0.979,0.603,0.646,0.646,2.315,0.736,1.096,0.764,0.691,0.621,2.687,1.351,15.253,4.228,0.603,2.938,1.997,2.552,1.784,1.193,8.149,1.252,1.036,1.123,0.58,1.108,14.562,1.017,0.726,0.993,1.084,2.72,26.883,0.613,0.887,2.692,1.647,0.549,0.553,1,1.363,1.335,1.351,1.373,1.54,1.253,1.098,0.772,0.724,0.765,sampling_noiseless,0,prereg
ebaf766400a22d6549125556,3.63,2.714,1.343,1.39,0.953,1.238,1.545,1.191,0.896,1.069,2.555,1.378,0.949,0.922,1.428,1.123,1.16,1.015,1.16,1.063,1.036,1.096,0.986,1.13,1.075,1.123,0.822,1.333,0.903,1.088,0.958,0.883,1.23,0.849,0.987,0.762,0.842,0.837,0.95,1.519,1.131,1.074,0.829,0.883,1.048,0.876,0.82,0.823,0.896,2.441,1.681,sampling_noiseless,0,prereg
396e4b23b9bade3d0e4e8a14,10.408,5.766,4.999,6.026,1.337,0.777,0.697,0.948,0.901,1.091,0.773,0.944,0.783,3.418,1.255,0.633,0.761,1.043,0.72,0.601,0.699,0.589,0.225,0.473,0.674,0.552,0.481,0.627,0.594,0.369,0.931,0.32,0.604,0.588,0.943,0.429,0.571,0.491,0.304,0.317,0.287,0.476,0.384,0.525,0.971,0.803,0.35,0.372,0.506,0.444,0.603,sampling_noiseless,0,prereg
e36f903b1e12a85ba0493e18,7.416,2.169,1.559,1.242,1.309,1.115,1.175,1.191,1.448,6.06,2.078,4.678,1.376,1.473,0.921,0.994,0.848,0.848,0.77,1.952,1.234,0.993,0.94,0.958,0.842,5.732,0.87,0.653,0.302,0.625,0.53,0.679,0.457,0.504,0.546,0.587,0.525,0.437,0.498,0.695,0.553,0.67,0.849,0.897,0.799,0.696,0.515,0.575,0.771,0.836,0.809,sampling_noiseless,0,prereg
976537b2426cbc92993dd7c1,4.845,0.927,0.539,0.667,0.494,0.471,0.468,0.303,0.505,0.504,0.422,0.147,0.384,0.536,0.102,0.355,0.144,0,0.137,0.148,0.104,0.568,1.791,0.691,1.673,0.476,0.654,0.387,2.841,0.787,2.331,0.595,0.834,1.759,0.77,0.506,0.791,0.109,0.801,0.712,1.201,0.704,0.584,0.39,0.758,0.632,0.329,0.358,0.353,0.274,0.244,sampling_noiseless,0,prereg
d8910196ae9591e1e8c51531,5.86,4.535,1.686,0.691,0.591,0.934,0.528,0.49,1.578,0.772,0.998,0.921,0.544,1.421,0.997,2.097,0.305,0.553,1.217,0.501,1.729,0.185,2.213,1.855,0.797,0.536,0.313,0.593,1.126,0.524,0.817,0.854,1.062,7.814,0.63,0.518,3.828,0.878,0.754,0.868,0.922,6.135,1.21,0.875,0.628,4.044,0.635,0.265,0.614,0.639,0.849,sampling_noiseless,0,prereg
813416620beabac2e4c41733,4.716,1.423,1.028,0.955,0.896,1.125,0.853,1.17,0.782,0.588,0.449,0.527,0.767,0.583,0.956,0.915,0.654,0.773,0.671,0.847,0.512,0.738,0.609,0.459,0.48,1.068,0.894,0.798,0.915,0.935,0.929,0.775,0.736,0.961,0.693,1.61,1.608,0.737,0.526,0.538,0.459,0.611,0.766,0.785,1.12,1.115,0.723,0.748,0.692,0.805,0.915,sampling_noiseless,0,prereg
10071cc95095217e76dba04a,3.081,1.254,0.83,0.708,0.856,0.876,0.87,0.95,1.038,0.839,0.745,0.942,0.871,0.794,0.84,0.893,0.703,0.695,0.634,0.757,1.148,0.895,0.8,0.855,0.779,1.208,0.763,0.843,0.694,0.859,0.617,0.766,1.307,1.935,0.682,0.58,0.674,0.275,0.781,1.011,2.136,1.202,0.796,0.614,0.501,0.644,0.582,0.636,0.604,0.675,1.075,sampling_noiseless,0,prereg
8f94c415e2bbac00e075bbe3,7.478,1.224,1.127,1.404,1.283,1.197,1.71,1.614,0.881,1.536,0.943,1.038,1.488,0.884,0.872,2.56,1.105,2.045,1.743,0.946,1.314,0.971,0.893,0.788,1.189,0.861,1.11,0.905,1.064,1.025,0.659,0.74,0.729,0.998,0.693,2.787,0.926,0.696,0.773,0.961,1.602,0.667,0.506,0.488,1.116,0.77,0.504,0.624,0.66,0.665,0.955,sampling_noiseless,0,prereg
d4bcc9f801259afd1512bccd,4.421,3.68,2.126,1.608,1.596,1.241,0.944,1.176,1.371,1.413,1.281,1.431,1.26,1.55,0.211,2.185,1.194,1.553,0.99,1.024,1.238,1.423,1.222,1.368,2.553,0.976,2.046,1.679,1.111,1.024,1.208,1.641,1.537,1.138,0.973,0.998,0.724,0.881,0.85,0.968,1.179,1.076,0.956,8.006,1.766,1.288,1.389,1.103,0.98,0.925,1.885,sampling_noiseless,0,prereg
61d795cb81575b60a6ecd4c2,5.28,1.887,2.552,1.657,1.526,1.61,1.952,2.589,1.546,2.167,4.679,1.563,1.814,2.094,1.241,1.948,4.295,4.373,0.938,1.493,0.743,0.75,0.991,0.634,0.919,0.711,0.895,0.668,0.985,0.746,0.73,0.611,1.001,0.607,0.619,0.559,0.897,0.529,0.529,0.526,0.601,0.609,0.57,0.675,0.763,0.643,1.512,0.618,0.762,0.597,4.354,sampling_noiseless,0,prereg
4eea2ef42e4fd516af6e6f06,3.091,2.68,1.232,0.881,1.769,0.359,1.43,0.848,0.667,0.289,0.57,0.791,0.403,0.353,0.85,0.664,0.728,0.625,0.486,0.25,0.295,0.656,0.157,0.349,0.578,0.529,0.288,0.644,0.418,0.406,0.364,0.25,0.317,0.264,0.442,0.281,0.527,0.422,0.296,0.419,0.23,0.389,0.369,0.352,0.732,0.408,3.248,0.44,1.011,0.634,0.613,sampling_noiseless,0,prereg
7d9c07b19a9f9fa2189545ff,4.149,2.866,1.336,1.201,1.244,1.205,1.559,1.485,1.583,1.105,1.492,1.556,1.244,1.102,1.269,1.565,3.226,2.135,1.301,1.359,1.802,1.354,1.499,1.663,1.403,1.244,1.529,1.135,2.396,1.66,1.061,1.384,1.208,1.701,1.68,1.472,1.704,1.477,1.081,1.008,1.262,1.166,1.185,0.897,1.175,1.344,1.301,2.134,1.601,1.002,1.179,sampling_noiseless,0,prereg
3edf6759321ca86ab904e80c,2.571,0.932,0.831,0.447,0.362,0.374,0.418,0.245,0.1,0.115,0.114,0.222,0.29,1.023,0.196,0.204,0.404,0.26,0.337,0.517,0.369,0.345,0.466,0.173,0.366,0.58,2.057,0.221,0.375,0.271,0.392,0.104,0.236,0.258,0.295,0.287,0.12,0.283,0,0.112,0.264,0.391,0.222,0.279,0.212,0.216,0.616,0.436,0.222,0.693,0.36,sampling_noiseless,0,prereg
5e89c6ec9da0f5618c57df3f,7.975,2.268,1.114,0.979,1.057,0.999,0.965,1.079,1.222,1.633,0.993,1.201,0.523,1.196,1.02,0.639,0.798,0.718,0.733,0.865,1.258,0.675,0.848,1.122,1.848,1.499,1.548,0.68,0.519,0.615,0.445,0.793,0.41,1.016,0.521,0.466,0.618,0.736,0.464,0.581,0.798,0.541,0.839,0.37,0.417,0.622,1.388,0.719,1.478,0.959,1.514,sampling_noiseless,0,prereg
8b7043ace84ab49e6b5a1e05,20.015,10.743,9.782,4.425,2.057,1.525,1.757,1.226,1.231,1.165,1.311,1.198,1.139,2.586,0.887,1.177,1.066,0.563,0.759,0.712,0.766,1.01,0.599,0.652,0.571,0.641,1.062,0.523,0.674,0.691,1.255,0.651,0.732,0.622,0.619,0.93,0.593,0.631,0.856,0.612,0.666,0.679,0.531,0.588,0.591,0.517,0.649,0.957,0.973,4.86,1.901,sampling_noiseless,0,prereg
cf1e1cdcb343c0f77d57a09f,8.943,3.643,2.408,4.658,2.182,3.049,1.903,1.949,1.396,1.411,1.757,2.936,1.368,0.991,1.059,8.463,1.145,1.198,1.248,1.11,1.001,1.002,1.461,1.466,1.091,0.812,0.906,1.412,1.043,1.153,1.4,1.858,0.896,2.309,0.977,1.463,1.097,1.141,0.957,1.796,3.785,1.085,1.506,0.903,0.894,1.227,1.129,1.067,0.783,1.011,3.147,sampling_noiseless,0,prereg
30100823ee9431596cad5d43,7.409,1.321,1.432,1.404,2.076,1.68,0.723,0.731,0.65,1.013,0.731,0.605,0.693,0.503,0.528,0.449,0.732,0.622,0.73,0.654,0.526,0.503,0.908,1.717,0.402,0.32,0.63,0.435,0.505,0.42,0.462,0.453,0.432,0.393,0.468,0.484,0.383,0.473,0.458,0.368,0.401,0.397,0.402,0.437,0.383,0.417,0.341,0.42,0.417,0.381,0.359,sampling_noiseless,0,prereg
e925a1f0a6d2bae2a31d01cc,1.364,2.137,1.095,1.23,0.715,0.802,1.882,1.097,1.028,0.989,1.029,0.815,0.853,0.798,1.093,0.852,0.743,0.685,0.665,0.763,0.694,0.646,0.973,0.809,0.561,0.516,0.576,0.566,0.479,0.424,2.84,1.574,1.243,0.682,0.62,0.696,0.849,1.116,0.665,0.794,0.843,1.415,0.784,0.75,0.768,0.572,0.732,0.647,0.727,0.733,0.686,sampling_noiseless,0,prereg
57d308623ba3394327089359,8.71,61.115,9.868,7.505,6.873,7.343,6.874,4.165,3.358,10.141,0.88,1.104,5.672,1.226,2.314,1.136,1.811,3.785,1.201,1.751,1.377,1.9,1.985,3.511,1.235,1.889,3.082,1.949,1.955,1.701,1.677,2.115,1.277,10.676,3.36,1.311,2.238,50.393,18.29,3.573,1.447,2.675,1.427,2.414,3.011,0.906,2.633,1.652,2.961,1.397,18.31,sampling_noiseless,0,prereg
4d2bbd0bb056c882833eb82c,5.042,3.972,1.735,1.358,1.249,1.355,1.301,1.259,1.202,1.352,1.002,0.766,0.631,3.501,1.481,1.405,1.405,1.201,1.192,0.707,1.152,0.949,0.728,0.561,0.449,0.993,0.692,0.605,0.75,0.653,2.056,1.339,1.265,0.602,0.544,0.605,0.602,0.56,0.502,0.607,0.389,0.533,0.405,0.606,0.556,0.207,0.658,1.108,1.434,2.56,0.59,sampling_noiseless,0,prereg
8d7cac4e3962aef09612acdb,9.784,1.441,0.956,1.041,0.963,0.752,0.897,0.758,0.781,2.679,1.245,0.675,0.689,0.649,0.577,0.717,0.777,5.895,0.793,0.662,1.254,0.463,0.736,0.686,0.779,0.483,1.127,0.713,1.121,0.457,0.602,0.463,0.442,0.632,0.709,0.708,0.572,2.369,0.591,0.73,0.495,0.488,0.47,0.491,1.528,0.669,0.413,0.45,0.474,0.47,0.696,sampling_noiseless,0,prereg
99d10089294401b3df354db3,8.552,1.914,2.537,1.195,1.532,3.083,1.995,1.121,1.201,0.782,1.039,0.788,0.771,0.694,0.75,0.55,0.401,0.726,1.69,0.767,0.92,0.778,2.194,1.149,0.795,0.749,0.641,0.661,0.648,0.556,0.641,0.738,0.772,0.5,0.604,0.596,0.572,0.609,0.613,0.557,0.598,0.592,0.634,0.704,0.639,0.652,0.789,0.637,0.568,0.629,0.832,sampling_noiseless,0,prereg
9fbf0dbafc624a68414c649a,8.121,3.911,3.433,3.905,1.903,1.299,1.281,1.78,14.107,11.26,5.408,1.849,1.055,1.7,2.199,0.805,1.007,5.869,1.583,1.403,1,5.044,1.587,1.651,1.022,1.091,1.6,1.094,1.4,1.182,1.32,1.013,1.265,1.046,1.659,10.48,1.281,1.306,0.953,1.424,1.967,1.083,0.994,0.99,1.054,0.792,1.057,0.824,0.917,1.18,0.905,sampling_noiseless,0,prereg
f1c2d55320c3dd7443df2739,1.523,0.618,0.511,0.518,0.297,0.482,0.4,0.584,0.634,0.294,0.279,210.732,0.638,0.672,0.558,0.937,0.517,0.221,1.47,0.871,0.996,0.878,0.778,1.052,0.692,0.759,0.285,0.318,0.524,0.165,0.575,0.625,0.14,0.696,1.719,0.91,0.781,0.694,1.543,11.324,0.529,0.448,0.418,0.717,1.152,0.539,0.528,0.902,0.56,0.358,0.45,sampling_noiseless,0,prereg
088d834d1176ce093addc6b9,3.757,1.572,1.003,0.905,1.302,0.987,0.974,1.479,0.754,0.71,0.7,0.499,0.438,0.368,0.43,0.42,0.512,0.359,0.646,0.416,0.509,0.184,0.77,0.411,0.636,0.431,0.694,0.548,0.665,0.66,0.623,0.443,0.396,0.484,0.39,0.426,0.307,0.441,0.383,0.411,0.628,0.397,0.498,0.454,0.361,0.402,0.33,0.338,0.186,0.181,0.531,sampling_noiseless,0,prereg
ee328da755bccd335ec5b70b,4.269,5.23,1.613,3.801,1.177,1.773,0.963,3.046,1.507,4.037,1.041,0.895,0.65,0.782,0.634,0.486,0.734,0.53,0.573,0.516,0.655,0.475,0.554,0.42,0.428,0.484,0.476,0.401,0.57,0.461,0.417,0.34,0.301,0.301,0.659,0.369,0.394,0.698,0.389,0.333,0.373,0.38,0.387,0.477,0.456,0.472,0.407,0.561,0.438,0.268,0.481,sampling_noiseless,0,prereg
fcdbf0b59ed6088656bb3a61,11.407,5.284,33.3,3.661,5.959,3.263,3.284,3.323,3.288,5.4,4.063,2.925,2.684,3.131,10.116,3.739,2.401,0.824,0.597,0.565,1.08,0.944,1.707,1.215,0.853,1.14,0.499,0.871,2.35,0.688,0.639,0.668,0.717,0.548,0.458,0.843,0.709,1.187,0.552,0.19,0.625,0.65,0.681,0.563,2.012,0.59,0.515,2.653,0.509,0.877,0.932,sampling_noiseless,0,prereg
5788dc7d7edf6bb30b220150,2.291,1.595,2.031,0.553,1.221,1.209,0.487,0.503,0.637,1.007,0.857,25.278,0.671,0.879,0.453,0.691,0.302,1.733,0.584,0.579,0.435,0.286,0.982,1.198,0.604,0.764,0.8,0.448,0.455,0.52,0.315,0,0.352,0.193,0.195,0.324,1.096,0.702,0.697,1.171,0.864,0.533,0.386,0.505,0.402,0.201,0.696,31.205,0.681,0.554,0.576,sampling_noiseless,0,prereg
b95b290b69efd79617f6ee95,5.955,5.308,1.865,2.595,7.261,1.575,1.214,0.969,1.5,1.44,1.027,1.184,1.779,1.862,1.415,1.773,1.033,1.166,1.034,0.725,0.987,1.407,1.143,0.918,0.905,1.01,1.173,1.161,0.87,1.035,0.996,1.11,1.721,1.019,0.864,0.896,0.891,1.625,1.861,0.942,0.958,0.561,0.898,1.029,1.031,0.621,0.637,0.513,0.552,0.931,4.583,sampling_noiseless,0,prereg
b817deedb9f1818965eb35d3,1.468,1.001,0.531,0.261,0.434,0.517,0.306,0.23,0.934,0.425,0.502,0.471,1.164,0.717,0.575,0.242,0.363,0.785,0.764,0.335,0.639,0.428,0.943,0.282,0.33,0.341,0.44,0.823,0.991,0.749,0.995,0.978,0.633,1.48,0.646,1.035,3.001,0.352,0.77,0.344,0.392,0.759,2.405,0.553,1.292,0.456,0.27,0.546,0.482,0.383,0.782,sampling_noiseless,0,prereg
8f51b6f70e0189ec23fc16a9,9.878,3.808,3.192,1.897,1.428,1.967,1.109,1.327,1.002,1.2,1.096,1.463,0.845,1.943,1.112,1.639,1.177,3.119,1.427,1.108,1.072,1.238,0.999,0.809,1.488,0.389,1.087,1.11,1.195,0.825,0.792,0.717,1.054,0.86,0.739,0.79,0.7,0.842,1.817,1.134,1.059,1.367,1.385,0.91,1.058,1.498,1.096,1.242,1.165,1.21,1.834,sampling_noiseless,0,prereg
422cd8aa06d94a0d1516f980,48.39,1.386,1.131,1.117,1.308,1.594,0.919,0.712,0.546,0.49,0.541,1.073,1.82,1.146,1.24,0.541,0.576,0.591,0.554,3.281,7.135,1.088,1.274,1.384,0.9,0.617,0.537,0.489,0.451,0.499,0.324,0.425,0.529,0.549,0.459,0.534,0.573,0.907,0.589,0.463,1.048,0.629,0.551,0.589,0.53,0.615,0.535,1.395,0.713,1.493,0.796,sampling_noiseless,0,prereg
a78811f40693ee781763523f,8.912,5.356,2.537,2.19,2.401,1.415,2.902,1.967,1.402,2.389,1.344,1.412,1.575,1.543,1.353,1.454,1.154,1.022,1.027,1.064,1.068,1.003,1.201,1.242,1.108,1.088,1.189,1.27,1.45,1.835,1.281,1.009,2.79,1.273,1.079,1.384,1.452,1.763,1.718,1.007,1.258,1.263,1.794,1.352,1.136,0.96,0.88,0.301,0.679,0.502,1.142,sampling_noiseless,0,prereg
fe73117d331f39081c03ddbb,49.742,1.689,3.818,2.057,1.372,1.51,1.628,1.556,1.648,1.443,1.265,1.793,1.426,5.144,1.902,2.586,1.412,1.242,1.263,1.452,1.507,3.167,2.272,1.525,1.58,0.94,1.324,3.847,2.717,6.061,5.066,2.323,2.022,6.4,10.125,2.947,1.199,1.861,1.41,1.136,1.233,1.661,1.048,0.791,0.975,1.167,1.084,1.076,1.252,1.046,0.897,sampling_noiseless,0,prereg
69c1bf449037dcc2efceb2ce,50.52,5.097,4.168,3.888,4.477,4.394,3.478,3.167,3.303,2.63,2.939,0.865,2.77,2.469,3.703,2.699,3.187,2.061,1.002,0.915,1.584,5.834,0.89,1.113,1.109,1.1,3.237,0.603,0.736,0.507,0.805,3.408,0.617,0.912,1.039,1.664,3.972,1.07,1,0.778,6.668,4.045,3.578,2.688,2.505,3.047,2.469,2.597,4.085,2.823,2.776,sampling_noiseless,0,prereg
ddb24fae65ec923337b5a310,52.801,1.728,2.615,1.506,1.347,1.094,1.369,1.28,0.958,0.903,0.731,0.673,0.657,1.277,1.069,1.253,1.374,0.648,1.614,0.856,2.352,2.673,0.76,0.882,0.889,0.988,1.081,0.687,0.979,0.252,1.682,1.557,0.992,0.804,2.478,14.871,1.126,1.798,1.335,1.024,1.128,0.787,0.705,0.602,0.664,0.566,0.898,0.827,0.697,0.702,0.791,sampling_noiseless,0,prereg
638d73de8c5e2f93628cd3c4,3.522,1.388,1.18,1.125,1.072,1.229,0.995,0.878,0.922,0.923,0.906,0.757,0.931,0.987,0.916,0.914,1.1,0.926,0.996,1.06,0.834,0.71,0.83,0.68,0.792,0.682,0.789,0.754,0.912,0.649,0.652,0.717,0.674,0.678,0.638,0.626,0.633,0.763,0.679,0.594,0.66,0.613,0.616,0.728,0.632,0.69,0.709,0.727,0.722,0.715,1.834,sampling_noiseless,0,prereg
2dc10e09abe0c9ca40a914c5,32.097,2.518,3.535,2.282,1.848,3.609,1.636,1.351,1.643,1.056,1.09,1.666,1.503,1.533,7.783,2.664,1.637,1.191,1.095,1.718,1.617,0.901,1.161,1.492,0.927,1.108,1.139,0.712,0.865,0.893,1.151,0.966,1.456,1.17,1.157,1.108,1.392,1.441,1.046,0.883,0.664,0.696,1.075,1.58,0.709,1.58,1.751,1.468,2.748,1.237,1.309,sampling_noiseless,0,prereg
66120c1c8ce3ef6386b02c34,5.179,2.365,1.688,1.308,1.672,0.956,1.704,0.594,0.919,1.627,1.095,2.065,0.783,4.305,0.942,3.24,2.232,0.838,0.937,1.105,2.004,0.613,0.515,0.396,0.477,0.89,0.327,0.675,0.508,0.401,0.396,0.511,0.436,0.568,0.473,0.422,0.493,0.518,0.397,0.492,0.421,2.36,1.089,1.838,0.901,0.685,1.134,0.64,0.518,0.517,0.824,sampling_noiseless,0,prereg
0de1797b131d0a11b05f078d,8.889,2.213,8.52,2.225,0.244,3.028,2.316,4.601,1.88,2.345,1.582,2.018,7.677,2.052,1.655,1.87,1.584,1.449,1.386,1.8,1.874,1.767,1.741,1.279,1.359,1.17,1.254,1.245,1.29,2.028,1.732,3.362,1.367,1.875,1.9,2.288,1.751,1.818,2.3,1.962,1.968,1.597,1.364,1.376,0.914,1.236,1.083,2.084,1.47,1.421,2.361,sampling_noiseless,0,prereg
2eb8dd9d3eec8792c163fe4b,9.942,4.938,2.029,1.341,0.912,0.884,0.984,1.319,1.34,1.088,1,1.188,0.921,0.823,1.053,0.717,0.768,0.451,1.037,0.838,0.59,0.755,0.716,0.661,0.667,0.992,0.621,0.745,1.631,1.758,1.05,0.946,1.036,0.59,0.58,0.435,0.612,0.477,0.546,0.772,0.475,1.062,0.584,0.563,1.5,0.725,0.586,0.788,0.87,1.012,6.549,sampling_noiseless,0,prereg
07c62c4a7953d0fcac4e41fc,3.958,1.861,1.309,1.115,1.005,1.466,2.44,1.021,1.206,0.824,1.431,1.551,1.256,0.828,0.886,1.226,1.06,2.203,0.94,1.022,0.669,0.773,0.665,0.712,0.869,0.969,0.747,1.579,0.816,1.077,0.89,0.771,0.671,0.871,0.69,0.643,1.118,1.676,0.509,0.538,0.99,0.816,0.694,0.698,0.587,0.701,0.7,0.457,0.588,0.761,3.763,sampling_noiseless,0,prereg
f7a8fda3244ec0c41e102c5f,5.765,2.502,2.482,2.028,2.926,6.281,1.584,2.797,2.036,1.88,1.911,2.407,1.469,21.683,1.498,2.68,3.985,2.123,2.148,1.259,1.566,1.83,0.867,1.25,1.026,1.298,1.253,0.88,1.321,1.975,0.614,0.735,0.599,1.074,1.58,0.658,0.629,1.101,0.867,0.547,3.453,0.928,1.577,2.079,1.35,0.59,0.565,1.242,0.816,0.598,0.463,sampling_noiseless,0,prereg
78c07144b21fd77dade26ff7,221.846,0.521,0.499,0.352,0.386,1.514,0.391,0.159,0.236,0.215,0.354,0.432,0.103,0.331,0.257,0.304,0.185,0.224,0.19,0.169,0.995,15.273,0.155,0.305,0.157,0.151,0.173,0.594,0.578,0.164,0.25,0.615,0.282,0.258,0.63,0.224,3.047,0.819,0.399,0.21,0.194,0.193,1.854,0.702,0.269,0.28,0.19,0.512,0.981,0.555,0.548,sampling_noiseless,0,prereg
085356c47cd40e53aaa4c1f6,8.07,6.77,5.38,1.498,0.896,4.802,1.371,1.74,1.253,1.24,0.688,0.647,0.455,0.406,0.473,0.483,0.553,1.024,0.749,0.977,0.995,0.813,0.905,1.154,1.042,0.955,0.658,0.231,0.538,0.504,0.276,0.522,0.412,0.208,0.146,0.142,0.17,0.596,0.363,0.79,0.563,1.309,1.714,0.56,0.445,0.629,0.673,0.346,0.505,0.267,1.103,sampling_noiseless,0,prereg
f1706d1346202723b2f9a9ef,7.674,2.847,1.453,1.825,1.895,1.976,1.808,1.766,1.699,1.813,1.794,1.694,3.244,1.546,2.893,1.837,1.772,2.334,1.544,1.508,1.442,1.746,1.604,2.839,1.465,1.282,1.142,1.224,1.243,1.382,1.671,1.342,1.687,1.456,2.773,1.403,6.139,1.45,1.484,1.305,1.165,1.48,1.517,1.384,1.713,1.343,1.218,1.346,1.419,1.27,1.705,sampling_noiseless,0,prereg
6ce67313af92e2be7fce38ff,4.244,1.666,1.19,1.262,1.413,0.754,0.215,1.07,1.054,0.726,0.489,1.686,0.425,0.445,0.202,0.366,0.423,0.439,0.422,0.434,0.47,0.842,1.562,0.435,2.472,1.339,0.95,0.937,1.497,0.386,0.475,0.757,0.215,0.185,0.402,0.435,0.343,0.316,0.424,0.326,0.418,0.343,0.289,0.225,0.203,0.224,0.267,0.234,0.137,0.076,0.435,sampling_noiseless,0,prereg
333b09e6fff3798319328b47,10.001,28.067,3.944,1.286,1.671,2.088,1.364,1.501,1.985,12.691,1.436,1.326,1.301,1.564,1.181,2.47,1.334,0.792,1.354,1.101,0.889,1.647,1.34,0.815,0.717,1.456,0.993,0.969,0.724,0.639,0.546,0.628,0.501,0.5,0.794,0.596,0.823,1.42,2.082,0.457,0.896,0.576,0.7,0.585,0.401,0.559,0.858,0.531,0.567,0.401,0.501,sampling_noiseless,0,prereg
a7321f5d2c60bc2ef21aa4b5,4.604,1.62,1.42,1.258,0.967,1.007,1.272,1.128,1.785,0.831,1.12,1.162,1.089,1.692,0.564,0.554,0.717,1.521,1.202,0.498,1.035,0.707,0.921,0.887,1.135,0.922,1.026,1.043,0.896,1.23,1.786,0.619,0.881,1.068,0.731,0.889,0.82,0.735,4.158,0.674,0.85,0.654,1.546,2.139,0.606,0.64,1.107,7.495,0.955,0.924,1.404,sampling_noiseless,0,prereg
efb271e1b8c9cc68fb5b863b,5.047,3.376,1.937,3.291,2.745,0.744,1.152,0.861,0.843,0.926,0.568,0.859,0.674,0.794,0.988,0.781,0.543,0.873,0.79,0.859,1.333,2.675,1.494,1.102,0.962,0.795,0.891,1.263,0.978,0.828,0.681,0.741,1.166,0.732,1.695,1.454,1.539,0.637,0.923,0.783,0.695,0.773,0.959,0.697,0.912,0.717,0.809,0.786,0.72,0.776,0.972,sampling_noiseless,0,prereg
d9c7fb9c35898723f12e6983,3.657,3.188,3.101,3.753,2.224,1.626,1.305,1.374,1.11,1.092,0.925,0.951,0.8,1.01,0.881,0.762,0.678,0.95,0.694,1.244,1.237,2.618,1.577,0.66,0.802,1.254,0.844,0.95,0.787,0.639,0.723,0.651,0.867,0.803,0.642,0.628,0.668,1.091,0.94,0.67,0.604,0.928,0.683,0.674,0.668,0.504,0.597,0.669,0.717,0.625,0.634,sampling_noiseless,0,prereg
e79882a5da28b9afa855f7aa,5.735,8.834,11.909,1.217,2.201,1.004,1.226,0.86,0.826,0.953,4.857,2.364,1.947,1.071,1.857,1.333,1.442,0.982,1.682,1.167,0.902,0.643,0.904,1.125,2.482,1.048,1.005,0.787,1.203,0.744,0.953,0.654,0.582,0.593,0.67,0.933,0.662,0.501,0.564,0.79,0.681,0.59,0.591,0.575,0.721,1.302,0.737,0.721,0.522,0.463,0.527,sampling_noiseless,0,prereg
d70325f4018fb1e1838b2671,3.301,1.812,1.18,1.394,1.348,0.831,1.051,1.066,0.744,0.786,0.799,0.928,1.352,0.769,0.527,1.24,1.244,1.388,0.686,1.155,0.65,0.579,1.187,1.026,0.947,0.796,1.333,0.6,0.615,0.585,0.535,0.947,0.655,1.251,0.604,0.682,0.642,0.913,0.601,0.563,0.669,0.573,0.673,0.545,0.685,0.867,0.18,0.617,0.978,0.876,0.856,sampling_noiseless,0,prereg
e513027b84a7660eb2a21cd4,12.926,6.843,6.387,3.645,4.861,1.966,1.987,1.744,1.882,1.43,1.629,1.929,1.4,1.523,7.097,2.016,2.238,2.91,1.398,2.344,1.444,1.379,2.961,1.375,3.562,1.496,1.492,1.17,1.397,3.063,1.679,1.249,1.86,1,1.026,1.332,1.256,0.901,1.181,0.982,1.223,1.07,0.907,1.908,1.054,1.091,1.09,1.656,1.437,1.441,1.389,sampling_noiseless,0,prereg
847995815f241183194fad47,11.945,6.24,1.956,1.969,2.55,2.2,2.089,1.591,1.671,1.801,1.713,1.705,1.488,1.076,1.23,0.964,0.87,1.189,0.961,1.275,0.988,1.342,1.101,1.289,1.567,1.199,1.084,0.827,1.261,1.314,1.036,1.099,1.116,0.753,0.906,1.002,0.801,0.863,0.71,0.729,0.899,0.709,0.948,1.001,0.997,0.838,1.203,1.039,1.564,1.052,1.351,sampling_noiseless,0,prereg
b308e743355b5c9438cda8b1,3.325,0.969,1.176,0.614,0.718,0.714,0.632,0.534,0.616,0.469,0.468,0.454,0.499,0.679,0.511,1.095,0.488,0.468,0.455,0.451,0.41,0.714,1.647,0.576,0.888,0.533,0.82,0.71,0.721,0.62,0.653,0.528,0.738,0.513,0.63,0.522,0.429,0.544,0.448,0.501,0.25,0.604,0.477,0.51,0.441,0.564,0.638,0.476,0.586,0.442,0.561,sampling_noiseless,0,prereg
69c53a2462f76a0e84a45d77,4.714,2.947,1.458,1.078,1.541,1.566,1.076,1.116,0.807,1.529,2.173,1.227,0.9,1.173,1.165,0.966,0.97,1.286,0.915,1.272,0.846,1.064,0.904,0.78,0.915,0.772,0.777,1.12,4.75,1.161,1.04,2.126,0.764,1.083,0.931,1.688,1.196,2.447,0.917,1.078,1.023,1.025,0.822,0.848,1.888,17.209,1.291,1.928,1.409,1.393,15.634,sampling_noiseless,0,prereg
2080f51ecff67e697ddc7146,11.194,2.332,3.063,0.879,1.463,0.71,1.166,1.104,1.093,1.112,0.667,0.612,0.905,0.606,0.68,0.731,0.696,0.84,0.754,0.773,3.465,0.748,0.702,0.637,1.196,0.476,0.602,0.332,0.463,1.22,0.362,0.54,0.328,0.41,0.552,0.482,0.488,0.557,0.43,0.581,0.416,0.732,0.763,0.947,0.7,0.746,0.662,0.681,0.491,1.301,0.851,sampling_noiseless,0,prereg
0c35b17a1a1b0f5836d6d875,4.078,1.452,0.849,1.049,1.471,0.871,0.801,0.72,2.3,0.649,1.18,0.98,0.756,0.699,1.42,0.762,1.359,0.576,0.895,1.244,0.428,0.753,0.429,0.911,1.014,0.659,0.438,0.382,0.463,0.442,0.506,0.453,0.582,1.06,0.445,0.899,0.401,0.42,0.464,0.695,0.543,0.422,0.487,0.429,0.687,0.43,0.458,0.461,0.474,0.551,0.547,sampling_noiseless,0,prereg
074141c5b7713d5a932a00b9,19.273,1.537,1.382,1.575,1.463,0.97,0.731,0.775,1.037,1.009,0.707,0.632,0.551,0.769,0.355,0.593,0.629,0.696,0.604,0.586,0.592,0.636,2.017,0.676,0.621,0.723,0.617,0.629,0.659,0.686,0.696,0.601,0.597,0.634,0.625,0.645,0.591,0.584,0.652,0.572,0.609,0.6,0.744,0.752,0.897,0.981,0.951,1.019,1.146,0.923,1.215,sampling_noiseless,0,prereg
846e224586d7f4ec77f356c3,6.903,2.058,1.499,1.216,2.597,0.871,0.677,1.304,0.712,0.764,0.896,0.586,1.676,0.681,0.525,0.681,0.752,1.008,1.074,0.48,1.484,0.645,0.625,0.401,0.415,0.521,0.467,0.663,0.461,0.425,0.779,0.592,0.501,0.77,0.571,0.572,0.841,0.66,0.701,0.613,0.709,0.467,0.613,0.488,4.08,2.211,0.438,0.867,0.505,0.733,0.47,sampling_noiseless,0,prereg
7c32f6e620c6724887668e84,3.184,1.649,1.88,2.451,1.242,1.014,1.052,1.265,1.198,1.194,1.09,0.746,0.602,0.578,0.575,1.604,1.156,0.951,0.84,2.342,0.799,1.028,0.905,1.129,0.958,0.906,1.94,1.35,0.844,1.236,0.84,0.834,0.54,1.085,0.865,0.854,1.078,0.723,0.646,0.774,0.741,0.681,0.784,0.818,1.065,0.584,0.685,0.851,0.687,0.606,0.669,sampling_noiseless,0,prereg
e8cebf0ff5d9d5706de7d539,17.519,4.336,2.06,1.295,1.281,1.11,1.527,1.123,1.184,1.139,1.248,1.099,1.383,2.783,1.341,3.885,0.775,0.947,0.762,0.662,0.675,0.589,0.933,0.67,0.959,1.199,0.678,0.643,0.709,0.748,2.282,2.168,0.908,0.782,0.617,0.649,0.838,0.756,0.885,0.703,0.689,1.044,0.734,1.147,0.754,0.581,0.678,0.694,0.662,0.804,0.786,sampling_noiseless,0,prereg
fdc8f57ea049962e51b17ca5,3.635,1.175,1.191,0.906,1.073,1.776,2.678,1.261,1.278,6.594,14.478,1.912,1.093,1.25,1.048,1.322,0.982,1.825,0.959,0.997,1.251,4.292,5.249,1.13,2.649,1.174,1.178,1.157,0.654,1.118,1.347,0.953,1.179,3.693,1.552,1.188,1.479,0.8,2.2,1.054,0.954,1.754,1.153,1.891,0.922,1.299,0.821,0.863,1.042,1.109,1.427,sampling_noiseless,0,prereg
dc69d01e6bbc8394202acbc3,8.768,1.972,3.804,2.944,1.088,1.079,1.145,1.022,1.011,1.243,1.209,0.856,0.932,0.806,1.007,0.658,0.9,0.696,0.851,1.211,0.726,0.806,0.817,0.891,0.451,0.718,0.603,0.797,0.73,0.648,0.921,0.572,0.418,1.38,0.41,0.613,0.732,0.42,0.389,0.637,3.851,1.778,1.235,1.054,1.346,1.038,0.919,2.044,0.953,1.232,1.232,sampling_noiseless,0,prereg
8bca4883ecc90150bf23004d,7.302,4.535,2.537,2.019,1.328,1.006,1.013,1.03,1.222,0.948,27.571,19.802,1.737,1.233,1.248,1.016,0.94,1.078,0.908,1.062,1.041,0.9,0.726,0.82,2.499,0.814,0.691,0.815,0.733,0.743,0.749,0.602,0.785,4.793,5.486,0.824,0.803,0.674,0.824,0.676,2.16,0.79,0.685,0.683,0.659,0.88,1.111,0.771,0.577,0.552,0.742,sampling_noiseless,0,prereg
caf4fb6c9183b56c082e023b,5.483,5.056,1.468,2.264,1.529,12.998,1.022,0.896,0.634,1.101,0.747,0.597,0.583,0.598,0.551,0.523,0.55,0.541,0.689,0.49,0.653,0.576,0.603,0.548,0.588,0.493,0.592,0.512,0.434,0.433,0.597,0.523,0.377,0.454,0.438,0.395,0.419,0.574,0.417,0.211,0.788,0.407,0.506,0.508,0.658,0.774,0.552,0.492,0.47,0.846,0.929,sampling_noiseless,0,prereg
0ad32f8504c002b5b5616437,2.016,0.839,1.849,1.012,1.225,0.982,1.811,0.816,1.002,1.431,1.103,0.884,0.656,0.855,0.76,0.767,0.863,0.5,0.969,1.468,0.616,0.725,0.956,0.727,1.058,0.868,1.363,0.97,1.006,1.285,0.814,1.567,1.447,0.921,0.492,0.484,0.598,0.993,1.162,0.629,0.664,0.644,0.883,0.548,0.508,0.57,0.641,0.59,0.533,0.751,0.745,sampling_noiseless,0,prereg
fcb6a3c874fb7f3469b04fb5,10.438,3.945,1.653,2.285,4.317,2.038,1.545,1.517,1.793,1.521,1.131,2.671,2.173,1.343,0.849,0.749,1.236,1.143,0.701,2.454,1.428,0.938,1.187,0.862,1.062,0.817,1.27,2.34,1.737,0.826,0.869,1.471,0.862,1.172,3.858,2.038,1.176,1.191,1.386,1.14,1.037,1.081,1.404,1.461,1.972,3.245,1.928,0.801,0.946,1.352,1.177,sampling_noiseless,0,prereg
86c25b5b69cd678246c6b724,13.9,4.469,7.267,9.437,5.546,6.918,4.873,7.323,4.386,5.765,6.287,5.642,5.988,10.055,6.698,5.14,5.595,5.612,5.584,5.067,5.396,4.495,6.233,6.443,6.788,6.522,5.061,5.864,7.454,12.782,5.392,6.655,5.235,5.201,6.384,4.689,6.335,6.246,5.569,5.807,5.541,6.284,5.577,7.219,11.563,7.858,5.221,6.327,4.914,7.333,7.035,sampling_noiseless,0,prereg
88c98bb93a5f68ffd8b54a5e,9.735,1.552,1.686,4.085,1.439,0.859,1.172,0.784,0.66,0.566,0.63,0.547,0.467,0.566,0.575,0.582,0.733,1.224,4.181,2.698,1.155,2.27,1.602,0.783,1.187,5.11,2.084,1.054,0.744,2.494,1.203,0.602,0.404,0.336,0.696,1.231,2.9,0.926,2.322,1.553,2.446,1.419,0.749,0.703,0.992,0.798,0.721,0.63,0.531,0.495,0.632,sampling_noiseless,0,prereg
0b52afcb49bdcbd588c7f058,93.868,8.632,6.024,6.594,6.935,5.786,6.849,6.171,12.537,5.181,6.831,6.175,6.421,5.724,5.576,6.406,6.411,8.86,10.801,27.213,6.109,5.852,6.092,5.855,9.223,18.917,9.004,6.972,7.994,6.111,7.552,6.855,6.473,7.462,7.389,6.15,7.096,7.4,10.56,5.521,6.391,7.101,5.736,5.188,4.917,5.939,4.178,5.278,15.569,6.328,25.292,sampling_noiseless,0,prereg
550d6aea725b07599465133f,6.514,2.845,1.043,1.216,1,0.771,0.888,0.963,0.777,0.831,0.843,0.739,0.921,0.764,0.867,0.541,0.645,0.794,0.565,0.521,0.568,0.864,0.535,0.544,0.534,0.576,1.418,1.345,0.624,0.609,0.745,0.641,0.634,0.588,0.599,0.537,0.641,0.477,0.465,1.309,0.935,0.625,0.534,0.578,0.633,0.555,0.683,1.307,0.889,0.768,0.718,sampling_noiseless,0,prereg
674785965cfc53b4f36fb24d,4.944,4.339,2.082,1.113,1.455,1.365,4.546,0.905,1.004,0.557,0.583,0.59,0.719,0.483,0.402,0.416,0.475,0.748,0.498,0.251,0.087,0.14,0.379,0.268,0.39,0.359,0.411,0.392,0.379,0.379,0.447,0.29,0.364,0.351,0.263,0.359,0.364,0.367,0.408,0.479,0.453,0.44,0.39,0.322,0.413,0.415,0.496,0.398,0.376,0.387,0.472,sampling_noiseless,0,prereg
946a289743181511f80c3158,2.26,1.031,1.138,1.303,1.101,0.998,1.671,1.167,1.089,1.124,0.967,0.958,0.931,0.794,0.613,0.602,0.669,1.124,1.121,7.039,13.338,0.618,0.571,1.893,0.787,0.724,0.595,0.602,0.144,1.228,0.924,0.719,0.773,0.402,0.473,0.405,0.437,0.732,0.753,0.234,0.181,0.46,1.869,0.449,0.394,0.395,0.304,0.373,0.469,0.387,0.778,sampling_noiseless,0,prereg
ded07dcd999971635430fa46,13.728,0.871,1.281,0.498,0.808,1.074,0.758,4.282,3.068,0.863,0.594,0.659,0.661,0.607,0.358,0.211,0.142,0.355,0.273,0.306,0.314,0.343,0.297,0.366,0.237,0.2,0.32,0.174,0.33,0.103,0.361,0.271,0.198,0.237,0.248,0.244,0.252,0.299,0.521,0.585,0.386,0.239,0.283,0.288,0.366,0.475,0.745,0.444,0.265,0.264,0.281,sampling_noiseless,0,prereg
0ac0b28c4c2a54ba0077ecf0,9.376,2.937,1.698,1.435,2.171,1.801,1.248,0.988,1.055,1.126,0.993,1.027,1.121,1.649,0.99,1.181,0.936,1.091,0.954,1.236,1.119,3.516,0.8,1.335,0.747,24.731,9.624,1.72,1.365,1.171,1.078,1,0.827,0.919,0.816,1.09,2.885,0.78,1.621,1.531,1.529,0.811,1.23,0.948,1.01,1.052,1.666,2.109,1.073,1.26,0.961,sampling_noiseless,0,prereg
b8adbfce657986ac1ff348fb,2.112,1.374,1.343,1.441,1.106,0.852,0.724,0.737,1.209,0.664,0.579,0.71,0.513,0.619,1.2,1.459,1.79,2.741,0.94,0.835,0.574,1.904,0.704,0.893,0.549,0.53,0.574,2.518,0.831,0.665,1.477,1.293,0.661,1.647,1.076,2.226,0.934,0.719,0.598,0.683,0.538,1.161,0.935,1.169,0.79,1.413,1.221,1.315,0.851,0.873,0.644,sampling_noiseless,0,prereg
e3aa4c71bf953847fd76ecb6,4.597,2.832,1.412,3.803,2.16,1.142,1.044,1.596,0.861,0.591,1.098,0.647,0.647,0.946,0.68,0.59,1.07,0.582,0.686,0.639,0.553,0.767,0.731,0.622,1.818,0.706,1.265,1.657,0.81,0.672,0.777,0.735,2.959,0.775,1.64,1.3,0.816,0.581,0.534,0.902,0.63,0.514,0.457,0.573,0.49,0.673,0.697,0.553,0.536,0.552,0.484,sampling_noiseless,0,prereg
302dfab0e85c0f5d3a6e99e7,1.697,0.908,1.143,0.858,0.797,0.787,0.896,0.964,0.827,0.955,0.687,0.758,0.8,0.767,0.696,1.064,0.601,0.906,0.656,0.716,0.466,0.759,0.912,0.677,0.684,0.401,0.565,0.798,0.997,0.771,0.643,0.602,0.518,0.813,0.691,0.653,1.257,0.558,0.691,0.642,0.728,0.485,0.587,0.548,0.801,0.519,0.823,0.639,0.902,0.525,0.519,sampling_noiseless,0,prereg
5bb9ee22ffc6bfababfc094d,2.738,0.883,22.118,0.688,0.44,0.447,0.369,0.353,0.413,0.412,0.153,0.294,0.277,0.73,0.59,0.294,0.374,0.399,0.237,0.171,0.623,0.265,0,0.464,0.28,0.101,0.303,0.164,0.389,0.424,0.371,0.289,0.409,0.801,0.2,0.377,0.347,0.188,0.363,0.2,0.282,0.442,0.177,0.315,0.351,0.419,0.389,0.349,0.521,0.873,0.714,sampling_noiseless,0,prereg
a59962577ac7ab899c2e39e5,7.624,2.865,1.977,7.439,2.977,2.149,2.393,2.679,2.976,2.183,4.203,3.001,1.542,2.18,3.36,4.1,2.844,3.819,2.421,1.705,2.017,2.398,2.352,1.563,1.423,1.984,1.652,1.398,2.132,1.628,1.574,1.786,1.727,4.727,2.446,1.36,1.814,2.5,1.966,2.084,1.731,1.76,1.514,1.749,1.283,1.423,1.508,2.427,2.304,1.101,1.38,sampling_noiseless,0,prereg
8c9996e61c502de10ae0ca65,2.15,1.135,0.65,0.35,0.179,0.398,0.489,0.545,0.464,0.566,0.436,0.465,0.043,0.397,0.288,0.178,0.416,0.418,0.316,0.279,0.1,0.306,0.462,0.246,0.444,0.307,0.328,0.066,0.468,0.492,0.409,0.386,0.335,0.312,0.163,0.342,0.29,0.068,0.383,0.281,0.319,0.37,0.324,0.232,0.341,0.343,0.263,0.277,0.38,0.427,0.365,sampling_noiseless,0,prereg
cda2d8510ade9935c954b041,13.344,2.339,3.709,1.446,1.173,1.496,1.067,1.855,0.864,1.123,1.019,0.69,1.031,0.68,0.759,1.145,1.159,1.004,0.797,0.695,0.726,2.323,0.936,0.789,0.981,0.676,1.341,0.644,0.837,0.596,1.42,0.719,0.581,0.541,0.614,0.588,0.554,0.532,0.599,0.597,0.738,1.563,0.504,1.114,0.743,1.415,0.816,0.585,0.665,0.986,0.603,sampling_noiseless,0,prereg
84f756e7c1d32031cd782297,6.755,2.219,1.016,1.384,1.04,0.958,1.294,0.898,1.153,0.876,0.862,0.73,1.049,1.319,1.073,0.979,0.833,1.189,0.76,0.744,0.978,0.653,0.894,0.813,3.218,0.961,0.854,0.925,0.861,0.832,1.499,1.113,0.879,0.866,1.141,1.141,1.401,0.985,0.99,0.743,0.619,0.628,0.6,0.617,0.539,0.606,0.615,0.599,0.727,0.733,1.783,sampling_noiseless,0,prereg
55fd5cced7cdf19f9c908cf0,2.347,7.194,2.333,1.424,1.217,1.718,1.932,1.582,1.373,1.6,1.523,0.883,1.386,1.056,3.338,0.973,0.813,0.701,0.799,0.765,0.612,0.737,0.694,0.73,0.589,0.638,0.655,0.7,0.996,0.948,3.222,1.156,0.945,0.809,0.919,1.379,1.123,0.724,2.008,0.865,0.756,0.776,0.849,0.7,0.649,0.623,0.521,0.742,0.552,0.507,0.443,sampling_noiseless,0,prereg
405af47570e6b986158d3171,3.158,2.238,1.93,1.928,1.606,1.579,1.254,1.286,1.351,1.175,4.301,1.694,1.287,2.417,1.273,1.162,1.035,1.58,1.156,0.962,4.001,2.269,1.467,1.471,1.108,0.996,1.005,1.215,0.947,1.378,1.573,1.205,1.053,0.881,0.999,1.479,2.264,1.635,1.863,1.467,1.103,0.905,0.963,0.902,0.855,0.961,0.869,1.044,0.822,0.83,0.769,sampling_noiseless,0,prereg
37b23e5857c47d40b31c54f7,1.302,0.638,0.647,0.861,0.586,0.36,0.412,1.227,0.683,0.507,0.593,0.757,0.675,0.821,0.708,0.737,0.711,0.498,0.534,0.525,0.562,0.57,0.529,0.917,0.567,0.491,0.558,0.468,0.497,0.402,0.402,0.554,0.519,0.372,0.503,0.514,0.488,3.62,0.373,0.282,0.219,0.155,0.154,0.19,0.339,0.682,0.345,0.383,0.44,0.434,0.464,sampling_noiseless,0,prereg
3a55d0b0cd029367f3dd5fca,20.491,7.043,6.481,12.964,6.121,5.749,10.818,12.712,5.601,7.271,9.988,9.067,11.607,7.945,17.366,11.093,6.126,4.682,6.068,13.174,0.973,0.684,0.433,1.011,0.962,0.571,0.79,0.47,0.419,0.518,0.656,0.411,0.589,0.518,0.848,0.418,0.463,1.237,0.514,0.895,0.662,0.503,0.55,0.89,1.162,0.414,0.5,0.482,0.587,0.928,1.765,sampling_noiseless,0,prereg
a140009e7391b3b3588fa886,9.328,2.076,2.734,1.473,2.6,1.855,1.401,2.359,1.021,2.081,1.608,1.928,2.078,1.814,2.702,2.873,1.026,1.386,4.343,1.602,3.018,1.35,1.401,1.119,1.779,1.156,2.02,1.399,0.788,0.925,1.276,5.565,1.743,1.221,0.995,1.137,1.124,1.836,1.001,1.056,2.29,0.863,0.709,1.651,1.268,1.038,1.132,0.763,0.601,1.973,1.035,sampling_noiseless,0,prereg
cae171db59152aef3a19e8f2,5.16,0.537,7.454,1.52,1.184,1.231,1.041,1.153,3.99,1.11,0.949,0.853,0.7,1.182,0.823,0.741,0.817,0.794,1.615,0.901,0.684,0.574,0.74,0.929,0.657,0.491,0.993,0.803,0.686,0.712,0.82,0.698,0.438,0.482,0.548,0.573,0.493,0.56,0.565,0.474,0.545,0.442,0.603,0.454,0.695,0.497,0.332,0.364,0.44,0.441,0.809,sampling_noiseless,0,prereg
f8226c47ca378883ddeacaf8,11.468,6.703,3.244,3.741,1.79,1.279,1.924,1.074,3.154,1.578,1.062,0.972,0.803,0.878,0.819,0.83,0.939,0.492,0.244,0.204,0.45,0.287,0.533,0.709,0.264,0.465,0.504,0.443,0.264,0.333,0.204,0.577,0.545,0.5,0.454,0.341,0.338,0.298,0.258,0.318,0.577,0.63,0.731,0.247,0.482,0.4,0.554,0.272,0.498,2.602,1.465,sampling_noiseless,0,prereg
4834889eeb81ffd0a7b135cb,15.962,3.763,8.865,3.61,2.328,2.42,1.912,1.359,1.081,1.096,0.957,1.026,0.852,1.333,0.864,0.951,1.675,1.236,1.342,1.093,1.03,1.575,0.975,1.186,1.134,1.396,1.59,1.25,1.097,1.008,1.046,1.38,1.178,1.001,1.162,1.153,1.105,1.117,0.745,0.681,0.799,1.009,0.839,0.858,1.692,1.38,1.48,1.522,0.866,1.116,1.077,sampling_noiseless,0,prereg
6e90a01189c1cd4eb8484c8a,9.553,2.677,1.764,2.357,1.279,3.448,3.155,2.007,1.63,1.908,1.726,0.993,0.755,0.94,1.056,0.995,1.039,1.404,1.553,1.289,1.201,1.026,1.301,0.839,0.944,0.68,2.466,0.585,0.586,0.622,0.829,0.625,0.865,0.703,0.789,0.536,0.62,0.606,0.535,0.566,0.619,0.565,0.604,0.964,0.706,0.975,0.688,0.636,0.858,0.633,0.883,sampling_noiseless,0,prereg
ff963fac5d2374ea8b545696,5.131,3.38,2.551,2.567,1.874,2.051,1.472,2.289,0.885,1.548,1.108,1.115,0.708,0.92,1.758,1.468,1.042,2.502,1.666,2.094,1.069,1.257,2.596,1.07,1.335,1.211,1.377,0.96,0.802,2.829,1.152,1.13,1.267,0.672,1.382,1.236,0.849,1.127,0.992,0.985,1.235,0.938,0.92,0.601,1.153,0.888,0.874,0.824,0.962,1.086,0.992,sampling_noiseless,0,prereg
3f58bf719f02b09889286e73,2.309,2.539,1.147,0.908,0.594,0.905,0.873,1.21,0.481,1.111,1.593,0.8,0.835,0.701,0.828,0.593,0.843,0.981,1.142,3.486,5.4,1.657,1.523,0.705,1.064,2.975,1.146,3.334,0.811,2.2,9.606,1.274,2.005,18.367,1.681,33.089,1.686,0.773,1.806,1.999,1.219,1.717,7.97,4.464,28.462,5.641,4.692,4.389,3.842,4.794,15.972,sampling_noiseless,0,prereg
8134f7fe40ae4d3d93543053,5.079,2.195,1.381,1.028,1.222,1.022,0.952,0.98,1.004,0.389,0.464,0.827,0.626,0.644,1.626,0.786,1.513,0.852,0.973,2.333,1.258,0.829,0.951,0.957,0.762,0.854,0.902,0.965,0.718,0.673,0.775,0.727,0.795,0.891,1,0.673,0.739,0.658,0.875,0.886,1.054,0.851,0.929,0.788,2.624,0.838,0.882,0.835,0.83,0.908,0.974,sampling_noiseless,0,prereg
66abb1231d9c104ce28e627f,11.816,6.357,8.029,3.147,2.288,3.084,2.625,1.196,2.541,1.49,2.348,2.394,0.935,2.183,1.629,1.249,1.304,1.395,3.17,1.05,1.048,1.329,1.514,2.726,1.114,1.52,1.152,0.872,0.856,0.821,0.664,1.439,0.768,1.047,0.817,0.747,1.011,1.032,0.873,1.641,1.361,1.278,3.306,0.896,0.955,0.933,0.821,1.316,1.209,1.642,1.628,sampling_noiseless,0,prereg
b0e681ee052bd0933567070e,6.409,7.576,2.005,1.839,1.402,1.256,1.266,1.04,3.06,1.892,1.098,1.265,1.448,1.047,0.726,0.731,0.772,0.933,0.806,0.995,0.727,0.783,1.496,0.993,0.74,0.628,0.842,1.18,0.816,0.677,0.565,0.558,0.505,0.549,0.989,0.561,0.539,0.763,0.953,0.617,0.745,0.897,0.643,0.752,0.659,0.734,0.61,0.601,1.1,0.624,0.482,sampling_noiseless,0,prereg
e221ad2857e6f8a9ac57129e,6.142,5.232,3.951,2.339,3.179,2.309,3.357,2.974,2.949,3.051,3.578,2.909,3.206,2.155,2.436,1.595,1.659,2.365,1.802,2.44,2.209,4.048,1.371,3.237,1.389,1.379,2.056,1.649,2.212,1.51,1.642,1.162,1.379,3.946,1.139,1.228,1.179,1.322,1.817,2.499,1.08,1.699,1.162,1.241,5.103,2.125,1.883,1.068,0.906,1.459,1.809,sampling_noiseless,0,prereg
a6ce3c05050e1ce3c528f8a3,4.96,1.121,0.993,0.677,1.182,0.604,0.605,1.896,0.66,0.464,0.426,0.431,0.418,0.663,0.463,0.405,0.609,0.582,0.196,0.421,0.435,0.415,0.226,0.516,0.487,0.353,0.495,0.416,0.541,0.506,0.48,0.256,0.5,0.249,0.526,0.394,0.44,0.35,0.421,0.421,0.436,0.483,0.407,0.178,0.529,0.388,0.36,0.36,0.466,0.477,0.769,sampling_noiseless,0,prereg
9a38f3c8db231a28c095cad6,7.428,1.931,1.94,1.081,1.043,1.021,0.713,1.127,1.239,0.944,1.053,2.073,0.82,1.216,0.98,0.874,0.933,0.762,1.088,0.947,1.159,1.107,0.71,0.956,0.849,0.986,0.667,0.607,0.564,0.788,0.72,0.647,3.982,0.976,1.347,2.623,1.055,0.968,1.18,0.733,0.753,0.633,0.999,0.919,0.569,0.663,0.745,0.784,0.619,0.5,0.65,sampling_noiseless,0,prereg
ac919e8e27f2d72ff9c9f67c,1.57,0.838,0.489,0.421,0.798,0.649,0.458,0.493,0.433,0.44,0.544,0.187,0.375,0.267,2.279,0.6,0.156,0.386,0.32,0.618,0.237,0.243,0.35,0.226,0.219,0.913,2.663,0.678,0.383,0.387,0.576,0.226,0.233,0.711,0.979,0.721,0.284,0.522,0.374,0.572,0.658,0.717,0.717,0.593,0.905,0.806,0.385,0.67,0.586,0.496,1.051,sampling_noiseless,0,prereg
6959397111a9260261b3983d,9.242,3.65,1.636,1.529,1.03,1.073,0.862,0.843,1.321,0.789,0.99,0.933,0.763,0.849,1.027,0.703,2.275,0.71,1.054,0.608,0.552,0.621,0.958,0.743,0.652,0.575,0.444,0.5,0.36,1.907,0.559,0.73,0.343,0.387,0.662,0.859,0.783,0.465,0.772,0.677,2.188,3.015,0.635,0.471,0.709,0.727,1.376,1.81,0.751,0.454,1.542,sampling_noiseless,0,prereg
aaabfd2adff8669f8b90e124,5.32,2.193,3.973,2.304,1.26,1.599,1.856,1.194,1.068,0.791,0.63,1.035,0.852,0.774,0.937,0.702,1.057,0.905,0.986,0.798,0.552,0.968,0.82,0.702,0.981,0.855,0.738,1.066,0.775,0.449,0.767,0.464,0.762,0.661,0.564,0.737,0.67,0.603,0.851,1.084,3.329,3.821,1.435,1.325,1.299,1.642,0.996,0.86,1.05,0.792,0.812,sampling_noiseless,0,prereg
17eb17d2013b8755a42c3cc2,23.017,5.988,5.791,5.335,6.78,4.405,5.601,5.764,5.381,5.599,6.086,4.591,5.516,4.671,4.83,4.683,4.72,5.324,5.02,4.597,5.038,5.986,5.195,5.622,5.262,5.007,5.169,4.818,6.582,5.475,17.193,11.532,5.469,4.748,5.236,5.359,5.383,5.73,4.701,5.311,4.411,3.985,4.515,4.395,4.747,4.979,4.332,4.644,4.219,4.63,4.693,sampling_noiseless,0,prereg
c6a858400bd89e6d31b5aede,10.892,2.757,2.112,2.788,2.106,1.785,2.741,2.755,1.698,1.343,1.38,1.964,3.868,1.686,1.45,1.164,1.103,2.082,1.189,1.281,1.3,1.216,1.089,1.251,1.046,1.214,0.903,1.602,2.347,1.21,1.295,1.503,1.266,1.339,1.17,1.065,0.813,1.302,1.455,1,1.102,1.274,1.105,1.214,1.202,1.189,1.298,1.187,1.215,1.048,1.702,sampling_noiseless,0,prereg
733ffefa6a5f3b76cc3fa38c,4.392,3.855,3.56,4.283,4.19,4.44,3.642,3.748,4.883,4.096,3.436,3.764,3.624,3.375,3.452,3.246,3.422,4.081,3.372,3.106,3.106,3.764,3.328,3.206,4.128,3.452,3.044,5.277,3.071,3.457,2.871,2.904,2.227,3.591,3.013,3.339,3.41,3.453,3.437,4.03,3.468,2.951,3.83,3.013,3.375,3.028,3.049,3.09,2.829,3.143,5.398,sampling_noiseless,0,prereg
87d963aa46d9cd6a955a42ab,2.891,0.965,3.144,1.654,1.143,1.018,0.579,0.6,0.657,0.928,0.99,1.289,0.886,1.319,0.779,0.538,0.708,0.701,1.079,2.168,2.244,0.608,0.749,1.054,1.096,0.789,0.693,0.678,1.072,0.816,0.901,1.709,0.533,0.412,0.71,0.774,0.66,0.932,1.077,0.663,0.82,2.667,0.723,0.976,0.956,0.898,1.899,1.188,1.292,1.173,0.604,sampling_noiseless,0,prereg
5bc6f1f8784b192400cb45a5,9.185,3.638,7.563,3.901,2.695,6.228,3.443,2.995,4.286,1.6,3.7,1.344,2.265,1.325,2.082,1.779,2.321,1.064,2.434,1.258,1.953,1.076,0.974,0.7,1.174,1.297,1.088,1.586,2.4,0.841,0.63,2.948,0.6,0.794,0.789,0.641,1.73,0.867,0.765,0.881,0.838,3.988,1.725,1.176,0.7,0.662,5.429,0.831,0.595,11.797,1.357,sampling_noiseless,0,prereg
ab837f7ee8fab954f07e9c3f,1.956,2.751,2.596,3.26,0.634,0.744,0.448,0.635,0.558,0.399,0.303,0.417,0.47,0.437,0.101,0.403,0.491,0.595,0.385,0.533,0.44,0.41,0.436,0.526,0.489,0.3,0.436,0.213,0.401,0.179,0.352,0.11,0.305,0.191,0.589,0.255,0.212,0.769,0.201,0.254,0.514,0.226,2.162,0.389,0.192,0.278,0.341,0.219,0.476,0.646,0.223,sampling_noiseless,0,prereg
287bccbedf633848132a4c06,8.166,6.557,3.436,2.718,1.931,1.748,1.394,1.383,1.708,1.446,1.422,1.144,1.104,1.185,1.562,1.316,1.206,1.29,1.192,1.135,1.228,1.363,1.263,1.158,1.284,1.278,1.271,1.265,1.103,1.117,1.129,1.067,1.056,1.238,1.2,1.347,2.573,1.507,1.323,1.255,1.289,1.283,1.217,1.053,1.263,1.162,1.264,1.09,0.901,1.001,1.733,sampling_noiseless,0,prereg
1954243267c2ce5575fecfeb,9.832,5.069,3.598,2.118,1.852,2.153,1.753,0.977,1.432,1.006,0.753,0.794,0.679,1.283,0.815,0.956,0.652,0.14,1.064,0.91,0.865,1.095,0.741,1.152,0.873,0.973,3.287,0.837,0.822,0.957,0.616,0.731,0.827,0.554,0.979,0.775,0.638,1.039,0.817,1.44,1.164,0.831,0.589,0.949,1.795,1.234,1.081,0.98,0.597,6.642,5.021,sampling_noiseless,0,prereg
5266767a88a45f1bad49864c,6.006,3.162,1.962,1.802,1.721,1.749,1.48,1.935,1.954,1.584,1.774,1.444,1.398,1.146,1.306,1.23,0.936,2.049,1.216,2.082,1.04,1.13,1.559,1.258,4.564,1.666,0.986,1.086,1.23,1.352,1.163,1.129,1.266,1.077,0.885,0.86,1.238,1.063,0.935,1.205,1.08,1.009,0.934,1.04,1.631,0.899,0.852,0.956,0.839,1.154,1.397,sampling_noiseless,0,prereg
7344fbae7361c50b719b54e0,5.29,3.261,180.647,25.549,1.913,1.644,1.978,1.638,1.441,1.562,1.561,1.418,1.284,1.314,1.085,1.316,2.021,1.115,1.287,1.081,0.916,0.965,1.399,1.124,0.84,1.385,1.756,5.427,1.376,2.536,0.904,0.858,1.537,1.12,1.082,0.948,0.92,0.713,0.965,0.681,0.564,0.534,0.478,0.523,0.593,0.802,0.797,0.715,0.572,0.956,0.8,sampling_noiseless,0,prereg
e71d0a9dc5b3fbfb4bf17970,6.01,2.004,2.386,1.26,0.918,0.991,0.77,0.812,0.718,0.798,0.792,0.588,0.441,0.361,1.138,1.284,1.433,0.435,0.423,1.758,0.068,0.109,0.217,0.074,0.072,0.083,0.331,0.167,0.719,0.489,0.124,0.419,0.527,0.399,0.451,0.295,0.368,0.393,0.219,0.163,0.358,0.339,0.244,0.48,0.616,0.37,0.394,0.334,0.346,0.132,0.737,sampling_noiseless,0,prereg
5f4fea3554aaa86659445438,3.787,2.02,1.401,1.684,1.526,1.321,1.401,1.591,1.571,1.474,1.539,1.614,1.476,1.456,1.401,1.394,1.57,1.391,1.374,1.31,1.498,1.611,1.453,1.551,1.505,1.36,1.443,1.284,1.244,1.39,1.972,1.473,1.171,1.265,1.59,1.321,1.127,1.626,1.597,1.322,1.248,1.252,1.272,1.372,1.372,1.201,1.225,1.275,3.648,1.678,1.998,sampling_noiseless,0,prereg
25fdc0e49c2267b8639c911a,4.597,1.3,0.946,0.984,0.754,0.715,0.739,0.683,1.235,1.089,0.705,0.82,0.615,0.844,0.971,0.726,0.757,0.634,0.765,0.503,0.647,0.571,0.428,0.438,0.652,0.531,0.71,0.832,0.594,1.738,0.661,0.85,0.56,0.611,0.7,0.501,0.463,0.419,0.412,0.512,0.712,1.084,0.921,0.622,0.661,0.995,0.669,0.611,0.606,0.677,0.864,sampling_noiseless,0,prereg
7df83c320b8de4413ded8b33,14.922,6.053,3.294,3.153,3.794,2.553,1.491,1.537,2.503,3.941,1.004,1.035,1.285,0.584,0.761,2.082,1.214,0.928,0.855,0.702,0.648,0.539,0.964,1.593,0.913,0.667,0.479,0.407,0.536,0.705,0.48,0.469,0.491,0.471,0.468,0.453,0.531,4.2,1.197,2.035,1.106,1.264,0.792,0.966,0.826,0.736,1.273,1.209,0.738,0.615,0.773,sampling_noiseless,0,prereg
9d4dea2d9057139c7caeebd9,12.021,3.167,1.976,1.833,2.207,4.333,1.239,1.101,2.628,1.636,1.425,2.628,2.106,1.547,1.1,1.503,2.802,1.353,2.942,8.404,8.618,2.102,1.996,1.498,1.365,9.102,1.475,1.275,1.119,1.019,0.778,1.329,1.73,1.704,4.072,2.055,1.536,1.826,1.937,1.332,1.056,1.054,0.975,11.847,1.398,1.894,1.471,19.982,2.229,1.642,1.082,sampling_noiseless,0,prereg
b28bcf68392e975a2200d9b5,4.465,2.309,2.068,1.701,1.662,0.918,1.261,0.819,1.664,1.159,1.075,0.999,0.48,0.268,0.421,0.15,0.273,0.618,0.123,0.422,0.201,0.378,0.156,0.346,0.205,0.344,0.406,0.39,0.353,0.298,0.165,0.5,0.371,0.161,0.359,0.16,0.538,0.306,0.585,0.442,0.228,0.309,1.638,0.736,0.52,0.676,0.602,0.667,1.654,0.516,0.607,sampling_noiseless,0,prereg
8d5f181fd4692f0154da5ce9,4.527,0.546,0.69,0.595,0.651,1.142,0.701,0.564,0.673,0.558,0.698,0.578,0.549,0.601,0.648,0.573,0.541,0.601,0.538,0.444,0.495,0.838,0.533,0.464,0.561,0.565,0.574,0.502,0.55,0.601,0.698,0.537,0.521,0.627,0.556,0.632,0.566,0.404,0.479,0.625,0.586,0.478,0.401,0.789,0.754,0.696,0.622,0.625,0.622,0.768,0.788,sampling_noiseless,0,prereg
1aaa240b0584c3274245aabb,28.341,4.085,2.74,3.14,3.052,3.854,3.73,3.361,2.511,1.979,1.986,1.42,1.24,2.77,1.654,1.795,1.455,2.334,1.183,1.037,0.739,0.9,1.301,1.02,0.806,0.926,1.034,1.381,0.882,0.982,1.005,1.722,0.991,0.908,0.924,0.675,0.719,0.621,0.721,1.136,0.671,0.624,0.582,1.423,0.674,0.463,0.578,0.635,0.666,6.861,1.798,sampling_noiseless,0,prereg
f009684f19e0549dc07f8f2f,4.663,3.552,3.032,1.216,1.303,2.217,1.53,1.32,1.051,1.362,2.433,2.137,2.157,2.848,1.024,1.064,1.419,1.623,2.122,1.429,2.692,1.148,1.542,1.664,1.283,1.083,0.95,1.29,2.062,2.323,1.231,2.949,1.696,1.46,1.837,1.435,1.514,1.49,1.099,0.859,2.033,0.978,1.086,1.34,1.44,1.142,1.408,2.054,1.15,1.661,1.078,sampling_noiseless,0,prereg
8e4db376344136cce3e1923f,19.59,7.343,5.6,4.503,4.162,4.348,4.602,2.865,2.347,2.453,2.968,2.897,1.832,3.274,3.681,3.687,28.938,9.062,5.461,1.475,1.096,1.789,2.328,2.69,2.349,1.978,3.66,1.48,1.467,2.64,2.446,2.733,1.519,1.123,1.149,3.166,4.657,5.276,2.039,1.951,2.34,1.739,1.513,2.529,3.343,1.354,1.823,1.525,1.963,1.628,1.652,sampling_noiseless,0,prereg
5c988f64541bdf7ffa8129a0,7.09,2.651,3.492,3.022,4.478,1.159,1.184,2.102,0.903,1.754,0.99,1.074,0.681,1.136,0.901,0.909,0.88,1.233,0.812,1.001,0.955,3.189,0.723,0.841,0.987,1.248,1.113,0.634,1.286,0.973,1.467,0.717,0.795,0.571,0.513,0.789,0.81,1.147,0.999,0.628,1.251,0.661,0.821,1.206,1.117,0.751,1.14,1,0.873,0.589,1.02,sampling_noiseless,0,prereg
4fd7f81dd9ce6d7271157ad3,11.048,3.665,2.726,2.05,2.416,1.086,1.674,1.225,1.229,1.468,1.093,1.044,1.16,1.201,2.1,1.365,1.481,1.806,1.325,1.111,0.894,1.402,0.826,0.9,1.129,1.147,2.412,7.531,5.528,1.497,1.228,2.341,0.934,0.77,0.782,2.515,0.965,0.694,0.772,0.618,0.625,0.916,0.723,0.878,0.992,1.225,1.394,0.647,1.22,1.116,1.875,sampling_noiseless,0,prereg
cec8fcd358e925d9a6a114d0,1.601,0.754,0.781,0.674,0.392,0.387,0.718,0.5,0.719,0.81,0.555,0.396,0.468,0.417,0.404,0.427,0.392,0.498,0.336,0.347,0.372,0.411,0.405,0.446,0.336,0.407,0.391,0.301,0.301,0.387,0.616,0.378,0.305,0.353,0.319,0.299,0.348,0.436,0.287,0.329,0.362,0.348,0.397,0.445,0.386,0.411,0.415,0.442,0.479,0.383,0.367,sampling_noiseless,0,prereg
e4d7b67f8d64fac1c309b007,3.091,1.408,0.985,0.996,0.903,0.82,1.334,1.072,1.087,0.902,0.929,0.983,1.024,2.466,1.002,0.932,0.555,1.065,1.04,1.846,4.874,0.982,1.202,1.3,0.803,1.583,2.904,0.936,1.179,0.865,0.816,0.872,0.994,0.785,1.166,1.04,3.648,0.773,0.843,0.884,0.891,0.94,0.404,1.123,0.953,0.861,0.748,1.32,5.675,1.882,1.601,sampling_noiseless,0,prereg
704b175b1f8b8a06c94d53cd,55.938,49.949,32.958,14.117,11.96,10.692,10.05,12.053,,,,,,,,,,,,,,,,,,,,,,,,,,,,,,,,,,,,,,,,,,,,sampling_noiseless,0,prereg
d54858f1627049553fa89415,12.857,2.849,0.958,0.801,0.864,0.976,0.736,1.011,0.694,0.778,1.171,0.859,1.064,2.172,1.489,1.828,1.31,2.114,1.03,1.109,1.391,0.761,0.759,0.689,0.661,0.707,0.795,0.721,0.737,0.778,1.069,0.963,0.926,0.785,0.698,0.651,0.718,0.677,0.736,0.63,1.699,0.931,0.974,0.901,0.827,0.66,0.996,0.783,0.775,0.716,0.845,sampling_noiseless,0,prereg
a974c80a90dfac934c964f5e,14.328,53.344,4.313,8.508,2.976,2.148,1.357,2.761,1.145,2.148,2.723,1.659,1.849,1.618,2.498,1.4,1.268,1.002,10.871,6.723,2.804,2.687,2.25,2.304,0.962,1.103,5.307,2.057,1.14,1.165,0.929,3.237,4.303,1.362,1.513,1.34,1.438,1.782,1.496,2.923,1.767,0.647,1.25,1.302,1.674,1.41,1.605,0.994,0.861,1.097,5.185,sampling_noiseless,0,prereg
a3ca90f46e90aafaba588411,18.837,10.06,3.361,2.438,1.868,4.035,3.161,3.537,3.176,2.001,7.561,3.006,4.101,1.692,3.747,3.601,1.301,1.08,1.556,2.036,1.433,1.021,0.739,0.872,0.706,1.033,0.829,0.603,0.749,6.705,5.006,1.93,1.203,1.205,2.658,0.823,5.827,1.886,1.87,2.335,1.347,5.366,1.206,1.558,1.186,0.96,0.395,1.057,1.149,1.298,0.975,sampling_noiseless,0,prereg
182f0331fa82c7adbe8c25d5,6.487,,,,,,,,,,,,,,,,,,,,,,,,,,,,,,,,,,,,,,,,,,,,,,,,,,,sampling_noiseless,0,prereg
078205c6a944ec8a40c639c7,1.811,1.407,0.482,0.069,0.757,0.577,0.399,0.316,0.317,0.363,2.146,0.47,0.283,0.078,0.12,0.18,0.204,0.159,0.093,0.134,0.114,0.171,0,0,0.089,0.236,0.113,0.107,0.238,0.245,0.148,0.166,0.63,0.106,0.185,0.28,0.094,0.258,0.175,0.271,0.211,0.16,0.419,0.175,0.231,0.216,0,0.146,0.115,0.125,0.178,sampling_noiseless,0,prereg
c7a9968cec85f6c70029a45f,9.831,1.1,2.788,3.052,1.783,1.752,0.356,0.4,0.288,0.102,0.69,0.53,0.833,1.698,0.279,0.644,0.298,0.203,0.34,0.191,0.189,0.25,0.547,0.912,0.1,0.219,0.078,0,0.427,0.363,0.1,0,0.227,0.114,0,0.165,0.223,0.163,0.261,0.759,0,0.106,0.262,0.21,0.135,0.289,0.146,0.142,0.286,0.269,1.001,sampling_noiseless,0,prereg
e92a6f2a1e7ef12c553be7ee,11.569,9.411,5.164,9.945,7.834,8.768,13.289,15.922,45.779,2.549,2.058,2.123,3.099,2.15,2.03,2.403,3.498,1.646,1.093,1.109,0.902,4.579,1.741,1.738,1.987,1.597,1.596,1.396,2.388,0.937,1.745,2.117,1.694,1.251,1.528,4.339,2.142,1.372,1.568,1.64,5.166,2.029,8.488,1.162,1.059,0.985,0.629,0.585,0.894,0.744,1.19,sampling_noiseless,0,prereg
