"id","round2_combined_array","df"
"000000000000000000000000","[0.20,0.40];[0.40,0.60];[0.80,1.00];[0.60,0.80];[1.20,1.40];[1.60,1.80];[1.00,1.20];[2.00,0.00];[0.00,0.20];[1.40,1.60];[1.80,2.00]","prereg"
"000000000000000000000000","[0.00,0.04];[1.72,1.76];[1.48,1.52];[0.16,0.20];[0.64,0.68];[1.20,1.24];[1.68,1.72];[0.48,0.52];[1.28,1.32];[1.84,1.88];[0.52,0.56];[0.56,0.60];[1.92,1.96];[0.20,0.24];[0.24,0.28];[1.04,1.08];[0.88,0.92];[1.24,1.28];[0.04,0.08];[0.12,0.16];[0.72,0.76];[1.76,1.80];[0.28,0.32];[0.44,0.48];[1.96,2.00];[0.92,0.96];[0.60,0.64];[0.84,0.88];[1.32,1.36];[0.80,0.84];[0.40,0.44];[1.64,1.68];[1.36,1.40];[1.88,1.92];[1.40,1.44];[0.76,0.80];[1.60,1.64];[0.36,0.40];[1.12,1.16];[2.00,0.00];[1.52,1.56];[1.56,1.60];[1.08,1.12];[1.16,1.20];[0.68,0.72];[1.80,1.84];[1.00,1.04];[0.08,0.12];[0.32,0.36];[1.44,1.48];[0.96,1.00]","prereg"
"","[1.80,2.00];[0.00,0.20];[0.40,0.60];[1.40,1.60];[1.60,1.80];[1.20,1.40];[0.20,0.40];[1.00,1.20];[0.80,1.00];[2.00,0.00];[0.60,0.80]","prereg"
"","[0.84,0.88];[1.48,1.52];[1.60,1.64];[0.12,0.16];[1.40,1.44];[0.08,0.12];[0.64,0.68];[0.96,1.00];[1.20,1.24];[0.16,0.20];[1.92,1.96];[1.84,1.88];[1.12,1.16];[1.64,1.68];[1.52,1.56];[0.48,0.52];[2.00,0.00];[0.24,0.28];[1.04,1.08];[0.76,0.80];[0.20,0.24];[0.44,0.48];[1.36,1.40];[0.68,0.72];[1.00,1.04];[1.24,1.28];[1.88,1.92];[0.28,0.32];[0.00,0.04];[0.88,0.92];[1.32,1.36];[0.40,0.44];[0.92,0.96];[1.72,1.76];[0.04,0.08];[0.60,0.64];[1.28,1.32];[1.56,1.60];[1.68,1.72];[0.52,0.56];[1.76,1.80];[0.56,0.60];[1.16,1.20];[1.80,1.84];[0.36,0.40];[1.96,2.00];[0.72,0.76];[0.32,0.36];[1.08,1.12];[1.44,1.48];[0.80,0.84]","prereg"
"","[0.20,0.40];[0.00,0.20];[1.80,2.00];[1.20,1.40];[1.40,1.60];[1.00,1.20];[1.60,1.80];[2.00,0.00];[0.40,0.60];[0.60,0.80];[0.80,1.00]","prereg"
"","[1.64,1.68];[0.36,0.40];[1.76,1.80];[1.84,1.88];[1.48,1.52];[1.68,1.72];[0.72,0.76];[1.88,1.92];[1.52,1.56];[1.08,1.12];[1.24,1.28];[0.04,0.08];[1.04,1.08];[1.96,2.00];[0.48,0.52];[0.32,0.36];[1.28,1.32];[0.08,0.12];[0.44,0.48];[0.56,0.60];[0.60,0.64];[0.92,0.96];[0.84,0.88];[1.72,1.76];[1.60,1.64];[2.00,0.00];[1.80,1.84];[1.44,1.48];[0.20,0.24];[1.56,1.60];[0.40,0.44];[1.32,1.36];[0.88,0.92];[1.92,1.96];[0.16,0.20];[0.80,0.84];[1.20,1.24];[0.52,0.56];[0.64,0.68];[0.96,1.00];[0.28,0.32];[0.00,0.04];[0.76,0.80];[1.36,1.40];[1.40,1.44];[1.12,1.16];[0.68,0.72];[1.00,1.04];[0.24,0.28];[0.12,0.16];[1.16,1.20]","prereg"
"","[1.12,1.16];[1.72,1.76];[0.48,0.52];[0.76,0.80];[0.00,0.04];[1.68,1.72];[1.36,1.40];[1.84,1.88];[0.16,0.20];[0.28,0.32];[1.60,1.64];[1.88,1.92];[1.16,1.20];[0.20,0.24];[0.52,0.56];[1.20,1.24];[1.04,1.08];[1.64,1.68];[1.80,1.84];[0.92,0.96];[0.44,0.48];[0.04,0.08];[1.56,1.60];[0.36,0.40];[0.08,0.12];[1.44,1.48];[1.40,1.44];[1.76,1.80];[0.88,0.92];[1.92,1.96];[1.28,1.32];[1.96,2.00];[0.32,0.36];[0.40,0.44];[1.24,1.28];[0.12,0.16];[0.68,0.72];[1.00,1.04];[0.96,1.00];[1.08,1.12];[0.84,0.88];[0.24,0.28];[0.64,0.68];[0.80,0.84];[0.56,0.60];[1.32,1.36];[2.00,0.00];[1.48,1.52];[0.60,0.64];[0.72,0.76];[1.52,1.56]","prereg"
"9c2a276668310d20bbee356f","[0.60,0.80];[1.80,2.00];[1.60,1.80];[0.80,1.00];[0.40,0.60];[1.00,1.20];[1.20,1.40];[2.00,0.00];[0.20,0.40];[0.00,0.20];[1.40,1.60]","prereg"
"a431e26d86f7eabc22587c7b","[1.00,1.20];[0.00,0.20];[0.60,0.80];[1.60,1.80];[2.00,0.00];[0.80,1.00];[1.80,2.00];[0.20,0.40];[1.20,1.40];[0.40,0.60];[1.40,1.60]","prereg"
"02e718572c3227791c87f4d0","[0.08,0.12];[1.56,1.60];[1.72,1.76];[1.76,1.80];[1.96,2.00];[1.44,1.48];[0.72,0.76];[0.84,0.88];[1.64,1.68];[0.00,0.04];[1.68,1.72];[0.96,1.00];[0.60,0.64];[1.32,1.36];[0.36,0.40];[0.12,0.16];[1.88,1.92];[0.76,0.80];[1.52,1.56];[0.04,0.08];[1.48,1.52];[1.80,1.84];[1.08,1.12];[0.92,0.96];[0.64,0.68];[1.84,1.88];[0.48,0.52];[1.04,1.08];[0.24,0.28];[1.16,1.20];[0.52,0.56];[0.44,0.48];[0.80,0.84];[0.68,0.72];[0.28,0.32];[1.20,1.24];[2.00,0.00];[1.40,1.44];[0.88,0.92];[0.40,0.44];[1.00,1.04];[0.56,0.60];[1.36,1.40];[1.60,1.64];[1.28,1.32];[0.20,0.24];[1.12,1.16];[0.16,0.20];[1.24,1.28];[0.32,0.36];[1.92,1.96]","prereg"
"53fd30b921af44b44278d9df","[0.24,0.28];[0.72,0.76];[0.96,1.00];[1.20,1.24];[0.76,0.80];[0.92,0.96];[1.28,1.32];[1.48,1.52];[1.88,1.92];[1.16,1.20];[1.84,1.88];[1.92,1.96];[2.00,0.00];[0.52,0.56];[1.64,1.68];[1.00,1.04];[1.04,1.08];[1.36,1.40];[1.80,1.84];[1.56,1.60];[1.24,1.28];[0.32,0.36];[1.72,1.76];[0.08,0.12];[0.04,0.08];[0.00,0.04];[1.52,1.56];[0.48,0.52];[0.56,0.60];[1.60,1.64];[1.68,1.72];[0.64,0.68];[1.12,1.16];[0.12,0.16];[1.76,1.80];[0.88,0.92];[1.44,1.48];[0.20,0.24];[1.40,1.44];[0.28,0.32];[0.40,0.44];[0.80,0.84];[0.60,0.64];[0.84,0.88];[0.16,0.20];[1.96,2.00];[1.08,1.12];[0.68,0.72];[1.32,1.36];[0.44,0.48];[0.36,0.40]","prereg"
"417f5ea4a534c090c79dc96a","[1.00,1.20];[0.20,0.40];[1.40,1.60];[1.60,1.80];[2.00,0.00];[0.80,1.00];[0.40,0.60];[1.80,2.00];[0.60,0.80];[0.00,0.20];[1.20,1.40]","prereg"
"47d6fbd17a055b0f6dcd279b","[2.00,0.00];[0.60,0.80];[0.00,0.20];[1.60,1.80];[1.80,2.00];[0.40,0.60];[0.20,0.40];[1.00,1.20];[0.80,1.00];[1.20,1.40];[1.40,1.60]","prereg"
"7aa79a4cc1f8e28429922216","[0.60,0.80];[0.00,0.20];[0.40,0.60];[0.80,1.00];[1.60,1.80];[1.20,1.40];[2.00,0.00];[1.00,1.20];[0.20,0.40];[1.80,2.00];[1.40,1.60]","prereg"
"2f4f77cf3516dd65fe654bbf","[0.04,0.08];[0.36,0.40];[1.92,1.96];[1.32,1.36];[0.16,0.20];[1.88,1.92];[1.64,1.68];[1.48,1.52];[1.00,1.04];[1.44,1.48];[0.24,0.28];[0.20,0.24];[1.08,1.12];[1.16,1.20];[0.84,0.88];[1.20,1.24];[0.48,0.52];[0.40,0.44];[0.44,0.48];[1.96,2.00];[0.12,0.16];[1.52,1.56];[1.60,1.64];[1.68,1.72];[1.76,1.80];[0.68,0.72];[1.72,1.76];[0.72,0.76];[0.56,0.60];[0.08,0.12];[0.80,0.84];[0.32,0.36];[0.60,0.64];[1.04,1.08];[1.40,1.44];[1.12,1.16];[0.64,0.68];[0.28,0.32];[1.24,1.28];[1.56,1.60];[2.00,0.00];[1.28,1.32];[0.88,0.92];[1.36,1.40];[1.80,1.84];[1.84,1.88];[0.52,0.56];[0.76,0.80];[0.96,1.00];[0.00,0.04];[0.92,0.96]","prereg"
"","[1.60,1.80];[0.40,0.60];[2.00,0.00];[0.20,0.40];[1.20,1.40];[0.60,0.80];[1.80,2.00];[1.00,1.20];[0.80,1.00];[1.40,1.60];[0.00,0.20]","prereg"
"aa557b3c9888532c2f643d56","[1.40,1.60];[1.80,2.00];[0.80,1.00];[1.20,1.40];[0.20,0.40];[1.00,1.20];[0.40,0.60];[1.60,1.80];[0.60,0.80];[2.00,0.00];[0.00,0.20]","prereg"
"bf46d0ff0554a93d77355184","[1.00,1.20];[0.60,0.80];[1.40,1.60];[0.80,1.00];[1.20,1.40];[2.00,0.00];[1.80,2.00];[0.20,0.40];[0.40,0.60];[0.00,0.20];[1.60,1.80]","prereg"
"","[1.00,1.04];[0.56,0.60];[1.28,1.32];[0.44,0.48];[1.64,1.68];[0.00,0.04];[1.56,1.60];[1.72,1.76];[0.60,0.64];[1.48,1.52];[0.88,0.92];[1.96,2.00];[1.36,1.40];[1.44,1.48];[0.64,0.68];[0.96,1.00];[0.20,0.24];[1.92,1.96];[1.24,1.28];[1.32,1.36];[1.20,1.24];[1.68,1.72];[1.40,1.44];[1.84,1.88];[1.76,1.80];[0.84,0.88];[1.88,1.92];[1.12,1.16];[1.52,1.56];[0.12,0.16];[0.32,0.36];[0.24,0.28];[0.36,0.40];[0.48,0.52];[1.16,1.20];[1.08,1.12];[0.80,0.84];[1.80,1.84];[0.08,0.12];[2.00,0.00];[0.04,0.08];[0.28,0.32];[0.72,0.76];[0.68,0.72];[1.60,1.64];[0.92,0.96];[0.16,0.20];[0.52,0.56];[0.76,0.80];[1.04,1.08];[0.40,0.44]","prereg"
"","[0.40,0.60];[1.20,1.40];[2.00,0.00];[0.80,1.00];[0.00,0.20];[1.40,1.60];[0.20,0.40];[1.60,1.80];[0.60,0.80];[1.80,2.00];[1.00,1.20]","prereg"
"7d86f34d5ad77bd1d988d9be","[0.88,0.92];[0.44,0.48];[1.20,1.24];[1.80,1.84];[0.40,0.44];[1.04,1.08];[0.00,0.04];[0.16,0.20];[0.84,0.88];[1.48,1.52];[1.56,1.60];[0.56,0.60];[1.28,1.32];[0.76,0.80];[1.92,1.96];[1.36,1.40];[1.40,1.44];[0.92,0.96];[1.60,1.64];[1.24,1.28];[1.84,1.88];[0.24,0.28];[0.04,0.08];[0.72,0.76];[0.68,0.72];[0.36,0.40];[1.16,1.20];[1.68,1.72];[0.64,0.68];[1.52,1.56];[1.44,1.48];[1.64,1.68];[1.88,1.92];[0.48,0.52];[2.00,0.00];[0.60,0.64];[0.96,1.00];[0.52,0.56];[0.20,0.24];[1.76,1.80];[1.32,1.36];[0.80,0.84];[1.08,1.12];[0.32,0.36];[0.12,0.16];[1.00,1.04];[0.28,0.32];[1.96,2.00];[0.08,0.12];[1.72,1.76];[1.12,1.16]","prereg"
"beaa55b48e0e927d39c6c413","[1.96,2.00];[0.96,1.00];[0.72,0.76];[1.76,1.80];[1.08,1.12];[1.64,1.68];[1.72,1.76];[1.60,1.64];[1.52,1.56];[0.52,0.56];[1.68,1.72];[0.60,0.64];[1.04,1.08];[1.48,1.52];[0.08,0.12];[1.44,1.48];[0.44,0.48];[0.00,0.04];[0.36,0.40];[1.92,1.96];[0.48,0.52];[0.92,0.96];[1.88,1.92];[1.20,1.24];[0.88,0.92];[0.32,0.36];[0.16,0.20];[0.20,0.24];[0.56,0.60];[0.68,0.72];[1.12,1.16];[1.24,1.28];[0.64,0.68];[1.32,1.36];[0.76,0.80];[1.80,1.84];[0.80,0.84];[0.28,0.32];[1.16,1.20];[0.04,0.08];[0.40,0.44];[0.12,0.16];[0.84,0.88];[0.24,0.28];[1.40,1.44];[1.36,1.40];[1.00,1.04];[1.56,1.60];[1.84,1.88];[2.00,0.00];[1.28,1.32]","prereg"
"dd467f569e1f80ae3adb312a","[0.60,0.80];[1.00,1.20];[1.40,1.60];[1.60,1.80];[0.20,0.40];[0.00,0.20];[1.20,1.40];[0.80,1.00];[2.00,0.00];[0.40,0.60];[1.80,2.00]","prereg"
"2b1aa04b7a7c74919f260088","[0.32,0.36];[1.88,1.92];[0.72,0.76];[0.20,0.24];[1.00,1.04];[0.28,0.32];[1.12,1.16];[0.80,0.84];[0.12,0.16];[1.72,1.76];[1.36,1.40];[1.56,1.60];[1.68,1.72];[0.04,0.08];[0.60,0.64];[1.44,1.48];[1.32,1.36];[0.64,0.68];[0.16,0.20];[0.88,0.92];[1.60,1.64];[1.48,1.52];[1.24,1.28];[1.64,1.68];[1.20,1.24];[0.52,0.56];[0.76,0.80];[1.16,1.20];[1.40,1.44];[0.92,0.96];[1.96,2.00];[0.24,0.28];[0.48,0.52];[0.44,0.48];[1.04,1.08];[0.68,0.72];[1.08,1.12];[0.56,0.60];[1.52,1.56];[0.36,0.40];[0.08,0.12];[1.28,1.32];[0.00,0.04];[1.84,1.88];[1.76,1.80];[1.92,1.96];[0.84,0.88];[0.40,0.44];[0.96,1.00];[2.00,0.00];[1.80,1.84]","prereg"
"","[0.40,0.60];[0.60,0.80];[1.00,1.20];[1.40,1.60];[0.80,1.00];[0.00,0.20];[1.80,2.00];[0.20,0.40];[1.60,1.80];[1.20,1.40];[2.00,0.00]","prereg"
"68d15344adea8e48c2040682","[1.88,1.92];[0.32,0.36];[0.96,1.00];[1.28,1.32];[1.32,1.36];[0.04,0.08];[1.08,1.12];[0.40,0.44];[0.76,0.80];[1.40,1.44];[1.84,1.88];[1.24,1.28];[0.72,0.76];[0.48,0.52];[1.60,1.64];[1.76,1.80];[1.44,1.48];[1.00,1.04];[1.92,1.96];[1.72,1.76];[2.00,0.00];[1.96,2.00];[1.56,1.60];[1.64,1.68];[0.68,0.72];[0.00,0.04];[1.12,1.16];[0.80,0.84];[1.52,1.56];[1.16,1.20];[0.12,0.16];[0.16,0.20];[0.64,0.68];[1.68,1.72];[0.88,0.92];[0.36,0.40];[0.60,0.64];[0.92,0.96];[0.20,0.24];[1.20,1.24];[1.80,1.84];[1.36,1.40];[0.52,0.56];[0.24,0.28];[1.48,1.52];[0.08,0.12];[1.04,1.08];[0.28,0.32];[0.44,0.48];[0.56,0.60];[0.84,0.88]","prereg"
"30f1711ac13ac4e5743b0577","[0.88,0.92];[1.20,1.24];[1.40,1.44];[0.92,0.96];[0.40,0.44];[1.64,1.68];[1.92,1.96];[0.16,0.20];[0.64,0.68];[0.32,0.36];[0.52,0.56];[0.44,0.48];[0.68,0.72];[1.24,1.28];[1.80,1.84];[0.96,1.00];[0.12,0.16];[0.72,0.76];[1.04,1.08];[1.68,1.72];[0.56,0.60];[1.00,1.04];[0.84,0.88];[1.72,1.76];[1.44,1.48];[0.24,0.28];[0.00,0.04];[0.28,0.32];[0.20,0.24];[0.60,0.64];[1.96,2.00];[1.36,1.40];[1.84,1.88];[1.52,1.56];[2.00,0.00];[0.76,0.80];[1.32,1.36];[1.88,1.92];[0.36,0.40];[1.56,1.60];[1.48,1.52];[1.12,1.16];[1.28,1.32];[1.76,1.80];[0.48,0.52];[1.08,1.12];[0.08,0.12];[0.04,0.08];[1.16,1.20];[0.80,0.84];[1.60,1.64]","prereg"
"2cd780300f69c352ad637c33","[2.00,0.00];[0.40,0.60];[1.20,1.40];[1.40,1.60];[1.80,2.00];[1.60,1.80];[0.60,0.80];[0.80,1.00];[0.00,0.20];[0.20,0.40];[1.00,1.20]","prereg"
"","[0.00,0.20];[0.60,0.80];[1.80,2.00];[1.00,1.20];[0.80,1.00];[1.40,1.60];[1.60,1.80];[0.20,0.40];[1.20,1.40];[2.00,0.00];[0.40,0.60]","prereg"
"47b02182b9ab40f7952614bc","[0.40,0.60];[0.80,1.00];[0.00,0.20];[1.20,1.40];[0.60,0.80];[1.80,2.00];[1.60,1.80];[1.40,1.60];[2.00,0.00];[1.00,1.20];[0.20,0.40]","prereg"
"406ad4c71e98205c91a89bf0","[0.20,0.40];[1.00,1.20];[0.00,0.20];[0.60,0.80];[0.80,1.00];[1.60,1.80];[1.20,1.40];[1.40,1.60];[2.00,0.00];[1.80,2.00];[0.40,0.60]","prereg"
"","[0.40,0.60];[2.00,0.00];[1.00,1.20];[1.40,1.60];[1.60,1.80];[0.80,1.00];[0.20,0.40];[1.20,1.40];[1.80,2.00];[0.00,0.20];[0.60,0.80]","prereg"
"","[1.00,1.20];[1.80,2.00];[1.20,1.40];[1.60,1.80];[0.60,0.80];[0.80,1.00];[0.20,0.40];[2.00,0.00];[0.00,0.20];[1.40,1.60];[0.40,0.60]","prereg"
"d628e8f6be3f6c498742383f","[0.88,0.92];[1.64,1.68];[1.36,1.40];[0.08,0.12];[1.92,1.96];[1.72,1.76];[0.96,1.00];[1.48,1.52];[1.20,1.24];[0.64,0.68];[1.60,1.64];[2.00,0.00];[0.84,0.88];[1.04,1.08];[0.04,0.08];[0.00,0.04];[1.40,1.44];[1.96,2.00];[0.56,0.60];[1.68,1.72];[1.00,1.04];[1.32,1.36];[0.76,0.80];[0.72,0.76];[0.28,0.32];[1.88,1.92];[1.76,1.80];[0.60,0.64];[1.80,1.84];[0.24,0.28];[0.12,0.16];[1.24,1.28];[0.20,0.24];[0.48,0.52];[0.36,0.40];[1.56,1.60];[0.32,0.36];[1.28,1.32];[1.08,1.12];[0.16,0.20];[1.16,1.20];[0.44,0.48];[1.84,1.88];[1.12,1.16];[0.52,0.56];[1.44,1.48];[0.92,0.96];[1.52,1.56];[0.40,0.44];[0.68,0.72];[0.80,0.84]","prereg"
"","[0.80,0.84];[0.04,0.08];[1.76,1.80];[0.20,0.24];[0.64,0.68];[1.08,1.12];[0.24,0.28];[0.12,0.16];[1.68,1.72];[2.00,0.00];[0.28,0.32];[1.36,1.40];[0.36,0.40];[1.60,1.64];[0.56,0.60];[0.52,0.56];[0.48,0.52];[1.28,1.32];[1.64,1.68];[1.32,1.36];[0.88,0.92];[0.32,0.36];[1.84,1.88];[1.40,1.44];[1.72,1.76];[0.60,0.64];[1.16,1.20];[1.24,1.28];[0.68,0.72];[0.44,0.48];[1.80,1.84];[0.08,0.12];[1.04,1.08];[0.72,0.76];[1.52,1.56];[1.96,2.00];[0.84,0.88];[0.76,0.80];[1.88,1.92];[0.16,0.20];[1.20,1.24];[0.92,0.96];[1.48,1.52];[0.40,0.44];[1.92,1.96];[1.56,1.60];[1.00,1.04];[0.00,0.04];[0.96,1.00];[1.44,1.48];[1.12,1.16]","prereg"
"4eda5a15e5ecd009b191b0dc","[1.00,1.20];[0.80,1.00];[0.00,0.20];[1.40,1.60];[0.60,0.80];[0.40,0.60];[2.00,0.00];[1.80,2.00];[1.60,1.80];[0.20,0.40];[1.20,1.40]","prereg"
"7891214883027c095df0653d","[0.00,0.20];[0.40,0.60];[1.60,1.80];[1.00,1.20];[0.20,0.40];[0.60,0.80];[1.40,1.60];[1.20,1.40];[1.80,2.00];[2.00,0.00];[0.80,1.00]","prereg"
"6b31aa868d49588b44126937","[1.92,1.96];[0.00,0.04];[0.96,1.00];[1.96,2.00];[1.32,1.36];[0.28,0.32];[0.16,0.20];[1.16,1.20];[1.52,1.56];[0.52,0.56];[0.44,0.48];[1.80,1.84];[1.84,1.88];[0.84,0.88];[0.72,0.76];[1.64,1.68];[1.72,1.76];[0.64,0.68];[1.56,1.60];[0.08,0.12];[0.04,0.08];[1.44,1.48];[0.56,0.60];[1.68,1.72];[0.20,0.24];[1.00,1.04];[0.60,0.64];[0.88,0.92];[0.36,0.40];[1.48,1.52];[1.20,1.24];[1.88,1.92];[0.12,0.16];[0.68,0.72];[0.48,0.52];[1.04,1.08];[1.12,1.16];[1.76,1.80];[0.24,0.28];[1.36,1.40];[1.60,1.64];[0.76,0.80];[0.80,0.84];[1.28,1.32];[0.40,0.44];[1.40,1.44];[0.32,0.36];[1.24,1.28];[0.92,0.96];[1.08,1.12];[2.00,0.00]","prereg"
"9cb6554bd9e85d2db103de9b","[1.20,1.40];[1.60,1.80];[0.00,0.20];[1.40,1.60];[1.80,2.00];[0.20,0.40];[2.00,0.00];[0.60,0.80];[1.00,1.20];[0.80,1.00];[0.40,0.60]","prereg"
"1e4a520e5ec587d4c684a224","[2.00,0.00];[1.00,1.20];[1.40,1.60];[1.80,2.00];[1.60,1.80];[0.40,0.60];[0.20,0.40];[1.20,1.40];[0.00,0.20];[0.60,0.80];[0.80,1.00]","prereg"
"86d790e3ce957b96c492cfb1","[0.20,0.40];[1.60,1.80];[0.80,1.00];[2.00,0.00];[1.80,2.00];[1.40,1.60];[1.00,1.20];[0.60,0.80];[1.20,1.40];[0.00,0.20];[0.40,0.60]","prereg"
"65cf26eafb29dd3b11ef39f6","[0.40,0.60];[0.60,0.80];[1.80,2.00];[2.00,0.00];[1.60,1.80];[0.80,1.00];[0.00,0.20];[1.00,1.20];[1.40,1.60];[1.20,1.40];[0.20,0.40]","prereg"
"00dac5efe6969a4957ac24b0","[0.40,0.60];[0.00,0.20];[2.00,0.00];[0.20,0.40];[1.80,2.00];[1.00,1.20];[1.20,1.40];[1.40,1.60];[1.60,1.80];[0.80,1.00];[0.60,0.80]","prereg"
"a9594a68454489c6cc5d4101","[1.20,1.40];[0.80,1.00];[1.40,1.60];[1.00,1.20];[0.60,0.80];[1.60,1.80];[0.40,0.60];[0.20,0.40];[0.00,0.20];[1.80,2.00];[2.00,0.00]","prereg"
"7f772b65bca4f217d1d75a2b","[1.92,1.96];[1.28,1.32];[0.00,0.04];[1.48,1.52];[1.36,1.40];[0.12,0.16];[1.20,1.24];[0.20,0.24];[1.84,1.88];[0.92,0.96];[0.40,0.44];[1.32,1.36];[1.04,1.08];[0.28,0.32];[1.72,1.76];[0.32,0.36];[0.08,0.12];[1.52,1.56];[1.40,1.44];[1.12,1.16];[0.60,0.64];[1.64,1.68];[1.56,1.60];[0.52,0.56];[0.96,1.00];[0.56,0.60];[1.96,2.00];[0.44,0.48];[0.36,0.40];[2.00,0.00];[0.68,0.72];[1.60,1.64];[1.80,1.84];[1.08,1.12];[0.24,0.28];[1.00,1.04];[1.24,1.28];[0.72,0.76];[1.44,1.48];[0.76,0.80];[0.04,0.08];[0.64,0.68];[0.88,0.92];[1.68,1.72];[0.84,0.88];[0.48,0.52];[1.16,1.20];[0.80,0.84];[1.76,1.80];[1.88,1.92];[0.16,0.20]","prereg"
"52a73d79869ceae8c93140e3","[1.60,1.80];[0.80,1.00];[0.00,0.20];[0.60,0.80];[1.00,1.20];[0.20,0.40];[1.80,2.00];[2.00,0.00];[1.20,1.40];[0.40,0.60];[1.40,1.60]","prereg"
"40bfd136fddafca5c8afe754","[0.00,0.20];[1.60,1.80];[1.80,2.00];[0.20,0.40];[1.20,1.40];[0.40,0.60];[1.40,1.60];[2.00,0.00];[0.80,1.00];[1.00,1.20];[0.60,0.80]","prereg"
"ac2ca5a8ee98771e05fcce09","[1.80,2.00];[1.60,1.80];[1.20,1.40];[0.00,0.20];[0.40,0.60];[0.60,0.80];[0.80,1.00];[0.20,0.40];[2.00,0.00];[1.00,1.20];[1.40,1.60]","prereg"
"c7bf58e3cc70fbbe590fb0d7","[1.40,1.60];[0.80,1.00];[0.20,0.40];[0.00,0.20];[1.80,2.00];[1.60,1.80];[1.00,1.20];[0.60,0.80];[1.20,1.40];[2.00,0.00];[0.40,0.60]","prereg"
"d7d16f6ce1fe6bacf15895a6","[1.16,1.20];[0.04,0.08];[1.12,1.16];[0.88,0.92];[1.04,1.08];[1.92,1.96];[1.00,1.04];[0.08,0.12];[0.56,0.60];[0.64,0.68];[0.16,0.20];[1.28,1.32];[1.84,1.88];[0.80,0.84];[1.60,1.64];[1.20,1.24];[1.40,1.44];[0.96,1.00];[0.60,0.64];[0.52,0.56];[0.48,0.52];[1.24,1.28];[1.64,1.68];[0.36,0.40];[1.72,1.76];[1.96,2.00];[1.48,1.52];[1.88,1.92];[0.68,0.72];[0.24,0.28];[0.72,0.76];[1.08,1.12];[1.52,1.56];[0.76,0.80];[1.56,1.60];[1.36,1.40];[1.76,1.80];[1.44,1.48];[0.40,0.44];[0.00,0.04];[2.00,0.00];[0.28,0.32];[0.84,0.88];[0.92,0.96];[0.32,0.36];[1.68,1.72];[1.80,1.84];[1.32,1.36];[0.12,0.16];[0.44,0.48];[0.20,0.24]","prereg"
"f4d67cad5f3dd188a0f120b7","[0.60,0.80];[1.00,1.20];[1.20,1.40];[2.00,0.00];[1.40,1.60];[0.00,0.20];[0.40,0.60];[1.60,1.80];[0.20,0.40];[0.80,1.00];[1.80,2.00]","prereg"
"be1b358373180d4b4675b755","[0.16,0.20];[0.60,0.64];[1.48,1.52];[0.40,0.44];[1.44,1.48];[1.84,1.88];[2.00,0.00];[1.36,1.40];[0.48,0.52];[0.32,0.36];[1.76,1.80];[0.36,0.40];[0.24,0.28];[1.72,1.76];[0.80,0.84];[0.56,0.60];[0.28,0.32];[1.40,1.44];[1.52,1.56];[1.68,1.72];[1.20,1.24];[0.44,0.48];[1.04,1.08];[1.32,1.36];[0.12,0.16];[1.80,1.84];[1.12,1.16];[0.52,0.56];[1.56,1.60];[0.92,0.96];[0.20,0.24];[0.04,0.08];[0.00,0.04];[1.92,1.96];[1.88,1.92];[1.60,1.64];[0.64,0.68];[0.76,0.80];[1.64,1.68];[0.08,0.12];[0.72,0.76];[1.28,1.32];[1.24,1.28];[0.68,0.72];[0.84,0.88];[1.16,1.20];[0.88,0.92];[1.08,1.12];[1.96,2.00];[1.00,1.04];[0.96,1.00]","prereg"
"8121351ab14ec9995451997a","[1.80,2.00];[1.40,1.60];[2.00,0.00];[1.20,1.40];[0.20,0.40];[0.40,0.60];[1.00,1.20];[1.60,1.80];[0.80,1.00];[0.00,0.20];[0.60,0.80]","prereg"
"4b6e548f909dd13af8124e9d","[1.88,1.92];[0.28,0.32];[1.04,1.08];[1.28,1.32];[1.52,1.56];[1.64,1.68];[0.32,0.36];[1.84,1.88];[0.08,0.12];[1.16,1.20];[0.64,0.68];[0.44,0.48];[1.56,1.60];[0.40,0.44];[1.48,1.52];[0.52,0.56];[0.96,1.00];[0.36,0.40];[1.32,1.36];[1.60,1.64];[1.68,1.72];[1.24,1.28];[0.20,0.24];[0.00,0.04];[1.92,1.96];[0.24,0.28];[0.76,0.80];[0.60,0.64];[1.36,1.40];[1.76,1.80];[1.72,1.76];[0.84,0.88];[1.12,1.16];[0.72,0.76];[0.88,0.92];[1.96,2.00];[0.80,0.84];[0.12,0.16];[0.48,0.52];[1.20,1.24];[1.44,1.48];[1.00,1.04];[1.40,1.44];[0.56,0.60];[0.16,0.20];[1.80,1.84];[0.92,0.96];[0.04,0.08];[0.68,0.72];[2.00,0.00];[1.08,1.12]","prereg"
"de0ca9b36ada262b42d0a9f5","[0.72,0.76];[1.32,1.36];[0.24,0.28];[1.80,1.84];[0.68,0.72];[1.68,1.72];[1.08,1.12];[1.40,1.44];[0.52,0.56];[0.16,0.20];[0.28,0.32];[0.40,0.44];[0.08,0.12];[1.12,1.16];[1.64,1.68];[0.00,0.04];[1.24,1.28];[1.36,1.40];[1.96,2.00];[1.00,1.04];[1.28,1.32];[1.88,1.92];[0.84,0.88];[0.64,0.68];[1.44,1.48];[0.32,0.36];[0.12,0.16];[0.48,0.52];[0.56,0.60];[0.20,0.24];[0.80,0.84];[0.60,0.64];[1.56,1.60];[0.36,0.40];[1.76,1.80];[0.88,0.92];[1.92,1.96];[0.96,1.00];[2.00,0.00];[1.48,1.52];[0.44,0.48];[1.72,1.76];[1.20,1.24];[1.04,1.08];[1.16,1.20];[1.60,1.64];[0.76,0.80];[1.52,1.56];[0.92,0.96];[0.04,0.08];[1.84,1.88]","prereg"
"5a734650bb5ad682378e3d2c","[1.44,1.48];[0.28,0.32];[0.16,0.20];[0.08,0.12];[1.92,1.96];[0.24,0.28];[0.04,0.08];[1.52,1.56];[1.16,1.20];[1.88,1.92];[0.20,0.24];[0.36,0.40];[1.24,1.28];[0.96,1.00];[1.00,1.04];[1.60,1.64];[0.00,0.04];[1.28,1.32];[1.12,1.16];[1.76,1.80];[0.84,0.88];[0.44,0.48];[0.40,0.44];[0.92,0.96];[1.36,1.40];[1.56,1.60];[0.32,0.36];[1.68,1.72];[0.68,0.72];[0.60,0.64];[1.20,1.24];[0.72,0.76];[0.76,0.80];[0.64,0.68];[1.04,1.08];[2.00,0.00];[0.88,0.92];[1.96,2.00];[1.48,1.52];[0.80,0.84];[1.32,1.36];[0.56,0.60];[0.12,0.16];[1.84,1.88];[0.48,0.52];[1.64,1.68];[1.08,1.12];[1.40,1.44];[1.72,1.76];[1.80,1.84];[0.52,0.56]","prereg"
"360eaf80632988f4fe655ba8","[1.48,1.52];[1.56,1.60];[1.12,1.16];[1.32,1.36];[1.40,1.44];[0.08,0.12];[1.92,1.96];[0.20,0.24];[0.00,0.04];[1.00,1.04];[1.76,1.80];[0.44,0.48];[0.60,0.64];[1.84,1.88];[0.04,0.08];[0.28,0.32];[1.96,2.00];[0.40,0.44];[0.72,0.76];[0.36,0.40];[0.56,0.60];[1.04,1.08];[1.52,1.56];[0.16,0.20];[1.64,1.68];[0.80,0.84];[1.08,1.12];[0.64,0.68];[1.88,1.92];[1.44,1.48];[1.80,1.84];[0.52,0.56];[1.16,1.20];[0.76,0.80];[1.72,1.76];[0.48,0.52];[0.84,0.88];[0.12,0.16];[2.00,0.00];[1.68,1.72];[0.32,0.36];[1.60,1.64];[0.68,0.72];[0.24,0.28];[0.88,0.92];[1.20,1.24];[1.28,1.32];[0.92,0.96];[0.96,1.00];[1.36,1.40];[1.24,1.28]","prereg"
"","[0.00,0.20];[1.60,1.80];[1.00,1.20];[0.40,0.60];[0.80,1.00];[1.20,1.40];[1.40,1.60];[1.80,2.00];[0.60,0.80];[0.20,0.40];[2.00,0.00]","prereg"
"5c5ba186a41579ad56bd8c86","[2.00,0.00];[1.40,1.60];[1.60,1.80];[1.00,1.20];[0.00,0.20];[0.80,1.00];[0.60,0.80];[0.40,0.60];[1.80,2.00];[1.20,1.40];[0.20,0.40]","prereg"
"204a4a8432e4bd1fa47767ea","[1.60,1.80];[0.80,1.00];[1.40,1.60];[0.00,0.20];[1.20,1.40];[0.40,0.60];[1.00,1.20];[1.80,2.00];[2.00,0.00];[0.20,0.40];[0.60,0.80]","prereg"
"bcdae254127eb2d4da6830cb","[0.08,0.12];[0.48,0.52];[0.72,0.76];[1.88,1.92];[1.16,1.20];[0.20,0.24];[0.44,0.48];[0.04,0.08];[1.80,1.84];[0.12,0.16];[0.16,0.20];[1.24,1.28];[0.64,0.68];[2.00,0.00];[1.28,1.32];[0.00,0.04];[0.56,0.60];[1.76,1.80];[1.84,1.88];[1.12,1.16];[1.64,1.68];[1.68,1.72];[0.92,0.96];[0.24,0.28];[0.68,0.72];[1.52,1.56];[1.48,1.52];[0.40,0.44];[1.92,1.96];[0.80,0.84];[0.84,0.88];[1.96,2.00];[0.52,0.56];[0.88,0.92];[0.96,1.00];[1.32,1.36];[1.00,1.04];[1.44,1.48];[1.40,1.44];[1.20,1.24];[0.60,0.64];[1.04,1.08];[1.36,1.40];[0.28,0.32];[0.76,0.80];[1.72,1.76];[1.60,1.64];[0.36,0.40];[0.32,0.36];[1.08,1.12];[1.56,1.60]","prereg"
"c6e8a124869ba778e62ede97","[1.80,2.00];[1.60,1.80];[1.00,1.20];[1.20,1.40];[0.80,1.00];[2.00,0.00];[0.40,0.60];[1.40,1.60];[0.60,0.80];[0.20,0.40];[0.00,0.20]","prereg"
"","[1.40,1.60];[1.60,1.80];[0.40,0.60];[1.00,1.20];[2.00,0.00];[0.20,0.40];[1.80,2.00];[0.80,1.00];[0.00,0.20];[0.60,0.80];[1.20,1.40]","prereg"
"575a6a86284e9be75adfa60b","[1.12,1.16];[1.28,1.32];[0.84,0.88];[0.52,0.56];[0.96,1.00];[1.44,1.48];[1.52,1.56];[1.20,1.24];[1.88,1.92];[1.64,1.68];[0.24,0.28];[0.48,0.52];[0.32,0.36];[0.68,0.72];[1.04,1.08];[0.92,0.96];[1.48,1.52];[1.40,1.44];[1.84,1.88];[1.92,1.96];[0.56,0.60];[0.28,0.32];[1.16,1.20];[1.56,1.60];[0.60,0.64];[0.12,0.16];[1.72,1.76];[1.96,2.00];[1.24,1.28];[0.80,0.84];[1.68,1.72];[1.08,1.12];[2.00,0.00];[0.76,0.80];[1.36,1.40];[0.08,0.12];[0.88,0.92];[0.20,0.24];[0.00,0.04];[1.60,1.64];[0.36,0.40];[0.16,0.20];[0.04,0.08];[0.44,0.48];[1.76,1.80];[1.32,1.36];[1.00,1.04];[1.80,1.84];[0.40,0.44];[0.64,0.68];[0.72,0.76]","prereg"
"4da429c79ac821b051c85366","[1.68,1.72];[0.32,0.36];[1.56,1.60];[0.80,0.84];[0.52,0.56];[1.00,1.04];[0.28,0.32];[1.52,1.56];[0.36,0.40];[0.92,0.96];[0.04,0.08];[0.60,0.64];[2.00,0.00];[0.72,0.76];[0.08,0.12];[1.40,1.44];[1.28,1.32];[0.56,0.60];[0.48,0.52];[0.40,0.44];[0.24,0.28];[0.88,0.92];[0.76,0.80];[1.76,1.80];[1.88,1.92];[1.44,1.48];[0.00,0.04];[1.32,1.36];[1.36,1.40];[1.48,1.52];[1.60,1.64];[1.04,1.08];[0.12,0.16];[0.20,0.24];[0.44,0.48];[1.64,1.68];[1.24,1.28];[0.16,0.20];[1.84,1.88];[1.20,1.24];[1.80,1.84];[1.72,1.76];[1.92,1.96];[0.68,0.72];[0.96,1.00];[0.64,0.68];[1.96,2.00];[1.16,1.20];[0.84,0.88];[1.12,1.16];[1.08,1.12]","prereg"
"7563bc7a37313cf1f6d9f332","[1.88,1.92];[1.96,2.00];[1.20,1.24];[1.08,1.12];[1.68,1.72];[0.12,0.16];[0.76,0.80];[1.16,1.20];[1.84,1.88];[1.56,1.60];[0.92,0.96];[1.76,1.80];[1.12,1.16];[1.40,1.44];[0.24,0.28];[0.16,0.20];[0.52,0.56];[1.60,1.64];[0.08,0.12];[0.40,0.44];[1.48,1.52];[1.00,1.04];[1.04,1.08];[1.80,1.84];[0.84,0.88];[1.52,1.56];[2.00,0.00];[0.64,0.68];[1.24,1.28];[0.60,0.64];[1.28,1.32];[0.48,0.52];[1.32,1.36];[0.44,0.48];[0.72,0.76];[0.28,0.32];[0.00,0.04];[0.96,1.00];[1.64,1.68];[0.68,0.72];[0.56,0.60];[1.92,1.96];[0.04,0.08];[0.32,0.36];[0.36,0.40];[0.80,0.84];[0.88,0.92];[1.44,1.48];[1.72,1.76];[1.36,1.40];[0.20,0.24]","prereg"
"54cd68e20155f588ee9c38e7","[0.60,0.80];[1.60,1.80];[1.00,1.20];[0.20,0.40];[1.80,2.00];[0.80,1.00];[1.20,1.40];[2.00,0.00];[1.40,1.60];[0.40,0.60];[0.00,0.20]","prereg"
"e0d5a469b16f600a5d7476b1","[1.36,1.40];[0.64,0.68];[1.60,1.64];[1.80,1.84];[1.44,1.48];[0.08,0.12];[0.28,0.32];[1.76,1.80];[1.68,1.72];[1.56,1.60];[1.92,1.96];[1.84,1.88];[0.36,0.40];[0.04,0.08];[1.96,2.00];[0.84,0.88];[1.16,1.20];[0.92,0.96];[0.68,0.72];[1.24,1.28];[0.88,0.92];[0.72,0.76];[0.12,0.16];[1.88,1.92];[0.32,0.36];[0.52,0.56];[1.32,1.36];[1.08,1.12];[1.48,1.52];[0.76,0.80];[2.00,0.00];[1.72,1.76];[0.48,0.52];[0.16,0.20];[0.56,0.60];[1.52,1.56];[0.00,0.04];[0.40,0.44];[0.60,0.64];[1.64,1.68];[1.28,1.32];[1.04,1.08];[0.80,0.84];[1.20,1.24];[0.96,1.00];[1.00,1.04];[0.20,0.24];[0.24,0.28];[0.44,0.48];[1.40,1.44];[1.12,1.16]","prereg"
"d3d2f8a55f8ef6eeed91aabf","[2.00,0.00];[0.60,0.80];[1.40,1.60];[1.80,2.00];[0.00,0.20];[0.20,0.40];[1.20,1.40];[1.00,1.20];[0.80,1.00];[1.60,1.80];[0.40,0.60]","prereg"
"19e3014d6d70e1cd9d9e3364","[1.40,1.60];[0.60,0.80];[0.40,0.60];[1.00,1.20];[1.60,1.80];[0.20,0.40];[1.80,2.00];[1.20,1.40];[2.00,0.00];[0.00,0.20];[0.80,1.00]","prereg"
"07049c7a9d831703e9c6dcb6","[0.84,0.88];[0.44,0.48];[1.72,1.76];[1.56,1.60];[0.00,0.04];[0.28,0.32];[1.96,2.00];[1.52,1.56];[1.12,1.16];[1.20,1.24];[1.24,1.28];[0.32,0.36];[0.36,0.40];[0.52,0.56];[0.88,0.92];[0.56,0.60];[1.28,1.32];[0.72,0.76];[0.48,0.52];[0.08,0.12];[1.68,1.72];[1.04,1.08];[0.04,0.08];[1.60,1.64];[2.00,0.00];[1.64,1.68];[1.44,1.48];[1.36,1.40];[1.76,1.80];[1.48,1.52];[1.88,1.92];[0.12,0.16];[1.08,1.12];[0.76,0.80];[0.16,0.20];[1.00,1.04];[0.80,0.84];[1.32,1.36];[0.92,0.96];[1.92,1.96];[0.24,0.28];[0.20,0.24];[1.80,1.84];[0.96,1.00];[1.40,1.44];[1.16,1.20];[0.60,0.64];[1.84,1.88];[0.40,0.44];[0.68,0.72];[0.64,0.68]","prereg"
"","[1.60,1.64];[1.00,1.04];[1.72,1.76];[1.56,1.60];[0.64,0.68];[0.24,0.28];[1.80,1.84];[0.36,0.40];[0.96,1.00];[0.20,0.24];[2.00,0.00];[0.44,0.48];[1.92,1.96];[0.40,0.44];[0.72,0.76];[0.80,0.84];[1.04,1.08];[0.04,0.08];[0.32,0.36];[0.56,0.60];[0.48,0.52];[1.12,1.16];[0.16,0.20];[1.52,1.56];[0.52,0.56];[0.08,0.12];[0.60,0.64];[1.96,2.00];[1.40,1.44];[1.68,1.72];[1.64,1.68];[1.16,1.20];[1.08,1.12];[0.00,0.04];[0.12,0.16];[1.36,1.40];[0.68,0.72];[1.44,1.48];[1.48,1.52];[0.88,0.92];[0.92,0.96];[1.28,1.32];[0.76,0.80];[1.20,1.24];[0.84,0.88];[1.84,1.88];[1.24,1.28];[1.88,1.92];[1.76,1.80];[1.32,1.36];[0.28,0.32]","prereg"
"40117b5fc9e97c2ed700132e","[0.00,0.04];[1.12,1.16];[0.68,0.72];[0.88,0.92];[1.96,2.00];[0.44,0.48];[1.72,1.76];[1.64,1.68];[1.32,1.36];[0.20,0.24];[1.24,1.28];[1.08,1.12];[0.36,0.40];[1.92,1.96];[0.96,1.00];[0.72,0.76];[0.04,0.08];[0.08,0.12];[0.60,0.64];[1.60,1.64];[0.52,0.56];[0.76,0.80];[1.88,1.92];[1.76,1.80];[1.80,1.84];[2.00,0.00];[1.48,1.52];[0.80,0.84];[1.84,1.88];[0.48,0.52];[0.64,0.68];[0.12,0.16];[1.40,1.44];[1.20,1.24];[0.32,0.36];[0.16,0.20];[1.04,1.08];[1.56,1.60];[1.16,1.20];[1.44,1.48];[1.28,1.32];[0.56,0.60];[1.36,1.40];[0.28,0.32];[1.52,1.56];[0.24,0.28];[1.68,1.72];[0.40,0.44];[0.84,0.88];[0.92,0.96];[1.00,1.04]","prereg"
"","[1.80,2.00];[0.40,0.60];[1.00,1.20];[1.60,1.80];[0.00,0.20];[1.40,1.60];[1.20,1.40];[2.00,0.00];[0.60,0.80];[0.80,1.00];[0.20,0.40]","prereg"
"3084e969fc497e53f93d1cd6","[2.00,0.00];[1.60,1.80];[1.80,2.00];[1.00,1.20];[0.00,0.20];[1.20,1.40];[0.40,0.60];[0.60,0.80];[1.40,1.60];[0.80,1.00];[0.20,0.40]","prereg"
"f5e0f187549ffd653d0e9408","[0.80,0.84];[0.32,0.36];[1.96,2.00];[1.64,1.68];[1.00,1.04];[0.12,0.16];[0.76,0.80];[0.60,0.64];[0.72,0.76];[0.24,0.28];[1.60,1.64];[1.04,1.08];[0.16,0.20];[0.56,0.60];[1.16,1.20];[1.92,1.96];[1.08,1.12];[0.92,0.96];[0.96,1.00];[0.68,0.72];[1.48,1.52];[0.44,0.48];[1.28,1.32];[1.56,1.60];[1.12,1.16];[0.20,0.24];[0.52,0.56];[1.76,1.80];[1.44,1.48];[0.88,0.92];[1.36,1.40];[0.84,0.88];[1.84,1.88];[0.04,0.08];[1.72,1.76];[1.32,1.36];[0.36,0.40];[0.28,0.32];[2.00,0.00];[1.88,1.92];[0.08,0.12];[0.48,0.52];[0.40,0.44];[0.00,0.04];[1.40,1.44];[1.80,1.84];[1.68,1.72];[1.52,1.56];[1.24,1.28];[0.64,0.68];[1.20,1.24]","prereg"
"327dbf14fc3f276de8ce5503","[1.56,1.60];[1.60,1.64];[1.28,1.32];[1.72,1.76];[0.16,0.20];[0.36,0.40];[1.08,1.12];[0.64,0.68];[0.96,1.00];[0.12,0.16];[0.72,0.76];[0.52,0.56];[0.24,0.28];[0.76,0.80];[0.28,0.32];[0.08,0.12];[0.40,0.44];[1.88,1.92];[1.36,1.40];[0.88,0.92];[0.44,0.48];[0.48,0.52];[1.44,1.48];[1.12,1.16];[0.68,0.72];[1.32,1.36];[1.16,1.20];[1.40,1.44];[1.80,1.84];[0.80,0.84];[1.64,1.68];[0.84,0.88];[0.04,0.08];[0.20,0.24];[0.32,0.36];[1.48,1.52];[1.76,1.80];[1.24,1.28];[1.52,1.56];[1.04,1.08];[1.68,1.72];[0.60,0.64];[1.00,1.04];[1.20,1.24];[1.84,1.88];[1.96,2.00];[0.00,0.04];[2.00,0.00];[0.56,0.60];[1.92,1.96];[0.92,0.96]","prereg"
"","[0.80,1.00];[0.20,0.40];[0.00,0.20];[1.00,1.20];[1.80,2.00];[1.20,1.40];[0.60,0.80];[1.60,1.80];[1.40,1.60];[0.40,0.60];[2.00,0.00]","prereg"
"46a83e0d4154c95f0b829398","[2.00,0.00];[1.60,1.80];[1.80,2.00];[0.80,1.00];[0.20,0.40];[0.00,0.20];[1.00,1.20];[1.40,1.60];[0.40,0.60];[1.20,1.40];[0.60,0.80]","prereg"
"7b3570f7f10f898f13dc7b57","[1.20,1.40];[1.40,1.60];[1.80,2.00];[0.00,0.20];[0.40,0.60];[0.60,0.80];[2.00,0.00];[0.80,1.00];[1.00,1.20];[0.20,0.40];[1.60,1.80]","prereg"
"65fd32f6166e5bcab55bcbc5","[0.24,0.28];[1.12,1.16];[0.76,0.80];[1.28,1.32];[1.56,1.60];[0.88,0.92];[0.52,0.56];[1.68,1.72];[0.92,0.96];[0.40,0.44];[1.96,2.00];[1.84,1.88];[1.24,1.28];[1.04,1.08];[0.16,0.20];[1.44,1.48];[1.92,1.96];[0.80,0.84];[0.36,0.40];[1.88,1.92];[2.00,0.00];[1.80,1.84];[0.04,0.08];[1.00,1.04];[1.20,1.24];[0.00,0.04];[1.72,1.76];[0.28,0.32];[1.48,1.52];[0.12,0.16];[0.72,0.76];[0.48,0.52];[0.56,0.60];[0.68,0.72];[1.60,1.64];[1.76,1.80];[0.64,0.68];[1.08,1.12];[0.44,0.48];[1.52,1.56];[0.60,0.64];[0.32,0.36];[0.20,0.24];[1.64,1.68];[0.08,0.12];[1.36,1.40];[1.40,1.44];[0.84,0.88];[1.16,1.20];[0.96,1.00];[1.32,1.36]","prereg"
"ba4b983885850e0ceb2d4a44","[1.60,1.80];[1.00,1.20];[0.40,0.60];[0.20,0.40];[1.40,1.60];[1.20,1.40];[0.60,0.80];[1.80,2.00];[0.80,1.00];[2.00,0.00];[0.00,0.20]","prereg"
"19804964d6463747354fd078","[1.76,1.80];[0.76,0.80];[0.12,0.16];[0.36,0.40];[0.32,0.36];[0.80,0.84];[0.64,0.68];[0.88,0.92];[1.72,1.76];[0.08,0.12];[1.08,1.12];[0.00,0.04];[1.88,1.92];[0.68,0.72];[1.24,1.28];[1.84,1.88];[1.36,1.40];[1.20,1.24];[0.84,0.88];[0.16,0.20];[0.92,0.96];[1.28,1.32];[0.04,0.08];[1.32,1.36];[1.48,1.52];[1.80,1.84];[1.64,1.68];[1.60,1.64];[1.52,1.56];[1.40,1.44];[1.92,1.96];[1.16,1.20];[0.20,0.24];[0.48,0.52];[0.28,0.32];[0.40,0.44];[1.56,1.60];[1.44,1.48];[0.56,0.60];[1.00,1.04];[0.96,1.00];[0.72,0.76];[1.96,2.00];[0.24,0.28];[0.60,0.64];[1.68,1.72];[1.04,1.08];[1.12,1.16];[2.00,0.00];[0.44,0.48];[0.52,0.56]","prereg"
"54dfb750584dec786d1e176e","[0.80,1.00];[1.60,1.80];[1.80,2.00];[1.40,1.60];[1.00,1.20];[0.00,0.20];[2.00,0.00];[0.60,0.80];[1.20,1.40];[0.40,0.60];[0.20,0.40]","prereg"
"e58590ee85b5fb8ebfd1ab37","[1.80,2.00];[0.40,0.60];[1.60,1.80];[0.60,0.80];[1.20,1.40];[2.00,0.00];[0.80,1.00];[0.00,0.20];[0.20,0.40];[1.40,1.60];[1.00,1.20]","prereg"
"d6ef9ed40ae0488b69df94df","[0.00,0.20];[0.40,0.60];[1.60,1.80];[0.80,1.00];[0.60,0.80];[1.00,1.20];[1.80,2.00];[1.40,1.60];[2.00,0.00];[0.20,0.40];[1.20,1.40]","prereg"
"dd496c54e8d12ec3bd97298b","[0.24,0.28];[1.88,1.92];[0.12,0.16];[1.56,1.60];[0.92,0.96];[0.48,0.52];[1.48,1.52];[0.88,0.92];[0.20,0.24];[1.84,1.88];[1.92,1.96];[1.96,2.00];[0.68,0.72];[0.08,0.12];[0.44,0.48];[1.28,1.32];[1.12,1.16];[1.80,1.84];[1.76,1.80];[0.84,0.88];[0.76,0.80];[0.00,0.04];[0.36,0.40];[1.52,1.56];[0.52,0.56];[1.16,1.20];[1.40,1.44];[1.04,1.08];[0.64,0.68];[2.00,0.00];[1.64,1.68];[1.24,1.28];[1.08,1.12];[0.72,0.76];[0.60,0.64];[0.80,0.84];[0.32,0.36];[1.32,1.36];[1.72,1.76];[0.28,0.32];[0.04,0.08];[0.56,0.60];[1.00,1.04];[0.16,0.20];[1.68,1.72];[1.60,1.64];[0.96,1.00];[1.20,1.24];[1.36,1.40];[1.44,1.48];[0.40,0.44]","prereg"
"","[1.96,2.00];[1.72,1.76];[1.32,1.36];[0.36,0.40];[1.52,1.56];[0.88,0.92];[1.60,1.64];[0.60,0.64];[1.80,1.84];[0.76,0.80];[1.76,1.80];[1.56,1.60];[1.16,1.20];[1.40,1.44];[0.48,0.52];[1.68,1.72];[0.84,0.88];[1.88,1.92];[0.40,0.44];[0.96,1.00];[0.32,0.36];[0.04,0.08];[0.44,0.48];[1.20,1.24];[1.48,1.52];[0.08,0.12];[1.24,1.28];[0.52,0.56];[0.00,0.04];[1.44,1.48];[0.92,0.96];[0.20,0.24];[1.12,1.16];[0.28,0.32];[2.00,0.00];[1.92,1.96];[0.80,0.84];[1.64,1.68];[1.84,1.88];[1.28,1.32];[0.72,0.76];[1.00,1.04];[1.08,1.12];[0.12,0.16];[1.04,1.08];[1.36,1.40];[0.68,0.72];[0.24,0.28];[0.56,0.60];[0.64,0.68];[0.16,0.20]","prereg"
"e7f3a3d346b6dcdf7c5773f6","[0.40,0.60];[1.40,1.60];[0.00,0.20];[2.00,0.00];[0.80,1.00];[1.80,2.00];[0.20,0.40];[1.00,1.20];[0.60,0.80];[1.60,1.80];[1.20,1.40]","prereg"
"b40b6572251b2aed827797e3","[1.40,1.44];[1.48,1.52];[1.60,1.64];[1.12,1.16];[0.12,0.16];[0.92,0.96];[0.52,0.56];[0.56,0.60];[0.28,0.32];[0.88,0.92];[1.64,1.68];[0.40,0.44];[0.80,0.84];[0.20,0.24];[0.04,0.08];[0.16,0.20];[0.72,0.76];[1.04,1.08];[1.00,1.04];[0.08,0.12];[1.56,1.60];[1.80,1.84];[0.76,0.80];[1.28,1.32];[1.84,1.88];[0.84,0.88];[0.68,0.72];[1.96,2.00];[0.00,0.04];[1.92,1.96];[1.08,1.12];[1.68,1.72];[0.48,0.52];[0.96,1.00];[1.88,1.92];[0.60,0.64];[1.32,1.36];[1.20,1.24];[1.36,1.40];[1.44,1.48];[1.76,1.80];[2.00,0.00];[0.44,0.48];[1.72,1.76];[0.32,0.36];[1.24,1.28];[1.16,1.20];[0.24,0.28];[0.64,0.68];[0.36,0.40];[1.52,1.56]","prereg"
"de5ff063a1d9e7e42a551692","[2.00,0.00];[1.40,1.60];[1.00,1.20];[0.40,0.60];[1.80,2.00];[0.00,0.20];[1.60,1.80];[1.20,1.40];[0.80,1.00];[0.20,0.40];[0.60,0.80]","prereg"
"31cca81e61f770d3e10f0351","[0.00,0.20];[0.20,0.40];[2.00,0.00];[1.40,1.60];[1.00,1.20];[0.60,0.80];[1.60,1.80];[1.80,2.00];[0.40,0.60];[0.80,1.00];[1.20,1.40]","prereg"
"c56279e291002ca09a4b4e30","[0.16,0.20];[1.44,1.48];[1.20,1.24];[1.48,1.52];[1.36,1.40];[1.28,1.32];[0.24,0.28];[0.40,0.44];[1.72,1.76];[1.32,1.36];[0.64,0.68];[1.92,1.96];[0.52,0.56];[0.20,0.24];[1.60,1.64];[0.96,1.00];[0.44,0.48];[2.00,0.00];[0.76,0.80];[0.48,0.52];[1.24,1.28];[1.56,1.60];[0.80,0.84];[0.84,0.88];[1.08,1.12];[1.96,2.00];[1.12,1.16];[1.04,1.08];[1.52,1.56];[0.04,0.08];[1.16,1.20];[0.28,0.32];[0.36,0.40];[0.08,0.12];[1.64,1.68];[1.68,1.72];[0.88,0.92];[0.68,0.72];[1.00,1.04];[0.12,0.16];[0.92,0.96];[0.72,0.76];[0.60,0.64];[1.76,1.80];[1.80,1.84];[1.40,1.44];[0.00,0.04];[0.32,0.36];[0.56,0.60];[1.84,1.88];[1.88,1.92]","prereg"
"","[1.64,1.68];[1.12,1.16];[1.28,1.32];[0.00,0.04];[1.04,1.08];[1.00,1.04];[0.04,0.08];[0.68,0.72];[0.12,0.16];[0.36,0.40];[1.32,1.36];[1.56,1.60];[0.24,0.28];[1.92,1.96];[1.16,1.20];[0.64,0.68];[0.60,0.64];[0.56,0.60];[1.08,1.12];[1.68,1.72];[0.96,1.00];[0.92,0.96];[2.00,0.00];[1.20,1.24];[1.84,1.88];[1.40,1.44];[1.44,1.48];[0.08,0.12];[0.32,0.36];[1.24,1.28];[1.88,1.92];[0.52,0.56];[1.72,1.76];[1.48,1.52];[0.16,0.20];[1.52,1.56];[1.96,2.00];[0.80,0.84];[0.20,0.24];[0.72,0.76];[0.44,0.48];[0.40,0.44];[0.48,0.52];[1.76,1.80];[1.36,1.40];[0.76,0.80];[0.28,0.32];[0.88,0.92];[1.80,1.84];[0.84,0.88];[1.60,1.64]","prereg"
"c1c4793b9baf3bff50c457a2","[0.76,0.80];[0.08,0.12];[1.44,1.48];[1.16,1.20];[0.28,0.32];[1.92,1.96];[1.56,1.60];[1.04,1.08];[0.20,0.24];[1.68,1.72];[1.08,1.12];[0.24,0.28];[0.32,0.36];[1.76,1.80];[1.80,1.84];[0.00,0.04];[0.80,0.84];[1.72,1.76];[1.00,1.04];[0.88,0.92];[1.48,1.52];[0.12,0.16];[1.96,2.00];[1.64,1.68];[0.52,0.56];[1.36,1.40];[0.92,0.96];[1.20,1.24];[0.96,1.00];[1.32,1.36];[1.40,1.44];[1.60,1.64];[1.84,1.88];[1.52,1.56];[0.44,0.48];[1.28,1.32];[0.04,0.08];[0.48,0.52];[0.68,0.72];[0.40,0.44];[0.72,0.76];[1.12,1.16];[0.64,0.68];[0.60,0.64];[0.56,0.60];[0.36,0.40];[1.88,1.92];[0.84,0.88];[2.00,0.00];[0.16,0.20];[1.24,1.28]","prereg"
"","[0.76,0.80];[1.24,1.28];[0.60,0.64];[1.20,1.24];[1.72,1.76];[1.16,1.20];[0.12,0.16];[1.84,1.88];[1.44,1.48];[0.44,0.48];[2.00,0.00];[1.60,1.64];[0.84,0.88];[1.32,1.36];[1.12,1.16];[1.40,1.44];[1.68,1.72];[1.92,1.96];[0.88,0.92];[1.56,1.60];[0.40,0.44];[0.96,1.00];[0.64,0.68];[1.52,1.56];[1.00,1.04];[0.68,0.72];[1.08,1.12];[1.76,1.80];[0.04,0.08];[1.96,2.00];[0.52,0.56];[0.80,0.84];[1.36,1.40];[0.32,0.36];[0.08,0.12];[0.48,0.52];[0.92,0.96];[0.36,0.40];[0.72,0.76];[0.16,0.20];[0.24,0.28];[1.64,1.68];[1.88,1.92];[0.00,0.04];[1.48,1.52];[0.56,0.60];[1.80,1.84];[1.04,1.08];[0.28,0.32];[0.20,0.24];[1.28,1.32]","prereg"
"b1baac21b6e4b76d8b6c3f07","[1.80,2.00];[2.00,0.00];[0.40,0.60];[1.40,1.60];[0.00,0.20];[1.00,1.20];[1.60,1.80];[0.80,1.00];[0.60,0.80];[0.20,0.40];[1.20,1.40]","prereg"
"7c98478337747c04a485e225","[1.36,1.40];[0.80,0.84];[0.08,0.12];[0.32,0.36];[1.64,1.68];[0.48,0.52];[1.68,1.72];[0.24,0.28];[1.52,1.56];[0.36,0.40];[1.16,1.20];[1.84,1.88];[1.92,1.96];[0.04,0.08];[0.68,0.72];[1.72,1.76];[1.44,1.48];[1.28,1.32];[0.72,0.76];[0.40,0.44];[0.28,0.32];[1.00,1.04];[1.40,1.44];[1.60,1.64];[1.48,1.52];[1.04,1.08];[0.16,0.20];[0.92,0.96];[1.96,2.00];[0.20,0.24];[0.88,0.92];[0.00,0.04];[0.60,0.64];[1.56,1.60];[0.64,0.68];[0.52,0.56];[1.32,1.36];[1.08,1.12];[0.76,0.80];[1.80,1.84];[1.20,1.24];[0.56,0.60];[0.84,0.88];[1.76,1.80];[2.00,0.00];[1.12,1.16];[1.88,1.92];[1.24,1.28];[0.96,1.00];[0.12,0.16];[0.44,0.48]","prereg"
"","[1.60,1.80];[1.40,1.60];[1.20,1.40];[0.60,0.80];[0.40,0.60];[0.20,0.40];[1.80,2.00];[0.80,1.00];[0.00,0.20];[1.00,1.20];[2.00,0.00]","prereg"
"8606a7e4601cd0c67521f8ff","[1.80,2.00];[1.00,1.20];[0.60,0.80];[0.40,0.60];[0.00,0.20];[0.20,0.40];[0.80,1.00];[1.20,1.40];[1.40,1.60];[1.60,1.80];[2.00,0.00]","prereg"
"2640cc974705e31d77594f73","[0.08,0.12];[0.04,0.08];[0.36,0.40];[1.00,1.04];[1.40,1.44];[2.00,0.00];[0.12,0.16];[1.44,1.48];[1.84,1.88];[1.32,1.36];[1.52,1.56];[1.60,1.64];[0.84,0.88];[0.48,0.52];[0.00,0.04];[0.20,0.24];[0.40,0.44];[1.72,1.76];[0.60,0.64];[1.76,1.80];[1.24,1.28];[1.20,1.24];[0.76,0.80];[0.96,1.00];[0.56,0.60];[1.48,1.52];[0.44,0.48];[0.68,0.72];[0.24,0.28];[1.36,1.40];[1.56,1.60];[1.12,1.16];[1.88,1.92];[0.32,0.36];[1.04,1.08];[1.80,1.84];[0.64,0.68];[0.52,0.56];[0.80,0.84];[1.08,1.12];[0.92,0.96];[1.68,1.72];[1.96,2.00];[1.64,1.68];[0.88,0.92];[1.92,1.96];[1.16,1.20];[0.28,0.32];[0.72,0.76];[0.16,0.20];[1.28,1.32]","prereg"
"21c91e3530e9f2a863a00e58","[1.20,1.40];[1.00,1.20];[2.00,0.00];[0.20,0.40];[1.60,1.80];[0.00,0.20];[0.40,0.60];[1.80,2.00];[1.40,1.60];[0.60,0.80];[0.80,1.00]","prereg"
"","[1.72,1.76];[1.04,1.08];[0.56,0.60];[1.44,1.48];[0.52,0.56];[1.64,1.68];[0.32,0.36];[0.76,0.80];[1.28,1.32];[0.92,0.96];[0.84,0.88];[0.68,0.72];[1.40,1.44];[0.88,0.92];[1.88,1.92];[1.24,1.28];[1.32,1.36];[1.80,1.84];[1.36,1.40];[0.00,0.04];[0.40,0.44];[0.72,0.76];[1.16,1.20];[1.00,1.04];[0.48,0.52];[1.96,2.00];[1.60,1.64];[0.12,0.16];[0.44,0.48];[0.80,0.84];[0.24,0.28];[1.48,1.52];[1.56,1.60];[0.36,0.40];[0.08,0.12];[1.68,1.72];[1.84,1.88];[0.64,0.68];[0.60,0.64];[2.00,0.00];[1.52,1.56];[0.20,0.24];[1.20,1.24];[0.04,0.08];[1.76,1.80];[1.12,1.16];[0.16,0.20];[1.08,1.12];[0.96,1.00];[0.28,0.32];[1.92,1.96]","prereg"
"2f37862f9f58aaf5d3bfca3f","[1.40,1.60];[0.80,1.00];[1.00,1.20];[1.60,1.80];[1.20,1.40];[1.80,2.00];[0.20,0.40];[2.00,0.00];[0.60,0.80];[0.00,0.20];[0.40,0.60]","prereg"
"","[0.16,0.20];[0.64,0.68];[1.28,1.32];[1.64,1.68];[1.92,1.96];[1.52,1.56];[0.24,0.28];[1.88,1.92];[0.00,0.04];[0.92,0.96];[0.72,0.76];[0.60,0.64];[1.36,1.40];[0.12,0.16];[0.08,0.12];[1.08,1.12];[1.56,1.60];[1.44,1.48];[1.24,1.28];[0.80,0.84];[1.48,1.52];[0.28,0.32];[0.48,0.52];[1.20,1.24];[1.96,2.00];[1.68,1.72];[0.52,0.56];[1.76,1.80];[1.80,1.84];[0.76,0.80];[0.56,0.60];[1.84,1.88];[0.40,0.44];[1.32,1.36];[1.00,1.04];[1.40,1.44];[0.32,0.36];[0.84,0.88];[0.36,0.40];[2.00,0.00];[0.96,1.00];[1.72,1.76];[0.44,0.48];[0.20,0.24];[0.68,0.72];[1.16,1.20];[1.12,1.16];[0.04,0.08];[1.60,1.64];[0.88,0.92];[1.04,1.08]","prereg"
"01d32575b845719f936f929b","[0.20,0.40];[1.20,1.40];[0.40,0.60];[1.00,1.20];[0.60,0.80];[0.80,1.00];[0.00,0.20];[2.00,0.00];[1.80,2.00];[1.60,1.80];[1.40,1.60]","prereg"
"d38c8a80e7f949a2de85f7d4","[0.88,0.92];[0.52,0.56];[1.00,1.04];[0.68,0.72];[0.96,1.00];[1.80,1.84];[1.72,1.76];[1.88,1.92];[1.04,1.08];[0.16,0.20];[1.84,1.88];[0.48,0.52];[1.48,1.52];[0.84,0.88];[1.52,1.56];[0.80,0.84];[0.32,0.36];[0.92,0.96];[1.36,1.40];[1.60,1.64];[1.40,1.44];[1.20,1.24];[0.76,0.80];[0.24,0.28];[1.96,2.00];[0.04,0.08];[1.44,1.48];[0.00,0.04];[1.32,1.36];[1.24,1.28];[1.56,1.60];[1.76,1.80];[0.40,0.44];[1.92,1.96];[0.56,0.60];[1.68,1.72];[1.08,1.12];[2.00,0.00];[0.64,0.68];[1.28,1.32];[0.36,0.40];[1.12,1.16];[0.44,0.48];[0.20,0.24];[0.60,0.64];[1.16,1.20];[0.12,0.16];[0.72,0.76];[0.08,0.12];[1.64,1.68];[0.28,0.32]","prereg"
"5a6af92785df6cf8fdbdd59b","[0.20,0.24];[0.88,0.92];[0.60,0.64];[1.08,1.12];[0.28,0.32];[0.08,0.12];[0.56,0.60];[0.80,0.84];[0.64,0.68];[1.56,1.60];[1.88,1.92];[1.44,1.48];[0.96,1.00];[1.24,1.28];[0.04,0.08];[1.84,1.88];[1.12,1.16];[1.52,1.56];[1.16,1.20];[0.36,0.40];[1.96,2.00];[1.92,1.96];[1.04,1.08];[0.92,0.96];[0.48,0.52];[1.20,1.24];[0.32,0.36];[1.72,1.76];[1.00,1.04];[0.84,0.88];[0.44,0.48];[1.48,1.52];[1.40,1.44];[0.24,0.28];[0.00,0.04];[1.60,1.64];[2.00,0.00];[0.68,0.72];[0.72,0.76];[0.76,0.80];[1.32,1.36];[1.80,1.84];[1.76,1.80];[0.12,0.16];[1.68,1.72];[0.40,0.44];[0.16,0.20];[1.28,1.32];[0.52,0.56];[1.36,1.40];[1.64,1.68]","prereg"
"af7a4f35c3e8ef2d5f947aec","[0.40,0.60];[1.20,1.40];[1.00,1.20];[0.00,0.20];[1.40,1.60];[0.80,1.00];[2.00,0.00];[0.20,0.40];[0.60,0.80];[1.60,1.80];[1.80,2.00]","prereg"
"4bcbda08c2622ab4b63f5640","[0.20,0.24];[1.20,1.24];[1.56,1.60];[1.60,1.64];[0.96,1.00];[1.80,1.84];[1.32,1.36];[0.36,0.40];[1.44,1.48];[1.00,1.04];[1.52,1.56];[0.24,0.28];[1.64,1.68];[0.64,0.68];[1.68,1.72];[2.00,0.00];[1.84,1.88];[0.32,0.36];[0.56,0.60];[1.76,1.80];[0.04,0.08];[0.28,0.32];[1.40,1.44];[1.36,1.40];[0.12,0.16];[1.24,1.28];[1.88,1.92];[1.96,2.00];[0.72,0.76];[1.16,1.20];[0.40,0.44];[0.52,0.56];[0.44,0.48];[0.48,0.52];[1.12,1.16];[0.76,0.80];[0.92,0.96];[1.04,1.08];[0.00,0.04];[1.48,1.52];[0.08,0.12];[0.60,0.64];[0.16,0.20];[0.84,0.88];[1.72,1.76];[1.28,1.32];[1.08,1.12];[1.92,1.96];[0.88,0.92];[0.80,0.84];[0.68,0.72]","prereg"
"83d1204c8019a3d877c34898","[1.60,1.80];[0.80,1.00];[1.00,1.20];[0.60,0.80];[1.80,2.00];[0.20,0.40];[0.40,0.60];[1.20,1.40];[2.00,0.00];[0.00,0.20];[1.40,1.60]","prereg"
"a793c1bf9eff725f199a215a","[1.40,1.44];[0.12,0.16];[1.56,1.60];[1.68,1.72];[0.04,0.08];[0.40,0.44];[1.72,1.76];[1.12,1.16];[0.76,0.80];[0.08,0.12];[0.16,0.20];[0.72,0.76];[0.44,0.48];[0.56,0.60];[1.92,1.96];[1.64,1.68];[0.52,0.56];[1.96,2.00];[0.48,0.52];[0.92,0.96];[0.64,0.68];[0.00,0.04];[1.48,1.52];[1.88,1.92];[0.68,0.72];[1.80,1.84];[1.36,1.40];[1.44,1.48];[0.20,0.24];[1.28,1.32];[1.16,1.20];[1.52,1.56];[1.32,1.36];[1.08,1.12];[0.32,0.36];[0.96,1.00];[0.80,0.84];[0.28,0.32];[1.04,1.08];[0.84,0.88];[1.60,1.64];[1.76,1.80];[1.24,1.28];[0.88,0.92];[1.20,1.24];[1.00,1.04];[0.36,0.40];[2.00,0.00];[0.24,0.28];[1.84,1.88];[0.60,0.64]","prereg"
"272fd7dd609c3f2a594e6989","[0.68,0.72];[0.04,0.08];[1.04,1.08];[0.40,0.44];[1.16,1.20];[0.56,0.60];[2.00,0.00];[1.28,1.32];[0.16,0.20];[0.24,0.28];[0.60,0.64];[1.12,1.16];[1.32,1.36];[0.72,0.76];[1.52,1.56];[1.48,1.52];[1.40,1.44];[1.24,1.28];[0.12,0.16];[1.20,1.24];[0.96,1.00];[1.92,1.96];[1.96,2.00];[1.64,1.68];[1.00,1.04];[0.32,0.36];[0.76,0.80];[0.00,0.04];[0.48,0.52];[1.84,1.88];[0.80,0.84];[0.92,0.96];[0.44,0.48];[0.28,0.32];[0.64,0.68];[0.88,0.92];[1.72,1.76];[0.36,0.40];[0.52,0.56];[1.08,1.12];[1.56,1.60];[1.60,1.64];[0.20,0.24];[0.84,0.88];[0.08,0.12];[1.44,1.48];[1.88,1.92];[1.80,1.84];[1.68,1.72];[1.36,1.40];[1.76,1.80]","prereg"
"ee4d2cd97e64c0db057a1403","[1.60,1.64];[2.00,0.00];[1.92,1.96];[1.56,1.60];[1.40,1.44];[1.72,1.76];[0.52,0.56];[0.20,0.24];[1.84,1.88];[0.72,0.76];[1.48,1.52];[1.08,1.12];[1.64,1.68];[1.32,1.36];[1.76,1.80];[1.28,1.32];[0.76,0.80];[1.52,1.56];[0.92,0.96];[0.60,0.64];[0.48,0.52];[0.56,0.60];[0.12,0.16];[1.96,2.00];[0.44,0.48];[1.24,1.28];[1.88,1.92];[1.04,1.08];[1.44,1.48];[0.00,0.04];[1.12,1.16];[0.32,0.36];[0.24,0.28];[0.64,0.68];[1.80,1.84];[0.16,0.20];[0.28,0.32];[0.68,0.72];[1.68,1.72];[1.16,1.20];[0.40,0.44];[0.96,1.00];[0.88,0.92];[1.20,1.24];[0.84,0.88];[0.80,0.84];[1.00,1.04];[0.04,0.08];[0.08,0.12];[0.36,0.40];[1.36,1.40]","prereg"
"91450a56a8098ebbcc278ec1","[0.60,0.80];[1.60,1.80];[0.40,0.60];[1.80,2.00];[1.00,1.20];[0.00,0.20];[2.00,0.00];[1.20,1.40];[1.40,1.60];[0.20,0.40];[0.80,1.00]","prereg"
"35d4ac9a5b269d9413dfebdf","[1.60,1.80];[0.40,0.60];[2.00,0.00];[1.00,1.20];[1.40,1.60];[1.20,1.40];[0.20,0.40];[0.00,0.20];[1.80,2.00];[0.60,0.80];[0.80,1.00]","prereg"
"1a7a3d59b080c4a4d1e3dec5","[1.80,1.84];[1.96,2.00];[0.36,0.40];[0.80,0.84];[1.44,1.48];[0.12,0.16];[0.28,0.32];[0.52,0.56];[1.20,1.24];[0.60,0.64];[1.36,1.40];[0.64,0.68];[0.00,0.04];[1.04,1.08];[0.92,0.96];[1.28,1.32];[1.88,1.92];[0.32,0.36];[0.68,0.72];[0.56,0.60];[0.88,0.92];[0.08,0.12];[0.76,0.80];[2.00,0.00];[0.84,0.88];[0.48,0.52];[1.72,1.76];[1.56,1.60];[1.68,1.72];[0.44,0.48];[0.20,0.24];[1.16,1.20];[1.84,1.88];[1.12,1.16];[1.24,1.28];[0.24,0.28];[0.40,0.44];[1.00,1.04];[1.64,1.68];[0.96,1.00];[0.04,0.08];[1.60,1.64];[0.72,0.76];[1.32,1.36];[1.48,1.52];[1.76,1.80];[1.92,1.96];[1.40,1.44];[1.08,1.12];[0.16,0.20];[1.52,1.56]","prereg"
"d66ccc4cb67629b6fe73714e","[0.60,0.64];[0.16,0.20];[1.56,1.60];[0.96,1.00];[0.64,0.68];[0.56,0.60];[1.44,1.48];[1.84,1.88];[0.36,0.40];[1.96,2.00];[1.28,1.32];[0.20,0.24];[0.00,0.04];[0.28,0.32];[1.08,1.12];[0.12,0.16];[0.92,0.96];[0.40,0.44];[1.72,1.76];[1.80,1.84];[1.16,1.20];[0.08,0.12];[1.92,1.96];[0.84,0.88];[0.76,0.80];[0.88,0.92];[1.60,1.64];[0.72,0.76];[0.52,0.56];[0.48,0.52];[1.32,1.36];[0.44,0.48];[0.24,0.28];[1.04,1.08];[1.88,1.92];[0.32,0.36];[1.76,1.80];[1.64,1.68];[0.68,0.72];[1.40,1.44];[1.12,1.16];[1.48,1.52];[1.36,1.40];[0.80,0.84];[1.20,1.24];[2.00,0.00];[0.04,0.08];[1.00,1.04];[1.68,1.72];[1.52,1.56];[1.24,1.28]","prereg"
"5799e245e04fa72f5778f205","[0.52,0.56];[1.00,1.04];[0.96,1.00];[0.36,0.40];[1.72,1.76];[2.00,0.00];[1.28,1.32];[0.28,0.32];[0.32,0.36];[1.64,1.68];[0.76,0.80];[0.12,0.16];[0.20,0.24];[0.56,0.60];[0.60,0.64];[1.40,1.44];[0.72,0.76];[0.48,0.52];[1.92,1.96];[1.20,1.24];[1.56,1.60];[1.36,1.40];[1.04,1.08];[1.80,1.84];[1.16,1.20];[1.52,1.56];[1.60,1.64];[0.68,0.72];[0.84,0.88];[0.88,0.92];[1.84,1.88];[0.24,0.28];[0.04,0.08];[0.80,0.84];[1.68,1.72];[1.48,1.52];[0.44,0.48];[1.32,1.36];[0.00,0.04];[1.96,2.00];[1.12,1.16];[1.76,1.80];[0.40,0.44];[1.24,1.28];[1.44,1.48];[0.64,0.68];[0.92,0.96];[0.08,0.12];[0.16,0.20];[1.08,1.12];[1.88,1.92]","prereg"
"634b2c3e7b5915d4e76fb5f2","[0.40,0.44];[0.36,0.40];[0.20,0.24];[1.92,1.96];[1.64,1.68];[1.76,1.80];[0.76,0.80];[0.56,0.60];[0.32,0.36];[1.12,1.16];[0.04,0.08];[0.84,0.88];[1.56,1.60];[1.88,1.92];[2.00,0.00];[0.92,0.96];[0.00,0.04];[0.80,0.84];[0.48,0.52];[0.68,0.72];[1.40,1.44];[1.52,1.56];[0.08,0.12];[0.12,0.16];[1.80,1.84];[1.72,1.76];[0.52,0.56];[1.16,1.20];[0.16,0.20];[1.20,1.24];[0.44,0.48];[0.96,1.00];[1.32,1.36];[1.36,1.40];[1.04,1.08];[1.28,1.32];[0.24,0.28];[1.08,1.12];[0.72,0.76];[1.84,1.88];[0.88,0.92];[1.48,1.52];[1.68,1.72];[1.60,1.64];[1.00,1.04];[0.60,0.64];[1.44,1.48];[1.96,2.00];[0.28,0.32];[1.24,1.28];[0.64,0.68]","prereg"
"46d17f825b121939c9103faf","[0.80,0.84];[0.00,0.04];[1.00,1.04];[0.68,0.72];[1.48,1.52];[1.92,1.96];[0.12,0.16];[0.56,0.60];[1.84,1.88];[1.60,1.64];[0.76,0.80];[1.28,1.32];[1.36,1.40];[1.44,1.48];[0.40,0.44];[1.56,1.60];[0.28,0.32];[1.88,1.92];[1.72,1.76];[1.24,1.28];[0.04,0.08];[1.20,1.24];[0.88,0.92];[1.52,1.56];[0.60,0.64];[0.52,0.56];[1.12,1.16];[0.36,0.40];[1.76,1.80];[0.20,0.24];[0.84,0.88];[0.08,0.12];[1.96,2.00];[1.04,1.08];[0.16,0.20];[1.32,1.36];[0.96,1.00];[1.40,1.44];[0.48,0.52];[0.92,0.96];[1.16,1.20];[0.44,0.48];[0.24,0.28];[0.32,0.36];[1.68,1.72];[0.64,0.68];[1.64,1.68];[1.08,1.12];[1.80,1.84];[2.00,0.00];[0.72,0.76]","prereg"
"efa0915c4eebc80ea47fa924","[0.16,0.20];[1.44,1.48];[0.56,0.60];[1.88,1.92];[0.40,0.44];[1.80,1.84];[0.92,0.96];[1.56,1.60];[1.60,1.64];[0.36,0.40];[1.84,1.88];[1.76,1.80];[0.60,0.64];[1.00,1.04];[1.68,1.72];[1.92,1.96];[0.64,0.68];[1.40,1.44];[0.24,0.28];[0.04,0.08];[0.84,0.88];[0.76,0.80];[0.44,0.48];[0.68,0.72];[1.64,1.68];[2.00,0.00];[1.16,1.20];[1.36,1.40];[0.00,0.04];[1.96,2.00];[0.28,0.32];[1.72,1.76];[0.48,0.52];[0.72,0.76];[0.32,0.36];[1.20,1.24];[0.20,0.24];[0.80,0.84];[1.08,1.12];[1.24,1.28];[1.52,1.56];[1.32,1.36];[0.12,0.16];[0.88,0.92];[0.52,0.56];[1.48,1.52];[0.08,0.12];[0.96,1.00];[1.04,1.08];[1.28,1.32];[1.12,1.16]","prereg"
"e6cd92629396e191576b4efa","[0.60,0.80];[0.20,0.40];[2.00,0.00];[1.20,1.40];[1.00,1.20];[0.80,1.00];[0.00,0.20];[1.80,2.00];[0.40,0.60];[1.60,1.80];[1.40,1.60]","prereg"
"42347e1eebe5fe6fddfb1498","[0.36,0.40];[0.68,0.72];[0.00,0.04];[1.68,1.72];[0.20,0.24];[1.56,1.60];[0.72,0.76];[2.00,0.00];[0.52,0.56];[1.04,1.08];[0.88,0.92];[0.40,0.44];[1.24,1.28];[1.16,1.20];[0.92,0.96];[0.12,0.16];[0.08,0.12];[0.32,0.36];[1.44,1.48];[0.60,0.64];[1.12,1.16];[1.20,1.24];[1.40,1.44];[0.84,0.88];[1.92,1.96];[1.64,1.68];[1.60,1.64];[0.96,1.00];[0.24,0.28];[1.28,1.32];[1.88,1.92];[1.72,1.76];[1.84,1.88];[0.44,0.48];[1.32,1.36];[0.48,0.52];[0.04,0.08];[1.80,1.84];[0.56,0.60];[1.48,1.52];[0.80,0.84];[0.28,0.32];[1.08,1.12];[1.76,1.80];[1.52,1.56];[0.16,0.20];[1.00,1.04];[0.64,0.68];[0.76,0.80];[1.36,1.40];[1.96,2.00]","prereg"
"5af6c948a51d9f9b6ff31eef","[1.88,1.92];[0.32,0.36];[1.44,1.48];[0.92,0.96];[0.96,1.00];[1.80,1.84];[0.60,0.64];[0.12,0.16];[1.48,1.52];[0.36,0.40];[1.52,1.56];[1.32,1.36];[0.40,0.44];[1.68,1.72];[0.84,0.88];[0.76,0.80];[1.60,1.64];[0.20,0.24];[1.56,1.60];[1.00,1.04];[1.16,1.20];[2.00,0.00];[1.24,1.28];[0.04,0.08];[0.00,0.04];[1.92,1.96];[1.08,1.12];[1.84,1.88];[1.04,1.08];[0.28,0.32];[1.12,1.16];[0.08,0.12];[1.20,1.24];[0.68,0.72];[0.44,0.48];[0.88,0.92];[1.76,1.80];[1.72,1.76];[1.40,1.44];[1.28,1.32];[1.64,1.68];[0.64,0.68];[1.36,1.40];[0.16,0.20];[1.96,2.00];[0.48,0.52];[0.72,0.76];[0.56,0.60];[0.24,0.28];[0.52,0.56];[0.80,0.84]","prereg"
"3f4b415d92eaac6f70fcd4b6","[0.20,0.40];[0.60,0.80];[1.40,1.60];[1.20,1.40];[2.00,0.00];[1.80,2.00];[0.00,0.20];[0.40,0.60];[1.60,1.80];[0.80,1.00];[1.00,1.20]","prereg"
"79b06a6eb4be89e134b18e62","[0.00,0.20];[1.40,1.60];[1.20,1.40];[1.80,2.00];[1.60,1.80];[0.60,0.80];[0.20,0.40];[1.00,1.20];[0.40,0.60];[2.00,0.00];[0.80,1.00]","prereg"
"cf8088eb5bad87bd64f9f80f","[0.76,0.80];[1.88,1.92];[0.48,0.52];[0.08,0.12];[0.32,0.36];[0.12,0.16];[0.24,0.28];[0.68,0.72];[1.08,1.12];[0.60,0.64];[1.68,1.72];[1.72,1.76];[1.48,1.52];[1.28,1.32];[1.80,1.84];[0.88,0.92];[0.00,0.04];[1.84,1.88];[1.04,1.08];[0.28,0.32];[0.20,0.24];[0.84,0.88];[1.44,1.48];[0.40,0.44];[1.32,1.36];[1.76,1.80];[1.60,1.64];[0.56,0.60];[1.20,1.24];[2.00,0.00];[1.24,1.28];[1.36,1.40];[0.96,1.00];[1.64,1.68];[1.00,1.04];[0.44,0.48];[1.40,1.44];[0.36,0.40];[1.12,1.16];[1.52,1.56];[1.56,1.60];[0.72,0.76];[1.16,1.20];[0.64,0.68];[1.96,2.00];[0.16,0.20];[1.92,1.96];[0.92,0.96];[0.04,0.08];[0.52,0.56];[0.80,0.84]","prereg"
"f88fcf2a8caafb01bdce7e23","[0.88,0.92];[1.48,1.52];[0.44,0.48];[0.36,0.40];[0.20,0.24];[1.64,1.68];[0.16,0.20];[1.52,1.56];[1.40,1.44];[0.52,0.56];[0.24,0.28];[0.28,0.32];[1.36,1.40];[0.96,1.00];[1.68,1.72];[0.12,0.16];[0.76,0.80];[1.76,1.80];[0.84,0.88];[2.00,0.00];[1.16,1.20];[1.56,1.60];[0.60,0.64];[0.92,0.96];[1.44,1.48];[1.32,1.36];[0.80,0.84];[0.68,0.72];[1.92,1.96];[1.20,1.24];[1.72,1.76];[0.64,0.68];[0.08,0.12];[1.08,1.12];[1.96,2.00];[1.84,1.88];[0.00,0.04];[1.88,1.92];[0.40,0.44];[1.28,1.32];[0.72,0.76];[1.04,1.08];[1.80,1.84];[1.24,1.28];[0.32,0.36];[0.48,0.52];[1.60,1.64];[0.04,0.08];[0.56,0.60];[1.12,1.16];[1.00,1.04]","prereg"
"","[1.64,1.68];[0.36,0.40];[0.20,0.24];[0.00,0.04];[1.72,1.76];[1.36,1.40];[1.32,1.36];[2.00,0.00];[1.60,1.64];[0.72,0.76];[0.32,0.36];[0.16,0.20];[0.80,0.84];[1.04,1.08];[0.28,0.32];[0.88,0.92];[0.84,0.88];[1.88,1.92];[0.40,0.44];[0.48,0.52];[1.28,1.32];[1.56,1.60];[0.08,0.12];[0.64,0.68];[0.68,0.72];[1.68,1.72];[0.04,0.08];[1.16,1.20];[0.12,0.16];[1.24,1.28];[0.76,0.80];[1.00,1.04];[1.92,1.96];[0.92,0.96];[0.96,1.00];[1.96,2.00];[1.40,1.44];[0.60,0.64];[0.44,0.48];[1.48,1.52];[0.56,0.60];[1.20,1.24];[1.08,1.12];[0.24,0.28];[1.80,1.84];[1.52,1.56];[1.84,1.88];[0.52,0.56];[1.76,1.80];[1.12,1.16];[1.44,1.48]","prereg"
"3d52f30c5444e2d873b3a47d","[1.92,1.96];[1.00,1.04];[1.44,1.48];[1.96,2.00];[1.60,1.64];[1.80,1.84];[1.12,1.16];[1.88,1.92];[1.52,1.56];[0.52,0.56];[1.20,1.24];[1.72,1.76];[1.76,1.80];[0.76,0.80];[0.96,1.00];[0.20,0.24];[0.12,0.16];[0.72,0.76];[0.36,0.40];[0.04,0.08];[0.60,0.64];[0.24,0.28];[0.08,0.12];[0.88,0.92];[1.48,1.52];[0.80,0.84];[1.56,1.60];[1.28,1.32];[2.00,0.00];[0.00,0.04];[0.48,0.52];[1.08,1.12];[0.64,0.68];[0.44,0.48];[0.40,0.44];[1.64,1.68];[1.84,1.88];[0.68,0.72];[1.36,1.40];[1.16,1.20];[0.16,0.20];[0.84,0.88];[0.56,0.60];[1.04,1.08];[0.92,0.96];[0.28,0.32];[1.24,1.28];[1.40,1.44];[0.32,0.36];[1.32,1.36];[1.68,1.72]","prereg"
"","[1.60,1.80];[1.00,1.20];[1.40,1.60];[0.40,0.60];[2.00,0.00];[0.80,1.00];[0.20,0.40];[1.20,1.40];[1.80,2.00];[0.60,0.80];[0.00,0.20]","prereg"
"7aba6d972068305ee38db8bc","[1.20,1.40];[0.20,0.40];[1.60,1.80];[1.40,1.60];[0.60,0.80];[0.00,0.20];[2.00,0.00];[0.80,1.00];[0.40,0.60];[1.00,1.20];[1.80,2.00]","prereg"
"a0a6606a5d475f4d0ddb1c3c","[1.48,1.52];[0.64,0.68];[0.32,0.36];[0.28,0.32];[0.08,0.12];[1.72,1.76];[1.04,1.08];[0.04,0.08];[0.88,0.92];[1.68,1.72];[0.76,0.80];[1.64,1.68];[0.56,0.60];[0.24,0.28];[0.00,0.04];[0.44,0.48];[0.84,0.88];[0.72,0.76];[0.12,0.16];[1.96,2.00];[1.84,1.88];[1.28,1.32];[0.96,1.00];[1.36,1.40];[1.16,1.20];[0.16,0.20];[1.60,1.64];[0.68,0.72];[1.76,1.80];[2.00,0.00];[1.24,1.28];[0.48,0.52];[1.44,1.48];[1.40,1.44];[0.80,0.84];[1.32,1.36];[1.88,1.92];[1.92,1.96];[0.40,0.44];[0.36,0.40];[0.92,0.96];[0.52,0.56];[1.00,1.04];[1.56,1.60];[1.12,1.16];[1.08,1.12];[1.20,1.24];[0.20,0.24];[1.52,1.56];[0.60,0.64];[1.80,1.84]","prereg"
"308da1ed8fae7314cb0f0fe1","[0.32,0.36];[0.28,0.32];[0.68,0.72];[1.04,1.08];[1.60,1.64];[0.40,0.44];[1.12,1.16];[0.52,0.56];[0.56,0.60];[1.68,1.72];[1.40,1.44];[0.96,1.00];[0.76,0.80];[1.44,1.48];[0.44,0.48];[0.84,0.88];[1.96,2.00];[1.72,1.76];[0.88,0.92];[1.76,1.80];[1.48,1.52];[2.00,0.00];[0.48,0.52];[1.64,1.68];[0.20,0.24];[0.60,0.64];[0.00,0.04];[1.08,1.12];[0.12,0.16];[1.84,1.88];[0.72,0.76];[0.24,0.28];[1.00,1.04];[0.36,0.40];[1.92,1.96];[1.80,1.84];[0.04,0.08];[0.64,0.68];[0.16,0.20];[1.24,1.28];[1.88,1.92];[1.52,1.56];[1.32,1.36];[1.56,1.60];[0.08,0.12];[1.16,1.20];[0.92,0.96];[1.36,1.40];[1.20,1.24];[1.28,1.32];[0.80,0.84]","prereg"
"1b0bda4d2767fc7d83274905","[0.76,0.80];[1.28,1.32];[1.12,1.16];[1.60,1.64];[1.16,1.20];[0.84,0.88];[1.64,1.68];[1.00,1.04];[1.84,1.88];[0.80,0.84];[0.36,0.40];[0.40,0.44];[1.80,1.84];[0.32,0.36];[0.44,0.48];[1.32,1.36];[1.44,1.48];[1.48,1.52];[0.92,0.96];[0.52,0.56];[0.64,0.68];[1.36,1.40];[1.88,1.92];[1.52,1.56];[1.96,2.00];[0.00,0.04];[1.72,1.76];[0.24,0.28];[2.00,0.00];[0.04,0.08];[1.24,1.28];[1.40,1.44];[0.12,0.16];[0.56,0.60];[1.20,1.24];[1.76,1.80];[0.72,0.76];[1.04,1.08];[0.88,0.92];[0.48,0.52];[0.16,0.20];[1.08,1.12];[0.28,0.32];[0.96,1.00];[1.68,1.72];[1.56,1.60];[0.08,0.12];[0.20,0.24];[1.92,1.96];[0.60,0.64];[0.68,0.72]","prereg"
"8600a82e8e4b00da994415fd","[0.60,0.80];[0.20,0.40];[0.40,0.60];[0.00,0.20];[1.00,1.20];[0.80,1.00];[1.60,1.80];[1.80,2.00];[1.20,1.40];[2.00,0.00];[1.40,1.60]","prereg"
"e32f319c2a4a45673b0d71d1","[0.00,0.20];[0.20,0.40];[1.00,1.20];[0.40,0.60];[1.60,1.80];[0.80,1.00];[1.20,1.40];[1.40,1.60];[2.00,0.00];[1.80,2.00];[0.60,0.80]","prereg"
"","[1.00,1.20];[0.00,0.20];[1.80,2.00];[2.00,0.00];[0.20,0.40];[1.60,1.80];[0.60,0.80];[1.40,1.60];[1.20,1.40];[0.80,1.00];[0.40,0.60]","prereg"
"43d855930d64e658e938e3da","[1.00,1.20];[0.20,0.40];[1.40,1.60];[0.80,1.00];[1.60,1.80];[1.80,2.00];[2.00,0.00];[0.60,0.80];[0.40,0.60];[0.00,0.20];[1.20,1.40]","prereg"
"60a9a7cfc80308a85c236ceb","[1.00,1.04];[0.56,0.60];[0.80,0.84];[1.04,1.08];[1.28,1.32];[1.24,1.28];[1.76,1.80];[1.72,1.76];[0.08,0.12];[1.44,1.48];[1.92,1.96];[0.36,0.40];[0.44,0.48];[1.64,1.68];[0.24,0.28];[0.68,0.72];[1.52,1.56];[1.12,1.16];[1.56,1.60];[0.20,0.24];[0.92,0.96];[0.96,1.00];[1.32,1.36];[0.72,0.76];[0.52,0.56];[1.16,1.20];[0.04,0.08];[0.88,0.92];[1.40,1.44];[1.68,1.72];[1.84,1.88];[0.60,0.64];[1.20,1.24];[0.64,0.68];[0.00,0.04];[1.36,1.40];[1.96,2.00];[0.76,0.80];[0.32,0.36];[2.00,0.00];[0.12,0.16];[0.40,0.44];[0.48,0.52];[1.48,1.52];[0.28,0.32];[0.16,0.20];[1.60,1.64];[1.80,1.84];[0.84,0.88];[1.08,1.12];[1.88,1.92]","prereg"
"79d46bfb9ddd9314f022a2d0","[0.84,0.88];[1.00,1.04];[1.40,1.44];[0.68,0.72];[1.20,1.24];[0.36,0.40];[0.48,0.52];[1.72,1.76];[1.88,1.92];[0.72,0.76];[1.32,1.36];[0.80,0.84];[1.24,1.28];[0.28,0.32];[0.64,0.68];[1.84,1.88];[1.92,1.96];[1.60,1.64];[1.28,1.32];[1.80,1.84];[0.00,0.04];[0.32,0.36];[1.96,2.00];[1.64,1.68];[0.56,0.60];[0.96,1.00];[1.48,1.52];[0.08,0.12];[1.08,1.12];[0.04,0.08];[0.92,0.96];[1.36,1.40];[0.40,0.44];[1.52,1.56];[0.24,0.28];[0.16,0.20];[1.04,1.08];[0.52,0.56];[1.16,1.20];[1.44,1.48];[0.44,0.48];[0.88,0.92];[1.56,1.60];[0.20,0.24];[1.12,1.16];[0.76,0.80];[2.00,0.00];[0.12,0.16];[0.60,0.64];[1.76,1.80];[1.68,1.72]","prereg"
"9a91978ae6a4bbe06de8bb3b","[1.16,1.20];[0.68,0.72];[1.32,1.36];[0.80,0.84];[1.64,1.68];[0.60,0.64];[1.88,1.92];[0.92,0.96];[0.08,0.12];[1.72,1.76];[1.24,1.28];[1.20,1.24];[1.36,1.40];[0.28,0.32];[0.84,0.88];[0.12,0.16];[1.08,1.12];[1.84,1.88];[0.24,0.28];[1.12,1.16];[1.96,2.00];[0.56,0.60];[1.56,1.60];[0.16,0.20];[1.00,1.04];[0.96,1.00];[1.48,1.52];[1.60,1.64];[0.40,0.44];[0.88,0.92];[1.40,1.44];[0.32,0.36];[0.48,0.52];[1.52,1.56];[1.92,1.96];[0.36,0.40];[0.52,0.56];[1.76,1.80];[0.76,0.80];[0.00,0.04];[0.04,0.08];[1.68,1.72];[1.44,1.48];[1.80,1.84];[0.64,0.68];[2.00,0.00];[0.20,0.24];[1.28,1.32];[0.44,0.48];[1.04,1.08];[0.72,0.76]","prereg"
"49505e3df1b6e35981068068","[1.00,1.20];[0.80,1.00];[2.00,0.00];[0.00,0.20];[0.20,0.40];[1.20,1.40];[1.80,2.00];[1.40,1.60];[1.60,1.80];[0.40,0.60];[0.60,0.80]","prereg"
"7f9ad6ae3860a564de6669c3","[1.12,1.16];[0.92,0.96];[1.08,1.12];[0.64,0.68];[0.72,0.76];[0.88,0.92];[1.80,1.84];[1.76,1.80];[0.32,0.36];[1.00,1.04];[0.00,0.04];[1.16,1.20];[0.44,0.48];[0.08,0.12];[0.96,1.00];[1.88,1.92];[1.56,1.60];[0.48,0.52];[1.44,1.48];[1.40,1.44];[0.56,0.60];[0.36,0.40];[0.16,0.20];[0.84,0.88];[1.24,1.28];[0.76,0.80];[1.72,1.76];[1.32,1.36];[2.00,0.00];[1.60,1.64];[0.28,0.32];[1.52,1.56];[1.64,1.68];[1.84,1.88];[1.28,1.32];[1.92,1.96];[0.24,0.28];[1.48,1.52];[1.20,1.24];[1.04,1.08];[0.40,0.44];[0.04,0.08];[1.96,2.00];[0.20,0.24];[1.68,1.72];[1.36,1.40];[0.12,0.16];[0.68,0.72];[0.52,0.56];[0.60,0.64];[0.80,0.84]","prereg"
"6de10b95e11e83fdd05b7040","[0.96,1.00];[1.28,1.32];[0.72,0.76];[0.92,0.96];[1.72,1.76];[0.80,0.84];[0.68,0.72];[0.56,0.60];[0.08,0.12];[1.32,1.36];[0.00,0.04];[1.44,1.48];[0.32,0.36];[1.56,1.60];[1.24,1.28];[1.68,1.72];[0.44,0.48];[1.96,2.00];[0.60,0.64];[0.24,0.28];[0.64,0.68];[0.12,0.16];[1.76,1.80];[0.40,0.44];[2.00,0.00];[1.40,1.44];[1.12,1.16];[1.52,1.56];[1.80,1.84];[0.84,0.88];[0.48,0.52];[1.20,1.24];[0.52,0.56];[0.36,0.40];[0.04,0.08];[1.92,1.96];[1.64,1.68];[1.48,1.52];[0.88,0.92];[1.84,1.88];[0.16,0.20];[1.60,1.64];[1.36,1.40];[1.16,1.20];[0.76,0.80];[1.08,1.12];[1.04,1.08];[0.20,0.24];[1.88,1.92];[0.28,0.32];[1.00,1.04]","prereg"
"cf63ce04519a2f6b0cde9761","[1.20,1.40];[2.00,0.00];[1.60,1.80];[0.80,1.00];[0.60,0.80];[0.40,0.60];[0.00,0.20];[0.20,0.40];[1.00,1.20];[1.80,2.00];[1.40,1.60]","prereg"
"89a4c3deb9d3f8cc7a666f91","[1.36,1.40];[1.44,1.48];[0.48,0.52];[0.20,0.24];[0.40,0.44];[1.72,1.76];[0.72,0.76];[1.48,1.52];[0.92,0.96];[0.44,0.48];[0.64,0.68];[0.08,0.12];[0.16,0.20];[1.52,1.56];[1.80,1.84];[0.04,0.08];[1.96,2.00];[0.36,0.40];[0.24,0.28];[1.88,1.92];[0.56,0.60];[1.00,1.04];[1.64,1.68];[1.68,1.72];[0.00,0.04];[1.24,1.28];[1.40,1.44];[1.56,1.60];[0.80,0.84];[1.20,1.24];[0.84,0.88];[1.84,1.88];[1.08,1.12];[0.60,0.64];[2.00,0.00];[0.88,0.92];[1.16,1.20];[0.76,0.80];[1.32,1.36];[1.04,1.08];[1.76,1.80];[0.52,0.56];[1.60,1.64];[1.12,1.16];[0.12,0.16];[0.32,0.36];[1.92,1.96];[0.96,1.00];[0.28,0.32];[0.68,0.72];[1.28,1.32]","prereg"
"036c563c9df9263b66945a47","[0.28,0.32];[0.32,0.36];[1.20,1.24];[0.88,0.92];[1.32,1.36];[0.00,0.04];[0.20,0.24];[0.64,0.68];[1.96,2.00];[0.24,0.28];[1.52,1.56];[1.64,1.68];[0.96,1.00];[0.48,0.52];[1.24,1.28];[1.72,1.76];[0.80,0.84];[0.08,0.12];[1.80,1.84];[0.68,0.72];[1.88,1.92];[0.52,0.56];[0.04,0.08];[0.12,0.16];[1.28,1.32];[0.72,0.76];[1.48,1.52];[1.68,1.72];[1.00,1.04];[0.92,0.96];[2.00,0.00];[1.92,1.96];[1.76,1.80];[1.40,1.44];[1.16,1.20];[0.16,0.20];[1.60,1.64];[0.84,0.88];[0.36,0.40];[0.56,0.60];[0.76,0.80];[0.40,0.44];[1.84,1.88];[1.56,1.60];[0.44,0.48];[1.04,1.08];[1.12,1.16];[1.44,1.48];[1.36,1.40];[1.08,1.12];[0.60,0.64]","prereg"
"d4a4779dc4c14f4fae8ef416","[1.80,2.00];[0.20,0.40];[1.40,1.60];[0.60,0.80];[1.00,1.20];[0.80,1.00];[2.00,0.00];[1.60,1.80];[1.20,1.40];[0.00,0.20];[0.40,0.60]","prereg"
"6bd6092f104fe35758b75774","[0.20,0.40];[1.60,1.80];[1.80,2.00];[1.00,1.20];[1.20,1.40];[0.60,0.80];[0.00,0.20];[0.40,0.60];[0.80,1.00];[1.40,1.60];[2.00,0.00]","prereg"
"345a0a359db96960f43f91d1","[0.84,0.88];[1.00,1.04];[0.28,0.32];[1.72,1.76];[1.56,1.60];[0.56,0.60];[0.68,0.72];[1.12,1.16];[0.72,0.76];[2.00,0.00];[1.88,1.92];[0.24,0.28];[1.60,1.64];[0.20,0.24];[1.44,1.48];[0.92,0.96];[1.16,1.20];[1.76,1.80];[0.00,0.04];[1.80,1.84];[0.80,0.84];[1.32,1.36];[0.32,0.36];[1.20,1.24];[0.60,0.64];[1.96,2.00];[0.48,0.52];[1.04,1.08];[0.04,0.08];[1.36,1.40];[0.52,0.56];[1.92,1.96];[0.12,0.16];[1.68,1.72];[1.40,1.44];[1.52,1.56];[0.40,0.44];[0.64,0.68];[0.96,1.00];[1.48,1.52];[1.08,1.12];[0.76,0.80];[1.64,1.68];[1.28,1.32];[0.44,0.48];[1.84,1.88];[1.24,1.28];[0.36,0.40];[0.16,0.20];[0.08,0.12];[0.88,0.92]","prereg"
"676aad587dd0afc943cd14a9","[1.36,1.40];[1.00,1.04];[0.12,0.16];[0.68,0.72];[0.32,0.36];[0.16,0.20];[1.48,1.52];[0.80,0.84];[0.52,0.56];[0.08,0.12];[1.60,1.64];[1.96,2.00];[0.36,0.40];[1.88,1.92];[1.08,1.12];[0.24,0.28];[0.64,0.68];[0.56,0.60];[1.56,1.60];[0.20,0.24];[1.04,1.08];[1.80,1.84];[1.20,1.24];[0.48,0.52];[0.00,0.04];[1.40,1.44];[0.72,0.76];[0.04,0.08];[0.76,0.80];[0.40,0.44];[0.96,1.00];[1.64,1.68];[0.84,0.88];[1.16,1.20];[0.88,0.92];[0.92,0.96];[2.00,0.00];[1.72,1.76];[1.76,1.80];[1.28,1.32];[1.84,1.88];[1.32,1.36];[1.44,1.48];[1.92,1.96];[0.44,0.48];[1.12,1.16];[1.52,1.56];[0.60,0.64];[1.24,1.28];[0.28,0.32];[1.68,1.72]","prereg"
"298fd661592e4bde31e39a96","[1.52,1.56];[1.20,1.24];[0.32,0.36];[1.12,1.16];[0.64,0.68];[1.24,1.28];[1.48,1.52];[0.60,0.64];[0.20,0.24];[0.96,1.00];[0.28,0.32];[1.96,2.00];[1.68,1.72];[1.04,1.08];[1.72,1.76];[1.36,1.40];[0.92,0.96];[1.92,1.96];[0.00,0.04];[0.80,0.84];[0.84,0.88];[1.88,1.92];[1.40,1.44];[1.32,1.36];[0.56,0.60];[0.48,0.52];[1.28,1.32];[1.56,1.60];[1.84,1.88];[0.88,0.92];[1.08,1.12];[1.44,1.48];[0.08,0.12];[2.00,0.00];[0.16,0.20];[1.80,1.84];[1.00,1.04];[0.12,0.16];[0.24,0.28];[0.72,0.76];[0.40,0.44];[0.76,0.80];[0.36,0.40];[1.64,1.68];[0.52,0.56];[1.16,1.20];[0.68,0.72];[0.04,0.08];[1.76,1.80];[0.44,0.48];[1.60,1.64]","prereg"
"d748c920d54faf8efd7b363c","[0.80,1.00];[1.60,1.80];[1.00,1.20];[2.00,0.00];[0.60,0.80];[0.40,0.60];[0.00,0.20];[1.80,2.00];[1.20,1.40];[0.20,0.40];[1.40,1.60]","prereg"
"e62b58d0ecec9742406dd52f","[0.00,0.20];[1.60,1.80];[0.60,0.80];[1.40,1.60];[0.80,1.00];[1.00,1.20];[0.40,0.60];[2.00,0.00];[1.80,2.00];[1.20,1.40];[0.20,0.40]","prereg"
"6a9418d12336b47f1997f8d0","[0.00,0.20];[1.40,1.60];[0.80,1.00];[0.20,0.40];[1.60,1.80];[1.20,1.40];[1.00,1.20];[2.00,0.00];[0.60,0.80];[0.40,0.60];[1.80,2.00]","prereg"
"d9779c00eafe59f862516f67","[0.20,0.40];[0.00,0.20];[1.60,1.80];[2.00,0.00];[1.40,1.60];[1.00,1.20];[1.80,2.00];[0.60,0.80];[0.80,1.00];[1.20,1.40];[0.40,0.60]","prereg"
"d72d4880b6b40b5c6eaba80e","[0.88,0.92];[1.12,1.16];[1.88,1.92];[0.92,0.96];[1.72,1.76];[1.92,1.96];[0.24,0.28];[1.56,1.60];[1.00,1.04];[0.56,0.60];[1.32,1.36];[1.44,1.48];[1.24,1.28];[0.96,1.00];[1.84,1.88];[0.60,0.64];[1.52,1.56];[0.84,0.88];[1.20,1.24];[0.28,0.32];[0.68,0.72];[0.76,0.80];[0.64,0.68];[0.52,0.56];[1.16,1.20];[0.12,0.16];[0.80,0.84];[0.08,0.12];[0.32,0.36];[2.00,0.00];[1.68,1.72];[0.44,0.48];[1.36,1.40];[1.60,1.64];[1.28,1.32];[0.20,0.24];[1.40,1.44];[0.40,0.44];[1.80,1.84];[1.48,1.52];[0.04,0.08];[1.64,1.68];[1.96,2.00];[0.16,0.20];[1.08,1.12];[1.04,1.08];[0.48,0.52];[0.36,0.40];[0.00,0.04];[0.72,0.76];[1.76,1.80]","prereg"
"17402f438fee8e1938c940b8","[0.80,0.84];[0.20,0.24];[1.72,1.76];[1.56,1.60];[0.96,1.00];[1.44,1.48];[0.60,0.64];[0.88,0.92];[0.56,0.60];[0.40,0.44];[1.00,1.04];[1.24,1.28];[1.68,1.72];[0.00,0.04];[1.36,1.40];[1.80,1.84];[1.40,1.44];[0.12,0.16];[1.16,1.20];[0.08,0.12];[1.84,1.88];[0.64,0.68];[0.24,0.28];[0.32,0.36];[0.76,0.80];[1.08,1.12];[0.48,0.52];[0.52,0.56];[1.20,1.24];[0.36,0.40];[1.88,1.92];[1.04,1.08];[1.96,2.00];[1.52,1.56];[1.76,1.80];[0.68,0.72];[0.92,0.96];[1.32,1.36];[0.28,0.32];[1.12,1.16];[1.60,1.64];[0.16,0.20];[0.84,0.88];[1.64,1.68];[1.28,1.32];[0.44,0.48];[0.04,0.08];[1.48,1.52];[2.00,0.00];[1.92,1.96];[0.72,0.76]","prereg"
"82497caf10e29de4fbe94f7a","[1.80,1.84];[0.56,0.60];[1.72,1.76];[1.84,1.88];[0.28,0.32];[1.92,1.96];[1.24,1.28];[1.88,1.92];[0.68,0.72];[1.60,1.64];[0.64,0.68];[0.48,0.52];[1.96,2.00];[0.08,0.12];[0.36,0.40];[1.76,1.80];[0.52,0.56];[1.56,1.60];[1.16,1.20];[1.04,1.08];[0.96,1.00];[0.00,0.04];[1.36,1.40];[0.04,0.08];[1.40,1.44];[0.88,0.92];[1.32,1.36];[0.40,0.44];[0.20,0.24];[0.44,0.48];[0.60,0.64];[1.28,1.32];[0.76,0.80];[1.08,1.12];[1.52,1.56];[1.00,1.04];[0.12,0.16];[0.92,0.96];[0.80,0.84];[1.44,1.48];[0.32,0.36];[0.72,0.76];[2.00,0.00];[0.84,0.88];[1.68,1.72];[1.64,1.68];[0.16,0.20];[1.12,1.16];[1.20,1.24];[1.48,1.52];[0.24,0.28]","prereg"
"ad8d55fba34d84426299a3c5","[0.08,0.12];[1.92,1.96];[1.44,1.48];[1.64,1.68];[0.36,0.40];[0.64,0.68];[0.12,0.16];[1.80,1.84];[1.72,1.76];[1.56,1.60];[1.76,1.80];[0.40,0.44];[1.20,1.24];[0.28,0.32];[1.12,1.16];[0.96,1.00];[1.28,1.32];[1.84,1.88];[0.44,0.48];[1.96,2.00];[1.40,1.44];[1.52,1.56];[1.36,1.40];[1.68,1.72];[0.24,0.28];[0.88,0.92];[0.72,0.76];[0.56,0.60];[2.00,0.00];[1.88,1.92];[0.84,0.88];[0.52,0.56];[1.04,1.08];[0.76,0.80];[0.04,0.08];[1.32,1.36];[0.80,0.84];[1.60,1.64];[0.16,0.20];[1.24,1.28];[0.68,0.72];[1.08,1.12];[1.16,1.20];[1.00,1.04];[0.92,0.96];[0.60,0.64];[1.48,1.52];[0.00,0.04];[0.32,0.36];[0.48,0.52];[0.20,0.24]","prereg"
"5ff66a0914f1849837b12c90","[0.20,0.40];[1.00,1.20];[1.40,1.60];[0.80,1.00];[2.00,0.00];[0.40,0.60];[1.80,2.00];[1.20,1.40];[1.60,1.80];[0.00,0.20];[0.60,0.80]","prereg"
"b9e731dbea09dc00beb84c4f","[1.88,1.92];[2.00,0.00];[0.00,0.04];[0.64,0.68];[1.12,1.16];[0.76,0.80];[1.76,1.80];[0.32,0.36];[0.68,0.72];[1.04,1.08];[0.56,0.60];[1.00,1.04];[1.92,1.96];[1.48,1.52];[1.68,1.72];[0.04,0.08];[1.44,1.48];[0.84,0.88];[0.60,0.64];[1.52,1.56];[0.24,0.28];[0.16,0.20];[0.40,0.44];[1.28,1.32];[1.40,1.44];[0.44,0.48];[1.84,1.88];[0.48,0.52];[1.60,1.64];[0.88,0.92];[0.96,1.00];[0.08,0.12];[1.64,1.68];[0.52,0.56];[1.36,1.40];[1.72,1.76];[1.80,1.84];[0.80,0.84];[1.20,1.24];[1.96,2.00];[1.24,1.28];[1.16,1.20];[0.36,0.40];[0.12,0.16];[0.72,0.76];[1.08,1.12];[0.28,0.32];[0.20,0.24];[1.56,1.60];[0.92,0.96];[1.32,1.36]","prereg"
"5136a806f076a3fc6f435a55","[2.00,0.00];[0.60,0.80];[0.00,0.20];[0.40,0.60];[1.20,1.40];[0.20,0.40];[1.60,1.80];[0.80,1.00];[1.40,1.60];[1.80,2.00];[1.00,1.20]","prereg"
"aff0487e9f56c2c40f642ba4","[0.20,0.24];[1.88,1.92];[1.92,1.96];[1.40,1.44];[0.28,0.32];[1.04,1.08];[0.04,0.08];[1.48,1.52];[0.44,0.48];[0.56,0.60];[0.88,0.92];[0.84,0.88];[1.28,1.32];[1.60,1.64];[1.80,1.84];[0.16,0.20];[0.36,0.40];[0.60,0.64];[0.08,0.12];[0.92,0.96];[0.68,0.72];[1.84,1.88];[1.16,1.20];[1.08,1.12];[0.96,1.00];[1.12,1.16];[0.76,0.80];[0.64,0.68];[1.56,1.60];[0.12,0.16];[0.00,0.04];[1.72,1.76];[1.96,2.00];[1.52,1.56];[1.32,1.36];[1.76,1.80];[0.52,0.56];[1.44,1.48];[0.32,0.36];[2.00,0.00];[0.80,0.84];[1.24,1.28];[1.64,1.68];[0.72,0.76];[1.20,1.24];[0.24,0.28];[1.36,1.40];[0.40,0.44];[1.68,1.72];[1.00,1.04];[0.48,0.52]","prereg"
"","[1.12,1.16];[1.44,1.48];[1.68,1.72];[1.32,1.36];[1.20,1.24];[0.96,1.00];[0.24,0.28];[0.72,0.76];[0.76,0.80];[2.00,0.00];[0.44,0.48];[0.36,0.40];[0.48,0.52];[0.64,0.68];[1.72,1.76];[1.24,1.28];[0.00,0.04];[1.56,1.60];[1.96,2.00];[0.04,0.08];[1.60,1.64];[0.28,0.32];[0.68,0.72];[1.88,1.92];[1.00,1.04];[0.12,0.16];[0.20,0.24];[1.80,1.84];[0.52,0.56];[1.92,1.96];[1.64,1.68];[1.08,1.12];[0.80,0.84];[0.32,0.36];[1.40,1.44];[1.48,1.52];[0.88,0.92];[1.36,1.40];[0.60,0.64];[0.40,0.44];[0.16,0.20];[0.56,0.60];[1.76,1.80];[0.08,0.12];[0.92,0.96];[1.16,1.20];[1.52,1.56];[1.28,1.32];[1.84,1.88];[1.04,1.08];[0.84,0.88]","prereg"
"9cb787ce960d6bac36743962","[1.76,1.80];[0.40,0.44];[1.16,1.20];[0.48,0.52];[1.60,1.64];[1.56,1.60];[0.28,0.32];[0.84,0.88];[0.80,0.84];[0.68,0.72];[1.48,1.52];[1.52,1.56];[1.24,1.28];[1.08,1.12];[1.68,1.72];[0.04,0.08];[1.36,1.40];[1.32,1.36];[0.16,0.20];[1.40,1.44];[1.96,2.00];[0.00,0.04];[1.20,1.24];[1.92,1.96];[1.04,1.08];[1.84,1.88];[1.00,1.04];[0.44,0.48];[1.12,1.16];[1.88,1.92];[0.72,0.76];[0.76,0.80];[0.24,0.28];[1.72,1.76];[0.52,0.56];[0.88,0.92];[0.08,0.12];[0.32,0.36];[0.56,0.60];[0.92,0.96];[0.12,0.16];[1.28,1.32];[2.00,0.00];[0.96,1.00];[1.44,1.48];[0.36,0.40];[1.80,1.84];[0.20,0.24];[0.64,0.68];[0.60,0.64];[1.64,1.68]","prereg"
"","[0.24,0.28];[1.00,1.04];[1.24,1.28];[1.12,1.16];[0.00,0.04];[0.12,0.16];[0.20,0.24];[1.72,1.76];[0.84,0.88];[1.88,1.92];[1.04,1.08];[1.52,1.56];[0.36,0.40];[0.16,0.20];[0.72,0.76];[0.88,0.92];[1.32,1.36];[0.08,0.12];[1.64,1.68];[1.20,1.24];[1.44,1.48];[0.92,0.96];[0.56,0.60];[1.08,1.12];[1.96,2.00];[0.68,0.72];[0.32,0.36];[1.80,1.84];[1.60,1.64];[1.76,1.80];[1.28,1.32];[0.40,0.44];[1.92,1.96];[0.44,0.48];[1.56,1.60];[0.28,0.32];[1.68,1.72];[0.60,0.64];[0.48,0.52];[0.80,0.84];[1.16,1.20];[0.64,0.68];[0.52,0.56];[1.40,1.44];[1.48,1.52];[0.76,0.80];[1.84,1.88];[1.36,1.40];[2.00,0.00];[0.96,1.00];[0.04,0.08]","prereg"
"cac7e7be54af880da85983c3","[1.00,1.20];[0.60,0.80];[0.20,0.40];[2.00,0.00];[1.40,1.60];[0.40,0.60];[0.00,0.20];[0.80,1.00];[1.20,1.40];[1.60,1.80];[1.80,2.00]","prereg"
"472e296b56b54f51f28fa451","[2.00,0.00];[0.60,0.80];[0.80,1.00];[1.00,1.20];[1.60,1.80];[0.00,0.20];[0.20,0.40];[1.20,1.40];[1.40,1.60];[0.40,0.60];[1.80,2.00]","prereg"
"ccf8c9b2c6ea763314413af4","[2.00,0.00];[0.80,1.00];[0.60,0.80];[1.40,1.60];[1.80,2.00];[1.20,1.40];[0.40,0.60];[0.00,0.20];[1.60,1.80];[1.00,1.20];[0.20,0.40]","prereg"
"6d1f88e25004ef3a6dfb0442","[1.44,1.48];[0.24,0.28];[1.88,1.92];[1.24,1.28];[0.32,0.36];[1.92,1.96];[1.64,1.68];[1.08,1.12];[1.04,1.08];[0.60,0.64];[1.32,1.36];[1.68,1.72];[1.76,1.80];[1.40,1.44];[1.60,1.64];[0.28,0.32];[1.80,1.84];[1.56,1.60];[0.04,0.08];[1.12,1.16];[1.72,1.76];[0.72,0.76];[0.84,0.88];[1.00,1.04];[1.16,1.20];[2.00,0.00];[0.36,0.40];[1.20,1.24];[0.12,0.16];[0.00,0.04];[1.36,1.40];[0.56,0.60];[1.48,1.52];[0.16,0.20];[0.68,0.72];[0.48,0.52];[1.52,1.56];[0.40,0.44];[0.64,0.68];[0.20,0.24];[0.92,0.96];[1.28,1.32];[0.88,0.92];[0.76,0.80];[0.08,0.12];[1.84,1.88];[1.96,2.00];[0.80,0.84];[0.44,0.48];[0.52,0.56];[0.96,1.00]","prereg"
"","[0.00,0.20];[1.20,1.40];[0.20,0.40];[0.40,0.60];[0.80,1.00];[2.00,0.00];[0.60,0.80];[1.00,1.20];[1.40,1.60];[1.80,2.00];[1.60,1.80]","prereg"
"f571dbf38af1d1f6c4b7c66f","[1.00,1.20];[2.00,0.00];[0.20,0.40];[1.80,2.00];[1.60,1.80];[0.00,0.20];[1.40,1.60];[0.80,1.00];[0.60,0.80];[0.40,0.60];[1.20,1.40]","prereg"
"54dcf6ed181883125a852f0f","[0.08,0.12];[1.00,1.04];[1.80,1.84];[1.40,1.44];[1.64,1.68];[1.04,1.08];[0.44,0.48];[1.52,1.56];[0.92,0.96];[0.40,0.44];[0.00,0.04];[1.56,1.60];[0.96,1.00];[1.88,1.92];[1.16,1.20];[0.80,0.84];[1.48,1.52];[0.24,0.28];[1.24,1.28];[0.76,0.80];[1.72,1.76];[0.20,0.24];[0.64,0.68];[2.00,0.00];[1.28,1.32];[1.68,1.72];[1.08,1.12];[0.16,0.20];[1.96,2.00];[0.12,0.16];[1.32,1.36];[0.88,0.92];[1.76,1.80];[1.92,1.96];[0.68,0.72];[0.72,0.76];[1.12,1.16];[0.56,0.60];[1.36,1.40];[0.84,0.88];[0.32,0.36];[1.60,1.64];[0.52,0.56];[0.48,0.52];[0.04,0.08];[1.20,1.24];[1.84,1.88];[1.44,1.48];[0.28,0.32];[0.60,0.64];[0.36,0.40]","prereg"
"7e3b2df950a48d982393ec69","[1.20,1.40];[0.00,0.20];[1.60,1.80];[0.80,1.00];[1.40,1.60];[0.20,0.40];[1.00,1.20];[0.60,0.80];[1.80,2.00];[2.00,0.00];[0.40,0.60]","prereg"
"abf414f8ad81ebca66d77f1e","[1.00,1.04];[1.64,1.68];[0.48,0.52];[0.40,0.44];[1.52,1.56];[0.36,0.40];[1.44,1.48];[0.84,0.88];[0.04,0.08];[1.80,1.84];[1.92,1.96];[1.20,1.24];[0.28,0.32];[0.60,0.64];[1.40,1.44];[0.92,0.96];[1.48,1.52];[1.68,1.72];[0.00,0.04];[1.96,2.00];[0.76,0.80];[1.88,1.92];[0.68,0.72];[0.08,0.12];[0.64,0.68];[1.16,1.20];[0.32,0.36];[0.24,0.28];[1.60,1.64];[1.24,1.28];[0.80,0.84];[0.88,0.92];[1.04,1.08];[0.12,0.16];[1.76,1.80];[1.84,1.88];[0.20,0.24];[0.16,0.20];[1.08,1.12];[1.12,1.16];[1.56,1.60];[0.56,0.60];[0.52,0.56];[0.44,0.48];[1.36,1.40];[0.72,0.76];[1.72,1.76];[2.00,0.00];[0.96,1.00];[1.28,1.32];[1.32,1.36]","prereg"
"ccfc6990db33ce52eecfb022","[1.40,1.60];[1.00,1.20];[1.20,1.40];[0.20,0.40];[0.60,0.80];[2.00,0.00];[1.60,1.80];[0.80,1.00];[0.00,0.20];[1.80,2.00];[0.40,0.60]","prereg"
"319ff2ca0648b0c1a8f3dd2b","[1.20,1.24];[0.40,0.44];[0.04,0.08];[0.72,0.76];[1.88,1.92];[1.32,1.36];[0.92,0.96];[1.68,1.72];[0.48,0.52];[0.68,0.72];[1.72,1.76];[1.48,1.52];[1.64,1.68];[2.00,0.00];[1.08,1.12];[1.52,1.56];[1.24,1.28];[0.08,0.12];[1.16,1.20];[0.16,0.20];[0.24,0.28];[1.12,1.16];[0.88,0.92];[0.96,1.00];[0.28,0.32];[0.84,0.88];[0.52,0.56];[1.92,1.96];[1.56,1.60];[1.76,1.80];[1.04,1.08];[0.20,0.24];[0.12,0.16];[1.28,1.32];[0.80,0.84];[0.00,0.04];[1.80,1.84];[1.60,1.64];[0.60,0.64];[0.76,0.80];[1.00,1.04];[0.44,0.48];[1.84,1.88];[1.36,1.40];[1.44,1.48];[1.96,2.00];[0.56,0.60];[0.32,0.36];[1.40,1.44];[0.64,0.68];[0.36,0.40]","prereg"
"af0fb9936d816c1b566db2b2","[1.60,1.80];[0.40,0.60];[1.80,2.00];[0.80,1.00];[1.00,1.20];[0.20,0.40];[1.40,1.60];[0.60,0.80];[1.20,1.40];[2.00,0.00];[0.00,0.20]","prereg"
"11780692bb4e86a270539325","[0.88,0.92];[0.56,0.60];[1.04,1.08];[0.00,0.04];[1.56,1.60];[1.76,1.80];[0.12,0.16];[0.40,0.44];[0.92,0.96];[1.28,1.32];[0.52,0.56];[1.36,1.40];[0.28,0.32];[0.44,0.48];[0.36,0.40];[2.00,0.00];[1.96,2.00];[1.40,1.44];[0.32,0.36];[1.08,1.12];[0.96,1.00];[1.80,1.84];[1.00,1.04];[0.24,0.28];[1.44,1.48];[1.64,1.68];[1.72,1.76];[0.04,0.08];[0.84,0.88];[0.76,0.80];[0.68,0.72];[0.72,0.76];[1.92,1.96];[1.24,1.28];[1.60,1.64];[0.16,0.20];[0.80,0.84];[1.48,1.52];[0.64,0.68];[1.84,1.88];[0.60,0.64];[0.08,0.12];[1.32,1.36];[1.20,1.24];[0.48,0.52];[0.20,0.24];[1.16,1.20];[1.68,1.72];[1.12,1.16];[1.52,1.56];[1.88,1.92]","prereg"
"dce0c2dbb7bfb031764dce2d","[2.00,0.00];[0.84,0.88];[1.56,1.60];[1.60,1.64];[0.04,0.08];[0.92,0.96];[0.80,0.84];[0.20,0.24];[0.72,0.76];[0.24,0.28];[1.64,1.68];[1.72,1.76];[1.80,1.84];[0.88,0.92];[0.32,0.36];[1.48,1.52];[1.52,1.56];[1.08,1.12];[0.60,0.64];[0.96,1.00];[0.00,0.04];[1.92,1.96];[1.96,2.00];[0.36,0.40];[1.12,1.16];[1.44,1.48];[0.56,0.60];[1.36,1.40];[1.40,1.44];[1.84,1.88];[0.76,0.80];[0.40,0.44];[1.24,1.28];[0.52,0.56];[0.64,0.68];[0.48,0.52];[1.20,1.24];[1.88,1.92];[1.68,1.72];[0.08,0.12];[1.28,1.32];[0.28,0.32];[1.76,1.80];[0.12,0.16];[1.32,1.36];[0.16,0.20];[0.68,0.72];[1.16,1.20];[0.44,0.48];[1.00,1.04];[1.04,1.08]","prereg"
"","[0.60,0.80];[0.80,1.00];[1.40,1.60];[0.20,0.40];[0.40,0.60];[1.00,1.20];[1.60,1.80];[1.80,2.00];[1.20,1.40];[0.00,0.20];[2.00,0.00]","prereg"
"0933c765a55909386a4522ba","[0.20,0.40];[0.80,1.00];[2.00,0.00];[0.00,0.20];[0.40,0.60];[1.60,1.80];[1.20,1.40];[0.60,0.80];[1.00,1.20];[1.40,1.60];[1.80,2.00]","prereg"
"758d33fadf8aa4f4e2dcfb1e","[1.00,1.04];[1.84,1.88];[0.36,0.40];[0.56,0.60];[0.72,0.76];[1.24,1.28];[1.36,1.40];[0.52,0.56];[1.04,1.08];[0.88,0.92];[1.40,1.44];[0.20,0.24];[0.84,0.88];[1.92,1.96];[0.48,0.52];[0.16,0.20];[1.08,1.12];[0.60,0.64];[2.00,0.00];[0.68,0.72];[0.92,0.96];[1.52,1.56];[0.08,0.12];[1.80,1.84];[1.96,2.00];[0.44,0.48];[1.48,1.52];[0.40,0.44];[0.76,0.80];[1.64,1.68];[0.64,0.68];[1.16,1.20];[1.72,1.76];[1.68,1.72];[1.44,1.48];[0.00,0.04];[1.88,1.92];[1.76,1.80];[0.12,0.16];[0.32,0.36];[1.12,1.16];[1.20,1.24];[0.24,0.28];[1.28,1.32];[1.32,1.36];[0.28,0.32];[0.80,0.84];[0.96,1.00];[1.60,1.64];[0.04,0.08];[1.56,1.60]","prereg"
"ef77d871fc9d8db3d269aeac","[0.60,0.80];[1.80,2.00];[0.40,0.60];[0.00,0.20];[0.20,0.40];[1.20,1.40];[1.40,1.60];[1.60,1.80];[1.00,1.20];[2.00,0.00];[0.80,1.00]","prereg"
"b6db1668d86c040150943cd5","[1.20,1.40];[0.60,0.80];[0.20,0.40];[1.00,1.20];[1.40,1.60];[0.40,0.60];[2.00,0.00];[1.80,2.00];[0.00,0.20];[0.80,1.00];[1.60,1.80]","prereg"
"520d12815152e2d4ed129f3c","[0.00,0.20];[1.40,1.60];[2.00,0.00];[1.00,1.20];[1.80,2.00];[0.80,1.00];[0.40,0.60];[0.20,0.40];[1.60,1.80];[0.60,0.80];[1.20,1.40]","prereg"
"be4fa0542b2c7754a166b8a0","[0.20,0.40];[2.00,0.00];[1.20,1.40];[1.60,1.80];[1.80,2.00];[0.40,0.60];[1.00,1.20];[1.40,1.60];[0.80,1.00];[0.00,0.20];[0.60,0.80]","prereg"
"a6a1652403d4ef87e5a94625","[1.28,1.32];[1.88,1.92];[1.08,1.12];[1.52,1.56];[0.60,0.64];[2.00,0.00];[0.84,0.88];[0.52,0.56];[1.72,1.76];[1.12,1.16];[1.56,1.60];[0.16,0.20];[0.08,0.12];[1.24,1.28];[0.24,0.28];[1.96,2.00];[0.32,0.36];[0.00,0.04];[0.72,0.76];[0.20,0.24];[1.00,1.04];[0.40,0.44];[0.68,0.72];[1.48,1.52];[1.44,1.48];[0.44,0.48];[0.12,0.16];[0.04,0.08];[1.76,1.80];[0.80,0.84];[0.92,0.96];[1.68,1.72];[1.92,1.96];[1.16,1.20];[0.96,1.00];[1.04,1.08];[1.40,1.44];[0.76,0.80];[0.56,0.60];[1.80,1.84];[1.60,1.64];[0.28,0.32];[0.64,0.68];[0.48,0.52];[1.32,1.36];[1.20,1.24];[1.84,1.88];[0.36,0.40];[1.64,1.68];[1.36,1.40];[0.88,0.92]","prereg"
"52c049e13ae25030c3269e33","[1.56,1.60];[0.52,0.56];[1.44,1.48];[1.24,1.28];[1.68,1.72];[1.32,1.36];[0.12,0.16];[0.20,0.24];[0.72,0.76];[1.60,1.64];[0.60,0.64];[1.36,1.40];[0.68,0.72];[0.40,0.44];[1.88,1.92];[1.12,1.16];[0.44,0.48];[1.40,1.44];[0.84,0.88];[1.76,1.80];[0.00,0.04];[0.96,1.00];[0.04,0.08];[1.52,1.56];[0.24,0.28];[1.20,1.24];[1.28,1.32];[0.56,0.60];[0.28,0.32];[1.96,2.00];[0.80,0.84];[1.72,1.76];[1.08,1.12];[1.80,1.84];[1.48,1.52];[0.08,0.12];[1.16,1.20];[0.36,0.40];[0.32,0.36];[0.48,0.52];[1.00,1.04];[1.84,1.88];[0.16,0.20];[2.00,0.00];[0.92,0.96];[0.88,0.92];[0.64,0.68];[0.76,0.80];[1.64,1.68];[1.92,1.96];[1.04,1.08]","prereg"
"17e52cdb9833bda5f23b4ce5","[1.16,1.20];[0.88,0.92];[1.84,1.88];[1.12,1.16];[0.40,0.44];[0.28,0.32];[1.40,1.44];[0.80,0.84];[1.48,1.52];[0.60,0.64];[0.36,0.40];[1.68,1.72];[0.44,0.48];[0.48,0.52];[1.64,1.68];[0.64,0.68];[0.56,0.60];[0.84,0.88];[1.24,1.28];[0.68,0.72];[2.00,0.00];[1.88,1.92];[1.04,1.08];[0.72,0.76];[0.00,0.04];[0.96,1.00];[1.28,1.32];[0.04,0.08];[0.92,0.96];[0.12,0.16];[1.00,1.04];[1.44,1.48];[1.52,1.56];[1.20,1.24];[0.16,0.20];[1.80,1.84];[1.92,1.96];[1.08,1.12];[1.56,1.60];[0.76,0.80];[0.08,0.12];[1.76,1.80];[1.36,1.40];[1.96,2.00];[1.32,1.36];[0.52,0.56];[0.20,0.24];[0.24,0.28];[0.32,0.36];[1.72,1.76];[1.60,1.64]","prereg"
"c6264475d2dd8964db157302","[2.00,0.00];[0.24,0.28];[1.60,1.64];[1.20,1.24];[1.80,1.84];[1.32,1.36];[0.52,0.56];[0.64,0.68];[1.36,1.40];[1.04,1.08];[1.24,1.28];[0.72,0.76];[1.44,1.48];[0.92,0.96];[1.84,1.88];[1.00,1.04];[1.56,1.60];[0.84,0.88];[0.68,0.72];[0.12,0.16];[0.56,0.60];[0.00,0.04];[0.36,0.40];[0.32,0.36];[1.12,1.16];[0.76,0.80];[1.88,1.92];[0.08,0.12];[1.92,1.96];[0.80,0.84];[1.76,1.80];[0.48,0.52];[0.96,1.00];[1.96,2.00];[0.40,0.44];[1.16,1.20];[0.20,0.24];[1.28,1.32];[1.48,1.52];[0.88,0.92];[0.28,0.32];[1.68,1.72];[0.16,0.20];[1.40,1.44];[1.72,1.76];[0.04,0.08];[0.44,0.48];[1.08,1.12];[0.60,0.64];[1.52,1.56];[1.64,1.68]","prereg"
"f00dbce25c14fe24db90fce0","[2.00,0.00];[0.96,1.00];[1.36,1.40];[0.56,0.60];[0.88,0.92];[1.64,1.68];[0.80,0.84];[0.28,0.32];[1.08,1.12];[1.72,1.76];[1.40,1.44];[0.16,0.20];[1.92,1.96];[0.64,0.68];[0.92,0.96];[1.04,1.08];[1.32,1.36];[0.76,0.80];[1.88,1.92];[1.20,1.24];[0.48,0.52];[1.60,1.64];[0.44,0.48];[1.16,1.20];[1.12,1.16];[0.84,0.88];[1.76,1.80];[1.44,1.48];[0.52,0.56];[0.40,0.44];[0.08,0.12];[1.84,1.88];[0.36,0.40];[0.04,0.08];[0.24,0.28];[1.68,1.72];[0.60,0.64];[1.28,1.32];[1.24,1.28];[1.56,1.60];[0.20,0.24];[1.80,1.84];[0.00,0.04];[0.12,0.16];[1.52,1.56];[1.96,2.00];[0.68,0.72];[1.00,1.04];[0.32,0.36];[0.72,0.76];[1.48,1.52]","prereg"
"","[0.96,1.00];[1.48,1.52];[0.24,0.28];[0.60,0.64];[0.32,0.36];[1.40,1.44];[0.28,0.32];[1.68,1.72];[1.16,1.20];[0.80,0.84];[0.72,0.76];[1.32,1.36];[1.24,1.28];[1.80,1.84];[1.28,1.32];[0.56,0.60];[1.44,1.48];[0.84,0.88];[0.44,0.48];[0.16,0.20];[1.00,1.04];[1.88,1.92];[0.76,0.80];[1.08,1.12];[1.36,1.40];[0.20,0.24];[1.12,1.16];[0.36,0.40];[2.00,0.00];[0.92,0.96];[1.76,1.80];[0.88,0.92];[1.84,1.88];[1.92,1.96];[0.12,0.16];[1.52,1.56];[1.04,1.08];[1.64,1.68];[0.64,0.68];[0.08,0.12];[0.40,0.44];[1.72,1.76];[1.20,1.24];[0.00,0.04];[0.48,0.52];[1.96,2.00];[1.60,1.64];[1.56,1.60];[0.04,0.08];[0.52,0.56];[0.68,0.72]","prereg"
"","[1.60,1.80];[1.20,1.40];[1.00,1.20];[2.00,0.00];[0.80,1.00];[1.40,1.60];[0.20,0.40];[1.80,2.00];[0.60,0.80];[0.40,0.60];[0.00,0.20]","prereg"
"9c77930b682424a7513af687","[1.68,1.72];[0.52,0.56];[1.12,1.16];[0.72,0.76];[2.00,0.00];[1.04,1.08];[0.84,0.88];[1.40,1.44];[0.36,0.40];[0.80,0.84];[1.72,1.76];[1.08,1.12];[0.88,0.92];[0.32,0.36];[1.52,1.56];[0.48,0.52];[0.08,0.12];[0.12,0.16];[1.36,1.40];[1.32,1.36];[1.60,1.64];[1.84,1.88];[0.00,0.04];[0.20,0.24];[1.56,1.60];[0.60,0.64];[0.76,0.80];[1.92,1.96];[1.88,1.92];[1.44,1.48];[1.48,1.52];[1.24,1.28];[1.16,1.20];[0.44,0.48];[0.68,0.72];[1.80,1.84];[0.92,0.96];[0.28,0.32];[1.76,1.80];[1.28,1.32];[0.64,0.68];[0.40,0.44];[0.96,1.00];[1.96,2.00];[1.00,1.04];[0.16,0.20];[1.20,1.24];[0.56,0.60];[0.04,0.08];[1.64,1.68];[0.24,0.28]","prereg"
"26b404f4d1c227ec04184ca7","[0.48,0.52];[1.60,1.64];[1.08,1.12];[0.68,0.72];[0.72,0.76];[0.32,0.36];[1.12,1.16];[0.04,0.08];[0.36,0.40];[1.72,1.76];[1.80,1.84];[2.00,0.00];[0.52,0.56];[1.40,1.44];[1.56,1.60];[1.68,1.72];[0.20,0.24];[1.48,1.52];[1.28,1.32];[0.84,0.88];[1.00,1.04];[1.92,1.96];[0.56,0.60];[1.96,2.00];[0.00,0.04];[0.08,0.12];[0.28,0.32];[0.60,0.64];[0.16,0.20];[0.96,1.00];[0.80,0.84];[0.24,0.28];[1.16,1.20];[0.92,0.96];[0.12,0.16];[1.64,1.68];[0.64,0.68];[1.24,1.28];[1.04,1.08];[0.40,0.44];[1.52,1.56];[1.44,1.48];[1.84,1.88];[1.20,1.24];[0.44,0.48];[1.88,1.92];[1.32,1.36];[0.76,0.80];[0.88,0.92];[1.76,1.80];[1.36,1.40]","prereg"
"68b415eb23ec3fd5a1508905","[1.36,1.40];[0.92,0.96];[1.76,1.80];[1.28,1.32];[2.00,0.00];[0.72,0.76];[0.88,0.92];[0.08,0.12];[1.68,1.72];[0.64,0.68];[1.96,2.00];[0.48,0.52];[1.44,1.48];[1.60,1.64];[0.44,0.48];[0.68,0.72];[0.36,0.40];[0.28,0.32];[1.80,1.84];[1.08,1.12];[0.16,0.20];[0.04,0.08];[0.40,0.44];[1.20,1.24];[1.56,1.60];[1.52,1.56];[0.52,0.56];[1.72,1.76];[0.76,0.80];[0.20,0.24];[1.04,1.08];[1.00,1.04];[0.96,1.00];[0.80,0.84];[1.12,1.16];[0.60,0.64];[0.32,0.36];[1.40,1.44];[0.84,0.88];[1.64,1.68];[1.84,1.88];[1.32,1.36];[1.16,1.20];[0.00,0.04];[1.88,1.92];[0.24,0.28];[0.56,0.60];[1.24,1.28];[1.48,1.52];[0.12,0.16];[1.92,1.96]","prereg"
"","[1.24,1.28];[0.88,0.92];[0.92,0.96];[1.40,1.44];[1.52,1.56];[1.80,1.84];[0.80,0.84];[1.48,1.52];[1.56,1.60];[1.84,1.88];[1.20,1.24];[0.60,0.64];[1.16,1.20];[1.04,1.08];[0.12,0.16];[0.84,0.88];[0.08,0.12];[1.96,2.00];[0.52,0.56];[1.08,1.12];[0.76,0.80];[0.24,0.28];[0.36,0.40];[0.00,0.04];[0.56,0.60];[1.12,1.16];[1.28,1.32];[0.96,1.00];[1.44,1.48];[1.00,1.04];[1.64,1.68];[0.28,0.32];[1.76,1.80];[0.64,0.68];[0.04,0.08];[1.36,1.40];[1.68,1.72];[0.44,0.48];[0.32,0.36];[0.40,0.44];[1.60,1.64];[2.00,0.00];[1.32,1.36];[0.16,0.20];[0.20,0.24];[0.72,0.76];[0.48,0.52];[1.88,1.92];[1.92,1.96];[1.72,1.76];[0.68,0.72]","prereg"
"2adf9aeac53ce0ab1527d0b3","[1.80,2.00];[1.60,1.80];[0.00,0.20];[0.40,0.60];[0.60,0.80];[0.80,1.00];[2.00,0.00];[1.20,1.40];[0.20,0.40];[1.00,1.20];[1.40,1.60]","prereg"
"64ba0a6c7d2b1072045f779d","[2.00,0.00];[0.00,0.20];[1.80,2.00];[1.20,1.40];[1.00,1.20];[1.40,1.60];[0.40,0.60];[1.60,1.80];[0.80,1.00];[0.20,0.40];[0.60,0.80]","prereg"
"","[1.52,1.56];[0.40,0.44];[1.68,1.72];[0.72,0.76];[1.60,1.64];[0.16,0.20];[0.96,1.00];[0.48,0.52];[1.40,1.44];[1.88,1.92];[0.44,0.48];[1.16,1.20];[0.24,0.28];[1.72,1.76];[0.12,0.16];[1.32,1.36];[0.92,0.96];[0.08,0.12];[0.00,0.04];[1.92,1.96];[0.88,0.92];[1.96,2.00];[0.36,0.40];[1.20,1.24];[1.28,1.32];[0.76,0.80];[1.56,1.60];[2.00,0.00];[1.48,1.52];[1.04,1.08];[1.44,1.48];[0.64,0.68];[0.56,0.60];[0.60,0.64];[1.80,1.84];[0.80,0.84];[0.84,0.88];[0.68,0.72];[1.84,1.88];[0.04,0.08];[0.32,0.36];[1.24,1.28];[0.52,0.56];[1.76,1.80];[1.08,1.12];[1.00,1.04];[0.20,0.24];[1.12,1.16];[1.64,1.68];[1.36,1.40];[0.28,0.32]","prereg"
"498662dfb2b341b920b6c3ba","[0.40,0.60];[1.20,1.40];[0.20,0.40];[0.00,0.20];[2.00,0.00];[1.40,1.60];[1.80,2.00];[1.00,1.20];[1.60,1.80];[0.60,0.80];[0.80,1.00]","prereg"
"a2b5f9b5db61ca0dfa800a81","[0.00,0.20];[1.00,1.20];[1.60,1.80];[0.40,0.60];[2.00,0.00];[0.20,0.40];[0.80,1.00];[1.20,1.40];[0.60,0.80];[1.40,1.60];[1.80,2.00]","prereg"
"19c4afe5d0eaf15a89f45c8f","[0.60,0.80];[0.20,0.40];[1.00,1.20];[1.20,1.40];[1.40,1.60];[1.80,2.00];[0.00,0.20];[0.40,0.60];[0.80,1.00];[2.00,0.00];[1.60,1.80]","prereg"
"afc1b29afc9d49d5ba86ef4d","[0.88,0.92];[1.76,1.80];[1.24,1.28];[2.00,0.00];[0.92,0.96];[0.84,0.88];[0.16,0.20];[0.36,0.40];[1.44,1.48];[1.92,1.96];[0.44,0.48];[0.28,0.32];[0.08,0.12];[1.96,2.00];[0.04,0.08];[0.48,0.52];[1.28,1.32];[0.12,0.16];[0.72,0.76];[1.32,1.36];[1.60,1.64];[0.80,0.84];[1.84,1.88];[0.20,0.24];[0.32,0.36];[0.64,0.68];[1.88,1.92];[1.16,1.20];[0.96,1.00];[1.36,1.40];[0.40,0.44];[1.80,1.84];[1.48,1.52];[0.68,0.72];[1.00,1.04];[1.40,1.44];[1.20,1.24];[1.12,1.16];[0.56,0.60];[1.68,1.72];[0.00,0.04];[0.60,0.64];[1.04,1.08];[0.24,0.28];[0.76,0.80];[1.08,1.12];[1.64,1.68];[0.52,0.56];[1.72,1.76];[1.52,1.56];[1.56,1.60]","prereg"
"70a9ca110d64786c93a932d6","[0.00,0.20];[1.00,1.20];[2.00,0.00];[1.40,1.60];[1.60,1.80];[1.80,2.00];[0.60,0.80];[1.20,1.40];[0.20,0.40];[0.40,0.60];[0.80,1.00]","prereg"
"6532ae6f6537f2e7c35dabc3","[0.60,0.80];[0.20,0.40];[0.40,0.60];[1.40,1.60];[1.00,1.20];[0.00,0.20];[1.20,1.40];[1.60,1.80];[2.00,0.00];[0.80,1.00];[1.80,2.00]","prereg"
"","[0.28,0.32];[1.44,1.48];[0.52,0.56];[1.12,1.16];[0.20,0.24];[1.16,1.20];[0.76,0.80];[0.80,0.84];[0.60,0.64];[1.64,1.68];[1.24,1.28];[0.84,0.88];[1.76,1.80];[0.64,0.68];[0.16,0.20];[0.00,0.04];[0.36,0.40];[0.56,0.60];[1.92,1.96];[1.56,1.60];[1.80,1.84];[1.52,1.56];[0.24,0.28];[0.44,0.48];[1.60,1.64];[1.28,1.32];[0.72,0.76];[1.72,1.76];[0.92,0.96];[0.88,0.92];[1.40,1.44];[0.40,0.44];[1.00,1.04];[0.12,0.16];[0.08,0.12];[1.68,1.72];[1.96,2.00];[1.04,1.08];[0.68,0.72];[1.84,1.88];[1.32,1.36];[1.36,1.40];[1.20,1.24];[2.00,0.00];[0.48,0.52];[0.04,0.08];[1.08,1.12];[1.48,1.52];[0.96,1.00];[1.88,1.92];[0.32,0.36]","prereg"
"23cb760fc126e81362555f63","[0.20,0.24];[0.12,0.16];[0.52,0.56];[1.40,1.44];[0.36,0.40];[1.16,1.20];[2.00,0.00];[1.88,1.92];[1.24,1.28];[1.56,1.60];[1.80,1.84];[0.92,0.96];[1.28,1.32];[1.72,1.76];[0.60,0.64];[0.76,0.80];[0.96,1.00];[0.80,0.84];[1.60,1.64];[0.64,0.68];[0.44,0.48];[1.08,1.12];[1.36,1.40];[1.52,1.56];[1.48,1.52];[1.68,1.72];[1.04,1.08];[0.56,0.60];[0.84,0.88];[1.12,1.16];[0.28,0.32];[1.76,1.80];[0.68,0.72];[1.92,1.96];[0.08,0.12];[1.32,1.36];[0.04,0.08];[0.00,0.04];[1.64,1.68];[1.84,1.88];[0.72,0.76];[0.88,0.92];[0.24,0.28];[1.96,2.00];[1.44,1.48];[0.32,0.36];[1.00,1.04];[0.40,0.44];[0.16,0.20];[1.20,1.24];[0.48,0.52]","prereg"
"4f1a1fcd5a85493d514a40f8","[1.84,1.88];[1.24,1.28];[0.76,0.80];[1.44,1.48];[0.56,0.60];[1.28,1.32];[0.28,0.32];[1.36,1.40];[1.56,1.60];[0.64,0.68];[1.88,1.92];[0.80,0.84];[1.04,1.08];[0.68,0.72];[1.16,1.20];[1.96,2.00];[0.12,0.16];[1.48,1.52];[0.48,0.52];[1.32,1.36];[0.04,0.08];[1.60,1.64];[1.68,1.72];[0.44,0.48];[0.20,0.24];[1.92,1.96];[0.36,0.40];[0.16,0.20];[1.76,1.80];[1.08,1.12];[0.92,0.96];[1.12,1.16];[1.52,1.56];[1.20,1.24];[1.72,1.76];[1.00,1.04];[0.88,0.92];[0.40,0.44];[0.08,0.12];[1.80,1.84];[0.52,0.56];[0.32,0.36];[0.24,0.28];[1.40,1.44];[0.72,0.76];[0.00,0.04];[0.60,0.64];[0.96,1.00];[2.00,0.00];[0.84,0.88];[1.64,1.68]","prereg"
"79fdbdb0863a63ade23cdad4","[1.80,2.00];[1.20,1.40];[0.00,0.20];[1.40,1.60];[0.80,1.00];[2.00,0.00];[1.00,1.20];[0.40,0.60];[0.60,0.80];[1.60,1.80];[0.20,0.40]","prereg"
"773ba795ec274a5e063583e8","[1.00,1.20];[0.40,0.60];[0.60,0.80];[1.20,1.40];[1.40,1.60];[0.20,0.40];[2.00,0.00];[1.60,1.80];[1.80,2.00];[0.80,1.00];[0.00,0.20]","prereg"
"dcac648e3863024ca00fd698","[1.80,2.00];[2.00,0.00];[1.20,1.40];[1.00,1.20];[1.60,1.80];[0.60,0.80];[0.80,1.00];[0.00,0.20];[0.40,0.60];[1.40,1.60];[0.20,0.40]","prereg"
"37bdfe405a4a7e3dc1486464","[1.00,1.20];[1.60,1.80];[0.80,1.00];[0.00,0.20];[1.40,1.60];[1.80,2.00];[2.00,0.00];[0.20,0.40];[1.20,1.40];[0.40,0.60];[0.60,0.80]","prereg"
"aadf399e8985c78926bb7e70","[1.60,1.80];[1.80,2.00];[2.00,0.00];[0.60,0.80];[1.20,1.40];[1.00,1.20];[1.40,1.60];[0.00,0.20];[0.80,1.00];[0.20,0.40];[0.40,0.60]","prereg"
"44fcf4efff0061ac5546a8bf","[1.40,1.60];[2.00,0.00];[1.20,1.40];[0.40,0.60];[0.60,0.80];[0.80,1.00];[0.00,0.20];[1.80,2.00];[1.00,1.20];[1.60,1.80];[0.20,0.40]","prereg"
"4b5bb459863ed4f8a463d188","[0.04,0.08];[0.40,0.44];[0.88,0.92];[0.84,0.88];[1.60,1.64];[0.64,0.68];[1.32,1.36];[1.68,1.72];[1.88,1.92];[0.08,0.12];[0.72,0.76];[1.96,2.00];[1.40,1.44];[2.00,0.00];[0.52,0.56];[1.24,1.28];[1.92,1.96];[1.12,1.16];[1.56,1.60];[0.32,0.36];[1.08,1.12];[1.64,1.68];[1.00,1.04];[0.20,0.24];[1.36,1.40];[0.80,0.84];[0.60,0.64];[0.96,1.00];[0.48,0.52];[1.04,1.08];[1.28,1.32];[0.76,0.80];[1.44,1.48];[0.56,0.60];[1.48,1.52];[0.68,0.72];[0.92,0.96];[0.44,0.48];[1.84,1.88];[1.52,1.56];[1.72,1.76];[0.00,0.04];[1.16,1.20];[0.28,0.32];[0.16,0.20];[1.80,1.84];[1.20,1.24];[0.36,0.40];[1.76,1.80];[0.24,0.28];[0.12,0.16]","prereg"
"","[1.12,1.16];[0.36,0.40];[0.40,0.44];[0.80,0.84];[1.32,1.36];[0.24,0.28];[0.04,0.08];[0.64,0.68];[0.72,0.76];[1.40,1.44];[1.76,1.80];[1.92,1.96];[1.96,2.00];[0.00,0.04];[1.20,1.24];[1.16,1.20];[0.68,0.72];[1.72,1.76];[1.36,1.40];[1.80,1.84];[0.44,0.48];[0.76,0.80];[0.52,0.56];[1.00,1.04];[0.08,0.12];[0.96,1.00];[1.28,1.32];[2.00,0.00];[0.88,0.92];[1.88,1.92];[1.44,1.48];[1.04,1.08];[0.84,0.88];[1.52,1.56];[0.32,0.36];[1.68,1.72];[0.56,0.60];[1.84,1.88];[0.16,0.20];[0.92,0.96];[1.08,1.12];[0.48,0.52];[1.60,1.64];[0.12,0.16];[1.48,1.52];[0.60,0.64];[1.64,1.68];[1.24,1.28];[0.28,0.32];[1.56,1.60];[0.20,0.24]","prereg"
"1342929d97e5c5f6f8d41cf2","[1.40,1.60];[1.20,1.40];[0.00,0.20];[1.60,1.80];[2.00,0.00];[0.40,0.60];[0.20,0.40];[1.00,1.20];[0.80,1.00];[0.60,0.80];[1.80,2.00]","prereg"
"ae68b5286c7e832541d26406","[2.00,0.00];[1.00,1.20];[0.20,0.40];[1.60,1.80];[1.20,1.40];[0.80,1.00];[0.00,0.20];[0.60,0.80];[1.80,2.00];[0.40,0.60];[1.40,1.60]","prereg"
"4a9699084ed37eea5c1ab3dc","[0.00,0.20];[0.80,1.00];[2.00,0.00];[1.20,1.40];[0.60,0.80];[1.60,1.80];[1.80,2.00];[0.20,0.40];[0.40,0.60];[1.40,1.60];[1.00,1.20]","prereg"
"95ecf9f8d0eea9a93c4cbb01","[1.68,1.72];[0.84,0.88];[0.40,0.44];[0.56,0.60];[1.64,1.68];[0.08,0.12];[0.04,0.08];[1.00,1.04];[1.44,1.48];[0.96,1.00];[0.88,0.92];[1.72,1.76];[0.68,0.72];[0.20,0.24];[0.36,0.40];[0.80,0.84];[1.48,1.52];[1.60,1.64];[0.76,0.80];[1.12,1.16];[0.16,0.20];[1.84,1.88];[1.88,1.92];[0.12,0.16];[1.08,1.12];[0.32,0.36];[1.52,1.56];[1.32,1.36];[1.20,1.24];[2.00,0.00];[1.92,1.96];[1.76,1.80];[1.28,1.32];[0.24,0.28];[1.40,1.44];[0.48,0.52];[0.72,0.76];[1.36,1.40];[0.00,0.04];[0.44,0.48];[1.80,1.84];[0.64,0.68];[1.16,1.20];[0.52,0.56];[1.04,1.08];[1.96,2.00];[0.92,0.96];[1.24,1.28];[0.60,0.64];[1.56,1.60];[0.28,0.32]","prereg"
"","[1.52,1.56];[0.80,0.84];[0.88,0.92];[0.28,0.32];[0.64,0.68];[0.76,0.80];[1.36,1.40];[0.24,0.28];[1.08,1.12];[1.60,1.64];[1.76,1.80];[0.92,0.96];[0.52,0.56];[1.68,1.72];[1.84,1.88];[1.80,1.84];[1.04,1.08];[1.92,1.96];[1.16,1.20];[1.88,1.92];[1.64,1.68];[1.72,1.76];[1.96,2.00];[1.12,1.16];[0.20,0.24];[0.12,0.16];[1.24,1.28];[0.48,0.52];[0.40,0.44];[1.20,1.24];[0.60,0.64];[0.84,0.88];[1.28,1.32];[1.56,1.60];[1.00,1.04];[0.44,0.48];[0.72,0.76];[0.08,0.12];[0.04,0.08];[1.40,1.44];[1.48,1.52];[0.00,0.04];[1.44,1.48];[0.96,1.00];[0.16,0.20];[1.32,1.36];[0.32,0.36];[0.56,0.60];[2.00,0.00];[0.68,0.72];[0.36,0.40]","prereg"
"152b209127749272bdc264fb","[1.60,1.80];[1.20,1.40];[0.00,0.20];[0.60,0.80];[1.40,1.60];[1.80,2.00];[0.20,0.40];[0.80,1.00];[0.40,0.60];[2.00,0.00];[1.00,1.20]","prereg"
"1d1cf6ca980f94c02f8825d4","[1.80,1.84];[1.16,1.20];[1.04,1.08];[1.28,1.32];[1.40,1.44];[0.08,0.12];[1.52,1.56];[0.56,0.60];[0.40,0.44];[0.04,0.08];[1.48,1.52];[1.32,1.36];[0.24,0.28];[1.96,2.00];[1.72,1.76];[0.60,0.64];[0.48,0.52];[1.92,1.96];[1.20,1.24];[1.60,1.64];[1.44,1.48];[0.76,0.80];[1.08,1.12];[0.36,0.40];[0.80,0.84];[0.84,0.88];[1.64,1.68];[0.20,0.24];[0.72,0.76];[1.76,1.80];[1.88,1.92];[1.36,1.40];[0.28,0.32];[1.84,1.88];[0.12,0.16];[1.68,1.72];[0.88,0.92];[0.64,0.68];[0.96,1.00];[0.44,0.48];[1.00,1.04];[0.32,0.36];[1.12,1.16];[0.52,0.56];[2.00,0.00];[0.92,0.96];[1.24,1.28];[1.56,1.60];[0.16,0.20];[0.00,0.04];[0.68,0.72]","prereg"
"78c01836a42c2a0b66dcf850","[1.00,1.20];[0.00,0.20];[1.60,1.80];[2.00,0.00];[1.20,1.40];[0.40,0.60];[0.80,1.00];[0.60,0.80];[1.40,1.60];[0.20,0.40];[1.80,2.00]","prereg"
"8659c416b2c84127341b7bed","[1.24,1.28];[0.68,0.72];[1.84,1.88];[0.60,0.64];[1.64,1.68];[1.56,1.60];[0.36,0.40];[1.36,1.40];[0.08,0.12];[1.08,1.12];[0.16,0.20];[1.76,1.80];[1.72,1.76];[1.04,1.08];[1.60,1.64];[1.68,1.72];[1.44,1.48];[1.32,1.36];[0.28,0.32];[0.32,0.36];[1.52,1.56];[0.52,0.56];[0.80,0.84];[0.04,0.08];[0.96,1.00];[1.00,1.04];[1.12,1.16];[1.48,1.52];[0.12,0.16];[0.88,0.92];[0.56,0.60];[0.72,0.76];[1.92,1.96];[0.44,0.48];[2.00,0.00];[0.92,0.96];[1.80,1.84];[1.28,1.32];[1.88,1.92];[0.64,0.68];[0.40,0.44];[0.84,0.88];[0.24,0.28];[1.96,2.00];[0.48,0.52];[1.40,1.44];[1.16,1.20];[0.20,0.24];[1.20,1.24];[0.00,0.04];[0.76,0.80]","prereg"
"23e32e9e6df608e23c10b0e4","[1.80,1.84];[0.80,0.84];[1.44,1.48];[0.08,0.12];[0.64,0.68];[1.96,2.00];[0.84,0.88];[2.00,0.00];[1.76,1.80];[1.24,1.28];[0.48,0.52];[1.48,1.52];[0.00,0.04];[1.36,1.40];[0.68,0.72];[1.92,1.96];[0.12,0.16];[1.16,1.20];[0.36,0.40];[0.16,0.20];[0.88,0.92];[0.52,0.56];[1.40,1.44];[1.04,1.08];[1.72,1.76];[0.56,0.60];[1.52,1.56];[1.56,1.60];[0.40,0.44];[0.44,0.48];[1.64,1.68];[1.88,1.92];[1.00,1.04];[0.72,0.76];[0.60,0.64];[1.20,1.24];[0.28,0.32];[1.28,1.32];[0.92,0.96];[0.24,0.28];[1.60,1.64];[1.84,1.88];[1.68,1.72];[0.32,0.36];[1.32,1.36];[0.04,0.08];[1.12,1.16];[0.20,0.24];[0.76,0.80];[1.08,1.12];[0.96,1.00]","prereg"
"faaf42e6b7f89f9c2eb6e7e0","[1.60,1.80];[1.00,1.20];[1.40,1.60];[0.60,0.80];[0.80,1.00];[0.00,0.20];[1.80,2.00];[2.00,0.00];[1.20,1.40];[0.20,0.40];[0.40,0.60]","prereg"
"a40c93ae68ce560859fcca06","[0.80,1.00];[0.20,0.40];[1.00,1.20];[0.60,0.80];[0.00,0.20];[1.60,1.80];[1.20,1.40];[1.40,1.60];[0.40,0.60];[1.80,2.00];[2.00,0.00]","prereg"
"dad5929900d520cd0710b16d","[2.00,0.00];[0.40,0.60];[1.00,1.20];[1.80,2.00];[0.60,0.80];[1.40,1.60];[1.20,1.40];[1.60,1.80];[0.80,1.00];[0.20,0.40];[0.00,0.20]","prereg"
"95ef2e3876bcf11db782823d","[1.20,1.40];[0.20,0.40];[1.00,1.20];[1.40,1.60];[0.00,0.20];[0.40,0.60];[0.60,0.80];[2.00,0.00];[1.60,1.80];[1.80,2.00];[0.80,1.00]","prereg"
"43f9355814b73087e3f65445","[0.12,0.16];[1.72,1.76];[1.36,1.40];[0.48,0.52];[1.92,1.96];[1.48,1.52];[0.16,0.20];[1.12,1.16];[1.56,1.60];[1.68,1.72];[0.44,0.48];[1.20,1.24];[1.64,1.68];[1.84,1.88];[0.88,0.92];[0.80,0.84];[0.36,0.40];[1.00,1.04];[1.60,1.64];[0.60,0.64];[0.32,0.36];[0.24,0.28];[0.64,0.68];[1.32,1.36];[0.76,0.80];[1.88,1.92];[1.80,1.84];[0.40,0.44];[0.96,1.00];[1.28,1.32];[1.16,1.20];[0.92,0.96];[0.68,0.72];[1.52,1.56];[2.00,0.00];[0.72,0.76];[1.04,1.08];[0.52,0.56];[1.08,1.12];[0.20,0.24];[1.44,1.48];[0.56,0.60];[0.00,0.04];[0.04,0.08];[0.84,0.88];[0.08,0.12];[1.76,1.80];[0.28,0.32];[1.40,1.44];[1.24,1.28];[1.96,2.00]","prereg"
"af1748f21a79a63f323654e5","[0.00,0.20];[0.60,0.80];[1.00,1.20];[1.80,2.00];[0.40,0.60];[0.20,0.40];[1.20,1.40];[0.80,1.00];[1.60,1.80];[2.00,0.00];[1.40,1.60]","prereg"
"bc7c41143e0c77583ad78794","[0.08,0.12];[1.36,1.40];[0.44,0.48];[1.52,1.56];[1.72,1.76];[1.48,1.52];[1.56,1.60];[0.04,0.08];[0.64,0.68];[1.24,1.28];[0.52,0.56];[1.28,1.32];[2.00,0.00];[0.68,0.72];[0.20,0.24];[0.36,0.40];[1.92,1.96];[0.72,0.76];[1.00,1.04];[1.96,2.00];[0.88,0.92];[0.56,0.60];[0.24,0.28];[1.60,1.64];[0.60,0.64];[0.00,0.04];[0.80,0.84];[0.48,0.52];[0.40,0.44];[1.16,1.20];[0.28,0.32];[0.96,1.00];[1.12,1.16];[1.32,1.36];[1.20,1.24];[0.84,0.88];[1.84,1.88];[1.44,1.48];[1.64,1.68];[0.92,0.96];[1.68,1.72];[0.32,0.36];[1.08,1.12];[1.04,1.08];[1.80,1.84];[1.76,1.80];[0.12,0.16];[0.16,0.20];[1.40,1.44];[1.88,1.92];[0.76,0.80]","prereg"
"1cae2a39d8901f99e32d4d28","[0.96,1.00];[1.92,1.96];[1.32,1.36];[0.00,0.04];[1.56,1.60];[1.96,2.00];[0.32,0.36];[0.44,0.48];[1.04,1.08];[1.44,1.48];[0.12,0.16];[0.56,0.60];[1.12,1.16];[1.20,1.24];[1.76,1.80];[0.52,0.56];[0.20,0.24];[1.48,1.52];[0.16,0.20];[1.08,1.12];[1.40,1.44];[0.36,0.40];[1.28,1.32];[0.76,0.80];[1.36,1.40];[2.00,0.00];[0.60,0.64];[0.84,0.88];[0.48,0.52];[1.16,1.20];[0.08,0.12];[0.68,0.72];[0.92,0.96];[1.60,1.64];[1.52,1.56];[0.80,0.84];[0.24,0.28];[1.64,1.68];[1.80,1.84];[0.04,0.08];[1.00,1.04];[1.84,1.88];[0.64,0.68];[0.40,0.44];[1.68,1.72];[0.28,0.32];[0.72,0.76];[1.72,1.76];[1.88,1.92];[1.24,1.28];[0.88,0.92]","prereg"
"","[1.80,2.00];[0.80,1.00];[2.00,0.00];[0.20,0.40];[0.40,0.60];[0.60,0.80];[1.60,1.80];[1.20,1.40];[0.00,0.20];[1.00,1.20];[1.40,1.60]","prereg"
"4fa0ac6f64aff8748a03e495","[0.32,0.36];[0.12,0.16];[0.88,0.92];[0.28,0.32];[1.08,1.12];[1.88,1.92];[1.44,1.48];[1.52,1.56];[0.16,0.20];[1.28,1.32];[1.64,1.68];[1.84,1.88];[0.72,0.76];[0.92,0.96];[1.96,2.00];[0.20,0.24];[1.92,1.96];[1.04,1.08];[1.24,1.28];[1.40,1.44];[1.20,1.24];[0.44,0.48];[1.00,1.04];[0.96,1.00];[0.36,0.40];[2.00,0.00];[1.48,1.52];[0.76,0.80];[1.12,1.16];[1.80,1.84];[1.36,1.40];[0.52,0.56];[0.48,0.52];[1.60,1.64];[0.60,0.64];[1.16,1.20];[1.76,1.80];[0.68,0.72];[0.56,0.60];[0.40,0.44];[1.68,1.72];[0.24,0.28];[1.56,1.60];[0.64,0.68];[0.08,0.12];[1.72,1.76];[0.00,0.04];[0.04,0.08];[0.80,0.84];[1.32,1.36];[0.84,0.88]","prereg"
"61441ae4f20c4843d9e00247","[1.72,1.76];[1.60,1.64];[0.92,0.96];[1.28,1.32];[1.00,1.04];[0.64,0.68];[0.80,0.84];[1.96,2.00];[1.52,1.56];[1.48,1.52];[1.40,1.44];[1.84,1.88];[2.00,0.00];[1.24,1.28];[0.08,0.12];[0.04,0.08];[0.72,0.76];[0.24,0.28];[0.00,0.04];[0.16,0.20];[1.64,1.68];[1.80,1.84];[1.12,1.16];[0.44,0.48];[0.48,0.52];[0.76,0.80];[1.32,1.36];[1.36,1.40];[1.16,1.20];[1.08,1.12];[1.68,1.72];[1.88,1.92];[1.04,1.08];[1.76,1.80];[1.56,1.60];[0.20,0.24];[1.20,1.24];[0.32,0.36];[0.52,0.56];[0.12,0.16];[0.84,0.88];[0.96,1.00];[0.56,0.60];[0.68,0.72];[1.92,1.96];[0.28,0.32];[1.44,1.48];[0.60,0.64];[0.36,0.40];[0.40,0.44];[0.88,0.92]","prereg"
"c22113e61f6126ed824b8550","[0.52,0.56];[0.64,0.68];[0.20,0.24];[0.48,0.52];[1.40,1.44];[1.52,1.56];[0.56,0.60];[0.60,0.64];[0.76,0.80];[1.68,1.72];[0.16,0.20];[2.00,0.00];[1.56,1.60];[1.48,1.52];[1.44,1.48];[1.28,1.32];[0.36,0.40];[0.92,0.96];[1.72,1.76];[0.88,0.92];[0.08,0.12];[1.92,1.96];[0.04,0.08];[1.04,1.08];[1.80,1.84];[1.76,1.80];[1.88,1.92];[0.28,0.32];[1.64,1.68];[1.08,1.12];[1.00,1.04];[0.80,0.84];[1.96,2.00];[1.84,1.88];[1.36,1.40];[0.84,0.88];[0.68,0.72];[0.00,0.04];[1.32,1.36];[0.96,1.00];[1.20,1.24];[0.72,0.76];[0.40,0.44];[1.12,1.16];[0.44,0.48];[0.32,0.36];[1.24,1.28];[1.60,1.64];[1.16,1.20];[0.12,0.16];[0.24,0.28]","prereg"
"6f609c6ac1f260c78e18ee17","[0.20,0.40];[0.00,0.20];[1.40,1.60];[1.20,1.40];[0.60,0.80];[1.00,1.20];[0.80,1.00];[1.60,1.80];[1.80,2.00];[0.40,0.60];[2.00,0.00]","prereg"
"caf42801a963d09ad2ea8948","[1.80,2.00];[0.20,0.40];[0.40,0.60];[1.20,1.40];[2.00,0.00];[1.40,1.60];[0.60,0.80];[1.60,1.80];[1.00,1.20];[0.00,0.20];[0.80,1.00]","prereg"
"","[1.36,1.40];[1.20,1.24];[0.64,0.68];[1.16,1.20];[1.80,1.84];[0.48,0.52];[1.48,1.52];[1.08,1.12];[1.88,1.92];[1.56,1.60];[0.20,0.24];[0.80,0.84];[1.28,1.32];[1.24,1.28];[0.96,1.00];[1.44,1.48];[0.76,0.80];[0.36,0.40];[0.44,0.48];[1.32,1.36];[0.72,0.76];[1.96,2.00];[0.52,0.56];[0.92,0.96];[0.12,0.16];[1.84,1.88];[0.56,0.60];[1.00,1.04];[0.00,0.04];[0.24,0.28];[0.68,0.72];[0.16,0.20];[1.52,1.56];[1.76,1.80];[0.04,0.08];[1.12,1.16];[0.88,0.92];[1.64,1.68];[0.84,0.88];[1.04,1.08];[0.32,0.36];[1.92,1.96];[0.28,0.32];[1.72,1.76];[0.40,0.44];[1.40,1.44];[0.60,0.64];[1.68,1.72];[1.60,1.64];[0.08,0.12];[2.00,0.00]","prereg"
"dfdf1dbf19d52e2ba06343d3","[0.28,0.32];[1.28,1.32];[0.76,0.80];[1.24,1.28];[1.80,1.84];[1.72,1.76];[0.44,0.48];[1.44,1.48];[1.64,1.68];[0.96,1.00];[1.20,1.24];[1.32,1.36];[0.48,0.52];[0.64,0.68];[0.68,0.72];[1.00,1.04];[1.60,1.64];[0.52,0.56];[0.88,0.92];[1.76,1.80];[1.36,1.40];[0.60,0.64];[1.48,1.52];[0.80,0.84];[0.20,0.24];[1.04,1.08];[0.16,0.20];[0.72,0.76];[1.08,1.12];[0.32,0.36];[0.04,0.08];[0.56,0.60];[1.84,1.88];[2.00,0.00];[1.56,1.60];[1.88,1.92];[0.00,0.04];[0.08,0.12];[1.12,1.16];[1.52,1.56];[0.40,0.44];[1.92,1.96];[0.36,0.40];[1.40,1.44];[1.68,1.72];[1.96,2.00];[0.24,0.28];[0.92,0.96];[0.84,0.88];[1.16,1.20];[0.12,0.16]","prereg"
"","[1.20,1.40];[1.60,1.80];[1.40,1.60];[0.00,0.20];[0.80,1.00];[0.40,0.60];[0.20,0.40];[1.00,1.20];[0.60,0.80];[2.00,0.00];[1.80,2.00]","prereg"
"daccaee2290e308de5a78760","[1.80,2.00];[1.40,1.60];[0.80,1.00];[1.60,1.80];[0.00,0.20];[0.20,0.40];[0.60,0.80];[2.00,0.00];[1.00,1.20];[1.20,1.40];[0.40,0.60]","prereg"
"","[0.84,0.88];[1.32,1.36];[0.76,0.80];[1.84,1.88];[1.36,1.40];[0.24,0.28];[0.40,0.44];[1.40,1.44];[0.52,0.56];[1.88,1.92];[0.20,0.24];[0.08,0.12];[0.92,0.96];[0.56,0.60];[0.36,0.40];[0.16,0.20];[1.56,1.60];[0.88,0.92];[0.32,0.36];[1.20,1.24];[1.68,1.72];[0.80,0.84];[1.80,1.84];[0.04,0.08];[1.04,1.08];[1.76,1.80];[1.12,1.16];[0.00,0.04];[0.12,0.16];[1.44,1.48];[1.08,1.12];[0.44,0.48];[0.64,0.68];[1.64,1.68];[1.96,2.00];[0.60,0.64];[1.92,1.96];[0.28,0.32];[1.24,1.28];[0.48,0.52];[0.68,0.72];[1.60,1.64];[1.52,1.56];[0.96,1.00];[1.00,1.04];[0.72,0.76];[1.48,1.52];[1.28,1.32];[1.16,1.20];[1.72,1.76];[2.00,0.00]","prereg"
"5eef99eb2fdf9b0c447b272e","[0.40,0.44];[1.68,1.72];[1.76,1.80];[1.52,1.56];[1.08,1.12];[1.44,1.48];[1.56,1.60];[1.12,1.16];[1.84,1.88];[1.80,1.84];[1.96,2.00];[0.04,0.08];[1.64,1.68];[1.36,1.40];[1.04,1.08];[0.68,0.72];[1.28,1.32];[0.44,0.48];[1.24,1.28];[0.08,0.12];[0.16,0.20];[0.56,0.60];[1.92,1.96];[0.28,0.32];[0.32,0.36];[0.92,0.96];[1.32,1.36];[0.48,0.52];[1.48,1.52];[0.84,0.88];[0.80,0.84];[0.76,0.80];[0.60,0.64];[0.36,0.40];[0.52,0.56];[1.60,1.64];[0.24,0.28];[0.96,1.00];[1.00,1.04];[0.20,0.24];[0.12,0.16];[1.88,1.92];[0.72,0.76];[1.16,1.20];[1.72,1.76];[0.88,0.92];[1.20,1.24];[0.64,0.68];[1.40,1.44];[0.00,0.04];[2.00,0.00]","prereg"
"2cfbf45b26dc8f5c05a5af5b","[0.00,0.04];[1.16,1.20];[1.32,1.36];[1.12,1.16];[0.92,0.96];[1.00,1.04];[1.64,1.68];[0.56,0.60];[1.08,1.12];[1.40,1.44];[0.72,0.76];[0.76,0.80];[1.96,2.00];[1.56,1.60];[1.28,1.32];[1.84,1.88];[1.52,1.56];[1.04,1.08];[0.40,0.44];[0.88,0.92];[0.04,0.08];[0.20,0.24];[0.24,0.28];[0.16,0.20];[0.68,0.72];[0.60,0.64];[1.60,1.64];[1.24,1.28];[0.32,0.36];[0.84,0.88];[0.44,0.48];[1.48,1.52];[1.68,1.72];[1.44,1.48];[1.36,1.40];[0.36,0.40];[0.28,0.32];[0.08,0.12];[1.80,1.84];[0.80,0.84];[0.12,0.16];[0.64,0.68];[1.88,1.92];[1.20,1.24];[1.72,1.76];[0.52,0.56];[1.92,1.96];[0.48,0.52];[2.00,0.00];[0.96,1.00];[1.76,1.80]","prereg"
"","[1.80,2.00];[2.00,0.00];[1.40,1.60];[1.60,1.80];[0.00,0.20];[0.20,0.40];[1.20,1.40];[0.40,0.60];[1.00,1.20];[0.60,0.80];[0.80,1.00]","prereg"
"","[1.96,2.00];[1.40,1.44];[0.32,0.36];[1.56,1.60];[1.84,1.88];[1.80,1.84];[1.28,1.32];[1.44,1.48];[0.84,0.88];[0.68,0.72];[0.52,0.56];[1.64,1.68];[0.92,0.96];[0.04,0.08];[1.00,1.04];[1.24,1.28];[0.44,0.48];[1.48,1.52];[0.40,0.44];[1.68,1.72];[0.00,0.04];[1.16,1.20];[1.88,1.92];[1.60,1.64];[1.12,1.16];[0.20,0.24];[1.36,1.40];[2.00,0.00];[0.64,0.68];[0.76,0.80];[1.32,1.36];[0.12,0.16];[0.48,0.52];[0.28,0.32];[0.88,0.92];[0.56,0.60];[1.76,1.80];[0.72,0.76];[0.16,0.20];[1.04,1.08];[0.36,0.40];[1.08,1.12];[0.60,0.64];[1.92,1.96];[0.96,1.00];[0.24,0.28];[1.72,1.76];[0.08,0.12];[0.80,0.84];[1.20,1.24];[1.52,1.56]","prereg"
"a47a325e95638d016c679c4e","[1.40,1.44];[1.88,1.92];[0.40,0.44];[1.00,1.04];[0.88,0.92];[0.52,0.56];[0.56,0.60];[1.16,1.20];[1.96,2.00];[0.72,0.76];[0.24,0.28];[1.60,1.64];[1.08,1.12];[0.20,0.24];[1.76,1.80];[1.80,1.84];[1.92,1.96];[0.96,1.00];[2.00,0.00];[0.64,0.68];[0.32,0.36];[0.00,0.04];[1.20,1.24];[0.92,0.96];[1.12,1.16];[1.44,1.48];[1.64,1.68];[0.68,0.72];[0.84,0.88];[1.04,1.08];[0.44,0.48];[1.52,1.56];[1.28,1.32];[0.60,0.64];[1.32,1.36];[0.28,0.32];[1.72,1.76];[1.36,1.40];[0.04,0.08];[0.12,0.16];[1.68,1.72];[1.24,1.28];[0.16,0.20];[1.48,1.52];[0.76,0.80];[0.48,0.52];[1.56,1.60];[0.36,0.40];[1.84,1.88];[0.08,0.12];[0.80,0.84]","prereg"
"de9b7343a7579db4494a7420","[0.76,0.80];[1.88,1.92];[1.44,1.48];[0.00,0.04];[1.04,1.08];[0.68,0.72];[1.72,1.76];[1.00,1.04];[1.08,1.12];[0.60,0.64];[1.48,1.52];[0.56,0.60];[1.20,1.24];[0.16,0.20];[1.84,1.88];[1.40,1.44];[0.12,0.16];[0.48,0.52];[0.80,0.84];[1.68,1.72];[1.56,1.60];[0.72,0.76];[0.04,0.08];[1.24,1.28];[1.76,1.80];[1.36,1.40];[1.92,1.96];[0.44,0.48];[0.24,0.28];[1.32,1.36];[0.88,0.92];[1.28,1.32];[0.96,1.00];[1.12,1.16];[0.40,0.44];[0.92,0.96];[2.00,0.00];[0.28,0.32];[1.80,1.84];[1.16,1.20];[0.64,0.68];[1.60,1.64];[0.84,0.88];[0.08,0.12];[1.96,2.00];[0.52,0.56];[1.52,1.56];[0.36,0.40];[1.64,1.68];[0.32,0.36];[0.20,0.24]","prereg"
"0354588bb3c11323a1d6f91a","[2.00,0.00];[1.00,1.20];[0.80,1.00];[0.60,0.80];[0.00,0.20];[0.20,0.40];[1.40,1.60];[1.20,1.40];[1.60,1.80];[0.40,0.60];[1.80,2.00]","prereg"
"","[1.00,1.04];[0.76,0.80];[0.56,0.60];[0.96,1.00];[0.12,0.16];[0.08,0.12];[1.20,1.24];[1.92,1.96];[1.24,1.28];[0.88,0.92];[1.96,2.00];[0.28,0.32];[0.40,0.44];[0.52,0.56];[0.20,0.24];[1.72,1.76];[1.88,1.92];[0.48,0.52];[1.76,1.80];[1.64,1.68];[1.52,1.56];[1.12,1.16];[1.32,1.36];[1.48,1.52];[1.56,1.60];[1.36,1.40];[1.40,1.44];[0.72,0.76];[0.36,0.40];[0.16,0.20];[0.84,0.88];[0.64,0.68];[0.60,0.64];[0.24,0.28];[1.04,1.08];[0.00,0.04];[1.84,1.88];[1.68,1.72];[1.28,1.32];[0.44,0.48];[2.00,0.00];[0.32,0.36];[1.80,1.84];[1.60,1.64];[0.80,0.84];[1.08,1.12];[0.68,0.72];[0.04,0.08];[1.16,1.20];[0.92,0.96];[1.44,1.48]","prereg"
"","[0.16,0.20];[1.76,1.80];[0.36,0.40];[0.56,0.60];[1.12,1.16];[0.08,0.12];[1.44,1.48];[0.72,0.76];[1.52,1.56];[1.64,1.68];[0.64,0.68];[1.16,1.20];[1.88,1.92];[0.12,0.16];[1.60,1.64];[0.80,0.84];[0.92,0.96];[1.96,2.00];[0.52,0.56];[1.68,1.72];[1.00,1.04];[0.48,0.52];[1.92,1.96];[0.84,0.88];[1.48,1.52];[0.32,0.36];[0.00,0.04];[0.28,0.32];[1.32,1.36];[0.44,0.48];[1.56,1.60];[0.68,0.72];[1.20,1.24];[0.76,0.80];[1.08,1.12];[0.04,0.08];[1.84,1.88];[0.20,0.24];[0.96,1.00];[1.36,1.40];[1.80,1.84];[1.24,1.28];[1.28,1.32];[1.40,1.44];[1.04,1.08];[1.72,1.76];[2.00,0.00];[0.88,0.92];[0.24,0.28];[0.40,0.44];[0.60,0.64]","prereg"
"0d05ec1eacfaab87031f8777","[0.40,0.60];[0.60,0.80];[0.20,0.40];[0.80,1.00];[1.00,1.20];[1.40,1.60];[1.80,2.00];[2.00,0.00];[1.60,1.80];[1.20,1.40];[0.00,0.20]","prereg"
"2e559d0c01e357e0fff68c41","[1.72,1.76];[1.40,1.44];[1.96,2.00];[1.00,1.04];[0.60,0.64];[0.48,0.52];[1.80,1.84];[0.68,0.72];[1.36,1.40];[0.04,0.08];[1.56,1.60];[0.16,0.20];[1.52,1.56];[1.84,1.88];[0.84,0.88];[1.04,1.08];[0.28,0.32];[1.92,1.96];[0.20,0.24];[1.68,1.72];[1.76,1.80];[0.00,0.04];[1.64,1.68];[1.44,1.48];[0.12,0.16];[1.08,1.12];[0.08,0.12];[1.32,1.36];[0.36,0.40];[1.12,1.16];[0.40,0.44];[1.24,1.28];[0.72,0.76];[1.88,1.92];[2.00,0.00];[0.32,0.36];[0.92,0.96];[1.20,1.24];[0.44,0.48];[0.80,0.84];[1.28,1.32];[0.96,1.00];[0.24,0.28];[1.48,1.52];[0.56,0.60];[0.52,0.56];[1.16,1.20];[0.64,0.68];[1.60,1.64];[0.76,0.80];[0.88,0.92]","prereg"
"0ff12f90094e66ba246e754a","[1.52,1.56];[0.36,0.40];[0.52,0.56];[1.48,1.52];[0.32,0.36];[1.60,1.64];[1.92,1.96];[0.20,0.24];[0.24,0.28];[0.12,0.16];[0.92,0.96];[1.56,1.60];[1.28,1.32];[1.04,1.08];[0.64,0.68];[0.28,0.32];[0.08,0.12];[1.44,1.48];[1.24,1.28];[0.84,0.88];[2.00,0.00];[0.16,0.20];[1.76,1.80];[1.68,1.72];[1.08,1.12];[1.36,1.40];[1.16,1.20];[1.20,1.24];[0.80,0.84];[0.96,1.00];[0.60,0.64];[1.32,1.36];[1.12,1.16];[0.72,0.76];[1.64,1.68];[1.80,1.84];[0.48,0.52];[1.72,1.76];[0.04,0.08];[0.68,0.72];[1.88,1.92];[0.40,0.44];[1.40,1.44];[0.00,0.04];[0.76,0.80];[1.84,1.88];[0.56,0.60];[0.44,0.48];[0.88,0.92];[1.96,2.00];[1.00,1.04]","prereg"
"119a0d4522309ede7c9464c2","[0.00,0.20];[1.00,1.20];[1.40,1.60];[0.60,0.80];[0.20,0.40];[1.60,1.80];[0.40,0.60];[1.20,1.40];[2.00,0.00];[1.80,2.00];[0.80,1.00]","prereg"
"8b44d109d7f8215427480cde","[1.20,1.40];[1.80,2.00];[0.40,0.60];[1.40,1.60];[0.00,0.20];[1.00,1.20];[2.00,0.00];[0.20,0.40];[0.60,0.80];[0.80,1.00];[1.60,1.80]","prereg"
"f508c9e511b62c2600107935","[0.48,0.52];[1.88,1.92];[1.72,1.76];[1.52,1.56];[0.56,0.60];[0.28,0.32];[1.40,1.44];[0.96,1.00];[0.40,0.44];[0.44,0.48];[1.56,1.60];[0.76,0.80];[2.00,0.00];[0.24,0.28];[1.20,1.24];[0.64,0.68];[0.88,0.92];[1.16,1.20];[0.12,0.16];[0.32,0.36];[1.44,1.48];[1.08,1.12];[1.60,1.64];[1.00,1.04];[1.68,1.72];[1.92,1.96];[0.04,0.08];[0.60,0.64];[1.12,1.16];[1.48,1.52];[0.52,0.56];[1.76,1.80];[0.80,0.84];[0.16,0.20];[0.36,0.40];[0.92,0.96];[1.96,2.00];[1.24,1.28];[1.80,1.84];[0.08,0.12];[1.32,1.36];[0.00,0.04];[1.84,1.88];[1.28,1.32];[1.64,1.68];[0.72,0.76];[0.84,0.88];[0.20,0.24];[1.04,1.08];[0.68,0.72];[1.36,1.40]","prereg"
"b01294862d7636f8a91489f0","[0.80,1.00];[1.80,2.00];[0.00,0.20];[1.40,1.60];[0.20,0.40];[0.40,0.60];[0.60,0.80];[2.00,0.00];[1.20,1.40];[1.60,1.80];[1.00,1.20]","prereg"
"","[1.88,1.92];[1.40,1.44];[1.84,1.88];[0.92,0.96];[0.40,0.44];[0.36,0.40];[0.04,0.08];[0.48,0.52];[0.52,0.56];[1.76,1.80];[0.56,0.60];[1.56,1.60];[1.28,1.32];[1.20,1.24];[1.36,1.40];[1.60,1.64];[0.24,0.28];[2.00,0.00];[0.96,1.00];[1.32,1.36];[0.88,0.92];[0.32,0.36];[0.60,0.64];[1.64,1.68];[0.28,0.32];[1.48,1.52];[0.80,0.84];[1.12,1.16];[0.84,0.88];[1.24,1.28];[0.76,0.80];[1.80,1.84];[1.52,1.56];[0.64,0.68];[0.16,0.20];[0.72,0.76];[0.68,0.72];[1.44,1.48];[1.04,1.08];[0.12,0.16];[1.16,1.20];[0.20,0.24];[0.00,0.04];[1.08,1.12];[1.00,1.04];[1.96,2.00];[1.68,1.72];[0.44,0.48];[1.72,1.76];[0.08,0.12];[1.92,1.96]","prereg"
"","[0.00,0.20];[1.20,1.40];[0.80,1.00];[1.00,1.20];[0.20,0.40];[1.80,2.00];[0.40,0.60];[2.00,0.00];[1.40,1.60];[0.60,0.80];[1.60,1.80]","prereg"
"c45bfb5572d80a62514c6604","[0.12,0.16];[0.52,0.56];[1.76,1.80];[0.96,1.00];[1.68,1.72];[1.80,1.84];[1.48,1.52];[1.08,1.12];[1.88,1.92];[0.08,0.12];[1.40,1.44];[1.16,1.20];[1.28,1.32];[0.16,0.20];[0.40,0.44];[1.00,1.04];[0.64,0.68];[1.24,1.28];[0.36,0.40];[1.64,1.68];[1.92,1.96];[0.68,0.72];[0.24,0.28];[0.44,0.48];[0.72,0.76];[1.96,2.00];[0.56,0.60];[0.04,0.08];[0.92,0.96];[0.00,0.04];[0.20,0.24];[1.32,1.36];[1.36,1.40];[1.04,1.08];[0.48,0.52];[1.56,1.60];[0.32,0.36];[1.72,1.76];[1.52,1.56];[0.80,0.84];[0.88,0.92];[0.84,0.88];[0.28,0.32];[2.00,0.00];[1.60,1.64];[0.76,0.80];[0.60,0.64];[1.20,1.24];[1.12,1.16];[1.44,1.48];[1.84,1.88]","prereg"
"27d0a6dee1d0a9cde374804b","[1.88,1.92];[1.84,1.88];[1.40,1.44];[0.72,0.76];[1.44,1.48];[1.72,1.76];[1.28,1.32];[0.52,0.56];[1.56,1.60];[2.00,0.00];[0.12,0.16];[0.28,0.32];[0.68,0.72];[0.64,0.68];[1.80,1.84];[1.96,2.00];[1.52,1.56];[0.32,0.36];[0.00,0.04];[1.16,1.20];[0.76,0.80];[1.32,1.36];[1.00,1.04];[0.40,0.44];[1.20,1.24];[0.96,1.00];[1.60,1.64];[1.24,1.28];[1.76,1.80];[1.12,1.16];[0.60,0.64];[0.80,0.84];[0.84,0.88];[0.24,0.28];[0.88,0.92];[1.36,1.40];[1.64,1.68];[1.04,1.08];[1.48,1.52];[1.08,1.12];[0.20,0.24];[0.36,0.40];[0.48,0.52];[0.44,0.48];[0.04,0.08];[1.92,1.96];[0.56,0.60];[0.08,0.12];[1.68,1.72];[0.16,0.20];[0.92,0.96]","prereg"
"98f3b7b42aab77d6cd4adb6a","[0.60,0.80];[1.60,1.80];[1.80,2.00];[0.20,0.40];[1.00,1.20];[0.00,0.20];[0.40,0.60];[2.00,0.00];[1.40,1.60];[0.80,1.00];[1.20,1.40]","prereg"
"907e8d1d0b67c3f2c071919a","[1.32,1.36];[1.92,1.96];[1.12,1.16];[0.36,0.40];[0.52,0.56];[1.80,1.84];[1.16,1.20];[1.56,1.60];[0.72,0.76];[1.48,1.52];[0.84,0.88];[1.20,1.24];[0.92,0.96];[0.80,0.84];[0.12,0.16];[1.72,1.76];[1.68,1.72];[0.76,0.80];[0.16,0.20];[0.60,0.64];[0.44,0.48];[0.64,0.68];[0.96,1.00];[1.40,1.44];[1.28,1.32];[0.88,0.92];[2.00,0.00];[1.88,1.92];[1.96,2.00];[0.56,0.60];[0.40,0.44];[0.28,0.32];[0.00,0.04];[1.64,1.68];[0.24,0.28];[1.60,1.64];[1.84,1.88];[1.00,1.04];[1.04,1.08];[1.36,1.40];[0.48,0.52];[1.52,1.56];[0.32,0.36];[1.24,1.28];[1.76,1.80];[0.04,0.08];[0.20,0.24];[0.68,0.72];[0.08,0.12];[1.44,1.48];[1.08,1.12]","prereg"
"50f1f3218b639fd30e00bb6a","[1.60,1.80];[0.80,1.00];[0.00,0.20];[2.00,0.00];[0.60,0.80];[1.80,2.00];[1.40,1.60];[0.20,0.40];[1.20,1.40];[0.40,0.60];[1.00,1.20]","prereg"
"8fee8f51db49dd53ae139383","[0.32,0.36];[1.64,1.68];[0.04,0.08];[1.32,1.36];[1.76,1.80];[0.16,0.20];[0.88,0.92];[1.80,1.84];[1.40,1.44];[1.84,1.88];[1.52,1.56];[0.60,0.64];[1.56,1.60];[0.40,0.44];[0.52,0.56];[1.08,1.12];[2.00,0.00];[1.12,1.16];[1.72,1.76];[1.44,1.48];[0.12,0.16];[1.68,1.72];[0.92,0.96];[0.20,0.24];[1.60,1.64];[1.28,1.32];[1.88,1.92];[1.92,1.96];[1.96,2.00];[0.80,0.84];[1.24,1.28];[0.00,0.04];[0.08,0.12];[0.68,0.72];[0.84,0.88];[0.64,0.68];[1.16,1.20];[0.24,0.28];[0.28,0.32];[0.48,0.52];[0.96,1.00];[0.76,0.80];[1.00,1.04];[0.56,0.60];[1.36,1.40];[1.04,1.08];[0.36,0.40];[1.48,1.52];[1.20,1.24];[0.44,0.48];[0.72,0.76]","prereg"
"","[1.40,1.60];[0.20,0.40];[0.00,0.20];[1.60,1.80];[0.40,0.60];[0.60,0.80];[2.00,0.00];[1.20,1.40];[1.80,2.00];[0.80,1.00];[1.00,1.20]","prereg"
"33317cf1634272b2c7bfcb02","[0.64,0.68];[0.08,0.12];[1.08,1.12];[0.88,0.92];[1.64,1.68];[0.12,0.16];[1.68,1.72];[0.32,0.36];[1.76,1.80];[1.56,1.60];[0.76,0.80];[0.68,0.72];[1.32,1.36];[0.80,0.84];[0.72,0.76];[0.48,0.52];[0.52,0.56];[1.84,1.88];[1.24,1.28];[2.00,0.00];[1.04,1.08];[0.40,0.44];[0.92,0.96];[1.16,1.20];[0.28,0.32];[1.96,2.00];[1.28,1.32];[1.88,1.92];[0.20,0.24];[1.48,1.52];[0.04,0.08];[1.40,1.44];[1.60,1.64];[1.72,1.76];[1.36,1.40];[0.24,0.28];[1.52,1.56];[1.80,1.84];[1.92,1.96];[1.44,1.48];[0.96,1.00];[1.20,1.24];[0.00,0.04];[0.44,0.48];[0.16,0.20];[0.84,0.88];[0.56,0.60];[0.60,0.64];[1.12,1.16];[1.00,1.04];[0.36,0.40]","prereg"
"67ff8463260741f340688099","[0.60,0.80];[0.40,0.60];[1.20,1.40];[0.00,0.20];[1.00,1.20];[1.80,2.00];[1.40,1.60];[1.60,1.80];[0.80,1.00];[0.20,0.40];[2.00,0.00]","prereg"
"4969a219a8f39286390dba35","[1.96,2.00];[1.04,1.08];[0.16,0.20];[0.04,0.08];[0.12,0.16];[1.56,1.60];[1.32,1.36];[1.24,1.28];[1.84,1.88];[0.48,0.52];[0.68,0.72];[0.28,0.32];[1.36,1.40];[0.64,0.68];[0.56,0.60];[0.52,0.56];[1.72,1.76];[1.16,1.20];[1.28,1.32];[1.52,1.56];[0.96,1.00];[0.36,0.40];[0.88,0.92];[0.32,0.36];[0.60,0.64];[0.00,0.04];[1.44,1.48];[1.40,1.44];[0.08,0.12];[1.20,1.24];[2.00,0.00];[1.48,1.52];[1.80,1.84];[0.72,0.76];[1.92,1.96];[0.76,0.80];[0.24,0.28];[1.12,1.16];[1.64,1.68];[0.44,0.48];[0.80,0.84];[1.00,1.04];[1.88,1.92];[1.08,1.12];[1.60,1.64];[1.68,1.72];[0.84,0.88];[0.20,0.24];[0.40,0.44];[0.92,0.96];[1.76,1.80]","prereg"
"6da578097a0becbced102a12","[0.48,0.52];[0.00,0.04];[1.00,1.04];[1.04,1.08];[1.64,1.68];[0.28,0.32];[0.16,0.20];[1.08,1.12];[0.20,0.24];[1.16,1.20];[1.88,1.92];[0.32,0.36];[1.72,1.76];[0.12,0.16];[1.96,2.00];[1.44,1.48];[1.24,1.28];[0.64,0.68];[1.84,1.88];[1.92,1.96];[0.92,0.96];[1.52,1.56];[0.24,0.28];[0.36,0.40];[0.56,0.60];[0.84,0.88];[0.96,1.00];[0.76,0.80];[1.32,1.36];[1.40,1.44];[1.80,1.84];[1.36,1.40];[1.12,1.16];[1.20,1.24];[0.08,0.12];[2.00,0.00];[0.60,0.64];[1.60,1.64];[0.72,0.76];[1.68,1.72];[0.80,0.84];[0.44,0.48];[1.48,1.52];[1.28,1.32];[0.88,0.92];[0.04,0.08];[1.56,1.60];[0.68,0.72];[1.76,1.80];[0.40,0.44];[0.52,0.56]","prereg"
"1163696e5b84a3343927fedb","[1.60,1.80];[1.80,2.00];[2.00,0.00];[1.20,1.40];[0.20,0.40];[1.40,1.60];[0.80,1.00];[0.40,0.60];[0.60,0.80];[0.00,0.20];[1.00,1.20]","prereg"
"0c451dbe1deef0b2c56e4146","[0.40,0.60];[1.80,2.00];[0.60,0.80];[0.80,1.00];[0.20,0.40];[0.00,0.20];[1.00,1.20];[1.20,1.40];[1.60,1.80];[1.40,1.60];[2.00,0.00]","prereg"
"d6e7da36e8059e0bb0164f11","[0.88,0.92];[0.36,0.40];[1.44,1.48];[1.68,1.72];[0.16,0.20];[1.76,1.80];[0.72,0.76];[1.08,1.12];[1.52,1.56];[0.64,0.68];[0.92,0.96];[0.24,0.28];[1.12,1.16];[0.68,0.72];[0.84,0.88];[0.32,0.36];[0.40,0.44];[1.80,1.84];[0.12,0.16];[0.80,0.84];[1.28,1.32];[0.56,0.60];[1.92,1.96];[0.52,0.56];[1.56,1.60];[1.96,2.00];[1.00,1.04];[1.88,1.92];[1.20,1.24];[2.00,0.00];[1.72,1.76];[1.36,1.40];[0.04,0.08];[1.32,1.36];[0.48,0.52];[0.76,0.80];[1.24,1.28];[1.48,1.52];[0.20,0.24];[0.08,0.12];[1.64,1.68];[0.00,0.04];[1.40,1.44];[0.28,0.32];[1.16,1.20];[1.04,1.08];[0.60,0.64];[1.84,1.88];[0.44,0.48];[0.96,1.00];[1.60,1.64]","prereg"
"837f8f0e34798defe4b89bde","[0.00,0.20];[2.00,0.00];[1.60,1.80];[0.20,0.40];[1.40,1.60];[0.80,1.00];[0.40,0.60];[1.20,1.40];[1.80,2.00];[1.00,1.20];[0.60,0.80]","prereg"
"abf5903a4f44208c0259d9c2","[1.36,1.40];[0.28,0.32];[1.76,1.80];[1.80,1.84];[0.20,0.24];[1.32,1.36];[0.68,0.72];[0.80,0.84];[1.48,1.52];[0.60,0.64];[0.40,0.44];[0.24,0.28];[0.88,0.92];[0.08,0.12];[0.84,0.88];[1.92,1.96];[0.32,0.36];[0.04,0.08];[0.96,1.00];[1.72,1.76];[0.36,0.40];[0.76,0.80];[2.00,0.00];[0.12,0.16];[0.72,0.76];[1.40,1.44];[1.84,1.88];[1.20,1.24];[1.16,1.20];[1.04,1.08];[1.56,1.60];[1.24,1.28];[0.52,0.56];[1.00,1.04];[1.08,1.12];[1.64,1.68];[0.64,0.68];[1.28,1.32];[0.48,0.52];[1.68,1.72];[1.88,1.92];[0.56,0.60];[0.00,0.04];[0.92,0.96];[1.96,2.00];[1.44,1.48];[0.16,0.20];[1.60,1.64];[1.12,1.16];[0.44,0.48];[1.52,1.56]","prereg"
"9f51baaf24e1f3a2f7b0aa77","[1.60,1.80];[1.80,2.00];[1.40,1.60];[1.20,1.40];[0.20,0.40];[0.80,1.00];[1.00,1.20];[0.40,0.60];[0.60,0.80];[2.00,0.00];[0.00,0.20]","prereg"
"8543a62d36ddc3d02750c9de","[1.84,1.88];[0.88,0.92];[1.28,1.32];[1.92,1.96];[0.56,0.60];[1.00,1.04];[0.52,0.56];[1.68,1.72];[1.44,1.48];[0.00,0.04];[1.32,1.36];[0.20,0.24];[1.60,1.64];[0.80,0.84];[0.08,0.12];[1.24,1.28];[0.84,0.88];[1.80,1.84];[0.32,0.36];[0.12,0.16];[0.04,0.08];[1.56,1.60];[0.72,0.76];[0.24,0.28];[0.96,1.00];[1.48,1.52];[0.68,0.72];[0.92,0.96];[0.60,0.64];[1.16,1.20];[1.96,2.00];[1.36,1.40];[0.64,0.68];[0.48,0.52];[1.40,1.44];[1.88,1.92];[1.04,1.08];[1.64,1.68];[0.40,0.44];[2.00,0.00];[1.76,1.80];[1.08,1.12];[0.28,0.32];[1.20,1.24];[1.72,1.76];[0.44,0.48];[1.52,1.56];[1.12,1.16];[0.16,0.20];[0.36,0.40];[0.76,0.80]","prereg"
"1bd42b3310028dacea63941d","[0.00,0.04];[1.80,1.84];[1.64,1.68];[1.00,1.04];[0.84,0.88];[0.28,0.32];[0.20,0.24];[0.60,0.64];[1.24,1.28];[1.04,1.08];[0.12,0.16];[1.48,1.52];[1.92,1.96];[0.72,0.76];[1.76,1.80];[0.04,0.08];[1.28,1.32];[1.84,1.88];[0.88,0.92];[0.24,0.28];[0.52,0.56];[1.72,1.76];[1.20,1.24];[1.96,2.00];[1.56,1.60];[1.68,1.72];[1.16,1.20];[0.68,0.72];[1.52,1.56];[0.44,0.48];[1.40,1.44];[0.92,0.96];[1.88,1.92];[0.16,0.20];[0.80,0.84];[0.56,0.60];[1.08,1.12];[2.00,0.00];[0.40,0.44];[1.44,1.48];[0.64,0.68];[1.32,1.36];[0.76,0.80];[0.32,0.36];[1.36,1.40];[1.12,1.16];[0.48,0.52];[0.08,0.12];[1.60,1.64];[0.36,0.40];[0.96,1.00]","prereg"
"b60926794908cea750cdd574","[0.00,0.20];[1.20,1.40];[0.40,0.60];[0.80,1.00];[1.40,1.60];[1.00,1.20];[1.60,1.80];[1.80,2.00];[0.60,0.80];[2.00,0.00];[0.20,0.40]","prereg"
"c129a94accc26d2793d9fb7b","[1.20,1.40];[0.80,1.00];[1.80,2.00];[0.60,0.80];[1.60,1.80];[0.40,0.60];[1.40,1.60];[2.00,0.00];[0.00,0.20];[1.00,1.20];[0.20,0.40]","prereg"
"","[1.52,1.56];[0.16,0.20];[1.96,2.00];[0.32,0.36];[1.24,1.28];[0.84,0.88];[0.56,0.60];[1.40,1.44];[0.76,0.80];[0.92,0.96];[0.48,0.52];[0.08,0.12];[0.88,0.92];[1.04,1.08];[0.40,0.44];[1.20,1.24];[0.00,0.04];[1.64,1.68];[1.60,1.64];[0.44,0.48];[0.28,0.32];[0.96,1.00];[1.32,1.36];[1.48,1.52];[0.52,0.56];[1.68,1.72];[0.60,0.64];[0.20,0.24];[1.84,1.88];[1.80,1.84];[0.72,0.76];[1.76,1.80];[1.92,1.96];[1.44,1.48];[1.56,1.60];[1.08,1.12];[1.16,1.20];[0.80,0.84];[2.00,0.00];[0.12,0.16];[1.12,1.16];[1.88,1.92];[1.72,1.76];[0.04,0.08];[0.68,0.72];[1.36,1.40];[0.64,0.68];[0.24,0.28];[0.36,0.40];[1.00,1.04];[1.28,1.32]","prereg"
"13899b05289a6d982a42d75e","[0.00,0.20];[1.60,1.80];[0.60,0.80];[1.20,1.40];[0.20,0.40];[1.40,1.60];[0.80,1.00];[1.00,1.20];[1.80,2.00];[0.40,0.60];[2.00,0.00]","prereg"
"4f2fd2d6df30e8ca39b261ab","[1.00,1.20];[1.20,1.40];[2.00,0.00];[1.80,2.00];[1.40,1.60];[0.60,0.80];[0.40,0.60];[0.80,1.00];[0.00,0.20];[1.60,1.80];[0.20,0.40]","prereg"
"","[2.00,0.00];[1.00,1.20];[0.60,0.80];[0.00,0.20];[1.80,2.00];[1.60,1.80];[0.20,0.40];[1.20,1.40];[0.40,0.60];[1.40,1.60];[0.80,1.00]","prereg"
"fee5a8ddbb14450719b8d356","[1.04,1.08];[1.24,1.28];[1.12,1.16];[1.84,1.88];[0.96,1.00];[0.84,0.88];[1.64,1.68];[1.60,1.64];[1.40,1.44];[0.00,0.04];[1.28,1.32];[1.00,1.04];[1.52,1.56];[0.32,0.36];[0.40,0.44];[1.92,1.96];[0.36,0.40];[1.44,1.48];[0.60,0.64];[0.28,0.32];[0.64,0.68];[1.96,2.00];[0.04,0.08];[1.48,1.52];[0.72,0.76];[1.32,1.36];[1.88,1.92];[1.68,1.72];[0.88,0.92];[2.00,0.00];[0.52,0.56];[1.72,1.76];[1.76,1.80];[1.08,1.12];[1.80,1.84];[1.16,1.20];[0.80,0.84];[0.16,0.20];[1.56,1.60];[0.76,0.80];[0.48,0.52];[1.36,1.40];[1.20,1.24];[0.56,0.60];[0.92,0.96];[0.68,0.72];[0.08,0.12];[0.20,0.24];[0.44,0.48];[0.12,0.16];[0.24,0.28]","prereg"
"2cf8f39b39020aef35aefdb6","[1.28,1.32];[1.32,1.36];[1.36,1.40];[1.08,1.12];[0.00,0.04];[1.24,1.28];[1.56,1.60];[0.28,0.32];[1.76,1.80];[1.68,1.72];[1.72,1.76];[1.40,1.44];[0.88,0.92];[1.84,1.88];[0.84,0.88];[0.44,0.48];[0.68,0.72];[1.12,1.16];[0.80,0.84];[0.12,0.16];[1.04,1.08];[0.56,0.60];[0.24,0.28];[0.52,0.56];[0.32,0.36];[2.00,0.00];[1.00,1.04];[0.64,0.68];[1.88,1.92];[1.60,1.64];[0.72,0.76];[0.08,0.12];[0.36,0.40];[1.92,1.96];[0.96,1.00];[0.20,0.24];[1.80,1.84];[1.52,1.56];[1.96,2.00];[1.16,1.20];[1.20,1.24];[1.44,1.48];[1.64,1.68];[0.40,0.44];[0.48,0.52];[0.60,0.64];[0.04,0.08];[0.92,0.96];[0.76,0.80];[1.48,1.52];[0.16,0.20]","prereg"
"307b8287f4cb57dc6d716b68","[0.60,0.80];[1.40,1.60];[0.80,1.00];[1.80,2.00];[1.60,1.80];[0.40,0.60];[0.00,0.20];[1.00,1.20];[1.20,1.40];[0.20,0.40];[2.00,0.00]","prereg"
"9761f118ce9766a03dc26834","[0.60,0.64];[1.12,1.16];[0.32,0.36];[0.48,0.52];[1.56,1.60];[1.00,1.04];[0.76,0.80];[1.20,1.24];[1.04,1.08];[0.56,0.60];[1.08,1.12];[1.96,2.00];[0.80,0.84];[1.28,1.32];[1.80,1.84];[1.16,1.20];[0.36,0.40];[0.12,0.16];[1.24,1.28];[0.72,0.76];[1.52,1.56];[1.32,1.36];[0.52,0.56];[1.60,1.64];[2.00,0.00];[1.76,1.80];[0.88,0.92];[0.28,0.32];[0.96,1.00];[1.48,1.52];[0.68,0.72];[0.84,0.88];[0.44,0.48];[1.64,1.68];[0.40,0.44];[1.88,1.92];[1.40,1.44];[0.20,0.24];[1.92,1.96];[1.84,1.88];[1.68,1.72];[0.08,0.12];[0.00,0.04];[0.64,0.68];[0.04,0.08];[1.44,1.48];[1.72,1.76];[1.36,1.40];[0.92,0.96];[0.24,0.28];[0.16,0.20]","prereg"
"d1416d947f33c641491d4f76","[1.84,1.88];[0.40,0.44];[0.52,0.56];[0.60,0.64];[1.04,1.08];[1.08,1.12];[2.00,0.00];[0.00,0.04];[1.12,1.16];[1.44,1.48];[1.80,1.84];[0.36,0.40];[0.32,0.36];[1.64,1.68];[1.00,1.04];[1.32,1.36];[1.72,1.76];[1.96,2.00];[1.40,1.44];[0.64,0.68];[1.16,1.20];[0.88,0.92];[0.56,0.60];[0.28,0.32];[1.92,1.96];[1.60,1.64];[0.92,0.96];[1.24,1.28];[0.80,0.84];[0.84,0.88];[0.04,0.08];[0.72,0.76];[0.20,0.24];[1.36,1.40];[1.68,1.72];[1.28,1.32];[1.76,1.80];[1.88,1.92];[0.44,0.48];[1.48,1.52];[0.08,0.12];[0.12,0.16];[0.16,0.20];[1.52,1.56];[0.76,0.80];[0.68,0.72];[0.48,0.52];[1.20,1.24];[1.56,1.60];[0.24,0.28];[0.96,1.00]","prereg"
"26ddd5b4d3393d54e1219139","[0.40,0.60];[0.80,1.00];[0.60,0.80];[1.80,2.00];[1.60,1.80];[1.20,1.40];[2.00,0.00];[0.20,0.40];[1.40,1.60];[1.00,1.20];[0.00,0.20]","prereg"
"4f8cf2c6592cf99f638494ff","[1.08,1.12];[1.76,1.80];[0.32,0.36];[0.44,0.48];[1.92,1.96];[1.28,1.32];[1.88,1.92];[0.28,0.32];[0.48,0.52];[0.64,0.68];[0.36,0.40];[0.12,0.16];[0.08,0.12];[1.16,1.20];[1.40,1.44];[0.40,0.44];[1.44,1.48];[1.36,1.40];[0.24,0.28];[1.20,1.24];[0.16,0.20];[0.60,0.64];[1.56,1.60];[2.00,0.00];[0.84,0.88];[1.72,1.76];[1.68,1.72];[1.12,1.16];[0.04,0.08];[1.96,2.00];[1.32,1.36];[0.20,0.24];[1.24,1.28];[0.68,0.72];[0.76,0.80];[0.88,0.92];[1.48,1.52];[1.52,1.56];[1.04,1.08];[0.00,0.04];[1.64,1.68];[0.80,0.84];[1.80,1.84];[1.84,1.88];[0.72,0.76];[1.00,1.04];[0.52,0.56];[0.56,0.60];[1.60,1.64];[0.96,1.00];[0.92,0.96]","prereg"
"","[1.76,1.80];[1.52,1.56];[1.12,1.16];[1.24,1.28];[1.36,1.40];[1.00,1.04];[1.68,1.72];[0.20,0.24];[0.84,0.88];[0.96,1.00];[1.32,1.36];[1.16,1.20];[0.68,0.72];[0.12,0.16];[1.04,1.08];[2.00,0.00];[0.16,0.20];[0.60,0.64];[0.48,0.52];[0.36,0.40];[1.20,1.24];[0.80,0.84];[1.28,1.32];[1.92,1.96];[0.24,0.28];[0.40,0.44];[0.72,0.76];[1.08,1.12];[0.64,0.68];[1.88,1.92];[1.80,1.84];[1.56,1.60];[1.60,1.64];[0.76,0.80];[1.44,1.48];[0.52,0.56];[0.08,0.12];[1.48,1.52];[0.04,0.08];[0.32,0.36];[0.56,0.60];[0.92,0.96];[1.96,2.00];[0.44,0.48];[0.00,0.04];[0.88,0.92];[1.64,1.68];[1.72,1.76];[1.40,1.44];[0.28,0.32];[1.84,1.88]","prereg"
"","[0.72,0.76];[1.20,1.24];[0.24,0.28];[1.72,1.76];[0.20,0.24];[0.40,0.44];[0.68,0.72];[0.56,0.60];[1.52,1.56];[0.92,0.96];[0.52,0.56];[1.48,1.52];[0.48,0.52];[1.60,1.64];[1.32,1.36];[0.60,0.64];[1.16,1.20];[1.76,1.80];[0.32,0.36];[1.92,1.96];[0.08,0.12];[1.84,1.88];[1.88,1.92];[1.56,1.60];[0.96,1.00];[0.80,0.84];[1.40,1.44];[0.88,0.92];[0.44,0.48];[1.08,1.12];[1.00,1.04];[0.12,0.16];[1.36,1.40];[1.96,2.00];[1.68,1.72];[1.80,1.84];[1.64,1.68];[1.28,1.32];[0.64,0.68];[1.44,1.48];[1.24,1.28];[0.36,0.40];[0.28,0.32];[1.12,1.16];[0.76,0.80];[2.00,0.00];[0.16,0.20];[1.04,1.08];[0.00,0.04];[0.04,0.08];[0.84,0.88]","prereg"
"","[0.48,0.52];[0.88,0.92];[1.00,1.04];[0.96,1.00];[1.64,1.68];[1.92,1.96];[1.44,1.48];[1.52,1.56];[1.84,1.88];[1.48,1.52];[0.80,0.84];[0.68,0.72];[0.24,0.28];[1.88,1.92];[1.16,1.20];[0.04,0.08];[0.20,0.24];[0.08,0.12];[1.40,1.44];[0.36,0.40];[0.56,0.60];[0.60,0.64];[0.40,0.44];[0.32,0.36];[1.68,1.72];[0.00,0.04];[0.92,0.96];[1.20,1.24];[1.72,1.76];[0.12,0.16];[0.76,0.80];[0.28,0.32];[1.12,1.16];[1.76,1.80];[1.28,1.32];[1.96,2.00];[0.52,0.56];[1.80,1.84];[2.00,0.00];[1.60,1.64];[1.32,1.36];[1.04,1.08];[0.64,0.68];[1.24,1.28];[0.16,0.20];[1.56,1.60];[0.72,0.76];[0.84,0.88];[0.44,0.48];[1.08,1.12];[1.36,1.40]","prereg"
"","[1.96,2.00];[1.72,1.76];[1.40,1.44];[1.08,1.12];[0.24,0.28];[1.24,1.28];[0.76,0.80];[1.44,1.48];[0.68,0.72];[0.92,0.96];[0.12,0.16];[1.84,1.88];[1.88,1.92];[1.56,1.60];[1.12,1.16];[1.00,1.04];[1.28,1.32];[0.56,0.60];[1.92,1.96];[0.52,0.56];[1.80,1.84];[1.36,1.40];[0.96,1.00];[0.00,0.04];[0.16,0.20];[1.76,1.80];[0.08,0.12];[0.64,0.68];[1.04,1.08];[0.60,0.64];[1.32,1.36];[1.16,1.20];[0.72,0.76];[0.36,0.40];[0.40,0.44];[0.32,0.36];[0.28,0.32];[1.48,1.52];[2.00,0.00];[1.64,1.68];[1.68,1.72];[0.44,0.48];[0.88,0.92];[0.04,0.08];[1.52,1.56];[0.20,0.24];[0.84,0.88];[0.48,0.52];[1.20,1.24];[0.80,0.84];[1.60,1.64]","prereg"
"","[0.28,0.32];[1.40,1.44];[0.52,0.56];[0.48,0.52];[1.60,1.64];[1.84,1.88];[0.64,0.68];[1.68,1.72];[0.32,0.36];[0.08,0.12];[0.20,0.24];[1.20,1.24];[1.88,1.92];[1.48,1.52];[0.40,0.44];[0.80,0.84];[1.76,1.80];[1.24,1.28];[1.64,1.68];[0.44,0.48];[1.52,1.56];[0.60,0.64];[0.56,0.60];[1.44,1.48];[1.32,1.36];[1.00,1.04];[0.68,0.72];[1.92,1.96];[0.12,0.16];[0.36,0.40];[0.92,0.96];[1.08,1.12];[0.00,0.04];[1.80,1.84];[0.04,0.08];[1.04,1.08];[0.24,0.28];[0.76,0.80];[0.96,1.00];[1.28,1.32];[0.16,0.20];[1.36,1.40];[0.84,0.88];[1.96,2.00];[0.72,0.76];[1.72,1.76];[1.16,1.20];[1.56,1.60];[1.12,1.16];[0.88,0.92];[2.00,0.00]","prereg"
"f90a649c0fa4f5d8a0a77e04","[1.40,1.60];[1.00,1.20];[1.20,1.40];[0.60,0.80];[2.00,0.00];[1.80,2.00];[1.60,1.80];[0.80,1.00];[0.40,0.60];[0.00,0.20];[0.20,0.40]","prereg"
"a840d5f7006a5b00ddb03093","[1.80,2.00];[0.40,0.60];[1.20,1.40];[1.40,1.60];[1.60,1.80];[1.00,1.20];[2.00,0.00];[0.20,0.40];[0.00,0.20];[0.60,0.80];[0.80,1.00]","prereg"
"62192e6ec87dd91cb626db61","[0.40,0.60];[0.60,0.80];[0.80,1.00];[1.80,2.00];[2.00,0.00];[1.60,1.80];[1.20,1.40];[0.00,0.20];[1.00,1.20];[0.20,0.40];[1.40,1.60]","prereg"
"69883f38905ad24655c4fb16","[1.40,1.60];[1.20,1.40];[0.40,0.60];[2.00,0.00];[0.00,0.20];[0.60,0.80];[0.20,0.40];[1.00,1.20];[1.80,2.00];[1.60,1.80];[0.80,1.00]","prereg"
"7803d761c8809f142a52b87b","[1.60,1.80];[0.80,1.00];[0.60,0.80];[0.20,0.40];[0.00,0.20];[1.80,2.00];[1.20,1.40];[1.40,1.60];[0.40,0.60];[1.00,1.20];[2.00,0.00]","prereg"
"342b24a5caa3dd37e1a4a1ef","[1.00,1.20];[1.80,2.00];[1.40,1.60];[2.00,0.00];[0.20,0.40];[1.60,1.80];[0.60,0.80];[0.80,1.00];[1.20,1.40];[0.00,0.20];[0.40,0.60]","prereg"
"593224192e20c427599ba6f8","[0.40,0.60];[1.00,1.20];[1.80,2.00];[1.40,1.60];[0.00,0.20];[0.20,0.40];[0.80,1.00];[1.60,1.80];[0.60,0.80];[2.00,0.00];[1.20,1.40]","prereg"
"1ff1d7a704c8d975898c2698","[0.60,0.80];[1.20,1.40];[1.60,1.80];[1.40,1.60];[1.00,1.20];[0.80,1.00];[2.00,0.00];[0.00,0.20];[1.80,2.00];[0.40,0.60];[0.20,0.40]","prereg"
"4d141138dd0ccadb7213ec98","[1.60,1.80];[1.40,1.60];[1.20,1.40];[1.80,2.00];[1.00,1.20];[0.80,1.00];[0.40,0.60];[0.20,0.40];[0.60,0.80];[2.00,0.00];[0.00,0.20]","prereg"
"2aae45d18cddf1f74e961ac3","[0.00,0.20];[1.20,1.40];[1.80,2.00];[0.80,1.00];[1.40,1.60];[0.20,0.40];[2.00,0.00];[1.00,1.20];[0.40,0.60];[1.60,1.80];[0.60,0.80]","prereg"
"5826192f8e4db2c6d022929d","[0.00,0.20];[1.40,1.60];[1.00,1.20];[0.60,0.80];[1.20,1.40];[0.20,0.40];[2.00,0.00];[0.40,0.60];[0.80,1.00];[1.60,1.80];[1.80,2.00]","prereg"
"429dd7f41170c44b5be9de95","[0.60,0.80];[2.00,0.00];[1.00,1.20];[1.40,1.60];[0.80,1.00];[1.80,2.00];[0.00,0.20];[1.20,1.40];[0.40,0.60];[0.20,0.40];[1.60,1.80]","prereg"
"e81eb237aad6de338bbe2b23","[2.00,0.00];[0.40,0.60];[1.80,2.00];[0.60,0.80];[1.00,1.20];[1.40,1.60];[0.80,1.00];[0.20,0.40];[1.20,1.40];[0.00,0.20];[1.60,1.80]","prereg"
"cc366d007afea4036162c8b4","[1.92,1.96];[0.32,0.36];[0.44,0.48];[0.48,0.52];[0.92,0.96];[1.00,1.04];[0.24,0.28];[1.36,1.40];[0.64,0.68];[0.40,0.44];[1.80,1.84];[2.00,0.00];[1.60,1.64];[1.68,1.72];[0.16,0.20];[0.96,1.00];[0.84,0.88];[1.20,1.24];[0.04,0.08];[0.52,0.56];[0.28,0.32];[1.12,1.16];[0.88,0.92];[0.20,0.24];[1.88,1.92];[1.32,1.36];[1.28,1.32];[1.24,1.28];[0.60,0.64];[1.64,1.68];[1.48,1.52];[0.76,0.80];[0.00,0.04];[1.84,1.88];[0.72,0.76];[1.96,2.00];[0.80,0.84];[1.04,1.08];[0.56,0.60];[0.08,0.12];[1.76,1.80];[0.36,0.40];[0.68,0.72];[1.56,1.60];[1.16,1.20];[1.08,1.12];[1.44,1.48];[1.40,1.44];[1.72,1.76];[0.12,0.16];[1.52,1.56]","prereg"
"ac1b5c46048dacc568033348","[1.20,1.40];[0.00,0.20];[1.60,1.80];[0.20,0.40];[0.60,0.80];[1.00,1.20];[0.80,1.00];[1.80,2.00];[2.00,0.00];[0.40,0.60];[1.40,1.60]","prereg"
"94bf18be94127f92237a67e1","[1.60,1.64];[1.20,1.24];[1.80,1.84];[1.88,1.92];[0.92,0.96];[0.60,0.64];[0.08,0.12];[1.44,1.48];[0.96,1.00];[0.40,0.44];[1.84,1.88];[1.40,1.44];[1.12,1.16];[1.56,1.60];[1.24,1.28];[1.04,1.08];[2.00,0.00];[0.16,0.20];[1.92,1.96];[0.64,0.68];[0.72,0.76];[0.20,0.24];[1.00,1.04];[1.68,1.72];[1.76,1.80];[0.80,0.84];[1.36,1.40];[1.16,1.20];[1.28,1.32];[0.48,0.52];[0.24,0.28];[0.32,0.36];[0.36,0.40];[1.48,1.52];[1.08,1.12];[0.04,0.08];[0.28,0.32];[1.96,2.00];[0.52,0.56];[1.32,1.36];[0.88,0.92];[0.00,0.04];[0.56,0.60];[0.76,0.80];[0.12,0.16];[1.52,1.56];[0.68,0.72];[1.64,1.68];[1.72,1.76];[0.44,0.48];[0.84,0.88]","prereg"
"d7112c0e5085ebe50dc01837","[1.28,1.32];[1.60,1.64];[0.00,0.04];[1.80,1.84];[0.92,0.96];[0.44,0.48];[1.48,1.52];[0.16,0.20];[0.40,0.44];[1.84,1.88];[0.32,0.36];[0.36,0.40];[0.08,0.12];[1.20,1.24];[0.88,0.92];[1.16,1.20];[2.00,0.00];[0.96,1.00];[0.20,0.24];[0.28,0.32];[0.24,0.28];[1.88,1.92];[1.08,1.12];[0.72,0.76];[0.60,0.64];[0.80,0.84];[1.40,1.44];[1.96,2.00];[1.36,1.40];[0.84,0.88];[1.04,1.08];[1.72,1.76];[1.44,1.48];[1.52,1.56];[1.68,1.72];[1.00,1.04];[0.04,0.08];[0.64,0.68];[0.12,0.16];[0.68,0.72];[1.76,1.80];[1.92,1.96];[0.76,0.80];[1.32,1.36];[0.48,0.52];[1.24,1.28];[0.52,0.56];[1.12,1.16];[1.64,1.68];[0.56,0.60];[1.56,1.60]","prereg"
"2442f4ece1052735d44f4424","[0.00,0.20];[0.40,0.60];[1.00,1.20];[0.80,1.00];[1.80,2.00];[1.40,1.60];[0.60,0.80];[1.20,1.40];[0.20,0.40];[1.60,1.80];[2.00,0.00]","prereg"
"47ad12233d2c19b3c67d78e5","[1.00,1.20];[0.00,0.20];[2.00,0.00];[0.40,0.60];[0.80,1.00];[1.80,2.00];[1.60,1.80];[0.60,0.80];[0.20,0.40];[1.40,1.60];[1.20,1.40]","prereg"
"23255af3daef02d8f2dd9076","[0.80,1.00];[0.40,0.60];[2.00,0.00];[1.40,1.60];[1.20,1.40];[0.00,0.20];[0.60,0.80];[0.20,0.40];[1.80,2.00];[1.00,1.20];[1.60,1.80]","prereg"
"efa0255b4c69e99e2e720adf","[1.12,1.16];[0.36,0.40];[0.88,0.92];[0.16,0.20];[1.36,1.40];[0.64,0.68];[0.04,0.08];[0.56,0.60];[1.00,1.04];[0.08,0.12];[0.92,0.96];[1.56,1.60];[1.32,1.36];[0.60,0.64];[1.08,1.12];[0.80,0.84];[1.92,1.96];[0.24,0.28];[0.84,0.88];[2.00,0.00];[1.80,1.84];[0.72,0.76];[1.52,1.56];[1.44,1.48];[1.16,1.20];[1.04,1.08];[0.44,0.48];[1.28,1.32];[1.20,1.24];[1.68,1.72];[1.60,1.64];[1.76,1.80];[0.28,0.32];[0.48,0.52];[0.40,0.44];[1.40,1.44];[1.24,1.28];[0.96,1.00];[0.20,0.24];[1.72,1.76];[0.00,0.04];[0.52,0.56];[1.84,1.88];[0.12,0.16];[1.48,1.52];[1.96,2.00];[0.68,0.72];[0.32,0.36];[1.64,1.68];[0.76,0.80];[1.88,1.92]","prereg"
"7b4d5434e0376a4040a9d6cf","[0.76,0.80];[1.32,1.36];[1.08,1.12];[0.08,0.12];[1.92,1.96];[0.64,0.68];[0.04,0.08];[1.24,1.28];[1.04,1.08];[1.88,1.92];[0.96,1.00];[0.72,0.76];[1.16,1.20];[1.20,1.24];[1.76,1.80];[0.20,0.24];[1.12,1.16];[0.24,0.28];[0.68,0.72];[1.44,1.48];[0.60,0.64];[0.40,0.44];[0.16,0.20];[0.88,0.92];[1.84,1.88];[1.56,1.60];[0.36,0.40];[0.92,0.96];[0.52,0.56];[0.28,0.32];[1.48,1.52];[0.84,0.88];[2.00,0.00];[1.68,1.72];[1.96,2.00];[0.48,0.52];[1.40,1.44];[1.36,1.40];[1.72,1.76];[0.80,0.84];[0.00,0.04];[0.44,0.48];[1.00,1.04];[1.60,1.64];[1.52,1.56];[0.12,0.16];[1.64,1.68];[1.80,1.84];[1.28,1.32];[0.56,0.60];[0.32,0.36]","prereg"
"b77e4e64f4ba5e1c1bcd12c0","[1.36,1.40];[0.80,0.84];[0.68,0.72];[1.48,1.52];[1.56,1.60];[0.44,0.48];[1.76,1.80];[0.64,0.68];[1.12,1.16];[0.88,0.92];[0.08,0.12];[0.12,0.16];[1.24,1.28];[1.20,1.24];[0.56,0.60];[0.16,0.20];[0.24,0.28];[1.72,1.76];[1.80,1.84];[2.00,0.00];[0.84,0.88];[1.44,1.48];[0.48,0.52];[1.32,1.36];[0.72,0.76];[1.04,1.08];[1.84,1.88];[0.76,0.80];[0.28,0.32];[1.00,1.04];[0.92,0.96];[1.88,1.92];[0.60,0.64];[1.60,1.64];[0.32,0.36];[0.00,0.04];[0.52,0.56];[0.36,0.40];[1.52,1.56];[0.40,0.44];[1.08,1.12];[1.92,1.96];[1.64,1.68];[1.40,1.44];[0.96,1.00];[0.04,0.08];[1.16,1.20];[1.68,1.72];[1.96,2.00];[0.20,0.24];[1.28,1.32]","prereg"
"152dec86cc7afc489acb7b18","[1.48,1.52];[1.60,1.64];[1.24,1.28];[0.04,0.08];[0.68,0.72];[0.44,0.48];[1.32,1.36];[1.16,1.20];[1.76,1.80];[0.36,0.40];[0.64,0.68];[0.96,1.00];[0.48,0.52];[1.20,1.24];[0.08,0.12];[0.88,0.92];[0.28,0.32];[0.56,0.60];[0.92,0.96];[1.96,2.00];[1.40,1.44];[1.80,1.84];[1.00,1.04];[1.36,1.40];[0.84,0.88];[1.92,1.96];[1.52,1.56];[0.16,0.20];[1.44,1.48];[0.80,0.84];[1.56,1.60];[0.00,0.04];[0.12,0.16];[0.60,0.64];[0.32,0.36];[1.84,1.88];[0.52,0.56];[1.72,1.76];[1.64,1.68];[1.28,1.32];[1.12,1.16];[1.68,1.72];[1.08,1.12];[0.20,0.24];[1.04,1.08];[0.40,0.44];[0.76,0.80];[0.72,0.76];[1.88,1.92];[2.00,0.00];[0.24,0.28]","prereg"
"cad3b2cfdb432560dcbcbe79","[0.56,0.60];[1.12,1.16];[0.28,0.32];[0.12,0.16];[0.96,1.00];[1.08,1.12];[1.68,1.72];[1.88,1.92];[1.80,1.84];[0.44,0.48];[1.84,1.88];[0.40,0.44];[1.32,1.36];[0.36,0.40];[1.20,1.24];[1.44,1.48];[0.00,0.04];[0.76,0.80];[1.24,1.28];[1.60,1.64];[0.92,0.96];[0.32,0.36];[1.00,1.04];[1.96,2.00];[0.20,0.24];[0.88,0.92];[1.48,1.52];[1.40,1.44];[2.00,0.00];[0.72,0.76];[1.92,1.96];[1.64,1.68];[0.08,0.12];[0.16,0.20];[1.04,1.08];[0.80,0.84];[1.16,1.20];[0.60,0.64];[0.04,0.08];[0.52,0.56];[1.56,1.60];[1.36,1.40];[1.28,1.32];[0.24,0.28];[0.68,0.72];[0.64,0.68];[1.52,1.56];[1.72,1.76];[0.48,0.52];[0.84,0.88];[1.76,1.80]","prereg"
"3822c8da5783eeacb5f7f3ed","[0.88,0.92];[0.92,0.96];[1.28,1.32];[1.40,1.44];[1.04,1.08];[0.24,0.28];[0.68,0.72];[0.36,0.40];[0.52,0.56];[1.36,1.40];[1.88,1.92];[0.84,0.88];[1.20,1.24];[1.32,1.36];[1.64,1.68];[1.60,1.64];[0.72,0.76];[0.44,0.48];[0.76,0.80];[0.20,0.24];[1.00,1.04];[1.72,1.76];[0.08,0.12];[0.28,0.32];[1.84,1.88];[2.00,0.00];[0.32,0.36];[1.44,1.48];[1.76,1.80];[0.96,1.00];[1.48,1.52];[0.60,0.64];[0.48,0.52];[1.12,1.16];[1.08,1.12];[0.40,0.44];[1.52,1.56];[0.00,0.04];[1.92,1.96];[0.64,0.68];[1.16,1.20];[1.68,1.72];[1.96,2.00];[0.16,0.20];[1.80,1.84];[0.80,0.84];[1.56,1.60];[0.12,0.16];[1.24,1.28];[0.04,0.08];[0.56,0.60]","prereg"
"b882cddc9e99d3b701f0fbf9","[0.40,0.60];[1.40,1.60];[1.80,2.00];[1.60,1.80];[0.60,0.80];[1.20,1.40];[2.00,0.00];[0.00,0.20];[1.00,1.20];[0.20,0.40];[0.80,1.00]","prereg"
"cbb082e7f14d142486961c87","[1.16,1.20];[1.84,1.88];[1.76,1.80];[0.60,0.64];[0.80,0.84];[0.48,0.52];[1.40,1.44];[0.12,0.16];[2.00,0.00];[0.28,0.32];[1.56,1.60];[0.96,1.00];[0.32,0.36];[1.44,1.48];[0.04,0.08];[1.64,1.68];[1.32,1.36];[1.96,2.00];[1.88,1.92];[0.36,0.40];[0.00,0.04];[0.92,0.96];[0.20,0.24];[0.24,0.28];[0.76,0.80];[1.00,1.04];[1.68,1.72];[0.40,0.44];[1.20,1.24];[1.36,1.40];[0.16,0.20];[1.80,1.84];[0.64,0.68];[0.88,0.92];[1.28,1.32];[1.04,1.08];[0.44,0.48];[1.72,1.76];[1.24,1.28];[0.08,0.12];[0.52,0.56];[1.92,1.96];[0.56,0.60];[1.08,1.12];[1.12,1.16];[1.60,1.64];[1.48,1.52];[0.68,0.72];[1.52,1.56];[0.84,0.88];[0.72,0.76]","prereg"
"65af1533df45323ec8d818e4","[2.00,0.00];[1.36,1.40];[1.24,1.28];[0.92,0.96];[0.44,0.48];[1.72,1.76];[1.88,1.92];[1.96,2.00];[0.04,0.08];[1.56,1.60];[0.72,0.76];[0.56,0.60];[1.20,1.24];[0.28,0.32];[1.68,1.72];[1.12,1.16];[1.76,1.80];[0.36,0.40];[0.32,0.36];[0.08,0.12];[1.00,1.04];[0.64,0.68];[1.80,1.84];[1.08,1.12];[1.44,1.48];[0.12,0.16];[0.76,0.80];[0.24,0.28];[0.60,0.64];[1.92,1.96];[0.80,0.84];[0.00,0.04];[0.96,1.00];[1.84,1.88];[1.04,1.08];[1.52,1.56];[0.52,0.56];[1.32,1.36];[0.16,0.20];[1.60,1.64];[1.28,1.32];[0.84,0.88];[0.68,0.72];[0.48,0.52];[0.88,0.92];[1.40,1.44];[0.20,0.24];[1.64,1.68];[1.48,1.52];[0.40,0.44];[1.16,1.20]","prereg"
"7f6540917c9b0d686afc991d","[0.40,0.60];[1.40,1.60];[0.20,0.40];[1.80,2.00];[1.60,1.80];[1.00,1.20];[2.00,0.00];[0.60,0.80];[1.20,1.40];[0.00,0.20];[0.80,1.00]","prereg"
"fd70e962fca0cd31e2155bea","[1.60,1.80];[1.00,1.20];[0.60,0.80];[1.20,1.40];[1.40,1.60];[1.80,2.00];[0.00,0.20];[0.80,1.00];[0.40,0.60];[0.20,0.40];[2.00,0.00]","prereg"
"","[2.00,0.00];[1.40,1.60];[1.20,1.40];[0.40,0.60];[0.80,1.00];[0.00,0.20];[1.80,2.00];[1.00,1.20];[1.60,1.80];[0.60,0.80];[0.20,0.40]","prereg"
"","[1.00,1.04];[1.12,1.16];[0.16,0.20];[0.40,0.44];[1.24,1.28];[0.32,0.36];[1.96,2.00];[0.08,0.12];[1.72,1.76];[0.60,0.64];[1.36,1.40];[0.64,0.68];[0.24,0.28];[0.76,0.80];[1.64,1.68];[1.52,1.56];[1.44,1.48];[1.60,1.64];[0.80,0.84];[0.68,0.72];[1.20,1.24];[1.08,1.12];[0.72,0.76];[0.28,0.32];[0.56,0.60];[0.36,0.40];[1.40,1.44];[0.96,1.00];[0.20,0.24];[0.84,0.88];[1.88,1.92];[0.48,0.52];[0.00,0.04];[0.12,0.16];[1.92,1.96];[1.68,1.72];[1.76,1.80];[0.92,0.96];[0.44,0.48];[0.52,0.56];[0.04,0.08];[1.48,1.52];[1.84,1.88];[1.56,1.60];[1.16,1.20];[1.32,1.36];[0.88,0.92];[2.00,0.00];[1.80,1.84];[1.28,1.32];[1.04,1.08]","prereg"
"","[1.00,1.04];[0.20,0.24];[1.40,1.44];[1.60,1.64];[1.12,1.16];[1.52,1.56];[0.84,0.88];[0.88,0.92];[0.44,0.48];[1.68,1.72];[0.76,0.80];[1.88,1.92];[0.36,0.40];[2.00,0.00];[1.64,1.68];[0.64,0.68];[0.12,0.16];[1.04,1.08];[1.96,2.00];[1.16,1.20];[0.04,0.08];[1.80,1.84];[1.32,1.36];[0.92,0.96];[1.36,1.40];[1.44,1.48];[0.08,0.12];[1.56,1.60];[1.76,1.80];[1.72,1.76];[0.60,0.64];[0.52,0.56];[0.80,0.84];[1.20,1.24];[0.72,0.76];[1.84,1.88];[0.24,0.28];[0.96,1.00];[0.68,0.72];[0.16,0.20];[0.28,0.32];[1.24,1.28];[0.56,0.60];[1.08,1.12];[1.92,1.96];[0.48,0.52];[0.00,0.04];[0.32,0.36];[0.40,0.44];[1.28,1.32];[1.48,1.52]","prereg"
"","[0.80,1.00];[1.20,1.40];[2.00,0.00];[0.20,0.40];[1.00,1.20];[0.40,0.60];[1.40,1.60];[0.00,0.20];[1.80,2.00];[0.60,0.80];[1.60,1.80]","prereg"
"","[2.00,0.00];[0.80,1.00];[0.00,0.20];[0.40,0.60];[0.20,0.40];[1.00,1.20];[1.80,2.00];[0.60,0.80];[1.60,1.80];[1.20,1.40];[1.40,1.60]","prereg"
"","[1.40,1.60];[1.80,2.00];[0.00,0.20];[0.20,0.40];[1.60,1.80];[1.20,1.40];[0.60,0.80];[0.40,0.60];[1.00,1.20];[2.00,0.00];[0.80,1.00]","prereg"
"","[1.76,1.80];[1.52,1.56];[0.52,0.56];[0.84,0.88];[0.80,0.84];[1.80,1.84];[1.20,1.24];[0.12,0.16];[0.72,0.76];[1.36,1.40];[0.28,0.32];[1.28,1.32];[1.68,1.72];[1.44,1.48];[0.44,0.48];[0.76,0.80];[1.04,1.08];[0.88,0.92];[2.00,0.00];[1.96,2.00];[0.36,0.40];[0.04,0.08];[0.32,0.36];[1.92,1.96];[0.08,0.12];[0.56,0.60];[0.64,0.68];[1.72,1.76];[1.12,1.16];[0.92,0.96];[1.32,1.36];[1.84,1.88];[1.24,1.28];[1.56,1.60];[0.96,1.00];[0.68,0.72];[1.40,1.44];[1.08,1.12];[1.00,1.04];[0.40,0.44];[1.60,1.64];[1.64,1.68];[0.48,0.52];[0.00,0.04];[1.16,1.20];[0.24,0.28];[1.88,1.92];[1.48,1.52];[0.60,0.64];[0.16,0.20];[0.20,0.24]","prereg"
"","[0.00,0.20];[1.00,1.20];[1.40,1.60];[1.20,1.40];[0.20,0.40];[0.80,1.00];[1.80,2.00];[0.60,0.80];[2.00,0.00];[0.40,0.60];[1.60,1.80]","prereg"
"","[1.96,2.00];[1.88,1.92];[1.08,1.12];[1.16,1.20];[1.84,1.88];[0.88,0.92];[1.72,1.76];[0.84,0.88];[1.20,1.24];[1.28,1.32];[0.16,0.20];[1.56,1.60];[0.08,0.12];[1.44,1.48];[0.36,0.40];[1.60,1.64];[1.92,1.96];[0.60,0.64];[0.96,1.00];[0.56,0.60];[0.00,0.04];[1.68,1.72];[1.24,1.28];[1.80,1.84];[1.12,1.16];[1.32,1.36];[0.40,0.44];[0.04,0.08];[0.68,0.72];[0.48,0.52];[0.80,0.84];[1.40,1.44];[0.44,0.48];[0.76,0.80];[0.28,0.32];[1.00,1.04];[0.20,0.24];[2.00,0.00];[1.36,1.40];[1.52,1.56];[0.12,0.16];[1.76,1.80];[1.04,1.08];[1.48,1.52];[0.64,0.68];[0.32,0.36];[0.72,0.76];[1.64,1.68];[0.24,0.28];[0.52,0.56];[0.92,0.96]","prereg"
"","[1.44,1.48];[0.68,0.72];[1.68,1.72];[0.00,0.04];[1.92,1.96];[0.16,0.20];[1.16,1.20];[0.96,1.00];[0.44,0.48];[0.84,0.88];[1.00,1.04];[0.04,0.08];[0.60,0.64];[0.56,0.60];[1.28,1.32];[1.80,1.84];[0.12,0.16];[0.40,0.44];[0.36,0.40];[0.72,0.76];[0.48,0.52];[0.52,0.56];[1.76,1.80];[1.96,2.00];[0.88,0.92];[1.08,1.12];[1.12,1.16];[1.40,1.44];[0.32,0.36];[0.76,0.80];[1.36,1.40];[1.32,1.36];[0.20,0.24];[0.80,0.84];[1.64,1.68];[0.28,0.32];[2.00,0.00];[1.20,1.24];[1.24,1.28];[1.60,1.64];[1.84,1.88];[0.92,0.96];[1.04,1.08];[0.24,0.28];[1.56,1.60];[1.88,1.92];[0.08,0.12];[1.48,1.52];[1.52,1.56];[1.72,1.76];[0.64,0.68]","prereg"
"cf1b67662908305d2b7e5fda","[0.76,0.80];[1.44,1.48];[0.68,0.72];[0.92,0.96];[0.48,0.52];[0.40,0.44];[1.64,1.68];[1.56,1.60];[1.80,1.84];[0.36,0.40];[1.20,1.24];[1.96,2.00];[0.04,0.08];[1.32,1.36];[1.92,1.96];[1.48,1.52];[0.44,0.48];[1.00,1.04];[1.68,1.72];[0.00,0.04];[0.88,0.92];[1.08,1.12];[0.64,0.68];[0.20,0.24];[1.60,1.64];[1.12,1.16];[0.56,0.60];[1.16,1.20];[1.24,1.28];[0.96,1.00];[0.84,0.88];[1.52,1.56];[1.88,1.92];[1.04,1.08];[2.00,0.00];[1.72,1.76];[0.72,0.76];[1.84,1.88];[0.60,0.64];[1.76,1.80];[0.52,0.56];[0.16,0.20];[1.40,1.44];[1.28,1.32];[1.36,1.40];[0.08,0.12];[0.80,0.84];[0.24,0.28];[0.28,0.32];[0.32,0.36];[0.12,0.16]","prereg"
"ec112a79576f8f9d1de82e29","[1.60,1.64];[1.40,1.44];[1.56,1.60];[0.32,0.36];[0.60,0.64];[1.16,1.20];[1.36,1.40];[1.68,1.72];[0.88,0.92];[0.52,0.56];[1.92,1.96];[0.40,0.44];[1.80,1.84];[1.96,2.00];[0.72,0.76];[0.48,0.52];[1.48,1.52];[0.04,0.08];[1.20,1.24];[1.84,1.88];[0.12,0.16];[1.12,1.16];[0.64,0.68];[1.32,1.36];[0.84,0.88];[1.00,1.04];[0.44,0.48];[0.76,0.80];[2.00,0.00];[1.44,1.48];[0.68,0.72];[1.88,1.92];[0.80,0.84];[0.08,0.12];[0.36,0.40];[0.28,0.32];[1.64,1.68];[1.72,1.76];[1.76,1.80];[0.20,0.24];[0.00,0.04];[1.52,1.56];[0.96,1.00];[1.04,1.08];[0.56,0.60];[1.08,1.12];[1.28,1.32];[0.16,0.20];[0.92,0.96];[0.24,0.28];[1.24,1.28]","prereg"
"f5521215dc1b1b7c8a67c74c","[1.88,1.92];[0.56,0.60];[1.60,1.64];[1.52,1.56];[0.44,0.48];[1.68,1.72];[0.12,0.16];[0.72,0.76];[1.12,1.16];[1.84,1.88];[0.40,0.44];[0.92,0.96];[0.20,0.24];[0.48,0.52];[0.96,1.00];[0.52,0.56];[1.20,1.24];[0.28,0.32];[0.68,0.72];[1.28,1.32];[1.44,1.48];[1.76,1.80];[2.00,0.00];[1.40,1.44];[1.04,1.08];[1.56,1.60];[1.72,1.76];[0.64,0.68];[1.08,1.12];[0.36,0.40];[1.64,1.68];[0.16,0.20];[1.92,1.96];[1.96,2.00];[0.80,0.84];[0.32,0.36];[0.84,0.88];[1.16,1.20];[0.04,0.08];[0.00,0.04];[1.00,1.04];[1.48,1.52];[0.08,0.12];[1.80,1.84];[0.24,0.28];[1.24,1.28];[0.76,0.80];[0.88,0.92];[0.60,0.64];[1.32,1.36];[1.36,1.40]","prereg"
"ea733c6b5c38fea2e2095409","[1.00,1.20];[1.60,1.80];[0.60,0.80];[0.80,1.00];[0.20,0.40];[0.00,0.20];[0.40,0.60];[1.40,1.60];[2.00,0.00];[1.80,2.00];[1.20,1.40]","prereg"
"63615bf545c338dee8f5af87","[0.00,0.20];[1.60,1.80];[1.80,2.00];[0.80,1.00];[2.00,0.00];[1.40,1.60];[0.20,0.40];[0.40,0.60];[0.60,0.80];[1.20,1.40];[1.00,1.20]","prereg"
"7017fb1aa5d03798f385d795","[1.20,1.40];[0.40,0.60];[1.00,1.20];[0.80,1.00];[0.60,0.80];[0.20,0.40];[1.60,1.80];[1.80,2.00];[1.40,1.60];[0.00,0.20];[2.00,0.00]","prereg"
"2ef52e5050fea87afbd3e28f","[1.80,1.84];[1.28,1.32];[0.04,0.08];[1.76,1.80];[0.12,0.16];[0.96,1.00];[0.68,0.72];[1.36,1.40];[1.92,1.96];[1.56,1.60];[1.24,1.28];[0.08,0.12];[0.56,0.60];[1.84,1.88];[1.16,1.20];[0.20,0.24];[0.24,0.28];[0.36,0.40];[0.60,0.64];[0.72,0.76];[0.76,0.80];[0.28,0.32];[0.88,0.92];[0.80,0.84];[1.44,1.48];[0.40,0.44];[1.64,1.68];[0.84,0.88];[0.16,0.20];[1.32,1.36];[1.60,1.64];[1.12,1.16];[1.72,1.76];[0.48,0.52];[1.68,1.72];[2.00,0.00];[1.04,1.08];[1.40,1.44];[0.92,0.96];[1.20,1.24];[1.88,1.92];[1.48,1.52];[1.08,1.12];[0.44,0.48];[0.52,0.56];[1.96,2.00];[0.64,0.68];[1.00,1.04];[0.00,0.04];[0.32,0.36];[1.52,1.56]","prereg"
"","[1.44,1.48];[0.24,0.28];[0.52,0.56];[1.20,1.24];[0.88,0.92];[0.12,0.16];[1.48,1.52];[1.12,1.16];[0.92,0.96];[1.88,1.92];[1.84,1.88];[0.48,0.52];[0.64,0.68];[1.08,1.12];[0.96,1.00];[0.40,0.44];[0.16,0.20];[0.20,0.24];[1.00,1.04];[1.96,2.00];[0.80,0.84];[1.28,1.32];[1.24,1.28];[0.00,0.04];[1.68,1.72];[1.60,1.64];[1.76,1.80];[0.72,0.76];[1.52,1.56];[0.32,0.36];[0.84,0.88];[0.68,0.72];[0.44,0.48];[0.08,0.12];[1.80,1.84];[1.56,1.60];[0.36,0.40];[0.04,0.08];[1.36,1.40];[0.28,0.32];[0.76,0.80];[0.56,0.60];[1.72,1.76];[1.64,1.68];[1.40,1.44];[1.16,1.20];[1.04,1.08];[2.00,0.00];[0.60,0.64];[1.92,1.96];[1.32,1.36]","prereg"
"fd71451163958ac306acb0af","[1.40,1.60];[2.00,0.00];[0.00,0.20];[0.40,0.60];[1.80,2.00];[0.60,0.80];[0.80,1.00];[1.20,1.40];[1.60,1.80];[1.00,1.20];[0.20,0.40]","prereg"
"fd05a56991181a45f0994275","[1.28,1.32];[0.04,0.08];[0.68,0.72];[1.96,2.00];[0.08,0.12];[0.92,0.96];[1.80,1.84];[0.48,0.52];[1.08,1.12];[1.36,1.40];[1.60,1.64];[1.00,1.04];[0.96,1.00];[1.12,1.16];[0.20,0.24];[1.16,1.20];[0.40,0.44];[0.88,0.92];[2.00,0.00];[1.68,1.72];[1.88,1.92];[0.24,0.28];[1.84,1.88];[0.36,0.40];[1.24,1.28];[0.12,0.16];[1.20,1.24];[0.00,0.04];[1.44,1.48];[0.56,0.60];[0.52,0.56];[0.60,0.64];[0.44,0.48];[0.80,0.84];[0.28,0.32];[0.76,0.80];[1.40,1.44];[1.56,1.60];[0.16,0.20];[0.84,0.88];[1.48,1.52];[0.32,0.36];[1.76,1.80];[1.64,1.68];[0.72,0.76];[1.92,1.96];[1.72,1.76];[1.04,1.08];[1.32,1.36];[0.64,0.68];[1.52,1.56]","prereg"
"60d7ecaef9a1e8a22dba898d","[0.00,0.04];[0.60,0.64];[1.40,1.44];[1.84,1.88];[1.68,1.72];[0.16,0.20];[2.00,0.00];[1.08,1.12];[0.96,1.00];[1.88,1.92];[0.64,0.68];[1.48,1.52];[1.00,1.04];[0.04,0.08];[0.12,0.16];[1.36,1.40];[1.12,1.16];[1.04,1.08];[0.48,0.52];[1.72,1.76];[0.88,0.92];[1.44,1.48];[0.68,0.72];[1.76,1.80];[0.84,0.88];[1.56,1.60];[0.32,0.36];[0.44,0.48];[0.28,0.32];[1.92,1.96];[0.92,0.96];[1.24,1.28];[1.52,1.56];[0.56,0.60];[1.60,1.64];[1.16,1.20];[0.52,0.56];[1.20,1.24];[0.80,0.84];[1.80,1.84];[1.32,1.36];[1.28,1.32];[0.76,0.80];[1.96,2.00];[0.40,0.44];[0.08,0.12];[0.72,0.76];[0.36,0.40];[0.20,0.24];[0.24,0.28];[1.64,1.68]","prereg"
"829c9d4fae2b449202754b47","[0.04,0.08];[1.60,1.64];[1.08,1.12];[0.20,0.24];[0.08,0.12];[0.24,0.28];[0.12,0.16];[0.56,0.60];[1.64,1.68];[0.36,0.40];[1.92,1.96];[1.00,1.04];[0.72,0.76];[0.60,0.64];[0.92,0.96];[1.56,1.60];[0.64,0.68];[0.32,0.36];[1.72,1.76];[0.28,0.32];[1.96,2.00];[1.24,1.28];[0.00,0.04];[0.68,0.72];[1.36,1.40];[1.80,1.84];[1.20,1.24];[0.48,0.52];[1.88,1.92];[1.12,1.16];[1.40,1.44];[0.84,0.88];[1.28,1.32];[0.96,1.00];[2.00,0.00];[1.44,1.48];[1.52,1.56];[0.52,0.56];[1.16,1.20];[0.16,0.20];[0.88,0.92];[0.40,0.44];[1.76,1.80];[1.04,1.08];[1.68,1.72];[0.80,0.84];[1.48,1.52];[0.76,0.80];[1.84,1.88];[0.44,0.48];[1.32,1.36]","prereg"
"e364fa9d77e9ff2a1fea818a","[1.80,2.00];[1.40,1.60];[0.20,0.40];[2.00,0.00];[1.20,1.40];[0.80,1.00];[0.00,0.20];[0.40,0.60];[1.00,1.20];[1.60,1.80];[0.60,0.80]","prereg"
"2cebbf2d7a70af73cb1f3c7a","[1.20,1.40];[0.20,0.40];[0.00,0.20];[2.00,0.00];[0.80,1.00];[1.00,1.20];[1.60,1.80];[1.40,1.60];[0.60,0.80];[0.40,0.60];[1.80,2.00]","prereg"
"48064ead740a5015fe0f6a8c","[1.20,1.40];[0.00,0.20];[1.60,1.80];[1.00,1.20];[0.60,0.80];[1.40,1.60];[0.20,0.40];[0.80,1.00];[0.40,0.60];[2.00,0.00];[1.80,2.00]","prereg"
"3adb66c81ba6057ec4ebd467","[0.00,0.20];[0.80,1.00];[2.00,0.00];[0.40,0.60];[0.60,0.80];[1.40,1.60];[0.20,0.40];[1.60,1.80];[1.80,2.00];[1.00,1.20];[1.20,1.40]","prereg"
"af58da624c09cb1310c1659d","[0.20,0.40];[0.40,0.60];[2.00,0.00];[1.20,1.40];[0.60,0.80];[1.40,1.60];[1.80,2.00];[0.80,1.00];[0.00,0.20];[1.00,1.20];[1.60,1.80]","prereg"
"","[0.20,0.40];[1.40,1.60];[2.00,0.00];[0.40,0.60];[1.60,1.80];[1.20,1.40];[0.00,0.20];[1.80,2.00];[0.60,0.80];[1.00,1.20];[0.80,1.00]","prereg"
"a0908837781f591b63f7c871","[1.68,1.72];[0.60,0.64];[0.04,0.08];[1.76,1.80];[0.92,0.96];[0.80,0.84];[0.72,0.76];[0.24,0.28];[1.48,1.52];[0.64,0.68];[0.44,0.48];[1.08,1.12];[1.88,1.92];[1.56,1.60];[1.80,1.84];[0.28,0.32];[1.64,1.68];[0.48,0.52];[2.00,0.00];[1.52,1.56];[0.40,0.44];[0.84,0.88];[1.04,1.08];[1.36,1.40];[1.60,1.64];[1.84,1.88];[0.00,0.04];[0.56,0.60];[1.00,1.04];[0.88,0.92];[0.08,0.12];[0.76,0.80];[0.52,0.56];[0.32,0.36];[1.28,1.32];[0.68,0.72];[1.92,1.96];[1.24,1.28];[1.32,1.36];[1.12,1.16];[0.96,1.00];[0.16,0.20];[0.36,0.40];[0.12,0.16];[1.44,1.48];[0.20,0.24];[1.96,2.00];[1.72,1.76];[1.20,1.24];[1.16,1.20];[1.40,1.44]","prereg"
"9585434abdc4b6ecd79cf857","[1.16,1.20];[0.96,1.00];[0.04,0.08];[0.88,0.92];[1.96,2.00];[2.00,0.00];[0.76,0.80];[0.52,0.56];[1.80,1.84];[0.48,0.52];[1.08,1.12];[1.32,1.36];[0.84,0.88];[1.68,1.72];[0.72,0.76];[1.36,1.40];[1.60,1.64];[1.20,1.24];[0.08,0.12];[1.12,1.16];[0.68,0.72];[0.36,0.40];[1.04,1.08];[1.24,1.28];[0.80,0.84];[1.88,1.92];[0.16,0.20];[1.92,1.96];[0.64,0.68];[1.64,1.68];[1.00,1.04];[0.12,0.16];[0.92,0.96];[1.76,1.80];[1.56,1.60];[0.28,0.32];[1.72,1.76];[0.44,0.48];[0.20,0.24];[1.28,1.32];[1.44,1.48];[0.00,0.04];[1.40,1.44];[0.32,0.36];[0.24,0.28];[0.40,0.44];[0.56,0.60];[0.60,0.64];[1.84,1.88];[1.52,1.56];[1.48,1.52]","prereg"
"e2a1486981509ba998b39713","[1.00,1.20];[0.00,0.20];[0.20,0.40];[0.80,1.00];[1.60,1.80];[0.60,0.80];[0.40,0.60];[1.80,2.00];[2.00,0.00];[1.20,1.40];[1.40,1.60]","prereg"
"5bbe5eec36454ee4180b347e","[0.60,0.80];[0.80,1.00];[0.00,0.20];[1.00,1.20];[1.60,1.80];[0.40,0.60];[1.20,1.40];[2.00,0.00];[1.40,1.60];[0.20,0.40];[1.80,2.00]","prereg"
"a5434a04f1006df58e3f2d26","[1.40,1.60];[2.00,0.00];[0.80,1.00];[0.20,0.40];[1.80,2.00];[1.60,1.80];[0.00,0.20];[0.60,0.80];[1.20,1.40];[0.40,0.60];[1.00,1.20]","prereg"
"03b55fb3c47461bfcb8a6710","[2.00,0.00];[1.48,1.52];[0.48,0.52];[1.32,1.36];[0.12,0.16];[1.16,1.20];[1.76,1.80];[1.92,1.96];[1.80,1.84];[0.00,0.04];[0.24,0.28];[0.68,0.72];[0.28,0.32];[1.88,1.92];[0.96,1.00];[0.32,0.36];[0.40,0.44];[1.08,1.12];[0.08,0.12];[0.88,0.92];[0.80,0.84];[1.44,1.48];[1.64,1.68];[1.56,1.60];[1.96,2.00];[1.52,1.56];[0.60,0.64];[0.92,0.96];[1.84,1.88];[0.56,0.60];[0.64,0.68];[1.12,1.16];[1.40,1.44];[0.44,0.48];[0.36,0.40];[1.72,1.76];[1.20,1.24];[0.72,0.76];[0.76,0.80];[1.24,1.28];[0.84,0.88];[1.28,1.32];[0.16,0.20];[0.20,0.24];[1.04,1.08];[1.00,1.04];[1.36,1.40];[1.60,1.64];[1.68,1.72];[0.52,0.56];[0.04,0.08]","prereg"
"97a9b346a7c070df00912987","[1.68,1.72];[0.68,0.72];[2.00,0.00];[0.72,0.76];[0.88,0.92];[0.40,0.44];[0.04,0.08];[1.56,1.60];[0.08,0.12];[0.20,0.24];[1.08,1.12];[1.76,1.80];[1.16,1.20];[0.00,0.04];[0.96,1.00];[0.24,0.28];[1.48,1.52];[0.44,0.48];[1.24,1.28];[0.28,0.32];[0.92,0.96];[1.72,1.76];[0.84,0.88];[1.44,1.48];[0.12,0.16];[1.12,1.16];[0.80,0.84];[1.32,1.36];[0.36,0.40];[1.96,2.00];[0.16,0.20];[0.48,0.52];[1.04,1.08];[0.60,0.64];[1.40,1.44];[1.92,1.96];[1.84,1.88];[0.56,0.60];[1.20,1.24];[1.28,1.32];[0.32,0.36];[0.76,0.80];[0.52,0.56];[1.00,1.04];[1.64,1.68];[1.80,1.84];[1.52,1.56];[1.60,1.64];[1.36,1.40];[1.88,1.92];[0.64,0.68]","prereg"
"1eedc860364a53dec5951ae2","[0.20,0.40];[0.00,0.20];[1.20,1.40];[1.80,2.00];[1.40,1.60];[0.60,0.80];[1.00,1.20];[0.80,1.00];[2.00,0.00];[1.60,1.80];[0.40,0.60]","prereg"
"ede85ba703f8f8fc9cec598d","[0.24,0.28];[1.08,1.12];[0.56,0.60];[0.40,0.44];[0.92,0.96];[0.84,0.88];[0.36,0.40];[0.52,0.56];[0.60,0.64];[1.32,1.36];[1.84,1.88];[1.96,2.00];[0.72,0.76];[0.76,0.80];[1.44,1.48];[0.96,1.00];[2.00,0.00];[1.52,1.56];[0.28,0.32];[1.36,1.40];[0.16,0.20];[1.04,1.08];[1.16,1.20];[0.48,0.52];[0.04,0.08];[1.48,1.52];[1.20,1.24];[0.68,0.72];[0.32,0.36];[1.60,1.64];[0.00,0.04];[0.44,0.48];[1.56,1.60];[1.12,1.16];[1.88,1.92];[1.24,1.28];[0.20,0.24];[1.80,1.84];[0.88,0.92];[1.92,1.96];[1.76,1.80];[1.68,1.72];[1.40,1.44];[1.00,1.04];[0.08,0.12];[0.80,0.84];[0.64,0.68];[1.72,1.76];[1.64,1.68];[0.12,0.16];[1.28,1.32]","prereg"
"797c801deec2d640bfbe8c4d","[1.60,1.80];[2.00,0.00];[0.20,0.40];[0.40,0.60];[1.00,1.20];[1.80,2.00];[1.40,1.60];[1.20,1.40];[0.80,1.00];[0.60,0.80];[0.00,0.20]","prereg"
"15f7311c7419f89985f63580","[1.40,1.60];[0.00,0.20];[1.20,1.40];[2.00,0.00];[0.60,0.80];[0.20,0.40];[1.60,1.80];[1.80,2.00];[0.80,1.00];[1.00,1.20];[0.40,0.60]","prereg"
"8cca28ed4e5fa7d66b466994","[1.36,1.40];[1.52,1.56];[1.68,1.72];[1.84,1.88];[1.60,1.64];[0.92,0.96];[1.48,1.52];[1.92,1.96];[0.52,0.56];[1.44,1.48];[0.88,0.92];[0.96,1.00];[1.72,1.76];[1.76,1.80];[1.20,1.24];[0.44,0.48];[0.48,0.52];[0.68,0.72];[0.28,0.32];[1.08,1.12];[0.00,0.04];[0.20,0.24];[1.56,1.60];[0.84,0.88];[0.36,0.40];[2.00,0.00];[0.24,0.28];[1.40,1.44];[1.96,2.00];[1.28,1.32];[1.80,1.84];[1.32,1.36];[0.16,0.20];[1.64,1.68];[0.76,0.80];[1.24,1.28];[1.04,1.08];[0.08,0.12];[0.64,0.68];[1.88,1.92];[1.12,1.16];[1.16,1.20];[0.56,0.60];[0.60,0.64];[0.32,0.36];[0.12,0.16];[0.04,0.08];[0.80,0.84];[1.00,1.04];[0.40,0.44];[0.72,0.76]","prereg"
"a29fa6fe29122775e491998d","[0.76,0.80];[1.40,1.44];[0.84,0.88];[0.28,0.32];[1.44,1.48];[1.64,1.68];[1.92,1.96];[0.48,0.52];[1.88,1.92];[1.04,1.08];[0.32,0.36];[0.52,0.56];[0.80,0.84];[1.08,1.12];[1.36,1.40];[0.00,0.04];[1.96,2.00];[0.68,0.72];[0.88,0.92];[1.24,1.28];[0.56,0.60];[1.00,1.04];[1.68,1.72];[2.00,0.00];[0.24,0.28];[0.96,1.00];[1.20,1.24];[0.12,0.16];[1.56,1.60];[1.28,1.32];[0.04,0.08];[0.60,0.64];[1.52,1.56];[0.64,0.68];[0.20,0.24];[1.12,1.16];[1.80,1.84];[1.76,1.80];[1.32,1.36];[0.92,0.96];[1.84,1.88];[1.60,1.64];[0.72,0.76];[0.44,0.48];[0.40,0.44];[0.16,0.20];[0.08,0.12];[1.48,1.52];[0.36,0.40];[1.72,1.76];[1.16,1.20]","prereg"
"","[2.00,0.00];[0.20,0.40];[1.80,2.00];[1.60,1.80];[1.20,1.40];[1.40,1.60];[0.00,0.20];[0.60,0.80];[1.00,1.20];[0.40,0.60];[0.80,1.00]","prereg"
"23a3815d919d2bbfe762bffd","[1.88,1.92];[0.28,0.32];[0.72,0.76];[1.84,1.88];[1.48,1.52];[0.24,0.28];[1.24,1.28];[1.08,1.12];[1.64,1.68];[0.68,0.72];[0.60,0.64];[0.16,0.20];[1.20,1.24];[0.04,0.08];[1.32,1.36];[0.48,0.52];[1.92,1.96];[0.08,0.12];[0.64,0.68];[0.84,0.88];[1.96,2.00];[0.44,0.48];[1.16,1.20];[1.56,1.60];[1.00,1.04];[1.72,1.76];[1.80,1.84];[1.44,1.48];[0.88,0.92];[1.68,1.72];[0.80,0.84];[0.12,0.16];[0.52,0.56];[1.60,1.64];[0.40,0.44];[1.52,1.56];[1.28,1.32];[1.36,1.40];[0.36,0.40];[0.20,0.24];[0.00,0.04];[0.32,0.36];[0.56,0.60];[1.76,1.80];[1.04,1.08];[0.92,0.96];[0.76,0.80];[1.40,1.44];[2.00,0.00];[1.12,1.16];[0.96,1.00]","prereg"
"27af9a654804754357362fbe","[0.36,0.40];[0.96,1.00];[1.04,1.08];[1.48,1.52];[0.52,0.56];[1.44,1.48];[1.56,1.60];[1.24,1.28];[1.32,1.36];[1.80,1.84];[0.76,0.80];[0.00,0.04];[1.72,1.76];[1.96,2.00];[0.68,0.72];[1.12,1.16];[0.08,0.12];[0.84,0.88];[1.68,1.72];[1.36,1.40];[1.92,1.96];[0.88,0.92];[1.20,1.24];[1.88,1.92];[1.08,1.12];[1.40,1.44];[0.20,0.24];[0.16,0.20];[0.60,0.64];[0.48,0.52];[0.72,0.76];[1.76,1.80];[0.24,0.28];[0.40,0.44];[1.28,1.32];[1.60,1.64];[1.16,1.20];[0.56,0.60];[0.12,0.16];[0.92,0.96];[1.00,1.04];[1.84,1.88];[2.00,0.00];[0.64,0.68];[0.32,0.36];[0.28,0.32];[0.04,0.08];[1.64,1.68];[0.44,0.48];[1.52,1.56];[0.80,0.84]","prereg"
"25c38298eaf959c22790479f","[1.24,1.28];[0.16,0.20];[1.60,1.64];[0.56,0.60];[1.52,1.56];[0.84,0.88];[0.92,0.96];[0.32,0.36];[0.00,0.04];[0.36,0.40];[1.08,1.12];[1.88,1.92];[1.92,1.96];[1.32,1.36];[0.52,0.56];[0.20,0.24];[1.48,1.52];[1.40,1.44];[0.76,0.80];[1.80,1.84];[0.40,0.44];[0.48,0.52];[0.68,0.72];[0.44,0.48];[1.64,1.68];[0.24,0.28];[0.08,0.12];[1.68,1.72];[0.80,0.84];[1.76,1.80];[0.60,0.64];[1.20,1.24];[1.72,1.76];[1.04,1.08];[0.96,1.00];[0.28,0.32];[0.88,0.92];[1.36,1.40];[1.28,1.32];[1.44,1.48];[0.12,0.16];[1.56,1.60];[1.96,2.00];[2.00,0.00];[1.12,1.16];[1.00,1.04];[0.72,0.76];[1.84,1.88];[0.64,0.68];[0.04,0.08];[1.16,1.20]","prereg"
"6f45e561d277d2f21b55409d","[0.40,0.60];[0.80,1.00];[2.00,0.00];[0.00,0.20];[1.20,1.40];[1.80,2.00];[0.20,0.40];[1.40,1.60];[0.60,0.80];[1.60,1.80];[1.00,1.20]","prereg"
"c2816aa294ee2e0c21c48fa8","[1.04,1.08];[0.72,0.76];[0.28,0.32];[1.68,1.72];[1.16,1.20];[0.12,0.16];[0.00,0.04];[1.20,1.24];[1.56,1.60];[0.48,0.52];[1.28,1.32];[1.80,1.84];[0.56,0.60];[1.52,1.56];[1.24,1.28];[0.68,0.72];[1.48,1.52];[0.88,0.92];[1.84,1.88];[0.60,0.64];[0.16,0.20];[0.96,1.00];[1.40,1.44];[0.32,0.36];[1.72,1.76];[1.32,1.36];[0.20,0.24];[1.64,1.68];[2.00,0.00];[1.92,1.96];[0.40,0.44];[0.84,0.88];[1.00,1.04];[1.12,1.16];[0.76,0.80];[0.52,0.56];[0.36,0.40];[0.04,0.08];[0.44,0.48];[1.96,2.00];[1.88,1.92];[0.92,0.96];[1.08,1.12];[1.36,1.40];[1.60,1.64];[0.64,0.68];[0.24,0.28];[1.44,1.48];[0.08,0.12];[1.76,1.80];[0.80,0.84]","prereg"
"a30f1a208d92b22e791dd099","[1.00,1.04];[1.96,2.00];[1.64,1.68];[0.48,0.52];[0.76,0.80];[0.36,0.40];[1.36,1.40];[1.56,1.60];[0.88,0.92];[1.88,1.92];[0.72,0.76];[1.24,1.28];[0.08,0.12];[0.64,0.68];[0.40,0.44];[1.20,1.24];[1.48,1.52];[0.44,0.48];[0.00,0.04];[1.84,1.88];[1.28,1.32];[1.08,1.12];[0.16,0.20];[1.40,1.44];[0.52,0.56];[0.12,0.16];[0.80,0.84];[0.84,0.88];[1.52,1.56];[0.28,0.32];[1.72,1.76];[1.32,1.36];[0.92,0.96];[0.56,0.60];[1.92,1.96];[1.44,1.48];[0.04,0.08];[1.60,1.64];[0.68,0.72];[0.96,1.00];[0.24,0.28];[0.60,0.64];[0.20,0.24];[1.76,1.80];[1.12,1.16];[1.80,1.84];[1.68,1.72];[1.16,1.20];[0.32,0.36];[1.04,1.08];[2.00,0.00]","prereg"
"71b7672439c21c4724c97011","[1.60,1.80];[0.40,0.60];[0.00,0.20];[0.80,1.00];[1.20,1.40];[2.00,0.00];[1.80,2.00];[1.40,1.60];[0.20,0.40];[1.00,1.20];[0.60,0.80]","prereg"
"b8cb84266c991b382cd3f705","[1.80,2.00];[1.40,1.60];[0.60,0.80];[0.80,1.00];[2.00,0.00];[0.00,0.20];[1.60,1.80];[1.20,1.40];[1.00,1.20];[0.40,0.60];[0.20,0.40]","prereg"
"45e6598c807da90440da8929","[1.20,1.40];[1.80,2.00];[0.80,1.00];[2.00,0.00];[1.40,1.60];[1.60,1.80];[0.00,0.20];[0.20,0.40];[1.00,1.20];[0.60,0.80];[0.40,0.60]","prereg"
"e4d8de136f3f396788b6a200","[1.20,1.40];[0.40,0.60];[1.40,1.60];[1.60,1.80];[0.00,0.20];[2.00,0.00];[0.20,0.40];[0.80,1.00];[0.60,0.80];[1.80,2.00];[1.00,1.20]","prereg"
"e949f3441338b64996c772dc","[1.40,1.60];[0.60,0.80];[0.20,0.40];[1.80,2.00];[0.40,0.60];[2.00,0.00];[0.00,0.20];[1.00,1.20];[1.20,1.40];[0.80,1.00];[1.60,1.80]","prereg"
"a15a31693b6e325bc5981c0e","[1.24,1.28];[1.80,1.84];[1.32,1.36];[1.36,1.40];[1.44,1.48];[0.92,0.96];[1.04,1.08];[1.52,1.56];[1.92,1.96];[0.88,0.92];[2.00,0.00];[1.40,1.44];[0.08,0.12];[0.72,0.76];[1.28,1.32];[1.48,1.52];[0.16,0.20];[0.24,0.28];[1.16,1.20];[0.00,0.04];[0.40,0.44];[1.88,1.92];[0.48,0.52];[1.72,1.76];[0.60,0.64];[1.76,1.80];[0.76,0.80];[1.68,1.72];[1.64,1.68];[0.84,0.88];[1.20,1.24];[1.84,1.88];[0.44,0.48];[0.68,0.72];[1.00,1.04];[0.12,0.16];[0.20,0.24];[0.36,0.40];[0.28,0.32];[0.64,0.68];[1.08,1.12];[0.80,0.84];[0.96,1.00];[1.56,1.60];[1.12,1.16];[0.52,0.56];[0.32,0.36];[1.60,1.64];[0.04,0.08];[0.56,0.60];[1.96,2.00]","prereg"
"d53efff7d5cbafb4f14020b7","[1.76,1.80];[1.12,1.16];[0.88,0.92];[0.68,0.72];[0.20,0.24];[1.00,1.04];[0.00,0.04];[1.36,1.40];[0.48,0.52];[1.08,1.12];[0.36,0.40];[0.44,0.48];[0.72,0.76];[1.48,1.52];[1.84,1.88];[1.72,1.76];[0.92,0.96];[1.04,1.08];[1.64,1.68];[1.80,1.84];[0.80,0.84];[1.20,1.24];[1.60,1.64];[0.08,0.12];[0.40,0.44];[0.60,0.64];[1.92,1.96];[0.64,0.68];[2.00,0.00];[0.56,0.60];[0.76,0.80];[0.52,0.56];[0.28,0.32];[1.56,1.60];[1.28,1.32];[0.96,1.00];[0.12,0.16];[1.40,1.44];[1.32,1.36];[0.16,0.20];[1.88,1.92];[1.44,1.48];[0.84,0.88];[0.24,0.28];[1.96,2.00];[1.52,1.56];[0.32,0.36];[1.68,1.72];[1.16,1.20];[1.24,1.28];[0.04,0.08]","prereg"
"","[0.60,0.80];[0.40,0.60];[1.40,1.60];[0.00,0.20];[1.60,1.80];[0.20,0.40];[0.80,1.00];[2.00,0.00];[1.80,2.00];[1.20,1.40];[1.00,1.20]","prereg"
"f7bdb3a38b2d4f5bc027b8fb","[0.80,1.00];[1.80,2.00];[0.00,0.20];[1.20,1.40];[1.40,1.60];[0.20,0.40];[0.60,0.80];[1.00,1.20];[2.00,0.00];[0.40,0.60];[1.60,1.80]","prereg"
"9548cdbd4cfdd0e6bcad3925","[0.00,0.20];[1.80,2.00];[1.20,1.40];[2.00,0.00];[1.60,1.80];[0.80,1.00];[1.40,1.60];[0.20,0.40];[1.00,1.20];[0.40,0.60];[0.60,0.80]","prereg"
"03cd10139e78f3d37f94fe68","[1.20,1.40];[1.40,1.60];[0.00,0.20];[0.40,0.60];[0.60,0.80];[0.80,1.00];[2.00,0.00];[0.20,0.40];[1.60,1.80];[1.80,2.00];[1.00,1.20]","prereg"
"cca97a78118dc01423037129","[0.40,0.60];[0.80,1.00];[1.40,1.60];[0.20,0.40];[1.00,1.20];[0.60,0.80];[1.60,1.80];[0.00,0.20];[1.20,1.40];[2.00,0.00];[1.80,2.00]","prereg"
"8016614d5a1f6488cdead560","[1.40,1.60];[0.20,0.40];[2.00,0.00];[1.80,2.00];[1.60,1.80];[1.00,1.20];[0.60,0.80];[0.80,1.00];[1.20,1.40];[0.40,0.60];[0.00,0.20]","prereg"
"46a8a78dfd40cff13c06fb9e","[1.00,1.20];[0.40,0.60];[0.00,0.20];[1.80,2.00];[2.00,0.00];[1.40,1.60];[1.60,1.80];[0.60,0.80];[1.20,1.40];[0.80,1.00];[0.20,0.40]","prereg"
"f4d20b94053367e38c9cdacf","[1.92,1.96];[1.52,1.56];[0.28,0.32];[1.24,1.28];[0.24,0.28];[0.12,0.16];[1.20,1.24];[0.48,0.52];[1.72,1.76];[1.56,1.60];[0.20,0.24];[0.60,0.64];[0.92,0.96];[0.76,0.80];[1.76,1.80];[1.40,1.44];[0.40,0.44];[0.72,0.76];[1.08,1.12];[0.80,0.84];[0.96,1.00];[1.44,1.48];[0.88,0.92];[1.28,1.32];[0.00,0.04];[0.64,0.68];[0.32,0.36];[1.16,1.20];[0.44,0.48];[0.04,0.08];[0.84,0.88];[2.00,0.00];[1.12,1.16];[1.36,1.40];[0.52,0.56];[1.04,1.08];[0.16,0.20];[1.32,1.36];[1.84,1.88];[1.60,1.64];[1.80,1.84];[0.68,0.72];[0.36,0.40];[1.00,1.04];[1.64,1.68];[0.56,0.60];[1.48,1.52];[1.88,1.92];[1.68,1.72];[1.96,2.00];[0.08,0.12]","prereg"
"c2fdd8cd489fc44c45f8b64c","[0.80,1.00];[1.00,1.20];[0.40,0.60];[1.40,1.60];[2.00,0.00];[0.60,0.80];[0.00,0.20];[1.20,1.40];[1.80,2.00];[0.20,0.40];[1.60,1.80]","prereg"
"4d6698dfbd712178f94ea085","[0.12,0.16];[0.80,0.84];[1.84,1.88];[1.36,1.40];[0.04,0.08];[0.76,0.80];[2.00,0.00];[1.96,2.00];[0.28,0.32];[0.72,0.76];[1.44,1.48];[1.04,1.08];[0.60,0.64];[1.24,1.28];[0.68,0.72];[0.40,0.44];[1.40,1.44];[1.00,1.04];[1.32,1.36];[1.76,1.80];[0.16,0.20];[0.64,0.68];[1.52,1.56];[0.96,1.00];[0.48,0.52];[1.80,1.84];[1.88,1.92];[0.52,0.56];[1.12,1.16];[1.60,1.64];[1.92,1.96];[1.64,1.68];[1.68,1.72];[1.16,1.20];[0.56,0.60];[0.84,0.88];[1.56,1.60];[1.28,1.32];[0.08,0.12];[0.88,0.92];[1.20,1.24];[0.00,0.04];[1.08,1.12];[1.72,1.76];[0.24,0.28];[0.32,0.36];[0.92,0.96];[1.48,1.52];[0.44,0.48];[0.36,0.40];[0.20,0.24]","prereg"
"2967623c155dfeb3a5580838","[1.20,1.40];[2.00,0.00];[1.40,1.60];[0.60,0.80];[0.00,0.20];[0.80,1.00];[1.60,1.80];[0.40,0.60];[1.80,2.00];[0.20,0.40];[1.00,1.20]","prereg"
"43a86b1574da1a9d4bf190c1","[0.80,1.00];[0.60,0.80];[1.60,1.80];[1.40,1.60];[1.00,1.20];[1.20,1.40];[2.00,0.00];[1.80,2.00];[0.40,0.60];[0.20,0.40];[0.00,0.20]","prereg"
"aa5abee36c23f4d073f08e43","[2.00,0.00];[1.20,1.40];[0.20,0.40];[0.00,0.20];[0.60,0.80];[1.60,1.80];[0.40,0.60];[1.40,1.60];[0.80,1.00];[1.80,2.00];[1.00,1.20]","prereg"
"4799923188b77e2fac468893","[1.04,1.08];[0.40,0.44];[0.44,0.48];[0.04,0.08];[0.20,0.24];[1.12,1.16];[1.32,1.36];[1.16,1.20];[0.56,0.60];[1.68,1.72];[0.88,0.92];[1.60,1.64];[0.32,0.36];[0.36,0.40];[0.00,0.04];[1.84,1.88];[1.44,1.48];[0.48,0.52];[1.80,1.84];[1.20,1.24];[0.16,0.20];[1.56,1.60];[1.52,1.56];[1.88,1.92];[1.36,1.40];[0.92,0.96];[0.72,0.76];[1.40,1.44];[0.12,0.16];[0.28,0.32];[0.08,0.12];[1.00,1.04];[0.24,0.28];[1.76,1.80];[2.00,0.00];[1.72,1.76];[0.60,0.64];[1.92,1.96];[0.64,0.68];[0.84,0.88];[1.08,1.12];[1.64,1.68];[1.48,1.52];[0.80,0.84];[0.96,1.00];[0.68,0.72];[1.24,1.28];[0.52,0.56];[1.28,1.32];[1.96,2.00];[0.76,0.80]","prereg"
"3ae3e6cceb89352d373f3c0a","[1.36,1.40];[0.72,0.76];[0.56,0.60];[0.36,0.40];[0.32,0.36];[0.52,0.56];[1.68,1.72];[1.92,1.96];[0.64,0.68];[0.04,0.08];[0.60,0.64];[0.44,0.48];[1.44,1.48];[0.08,0.12];[1.56,1.60];[0.28,0.32];[0.84,0.88];[0.24,0.28];[1.60,1.64];[0.16,0.20];[1.16,1.20];[0.00,0.04];[1.32,1.36];[1.52,1.56];[0.80,0.84];[1.72,1.76];[1.80,1.84];[0.96,1.00];[1.20,1.24];[1.64,1.68];[1.00,1.04];[1.96,2.00];[1.24,1.28];[0.68,0.72];[1.08,1.12];[0.76,0.80];[1.88,1.92];[0.88,0.92];[1.04,1.08];[0.48,0.52];[1.28,1.32];[0.20,0.24];[1.84,1.88];[1.12,1.16];[2.00,0.00];[1.40,1.44];[1.48,1.52];[1.76,1.80];[0.92,0.96];[0.12,0.16];[0.40,0.44]","prereg"
"8f271b82b5a3925fe8e5096c","[1.40,1.60];[1.00,1.20];[0.60,0.80];[1.80,2.00];[2.00,0.00];[0.40,0.60];[0.20,0.40];[0.80,1.00];[1.20,1.40];[1.60,1.80];[0.00,0.20]","prereg"
"da8cef2d34c3abbf02abb438","[0.36,0.40];[0.04,0.08];[0.28,0.32];[1.76,1.80];[1.48,1.52];[0.12,0.16];[1.04,1.08];[0.08,0.12];[1.28,1.32];[0.80,0.84];[1.52,1.56];[0.64,0.68];[1.56,1.60];[0.20,0.24];[0.76,0.80];[1.96,2.00];[1.72,1.76];[0.00,0.04];[1.40,1.44];[1.12,1.16];[0.88,0.92];[1.44,1.48];[1.08,1.12];[1.36,1.40];[1.64,1.68];[1.92,1.96];[0.44,0.48];[0.32,0.36];[0.56,0.60];[0.60,0.64];[2.00,0.00];[0.92,0.96];[1.68,1.72];[0.52,0.56];[0.68,0.72];[0.40,0.44];[1.60,1.64];[0.24,0.28];[0.96,1.00];[1.20,1.24];[0.72,0.76];[0.16,0.20];[1.88,1.92];[1.16,1.20];[1.84,1.88];[0.48,0.52];[1.80,1.84];[0.84,0.88];[1.00,1.04];[1.32,1.36];[1.24,1.28]","prereg"
"79966d521ee8dca5075d0b65","[0.00,0.20];[1.60,1.80];[0.60,0.80];[0.40,0.60];[2.00,0.00];[0.80,1.00];[1.20,1.40];[0.20,0.40];[1.00,1.20];[1.40,1.60];[1.80,2.00]","prereg"
"9db981b22436c3a309bb6fd8","[0.60,0.80];[1.80,2.00];[0.00,0.20];[0.80,1.00];[2.00,0.00];[1.40,1.60];[1.20,1.40];[1.60,1.80];[0.20,0.40];[0.40,0.60];[1.00,1.20]","prereg"
"","[1.00,1.20];[1.40,1.60];[1.20,1.40];[0.00,0.20];[1.80,2.00];[2.00,0.00];[0.20,0.40];[0.40,0.60];[1.60,1.80];[0.60,0.80];[0.80,1.00]","prereg"
"7529ffc62f0b77e44653361f","[1.24,1.28];[1.80,1.84];[1.40,1.44];[1.68,1.72];[1.72,1.76];[1.28,1.32];[0.04,0.08];[0.52,0.56];[0.24,0.28];[1.44,1.48];[0.76,0.80];[0.08,0.12];[0.96,1.00];[1.60,1.64];[1.12,1.16];[1.52,1.56];[0.92,0.96];[0.68,0.72];[1.04,1.08];[0.28,0.32];[0.64,0.68];[1.32,1.36];[0.60,0.64];[1.56,1.60];[0.72,0.76];[1.76,1.80];[0.36,0.40];[1.08,1.12];[2.00,0.00];[1.16,1.20];[1.48,1.52];[0.20,0.24];[1.36,1.40];[1.96,2.00];[0.44,0.48];[0.16,0.20];[1.84,1.88];[1.92,1.96];[0.00,0.04];[0.84,0.88];[0.32,0.36];[1.88,1.92];[1.20,1.24];[0.48,0.52];[0.40,0.44];[1.64,1.68];[0.12,0.16];[1.00,1.04];[0.80,0.84];[0.56,0.60];[0.88,0.92]","prereg"
"34616e2c5f11f4fcd5c1a463","[1.00,1.04];[0.96,1.00];[0.92,0.96];[1.48,1.52];[0.04,0.08];[1.76,1.80];[0.48,0.52];[1.24,1.28];[1.36,1.40];[1.64,1.68];[1.80,1.84];[1.28,1.32];[1.68,1.72];[0.12,0.16];[1.60,1.64];[1.40,1.44];[1.52,1.56];[1.20,1.24];[0.16,0.20];[0.32,0.36];[0.24,0.28];[0.28,0.32];[1.04,1.08];[1.84,1.88];[1.08,1.12];[1.16,1.20];[0.00,0.04];[0.68,0.72];[0.84,0.88];[0.08,0.12];[0.40,0.44];[1.12,1.16];[0.72,0.76];[1.56,1.60];[0.36,0.40];[0.76,0.80];[0.44,0.48];[2.00,0.00];[0.64,0.68];[1.88,1.92];[0.60,0.64];[0.80,0.84];[0.20,0.24];[0.88,0.92];[1.92,1.96];[1.32,1.36];[0.56,0.60];[1.44,1.48];[0.52,0.56];[1.72,1.76];[1.96,2.00]","prereg"
"b8f22969993f0d04085278b6","[1.60,1.64];[0.12,0.16];[1.20,1.24];[0.80,0.84];[1.52,1.56];[0.68,0.72];[0.04,0.08];[0.00,0.04];[0.92,0.96];[1.00,1.04];[1.40,1.44];[0.28,0.32];[0.56,0.60];[1.48,1.52];[1.16,1.20];[0.72,0.76];[1.96,2.00];[0.40,0.44];[1.04,1.08];[0.76,0.80];[1.28,1.32];[1.56,1.60];[0.52,0.56];[0.24,0.28];[0.60,0.64];[0.16,0.20];[1.76,1.80];[1.84,1.88];[1.08,1.12];[1.44,1.48];[0.84,0.88];[0.88,0.92];[1.36,1.40];[1.68,1.72];[0.48,0.52];[0.36,0.40];[1.72,1.76];[1.32,1.36];[0.96,1.00];[1.80,1.84];[1.88,1.92];[1.64,1.68];[2.00,0.00];[0.64,0.68];[0.20,0.24];[1.92,1.96];[0.32,0.36];[0.44,0.48];[0.08,0.12];[1.24,1.28];[1.12,1.16]","prereg"
"606a0f8e9aaf20da88090fa9","[0.20,0.40];[2.00,0.00];[0.00,0.20];[0.80,1.00];[1.60,1.80];[0.60,0.80];[1.80,2.00];[1.00,1.20];[1.20,1.40];[1.40,1.60];[0.40,0.60]","prereg"
"a14e52fb263069a3905ef322","[0.88,0.92];[1.44,1.48];[0.80,0.84];[0.04,0.08];[0.12,0.16];[0.56,0.60];[0.52,0.56];[1.88,1.92];[0.96,1.00];[0.76,0.80];[1.40,1.44];[0.24,0.28];[1.92,1.96];[1.04,1.08];[1.52,1.56];[1.00,1.04];[0.00,0.04];[0.64,0.68];[2.00,0.00];[0.84,0.88];[1.56,1.60];[1.64,1.68];[1.24,1.28];[1.76,1.80];[0.36,0.40];[0.44,0.48];[1.16,1.20];[0.32,0.36];[0.48,0.52];[0.72,0.76];[0.60,0.64];[0.68,0.72];[1.72,1.76];[0.08,0.12];[1.32,1.36];[1.84,1.88];[0.20,0.24];[1.60,1.64];[1.28,1.32];[0.28,0.32];[1.68,1.72];[0.16,0.20];[1.08,1.12];[0.92,0.96];[1.12,1.16];[1.20,1.24];[1.36,1.40];[1.96,2.00];[1.80,1.84];[0.40,0.44];[1.48,1.52]","prereg"
"4aa6ed4c95cc495939c03a7c","[0.60,0.80];[2.00,0.00];[0.20,0.40];[0.00,0.20];[0.80,1.00];[1.20,1.40];[1.00,1.20];[1.40,1.60];[1.80,2.00];[0.40,0.60];[1.60,1.80]","prereg"
"42640d9056055ab9079b2184","[0.48,0.52];[1.80,1.84];[0.28,0.32];[1.24,1.28];[1.04,1.08];[0.24,0.28];[1.68,1.72];[1.56,1.60];[0.52,0.56];[1.48,1.52];[0.04,0.08];[0.40,0.44];[1.36,1.40];[0.96,1.00];[0.20,0.24];[0.84,0.88];[1.76,1.80];[1.00,1.04];[1.52,1.56];[1.60,1.64];[1.28,1.32];[0.76,0.80];[0.16,0.20];[0.56,0.60];[0.12,0.16];[2.00,0.00];[0.00,0.04];[1.16,1.20];[1.20,1.24];[1.08,1.12];[0.64,0.68];[1.72,1.76];[0.32,0.36];[0.44,0.48];[1.12,1.16];[1.32,1.36];[1.40,1.44];[0.72,0.76];[1.84,1.88];[1.88,1.92];[1.96,2.00];[0.60,0.64];[1.92,1.96];[0.08,0.12];[0.88,0.92];[0.68,0.72];[0.36,0.40];[1.44,1.48];[0.92,0.96];[0.80,0.84];[1.64,1.68]","prereg"
"","[1.24,1.28];[1.84,1.88];[0.08,0.12];[0.84,0.88];[1.64,1.68];[0.28,0.32];[0.52,0.56];[1.72,1.76];[1.04,1.08];[1.92,1.96];[1.12,1.16];[0.48,0.52];[0.88,0.92];[1.56,1.60];[0.92,0.96];[1.32,1.36];[0.16,0.20];[1.36,1.40];[1.48,1.52];[0.20,0.24];[0.76,0.80];[1.40,1.44];[0.68,0.72];[1.80,1.84];[1.52,1.56];[0.24,0.28];[1.00,1.04];[0.96,1.00];[1.76,1.80];[0.60,0.64];[0.64,0.68];[0.72,0.76];[0.04,0.08];[1.20,1.24];[0.00,0.04];[0.44,0.48];[1.28,1.32];[1.68,1.72];[0.80,0.84];[1.44,1.48];[0.36,0.40];[0.40,0.44];[1.60,1.64];[0.32,0.36];[1.96,2.00];[0.12,0.16];[1.08,1.12];[1.16,1.20];[0.56,0.60];[2.00,0.00];[1.88,1.92]","prereg"
"7c3d8ac575d0772d18027124","[0.64,0.68];[0.20,0.24];[0.60,0.64];[1.24,1.28];[0.56,0.60];[1.56,1.60];[0.84,0.88];[1.32,1.36];[1.36,1.40];[0.16,0.20];[1.88,1.92];[1.76,1.80];[0.68,0.72];[1.92,1.96];[1.96,2.00];[2.00,0.00];[1.80,1.84];[1.60,1.64];[1.08,1.12];[0.48,0.52];[0.76,0.80];[0.52,0.56];[1.40,1.44];[1.00,1.04];[1.64,1.68];[0.12,0.16];[1.72,1.76];[0.40,0.44];[0.32,0.36];[0.88,0.92];[1.52,1.56];[1.20,1.24];[1.84,1.88];[1.68,1.72];[1.48,1.52];[1.12,1.16];[0.44,0.48];[1.44,1.48];[0.28,0.32];[0.80,0.84];[0.04,0.08];[0.92,0.96];[0.36,0.40];[0.72,0.76];[0.96,1.00];[1.16,1.20];[1.28,1.32];[0.08,0.12];[1.04,1.08];[0.00,0.04];[0.24,0.28]","prereg"
"d0ea2b1718055b454a070ab3","[0.20,0.24];[0.00,0.04];[1.68,1.72];[0.44,0.48];[0.56,0.60];[1.60,1.64];[1.44,1.48];[0.40,0.44];[0.72,0.76];[0.88,0.92];[0.92,0.96];[0.16,0.20];[1.08,1.12];[2.00,0.00];[1.00,1.04];[0.64,0.68];[1.16,1.20];[1.64,1.68];[1.48,1.52];[1.96,2.00];[0.04,0.08];[0.76,0.80];[1.36,1.40];[0.36,0.40];[1.88,1.92];[0.96,1.00];[1.56,1.60];[0.12,0.16];[1.12,1.16];[1.28,1.32];[1.32,1.36];[1.24,1.28];[1.76,1.80];[0.60,0.64];[0.24,0.28];[0.84,0.88];[0.68,0.72];[0.32,0.36];[1.72,1.76];[0.52,0.56];[1.40,1.44];[1.52,1.56];[1.04,1.08];[1.80,1.84];[1.20,1.24];[0.08,0.12];[0.48,0.52];[1.84,1.88];[0.80,0.84];[1.92,1.96];[0.28,0.32]","prereg"
"5c080b115ea001dbefc8051d","[1.00,1.04];[1.88,1.92];[1.04,1.08];[0.68,0.72];[1.80,1.84];[0.56,0.60];[1.32,1.36];[1.76,1.80];[0.76,0.80];[0.12,0.16];[1.12,1.16];[1.64,1.68];[1.24,1.28];[1.20,1.24];[0.36,0.40];[1.16,1.20];[2.00,0.00];[0.92,0.96];[1.28,1.32];[0.84,0.88];[1.36,1.40];[0.04,0.08];[1.48,1.52];[0.52,0.56];[0.48,0.52];[0.08,0.12];[1.52,1.56];[1.72,1.76];[0.96,1.00];[0.44,0.48];[1.92,1.96];[0.24,0.28];[1.44,1.48];[0.80,0.84];[1.60,1.64];[1.84,1.88];[1.68,1.72];[1.56,1.60];[0.72,0.76];[0.64,0.68];[0.28,0.32];[0.88,0.92];[1.40,1.44];[0.16,0.20];[1.96,2.00];[1.08,1.12];[0.40,0.44];[0.00,0.04];[0.20,0.24];[0.60,0.64];[0.32,0.36]","prereg"
"","[1.48,1.52];[1.64,1.68];[1.44,1.48];[0.48,0.52];[1.52,1.56];[0.56,0.60];[1.20,1.24];[1.40,1.44];[0.68,0.72];[0.08,0.12];[0.76,0.80];[0.60,0.64];[1.56,1.60];[0.20,0.24];[0.72,0.76];[0.16,0.20];[1.36,1.40];[0.64,0.68];[0.80,0.84];[0.04,0.08];[0.88,0.92];[1.16,1.20];[1.60,1.64];[0.52,0.56];[1.28,1.32];[0.12,0.16];[1.68,1.72];[0.44,0.48];[1.00,1.04];[1.24,1.28];[0.24,0.28];[0.32,0.36];[0.96,1.00];[1.92,1.96];[1.12,1.16];[1.08,1.12];[0.40,0.44];[1.84,1.88];[1.80,1.84];[1.96,2.00];[0.36,0.40];[0.00,0.04];[0.92,0.96];[0.84,0.88];[1.04,1.08];[1.72,1.76];[0.28,0.32];[1.88,1.92];[2.00,0.00];[1.76,1.80];[1.32,1.36]","prereg"
"90e913f1e97030682235a6db","[1.00,1.20];[1.20,1.40];[0.80,1.00];[0.00,0.20];[1.80,2.00];[2.00,0.00];[1.60,1.80];[0.20,0.40];[1.40,1.60];[0.40,0.60];[0.60,0.80]","prereg"
"3e87e24950ca272b5ae90093","[1.40,1.44];[0.64,0.68];[0.36,0.40];[0.32,0.36];[1.36,1.40];[1.04,1.08];[0.60,0.64];[1.84,1.88];[0.00,0.04];[0.40,0.44];[1.52,1.56];[0.68,0.72];[0.72,0.76];[0.24,0.28];[1.20,1.24];[1.08,1.12];[1.88,1.92];[0.76,0.80];[0.28,0.32];[1.76,1.80];[1.32,1.36];[1.72,1.76];[1.16,1.20];[0.96,1.00];[1.28,1.32];[0.48,0.52];[1.92,1.96];[0.20,0.24];[1.56,1.60];[2.00,0.00];[0.12,0.16];[0.04,0.08];[0.44,0.48];[1.44,1.48];[0.88,0.92];[1.64,1.68];[1.12,1.16];[1.80,1.84];[0.56,0.60];[0.08,0.12];[0.92,0.96];[1.00,1.04];[0.52,0.56];[1.96,2.00];[1.68,1.72];[0.80,0.84];[0.16,0.20];[1.60,1.64];[1.48,1.52];[0.84,0.88];[1.24,1.28]","prereg"
"0dbb4d0ace0c289c541831b1","[0.20,0.24];[1.84,1.88];[0.56,0.60];[0.64,0.68];[1.60,1.64];[1.20,1.24];[0.08,0.12];[2.00,0.00];[0.92,0.96];[1.48,1.52];[0.52,0.56];[1.88,1.92];[1.92,1.96];[0.60,0.64];[1.52,1.56];[0.68,0.72];[1.32,1.36];[1.36,1.40];[1.08,1.12];[1.16,1.20];[1.40,1.44];[0.96,1.00];[1.64,1.68];[0.76,0.80];[0.12,0.16];[1.80,1.84];[0.00,0.04];[1.24,1.28];[0.32,0.36];[0.40,0.44];[0.28,0.32];[0.24,0.28];[0.16,0.20];[0.48,0.52];[0.84,0.88];[1.00,1.04];[0.36,0.40];[0.80,0.84];[1.96,2.00];[0.04,0.08];[1.04,1.08];[1.28,1.32];[1.56,1.60];[0.44,0.48];[0.72,0.76];[1.76,1.80];[1.72,1.76];[1.68,1.72];[0.88,0.92];[1.12,1.16];[1.44,1.48]","prereg"
"824ceb8da1d9b3ceb4fbc5f4","[0.60,0.80];[0.80,1.00];[1.80,2.00];[2.00,0.00];[0.40,0.60];[1.40,1.60];[1.00,1.20];[0.00,0.20];[1.20,1.40];[0.20,0.40];[1.60,1.80]","prereg"
"02c7a6b646b2720b4209caea","[1.48,1.52];[0.40,0.44];[0.96,1.00];[0.88,0.92];[1.52,1.56];[0.56,0.60];[1.76,1.80];[0.84,0.88];[1.80,1.84];[0.28,0.32];[0.68,0.72];[1.68,1.72];[0.36,0.40];[0.92,0.96];[0.20,0.24];[1.20,1.24];[1.96,2.00];[1.28,1.32];[0.08,0.12];[0.32,0.36];[1.36,1.40];[1.12,1.16];[0.44,0.48];[1.56,1.60];[1.00,1.04];[1.16,1.20];[0.64,0.68];[0.16,0.20];[0.72,0.76];[1.44,1.48];[0.12,0.16];[0.76,0.80];[0.60,0.64];[1.32,1.36];[0.48,0.52];[1.84,1.88];[0.00,0.04];[2.00,0.00];[0.04,0.08];[0.52,0.56];[1.64,1.68];[1.24,1.28];[1.92,1.96];[0.80,0.84];[1.72,1.76];[1.88,1.92];[1.08,1.12];[1.04,1.08];[1.60,1.64];[1.40,1.44];[0.24,0.28]","prereg"
"46cf423d075d7f18b6b6eb9b","[1.28,1.32];[0.24,0.28];[1.08,1.12];[1.64,1.68];[0.60,0.64];[0.08,0.12];[0.32,0.36];[1.96,2.00];[1.88,1.92];[0.04,0.08];[1.40,1.44];[1.52,1.56];[0.00,0.04];[0.72,0.76];[0.36,0.40];[0.12,0.16];[0.76,0.80];[1.36,1.40];[1.32,1.36];[0.96,1.00];[1.68,1.72];[1.12,1.16];[0.80,0.84];[1.72,1.76];[0.40,0.44];[1.04,1.08];[0.92,0.96];[0.16,0.20];[0.68,0.72];[1.44,1.48];[1.76,1.80];[0.48,0.52];[2.00,0.00];[0.84,0.88];[0.64,0.68];[0.20,0.24];[1.00,1.04];[1.24,1.28];[0.44,0.48];[1.92,1.96];[1.20,1.24];[0.28,0.32];[1.80,1.84];[1.48,1.52];[1.60,1.64];[1.16,1.20];[1.56,1.60];[0.88,0.92];[0.56,0.60];[0.52,0.56];[1.84,1.88]","prereg"
"2188a707b7706ab8f6199d81","[1.48,1.52];[0.60,0.64];[0.36,0.40];[0.08,0.12];[0.88,0.92];[0.40,0.44];[1.44,1.48];[0.24,0.28];[0.28,0.32];[0.32,0.36];[1.56,1.60];[1.80,1.84];[1.76,1.80];[0.00,0.04];[1.64,1.68];[1.92,1.96];[1.12,1.16];[0.80,0.84];[2.00,0.00];[1.36,1.40];[1.08,1.12];[0.56,0.60];[1.88,1.92];[0.16,0.20];[1.68,1.72];[0.52,0.56];[1.00,1.04];[0.04,0.08];[0.72,0.76];[0.20,0.24];[1.60,1.64];[0.92,0.96];[0.64,0.68];[1.32,1.36];[0.68,0.72];[1.40,1.44];[1.96,2.00];[0.44,0.48];[0.76,0.80];[1.24,1.28];[1.16,1.20];[1.04,1.08];[1.84,1.88];[0.12,0.16];[0.96,1.00];[1.28,1.32];[1.20,1.24];[0.48,0.52];[0.84,0.88];[1.72,1.76];[1.52,1.56]","prereg"
"537e77e0b53446da688a8734","[1.36,1.40];[2.00,0.00];[1.72,1.76];[1.68,1.72];[1.00,1.04];[1.96,2.00];[1.28,1.32];[1.12,1.16];[0.08,0.12];[1.24,1.28];[1.88,1.92];[0.64,0.68];[0.32,0.36];[0.56,0.60];[0.44,0.48];[0.96,1.00];[1.40,1.44];[0.52,0.56];[1.56,1.60];[1.32,1.36];[0.68,0.72];[0.36,0.40];[1.08,1.12];[0.76,0.80];[1.64,1.68];[1.48,1.52];[0.40,0.44];[0.12,0.16];[1.20,1.24];[1.60,1.64];[0.48,0.52];[1.92,1.96];[1.80,1.84];[0.80,0.84];[0.84,0.88];[0.04,0.08];[0.92,0.96];[0.28,0.32];[0.88,0.92];[1.04,1.08];[0.60,0.64];[1.52,1.56];[0.00,0.04];[1.44,1.48];[1.76,1.80];[1.16,1.20];[0.16,0.20];[0.24,0.28];[0.20,0.24];[1.84,1.88];[0.72,0.76]","prereg"
"","[0.68,0.72];[0.88,0.92];[0.32,0.36];[1.44,1.48];[0.44,0.48];[0.40,0.44];[1.92,1.96];[2.00,0.00];[1.00,1.04];[1.16,1.20];[1.08,1.12];[1.04,1.08];[0.36,0.40];[0.80,0.84];[0.16,0.20];[1.76,1.80];[1.52,1.56];[0.60,0.64];[1.28,1.32];[1.12,1.16];[0.20,0.24];[0.96,1.00];[1.72,1.76];[0.52,0.56];[0.92,0.96];[1.56,1.60];[1.88,1.92];[1.64,1.68];[1.80,1.84];[0.28,0.32];[0.84,0.88];[1.68,1.72];[0.56,0.60];[1.48,1.52];[1.96,2.00];[0.48,0.52];[0.08,0.12];[0.72,0.76];[0.12,0.16];[0.64,0.68];[1.60,1.64];[1.20,1.24];[1.84,1.88];[0.00,0.04];[1.24,1.28];[1.36,1.40];[1.40,1.44];[0.24,0.28];[0.76,0.80];[0.04,0.08];[1.32,1.36]","prereg"
"ddb491117cc457491101a323","[1.80,2.00];[0.40,0.60];[1.00,1.20];[1.40,1.60];[2.00,0.00];[1.60,1.80];[0.00,0.20];[0.60,0.80];[0.20,0.40];[1.20,1.40];[0.80,1.00]","prereg"
"31fa5614488ff1517b72cc95","[0.00,0.20];[1.60,1.80];[1.20,1.40];[2.00,0.00];[0.40,0.60];[1.80,2.00];[1.40,1.60];[0.80,1.00];[1.00,1.20];[0.60,0.80];[0.20,0.40]","prereg"
"c3ade0178d9096fedaf570d9","[0.60,0.64];[1.80,1.84];[0.68,0.72];[1.36,1.40];[0.16,0.20];[1.12,1.16];[1.20,1.24];[1.16,1.20];[1.32,1.36];[0.28,0.32];[0.44,0.48];[1.28,1.32];[0.32,0.36];[0.48,0.52];[0.08,0.12];[0.12,0.16];[0.72,0.76];[0.80,0.84];[0.56,0.60];[1.96,2.00];[1.88,1.92];[1.44,1.48];[0.24,0.28];[1.92,1.96];[2.00,0.00];[1.04,1.08];[1.72,1.76];[0.52,0.56];[1.52,1.56];[0.88,0.92];[0.36,0.40];[1.40,1.44];[0.40,0.44];[1.48,1.52];[1.64,1.68];[0.92,0.96];[1.68,1.72];[0.20,0.24];[0.96,1.00];[0.84,0.88];[0.64,0.68];[1.60,1.64];[1.00,1.04];[1.76,1.80];[1.24,1.28];[1.08,1.12];[1.56,1.60];[0.04,0.08];[0.76,0.80];[0.00,0.04];[1.84,1.88]","prereg"
"a237e47cd16e555b5e1d34f5","[1.56,1.60];[1.68,1.72];[1.72,1.76];[1.92,1.96];[0.92,0.96];[0.36,0.40];[0.04,0.08];[1.44,1.48];[0.12,0.16];[0.28,0.32];[1.48,1.52];[1.60,1.64];[0.56,0.60];[0.60,0.64];[1.52,1.56];[0.88,0.92];[1.84,1.88];[0.68,0.72];[1.96,2.00];[0.40,0.44];[0.32,0.36];[1.80,1.84];[0.80,0.84];[1.32,1.36];[1.64,1.68];[2.00,0.00];[1.24,1.28];[0.24,0.28];[1.00,1.04];[0.20,0.24];[0.64,0.68];[1.28,1.32];[1.16,1.20];[0.00,0.04];[0.16,0.20];[1.20,1.24];[1.76,1.80];[0.48,0.52];[1.40,1.44];[0.44,0.48];[1.12,1.16];[0.52,0.56];[0.76,0.80];[1.08,1.12];[0.72,0.76];[0.08,0.12];[1.04,1.08];[0.96,1.00];[0.84,0.88];[1.88,1.92];[1.36,1.40]","prereg"
"2cc0121c2450b98b37db5467","[1.00,1.20];[0.80,1.00];[1.40,1.60];[0.20,0.40];[0.00,0.20];[1.20,1.40];[1.60,1.80];[0.60,0.80];[0.40,0.60];[1.80,2.00];[2.00,0.00]","prereg"
"9e7a70f50228cdd607e8849b","[1.00,1.04];[1.16,1.20];[0.28,0.32];[0.76,0.80];[1.28,1.32];[1.44,1.48];[0.56,0.60];[1.36,1.40];[0.84,0.88];[0.64,0.68];[1.08,1.12];[0.04,0.08];[1.56,1.60];[0.92,0.96];[1.12,1.16];[1.40,1.44];[0.68,0.72];[0.88,0.92];[0.20,0.24];[1.48,1.52];[1.80,1.84];[1.92,1.96];[0.32,0.36];[1.04,1.08];[0.36,0.40];[1.96,2.00];[1.24,1.28];[1.84,1.88];[1.88,1.92];[0.12,0.16];[0.16,0.20];[1.64,1.68];[0.00,0.04];[1.20,1.24];[0.80,0.84];[0.60,0.64];[0.44,0.48];[0.72,0.76];[1.72,1.76];[1.52,1.56];[0.96,1.00];[1.76,1.80];[2.00,0.00];[1.68,1.72];[0.52,0.56];[0.24,0.28];[0.48,0.52];[1.32,1.36];[0.40,0.44];[0.08,0.12];[1.60,1.64]","prereg"
"bb33488d5085bbbd61642944","[1.92,1.96];[1.40,1.44];[1.24,1.28];[1.08,1.12];[0.92,0.96];[0.16,0.20];[0.24,0.28];[1.20,1.24];[1.56,1.60];[0.60,0.64];[2.00,0.00];[1.28,1.32];[1.52,1.56];[0.88,0.92];[0.12,0.16];[1.84,1.88];[0.44,0.48];[1.16,1.20];[1.72,1.76];[0.76,0.80];[1.64,1.68];[1.80,1.84];[0.64,0.68];[0.04,0.08];[0.68,0.72];[1.00,1.04];[0.32,0.36];[0.80,0.84];[0.20,0.24];[1.76,1.80];[1.44,1.48];[1.96,2.00];[0.00,0.04];[0.56,0.60];[1.12,1.16];[1.48,1.52];[0.08,0.12];[1.04,1.08];[1.88,1.92];[0.48,0.52];[0.84,0.88];[0.40,0.44];[1.36,1.40];[0.28,0.32];[0.72,0.76];[1.68,1.72];[0.52,0.56];[1.32,1.36];[1.60,1.64];[0.36,0.40];[0.96,1.00]","prereg"
"20f030bfc632e5500eae6e59","[1.32,1.36];[1.20,1.24];[0.72,0.76];[0.16,0.20];[1.24,1.28];[0.84,0.88];[1.80,1.84];[0.40,0.44];[1.12,1.16];[1.44,1.48];[1.16,1.20];[0.80,0.84];[1.64,1.68];[0.00,0.04];[1.88,1.92];[0.60,0.64];[0.04,0.08];[1.60,1.64];[1.36,1.40];[0.88,0.92];[1.68,1.72];[0.12,0.16];[0.32,0.36];[0.92,0.96];[0.64,0.68];[1.00,1.04];[1.92,1.96];[1.08,1.12];[0.28,0.32];[0.96,1.00];[0.44,0.48];[0.56,0.60];[0.76,0.80];[0.36,0.40];[1.56,1.60];[0.48,0.52];[0.68,0.72];[2.00,0.00];[1.72,1.76];[0.08,0.12];[1.52,1.56];[1.76,1.80];[0.20,0.24];[1.04,1.08];[0.24,0.28];[1.48,1.52];[1.84,1.88];[1.40,1.44];[1.28,1.32];[1.96,2.00];[0.52,0.56]","prereg"
"c7eca9462794f97739e17fe5","[1.60,1.64];[0.56,0.60];[0.68,0.72];[1.08,1.12];[1.96,2.00];[1.12,1.16];[0.84,0.88];[0.00,0.04];[0.04,0.08];[1.00,1.04];[0.52,0.56];[2.00,0.00];[1.48,1.52];[1.92,1.96];[0.92,0.96];[0.20,0.24];[1.40,1.44];[1.04,1.08];[0.48,0.52];[1.32,1.36];[1.64,1.68];[0.60,0.64];[0.80,0.84];[0.44,0.48];[1.88,1.92];[0.36,0.40];[0.40,0.44];[1.52,1.56];[0.96,1.00];[1.68,1.72];[1.20,1.24];[0.12,0.16];[1.56,1.60];[1.80,1.84];[1.24,1.28];[0.32,0.36];[1.28,1.32];[1.76,1.80];[0.64,0.68];[1.84,1.88];[1.16,1.20];[0.76,0.80];[0.08,0.12];[0.16,0.20];[1.44,1.48];[0.28,0.32];[1.72,1.76];[1.36,1.40];[0.88,0.92];[0.72,0.76];[0.24,0.28]","prereg"
"5983c0660fd20a18f7ecd9a6","[0.80,0.84];[0.36,0.40];[0.44,0.48];[0.96,1.00];[1.72,1.76];[0.08,0.12];[1.00,1.04];[1.24,1.28];[0.00,0.04];[0.92,0.96];[1.60,1.64];[1.80,1.84];[0.12,0.16];[1.12,1.16];[1.16,1.20];[0.56,0.60];[1.20,1.24];[0.60,0.64];[0.64,0.68];[0.24,0.28];[0.68,0.72];[0.72,0.76];[1.96,2.00];[0.20,0.24];[0.04,0.08];[0.28,0.32];[2.00,0.00];[1.44,1.48];[1.08,1.12];[1.92,1.96];[0.40,0.44];[1.04,1.08];[1.32,1.36];[1.52,1.56];[1.64,1.68];[0.88,0.92];[1.84,1.88];[0.48,0.52];[1.36,1.40];[1.68,1.72];[0.32,0.36];[1.28,1.32];[1.40,1.44];[0.84,0.88];[0.16,0.20];[1.56,1.60];[1.48,1.52];[0.76,0.80];[1.76,1.80];[1.88,1.92];[0.52,0.56]","prereg"
"5aeaec56504992211033337a","[1.56,1.60];[1.52,1.56];[0.20,0.24];[1.28,1.32];[1.72,1.76];[0.64,0.68];[0.16,0.20];[1.76,1.80];[0.04,0.08];[0.84,0.88];[1.68,1.72];[0.44,0.48];[0.36,0.40];[1.20,1.24];[0.40,0.44];[1.24,1.28];[0.28,0.32];[1.32,1.36];[1.60,1.64];[0.56,0.60];[1.84,1.88];[0.68,0.72];[0.48,0.52];[0.80,0.84];[0.24,0.28];[0.52,0.56];[0.08,0.12];[0.96,1.00];[1.16,1.20];[0.72,0.76];[0.92,0.96];[1.44,1.48];[1.00,1.04];[0.76,0.80];[0.12,0.16];[0.60,0.64];[1.04,1.08];[1.36,1.40];[2.00,0.00];[1.12,1.16];[1.08,1.12];[1.40,1.44];[0.32,0.36];[1.96,2.00];[0.00,0.04];[1.92,1.96];[1.64,1.68];[1.88,1.92];[1.48,1.52];[1.80,1.84];[0.88,0.92]","prereg"
"","[1.60,1.64];[0.96,1.00];[1.28,1.32];[0.56,0.60];[1.92,1.96];[0.12,0.16];[0.60,0.64];[0.88,0.92];[1.12,1.16];[1.24,1.28];[1.04,1.08];[0.08,0.12];[0.16,0.20];[1.48,1.52];[0.68,0.72];[1.36,1.40];[0.28,0.32];[0.52,0.56];[0.48,0.52];[1.56,1.60];[1.32,1.36];[1.44,1.48];[1.84,1.88];[1.20,1.24];[1.96,2.00];[0.64,0.68];[1.68,1.72];[0.04,0.08];[0.84,0.88];[0.72,0.76];[1.80,1.84];[1.08,1.12];[0.32,0.36];[1.00,1.04];[0.80,0.84];[1.16,1.20];[1.88,1.92];[0.92,0.96];[1.76,1.80];[1.64,1.68];[1.52,1.56];[0.20,0.24];[0.36,0.40];[0.40,0.44];[2.00,0.00];[0.76,0.80];[0.44,0.48];[1.72,1.76];[1.40,1.44];[0.24,0.28];[0.00,0.04]","prereg"
"5f5945000ee33c69c299ebe1","[1.04,1.08];[0.88,0.92];[0.80,0.84];[0.68,0.72];[0.24,0.28];[0.36,0.40];[0.44,0.48];[0.76,0.80];[1.08,1.12];[1.16,1.20];[1.00,1.04];[0.08,0.12];[1.20,1.24];[0.92,0.96];[1.52,1.56];[1.32,1.36];[0.20,0.24];[1.40,1.44];[0.60,0.64];[0.12,0.16];[1.68,1.72];[1.92,1.96];[1.88,1.92];[1.80,1.84];[0.84,0.88];[0.00,0.04];[0.64,0.68];[0.96,1.00];[1.96,2.00];[0.56,0.60];[1.60,1.64];[0.72,0.76];[1.64,1.68];[0.04,0.08];[1.24,1.28];[0.40,0.44];[1.56,1.60];[1.28,1.32];[1.72,1.76];[1.84,1.88];[0.16,0.20];[1.76,1.80];[1.48,1.52];[1.12,1.16];[0.48,0.52];[1.36,1.40];[2.00,0.00];[0.32,0.36];[0.52,0.56];[1.44,1.48];[0.28,0.32]","prereg"
"3432ebab9440836788ed9409","[0.72,0.76];[1.84,1.88];[0.64,0.68];[0.52,0.56];[1.96,2.00];[1.32,1.36];[0.80,0.84];[1.48,1.52];[0.36,0.40];[0.04,0.08];[0.68,0.72];[0.88,0.92];[1.76,1.80];[0.00,0.04];[1.56,1.60];[1.08,1.12];[0.44,0.48];[1.20,1.24];[0.48,0.52];[0.12,0.16];[0.40,0.44];[1.24,1.28];[0.60,0.64];[0.16,0.20];[0.20,0.24];[0.24,0.28];[1.40,1.44];[1.52,1.56];[0.84,0.88];[1.68,1.72];[0.32,0.36];[1.36,1.40];[0.76,0.80];[1.00,1.04];[0.56,0.60];[1.88,1.92];[0.28,0.32];[0.08,0.12];[1.80,1.84];[1.28,1.32];[2.00,0.00];[1.16,1.20];[1.72,1.76];[1.60,1.64];[1.04,1.08];[0.96,1.00];[0.92,0.96];[1.12,1.16];[1.64,1.68];[1.44,1.48];[1.92,1.96]","prereg"
"d6f76d85411aee34e7e451f5","[0.80,0.84];[1.16,1.20];[1.40,1.44];[0.36,0.40];[1.04,1.08];[0.64,0.68];[0.16,0.20];[0.52,0.56];[1.24,1.28];[1.96,2.00];[0.60,0.64];[1.52,1.56];[0.84,0.88];[1.56,1.60];[1.20,1.24];[0.20,0.24];[1.00,1.04];[2.00,0.00];[1.84,1.88];[0.68,0.72];[1.28,1.32];[0.24,0.28];[0.28,0.32];[0.44,0.48];[0.56,0.60];[1.88,1.92];[1.32,1.36];[1.36,1.40];[0.96,1.00];[1.48,1.52];[1.80,1.84];[0.76,0.80];[1.60,1.64];[0.48,0.52];[1.44,1.48];[0.08,0.12];[0.88,0.92];[1.64,1.68];[0.32,0.36];[1.68,1.72];[1.72,1.76];[1.76,1.80];[0.40,0.44];[0.00,0.04];[1.08,1.12];[0.04,0.08];[0.12,0.16];[1.12,1.16];[0.72,0.76];[0.92,0.96];[1.92,1.96]","prereg"
"ec34827bede9e75599686694","[1.00,1.20];[1.80,2.00];[2.00,0.00];[1.60,1.80];[0.40,0.60];[1.20,1.40];[0.80,1.00];[0.20,0.40];[0.60,0.80];[1.40,1.60];[0.00,0.20]","prereg"
"83c97ada3bf7dee1c20fc6ce","[1.20,1.40];[0.80,1.00];[0.60,0.80];[2.00,0.00];[0.20,0.40];[0.40,0.60];[1.40,1.60];[1.80,2.00];[0.00,0.20];[1.00,1.20];[1.60,1.80]","prereg"
"f141dfd4255ee68da87d75fa","[1.40,1.44];[1.64,1.68];[1.04,1.08];[0.68,0.72];[1.16,1.20];[0.88,0.92];[1.72,1.76];[0.12,0.16];[1.80,1.84];[1.88,1.92];[0.00,0.04];[0.24,0.28];[1.36,1.40];[0.36,0.40];[0.80,0.84];[1.52,1.56];[0.72,0.76];[1.84,1.88];[1.96,2.00];[1.48,1.52];[1.76,1.80];[1.60,1.64];[0.52,0.56];[0.96,1.00];[1.56,1.60];[0.44,0.48];[0.56,0.60];[1.68,1.72];[0.20,0.24];[0.28,0.32];[0.92,0.96];[1.92,1.96];[1.24,1.28];[2.00,0.00];[1.32,1.36];[0.84,0.88];[0.76,0.80];[1.12,1.16];[1.28,1.32];[0.64,0.68];[0.16,0.20];[0.60,0.64];[0.40,0.44];[1.00,1.04];[1.08,1.12];[0.04,0.08];[0.32,0.36];[1.44,1.48];[0.08,0.12];[0.48,0.52];[1.20,1.24]","prereg"
"60df2df16d2d67d94e1f92c6","[0.60,0.80];[1.40,1.60];[0.20,0.40];[1.60,1.80];[0.40,0.60];[1.20,1.40];[1.80,2.00];[2.00,0.00];[0.00,0.20];[0.80,1.00];[1.00,1.20]","prereg"
"ab34b8acd148fa91aa493726","[0.04,0.08];[1.12,1.16];[1.36,1.40];[1.08,1.12];[1.28,1.32];[1.84,1.88];[2.00,0.00];[0.48,0.52];[1.32,1.36];[0.84,0.88];[1.24,1.28];[1.72,1.76];[0.44,0.48];[1.68,1.72];[0.92,0.96];[0.00,0.04];[1.20,1.24];[0.32,0.36];[0.36,0.40];[0.24,0.28];[1.80,1.84];[0.72,0.76];[0.64,0.68];[0.16,0.20];[1.40,1.44];[0.40,0.44];[1.44,1.48];[0.88,0.92];[1.92,1.96];[1.76,1.80];[0.56,0.60];[0.60,0.64];[1.56,1.60];[0.28,0.32];[0.20,0.24];[1.04,1.08];[0.12,0.16];[0.08,0.12];[1.60,1.64];[1.00,1.04];[1.52,1.56];[1.96,2.00];[0.96,1.00];[1.88,1.92];[0.52,0.56];[0.68,0.72];[0.76,0.80];[1.64,1.68];[1.48,1.52];[1.16,1.20];[0.80,0.84]","prereg"
"156a1e094fa314c8ce2b5e3e","[1.40,1.60];[0.60,0.80];[0.80,1.00];[0.40,0.60];[0.20,0.40];[1.00,1.20];[1.80,2.00];[1.20,1.40];[0.00,0.20];[1.60,1.80];[2.00,0.00]","prereg"
"427d53249bd00bf33b968aed","[0.00,0.20];[1.00,1.20];[1.60,1.80];[0.20,0.40];[1.80,2.00];[0.40,0.60];[1.40,1.60];[0.60,0.80];[0.80,1.00];[1.20,1.40];[2.00,0.00]","prereg"
"106bd9d30e5934c566d3c5dc","[0.84,0.88];[1.24,1.28];[0.48,0.52];[0.64,0.68];[1.36,1.40];[1.76,1.80];[1.48,1.52];[2.00,0.00];[0.04,0.08];[1.08,1.12];[1.28,1.32];[0.72,0.76];[1.60,1.64];[0.28,0.32];[1.96,2.00];[0.92,0.96];[0.36,0.40];[1.20,1.24];[1.04,1.08];[0.80,0.84];[0.76,0.80];[0.16,0.20];[1.12,1.16];[0.20,0.24];[0.44,0.48];[1.56,1.60];[1.84,1.88];[0.60,0.64];[0.08,0.12];[1.52,1.56];[1.16,1.20];[1.64,1.68];[1.72,1.76];[0.88,0.92];[0.12,0.16];[1.92,1.96];[0.52,0.56];[1.44,1.48];[0.00,0.04];[1.80,1.84];[0.32,0.36];[0.56,0.60];[1.32,1.36];[1.68,1.72];[1.88,1.92];[0.24,0.28];[0.96,1.00];[1.00,1.04];[1.40,1.44];[0.40,0.44];[0.68,0.72]","prereg"
"0270660e2206f050489da622","[1.60,1.80];[1.40,1.60];[0.20,0.40];[0.80,1.00];[1.00,1.20];[2.00,0.00];[1.80,2.00];[0.40,0.60];[0.60,0.80];[1.20,1.40];[0.00,0.20]","prereg"
"c0b21a335f54e21ad6b410f7","[0.92,0.96];[1.08,1.12];[1.32,1.36];[1.88,1.92];[1.04,1.08];[1.40,1.44];[1.68,1.72];[1.76,1.80];[1.56,1.60];[1.84,1.88];[0.64,0.68];[1.20,1.24];[0.60,0.64];[1.28,1.32];[1.48,1.52];[1.96,2.00];[1.64,1.68];[0.16,0.20];[0.80,0.84];[1.24,1.28];[1.92,1.96];[0.56,0.60];[0.20,0.24];[0.12,0.16];[0.04,0.08];[0.52,0.56];[0.00,0.04];[1.16,1.20];[0.88,0.92];[0.96,1.00];[1.36,1.40];[0.32,0.36];[0.48,0.52];[0.28,0.32];[0.08,0.12];[0.40,0.44];[1.00,1.04];[0.24,0.28];[0.68,0.72];[1.60,1.64];[1.12,1.16];[1.44,1.48];[0.44,0.48];[0.72,0.76];[0.84,0.88];[1.52,1.56];[0.36,0.40];[0.76,0.80];[2.00,0.00];[1.72,1.76];[1.80,1.84]","prereg"
"6c9dfd28ae5014b31c6fa8fa","[0.36,0.40];[0.08,0.12];[1.84,1.88];[1.12,1.16];[0.52,0.56];[0.84,0.88];[0.72,0.76];[0.68,0.72];[1.28,1.32];[1.88,1.92];[1.08,1.12];[1.96,2.00];[0.48,0.52];[0.04,0.08];[0.56,0.60];[1.52,1.56];[0.12,0.16];[1.68,1.72];[0.76,0.80];[0.40,0.44];[1.32,1.36];[0.92,0.96];[0.64,0.68];[2.00,0.00];[1.44,1.48];[1.16,1.20];[1.04,1.08];[0.80,0.84];[1.36,1.40];[1.76,1.80];[0.00,0.04];[1.72,1.76];[1.24,1.28];[0.32,0.36];[1.56,1.60];[1.92,1.96];[0.96,1.00];[0.28,0.32];[1.00,1.04];[1.40,1.44];[0.88,0.92];[0.16,0.20];[1.20,1.24];[0.24,0.28];[1.48,1.52];[1.80,1.84];[1.60,1.64];[0.44,0.48];[1.64,1.68];[0.20,0.24];[0.60,0.64]","prereg"
"6ffee152111a1df8702f8a56","[1.24,1.28];[1.60,1.64];[1.92,1.96];[0.60,0.64];[1.40,1.44];[0.20,0.24];[0.56,0.60];[1.08,1.12];[0.52,0.56];[0.04,0.08];[1.76,1.80];[0.68,0.72];[0.08,0.12];[1.44,1.48];[1.00,1.04];[1.80,1.84];[1.56,1.60];[1.36,1.40];[1.28,1.32];[0.92,0.96];[0.40,0.44];[0.88,0.92];[0.72,0.76];[0.36,0.40];[1.96,2.00];[1.68,1.72];[1.16,1.20];[0.64,0.68];[2.00,0.00];[0.84,0.88];[0.00,0.04];[0.80,0.84];[1.48,1.52];[1.64,1.68];[0.12,0.16];[1.04,1.08];[1.32,1.36];[0.32,0.36];[1.52,1.56];[1.20,1.24];[0.96,1.00];[0.24,0.28];[1.84,1.88];[1.72,1.76];[0.16,0.20];[0.44,0.48];[0.28,0.32];[0.48,0.52];[0.76,0.80];[1.12,1.16];[1.88,1.92]","prereg"
"a58f57503d081548eacc29ac","[0.00,0.20];[2.00,0.00];[1.80,2.00];[0.60,0.80];[1.20,1.40];[0.20,0.40];[0.40,0.60];[1.60,1.80];[0.80,1.00];[1.40,1.60];[1.00,1.20]","prereg"
"ad9207910f4d4a45c67c3e7b","[0.80,1.00];[2.00,0.00];[0.60,0.80];[0.40,0.60];[0.00,0.20];[1.60,1.80];[1.80,2.00];[0.20,0.40];[1.40,1.60];[1.00,1.20];[1.20,1.40]","prereg"
"8750cf6b5fb093a10491d06f","[1.96,2.00];[0.08,0.12];[0.68,0.72];[0.56,0.60];[0.40,0.44];[0.44,0.48];[1.44,1.48];[1.48,1.52];[1.60,1.64];[1.24,1.28];[1.52,1.56];[1.08,1.12];[1.40,1.44];[0.72,0.76];[0.96,1.00];[1.72,1.76];[0.64,0.68];[0.12,0.16];[0.80,0.84];[1.68,1.72];[0.88,0.92];[0.60,0.64];[0.28,0.32];[0.92,0.96];[0.36,0.40];[1.16,1.20];[0.52,0.56];[0.76,0.80];[1.88,1.92];[0.84,0.88];[1.28,1.32];[0.24,0.28];[1.84,1.88];[0.32,0.36];[1.04,1.08];[1.64,1.68];[0.16,0.20];[0.00,0.04];[1.00,1.04];[1.12,1.16];[1.76,1.80];[1.80,1.84];[1.32,1.36];[0.48,0.52];[1.56,1.60];[1.36,1.40];[0.20,0.24];[0.04,0.08];[1.92,1.96];[1.20,1.24];[2.00,0.00]","prereg"
"08b4e8899d796956d8a5d6b1","[1.60,1.80];[1.40,1.60];[1.80,2.00];[0.80,1.00];[1.20,1.40];[0.40,0.60];[0.60,0.80];[0.20,0.40];[2.00,0.00];[1.00,1.20];[0.00,0.20]","prereg"
"ad1529d18d2d6d8d64abdcff","[1.48,1.52];[0.12,0.16];[0.44,0.48];[1.68,1.72];[0.60,0.64];[2.00,0.00];[0.72,0.76];[0.88,0.92];[1.24,1.28];[1.88,1.92];[0.40,0.44];[1.28,1.32];[1.12,1.16];[0.24,0.28];[1.64,1.68];[1.52,1.56];[0.48,0.52];[1.44,1.48];[1.84,1.88];[0.64,0.68];[0.52,0.56];[0.56,0.60];[0.96,1.00];[1.08,1.12];[1.92,1.96];[1.76,1.80];[1.72,1.76];[1.16,1.20];[1.00,1.04];[0.76,0.80];[1.80,1.84];[0.92,0.96];[1.60,1.64];[1.32,1.36];[0.28,0.32];[1.40,1.44];[0.36,0.40];[0.68,0.72];[0.08,0.12];[0.20,0.24];[0.80,0.84];[1.96,2.00];[0.00,0.04];[1.36,1.40];[0.84,0.88];[0.04,0.08];[1.20,1.24];[0.32,0.36];[1.56,1.60];[1.04,1.08];[0.16,0.20]","prereg"
"d93d4644c7b1e7b9cd9d9657","[1.00,1.20];[1.20,1.40];[2.00,0.00];[1.60,1.80];[1.40,1.60];[0.20,0.40];[0.00,0.20];[0.40,0.60];[0.80,1.00];[1.80,2.00];[0.60,0.80]","prereg"
"0b4b7cf8e6dcd904ac2b2bca","[1.88,1.92];[2.00,0.00];[0.48,0.52];[1.16,1.20];[0.72,0.76];[0.56,0.60];[1.44,1.48];[0.12,0.16];[0.64,0.68];[0.16,0.20];[1.68,1.72];[0.96,1.00];[0.24,0.28];[0.52,0.56];[1.00,1.04];[0.88,0.92];[1.36,1.40];[1.76,1.80];[0.80,0.84];[1.96,2.00];[0.44,0.48];[1.32,1.36];[0.40,0.44];[0.00,0.04];[0.68,0.72];[0.84,0.88];[1.60,1.64];[0.28,0.32];[1.64,1.68];[1.20,1.24];[1.72,1.76];[0.08,0.12];[1.92,1.96];[0.92,0.96];[1.56,1.60];[1.08,1.12];[0.04,0.08];[1.28,1.32];[1.40,1.44];[1.48,1.52];[0.76,0.80];[1.84,1.88];[0.36,0.40];[0.32,0.36];[1.52,1.56];[1.04,1.08];[1.80,1.84];[0.20,0.24];[1.24,1.28];[0.60,0.64];[1.12,1.16]","prereg"
"268604cb22e9c5d8f4889571","[1.04,1.08];[1.12,1.16];[1.24,1.28];[1.44,1.48];[0.52,0.56];[0.12,0.16];[0.96,1.00];[0.64,0.68];[0.68,0.72];[1.68,1.72];[1.52,1.56];[0.60,0.64];[1.60,1.64];[1.36,1.40];[0.44,0.48];[1.20,1.24];[1.80,1.84];[0.76,0.80];[0.72,0.76];[2.00,0.00];[0.80,0.84];[0.56,0.60];[0.84,0.88];[0.40,0.44];[0.16,0.20];[0.48,0.52];[0.36,0.40];[0.88,0.92];[0.32,0.36];[1.84,1.88];[1.48,1.52];[0.28,0.32];[1.28,1.32];[1.32,1.36];[0.08,0.12];[0.00,0.04];[1.56,1.60];[1.76,1.80];[0.04,0.08];[1.08,1.12];[1.72,1.76];[0.20,0.24];[0.92,0.96];[1.92,1.96];[1.40,1.44];[1.64,1.68];[1.00,1.04];[1.96,2.00];[0.24,0.28];[1.16,1.20];[1.88,1.92]","prereg"
"","[0.36,0.40];[0.60,0.64];[0.12,0.16];[0.16,0.20];[0.08,0.12];[0.24,0.28];[1.84,1.88];[0.00,0.04];[1.40,1.44];[1.16,1.20];[0.28,0.32];[1.88,1.92];[0.92,0.96];[1.00,1.04];[0.68,0.72];[0.56,0.60];[0.64,0.68];[0.20,0.24];[1.12,1.16];[0.04,0.08];[1.80,1.84];[1.52,1.56];[1.04,1.08];[1.20,1.24];[1.44,1.48];[0.76,0.80];[0.52,0.56];[0.32,0.36];[1.32,1.36];[1.08,1.12];[1.68,1.72];[0.96,1.00];[0.40,0.44];[0.44,0.48];[0.72,0.76];[1.92,1.96];[0.88,0.92];[2.00,0.00];[1.96,2.00];[1.24,1.28];[0.80,0.84];[1.64,1.68];[1.56,1.60];[0.48,0.52];[1.48,1.52];[1.36,1.40];[0.84,0.88];[1.76,1.80];[1.72,1.76];[1.28,1.32];[1.60,1.64]","prereg"
"b772d578fdd0e82118e4021c","[1.84,1.88];[0.84,0.88];[1.52,1.56];[1.76,1.80];[1.20,1.24];[0.32,0.36];[1.24,1.28];[0.88,0.92];[0.44,0.48];[0.52,0.56];[1.72,1.76];[0.20,0.24];[0.28,0.32];[1.36,1.40];[1.56,1.60];[1.64,1.68];[0.04,0.08];[1.04,1.08];[0.76,0.80];[0.92,0.96];[1.12,1.16];[1.68,1.72];[0.60,0.64];[1.40,1.44];[1.32,1.36];[0.64,0.68];[0.00,0.04];[2.00,0.00];[0.36,0.40];[1.92,1.96];[1.60,1.64];[0.80,0.84];[0.72,0.76];[0.24,0.28];[1.96,2.00];[1.28,1.32];[0.48,0.52];[0.08,0.12];[0.40,0.44];[0.96,1.00];[1.48,1.52];[0.68,0.72];[1.88,1.92];[0.12,0.16];[0.56,0.60];[1.08,1.12];[1.80,1.84];[1.44,1.48];[1.16,1.20];[0.16,0.20];[1.00,1.04]","prereg"
"dbd44345d4a8d5fa9961ad0f","[0.80,1.00];[1.00,1.20];[0.60,0.80];[1.40,1.60];[1.60,1.80];[0.00,0.20];[1.80,2.00];[1.20,1.40];[0.40,0.60];[0.20,0.40];[2.00,0.00]","prereg"
"921bfb2ae337258de89a669e","[1.96,2.00];[0.28,0.32];[1.68,1.72];[0.60,0.64];[0.44,0.48];[0.96,1.00];[1.56,1.60];[1.64,1.68];[0.84,0.88];[1.24,1.28];[0.88,0.92];[0.00,0.04];[0.72,0.76];[0.40,0.44];[0.48,0.52];[0.04,0.08];[1.48,1.52];[1.80,1.84];[0.64,0.68];[0.12,0.16];[1.44,1.48];[1.28,1.32];[2.00,0.00];[0.16,0.20];[1.92,1.96];[0.68,0.72];[1.36,1.40];[1.40,1.44];[1.16,1.20];[0.36,0.40];[1.88,1.92];[0.92,0.96];[1.84,1.88];[1.08,1.12];[0.32,0.36];[0.24,0.28];[0.76,0.80];[1.52,1.56];[1.00,1.04];[1.72,1.76];[1.32,1.36];[0.08,0.12];[1.04,1.08];[0.52,0.56];[0.56,0.60];[1.12,1.16];[0.80,0.84];[1.76,1.80];[0.20,0.24];[1.20,1.24];[1.60,1.64]","prereg"
"","[1.60,1.64];[0.96,1.00];[1.92,1.96];[0.60,0.64];[1.96,2.00];[0.84,0.88];[1.48,1.52];[0.24,0.28];[0.16,0.20];[0.56,0.60];[1.84,1.88];[1.36,1.40];[1.52,1.56];[0.36,0.40];[0.48,0.52];[0.08,0.12];[0.12,0.16];[0.76,0.80];[1.44,1.48];[1.24,1.28];[0.04,0.08];[0.20,0.24];[1.00,1.04];[1.76,1.80];[1.16,1.20];[0.00,0.04];[1.68,1.72];[0.52,0.56];[1.80,1.84];[0.28,0.32];[2.00,0.00];[0.32,0.36];[1.88,1.92];[1.32,1.36];[1.72,1.76];[0.64,0.68];[0.68,0.72];[1.64,1.68];[1.08,1.12];[0.72,0.76];[0.88,0.92];[0.40,0.44];[0.44,0.48];[1.20,1.24];[0.92,0.96];[0.80,0.84];[1.40,1.44];[1.28,1.32];[1.12,1.16];[1.56,1.60];[1.04,1.08]","prereg"
"c9380f1f099d97883cde9e35","[0.60,0.80];[0.40,0.60];[0.20,0.40];[1.60,1.80];[0.00,0.20];[0.80,1.00];[1.00,1.20];[1.40,1.60];[2.00,0.00];[1.80,2.00];[1.20,1.40]","prereg"
"b213a469e9af662ec3393f8d","[1.00,1.04];[0.52,0.56];[0.40,0.44];[0.04,0.08];[0.96,1.00];[1.80,1.84];[0.60,0.64];[0.24,0.28];[0.92,0.96];[1.12,1.16];[0.68,0.72];[0.08,0.12];[1.72,1.76];[1.20,1.24];[1.88,1.92];[1.48,1.52];[0.84,0.88];[1.64,1.68];[1.24,1.28];[1.92,1.96];[1.08,1.12];[0.16,0.20];[1.16,1.20];[1.96,2.00];[0.72,0.76];[0.56,0.60];[1.76,1.80];[0.76,0.80];[1.52,1.56];[1.28,1.32];[0.12,0.16];[1.40,1.44];[0.44,0.48];[0.00,0.04];[0.32,0.36];[0.88,0.92];[0.80,0.84];[0.48,0.52];[1.56,1.60];[0.36,0.40];[1.36,1.40];[1.68,1.72];[2.00,0.00];[0.64,0.68];[1.84,1.88];[1.04,1.08];[1.32,1.36];[1.44,1.48];[0.28,0.32];[1.60,1.64];[0.20,0.24]","prereg"
"2e8f5933813a30ea4b181719","[1.80,1.84];[0.76,0.80];[0.60,0.64];[1.92,1.96];[0.48,0.52];[1.44,1.48];[0.84,0.88];[1.60,1.64];[0.36,0.40];[0.20,0.24];[0.56,0.60];[0.28,0.32];[0.00,0.04];[0.40,0.44];[0.24,0.28];[1.12,1.16];[0.88,0.92];[1.68,1.72];[1.48,1.52];[0.32,0.36];[2.00,0.00];[1.52,1.56];[0.16,0.20];[1.56,1.60];[1.76,1.80];[0.52,0.56];[1.88,1.92];[0.64,0.68];[1.16,1.20];[1.28,1.32];[1.84,1.88];[1.32,1.36];[0.08,0.12];[0.12,0.16];[1.20,1.24];[1.08,1.12];[0.44,0.48];[1.96,2.00];[0.04,0.08];[1.04,1.08];[1.72,1.76];[1.00,1.04];[1.40,1.44];[1.64,1.68];[0.72,0.76];[0.96,1.00];[0.80,0.84];[1.24,1.28];[0.92,0.96];[1.36,1.40];[0.68,0.72]","prereg"
"e1f17e772bc05bda78e21a6c","[1.72,1.76];[0.12,0.16];[0.88,0.92];[0.52,0.56];[0.60,0.64];[1.64,1.68];[0.64,0.68];[1.52,1.56];[0.80,0.84];[1.00,1.04];[1.32,1.36];[1.80,1.84];[0.40,0.44];[0.20,0.24];[0.96,1.00];[0.36,0.40];[1.16,1.20];[1.36,1.40];[1.24,1.28];[0.92,0.96];[1.08,1.12];[0.16,0.20];[0.84,0.88];[0.28,0.32];[0.08,0.12];[1.04,1.08];[1.92,1.96];[0.44,0.48];[0.72,0.76];[0.24,0.28];[0.56,0.60];[0.68,0.72];[0.48,0.52];[1.96,2.00];[1.28,1.32];[1.76,1.80];[1.12,1.16];[1.48,1.52];[1.60,1.64];[2.00,0.00];[1.20,1.24];[1.68,1.72];[1.56,1.60];[1.88,1.92];[0.00,0.04];[1.44,1.48];[0.32,0.36];[0.04,0.08];[1.40,1.44];[1.84,1.88];[0.76,0.80]","prereg"
"5e74b843bb699a2924df6433","[0.80,1.00];[1.40,1.60];[0.40,0.60];[0.60,0.80];[1.00,1.20];[0.00,0.20];[1.60,1.80];[2.00,0.00];[1.20,1.40];[0.20,0.40];[1.80,2.00]","prereg"
"078b6fa30dd66be88abe8d58","[0.40,0.60];[0.60,0.80];[1.20,1.40];[0.80,1.00];[0.00,0.20];[1.60,1.80];[2.00,0.00];[1.40,1.60];[0.20,0.40];[1.00,1.20];[1.80,2.00]","prereg"
"8d3f011d4b867214122e1778","[1.92,1.96];[0.04,0.08];[1.04,1.08];[1.84,1.88];[1.80,1.84];[1.76,1.80];[0.12,0.16];[0.48,0.52];[1.24,1.28];[1.32,1.36];[1.68,1.72];[1.60,1.64];[0.08,0.12];[1.96,2.00];[1.48,1.52];[0.32,0.36];[0.56,0.60];[0.24,0.28];[1.16,1.20];[0.20,0.24];[0.76,0.80];[1.28,1.32];[0.16,0.20];[0.40,0.44];[0.64,0.68];[0.80,0.84];[1.72,1.76];[1.12,1.16];[0.92,0.96];[1.40,1.44];[1.52,1.56];[1.36,1.40];[0.72,0.76];[1.44,1.48];[1.88,1.92];[0.28,0.32];[0.36,0.40];[1.20,1.24];[1.08,1.12];[1.56,1.60];[0.60,0.64];[0.68,0.72];[0.52,0.56];[1.64,1.68];[0.96,1.00];[0.88,0.92];[1.00,1.04];[0.44,0.48];[2.00,0.00];[0.00,0.04];[0.84,0.88]","prereg"
"46d1620143252ad6b46e15c6","[1.44,1.48];[1.68,1.72];[0.80,0.84];[0.04,0.08];[0.36,0.40];[1.32,1.36];[1.36,1.40];[0.52,0.56];[0.28,0.32];[0.12,0.16];[0.84,0.88];[0.00,0.04];[1.60,1.64];[1.56,1.60];[0.24,0.28];[0.08,0.12];[1.04,1.08];[1.76,1.80];[0.60,0.64];[0.88,0.92];[0.68,0.72];[0.64,0.68];[1.48,1.52];[1.20,1.24];[1.24,1.28];[0.96,1.00];[0.72,0.76];[1.64,1.68];[1.92,1.96];[0.44,0.48];[1.52,1.56];[1.96,2.00];[1.84,1.88];[0.16,0.20];[1.16,1.20];[2.00,0.00];[0.92,0.96];[1.08,1.12];[1.40,1.44];[1.80,1.84];[1.28,1.32];[1.12,1.16];[0.20,0.24];[0.76,0.80];[0.56,0.60];[1.88,1.92];[0.32,0.36];[1.72,1.76];[0.40,0.44];[1.00,1.04];[0.48,0.52]","prereg"
"","[1.40,1.44];[0.52,0.56];[1.68,1.72];[1.16,1.20];[0.96,1.00];[1.48,1.52];[1.56,1.60];[0.76,0.80];[1.84,1.88];[1.60,1.64];[0.60,0.64];[1.88,1.92];[1.08,1.12];[1.36,1.40];[0.24,0.28];[1.52,1.56];[1.80,1.84];[0.16,0.20];[1.12,1.16];[2.00,0.00];[0.88,0.92];[0.48,0.52];[0.56,0.60];[0.08,0.12];[0.92,0.96];[0.32,0.36];[1.24,1.28];[0.84,0.88];[0.12,0.16];[0.28,0.32];[1.92,1.96];[0.80,0.84];[0.20,0.24];[1.96,2.00];[0.68,0.72];[1.44,1.48];[0.72,0.76];[1.76,1.80];[1.00,1.04];[0.40,0.44];[0.64,0.68];[0.04,0.08];[0.44,0.48];[1.28,1.32];[1.72,1.76];[1.64,1.68];[0.36,0.40];[1.04,1.08];[1.20,1.24];[1.32,1.36];[0.00,0.04]","prereg"
"d20498a73a0634cf881db7de","[1.24,1.28];[0.80,0.84];[1.00,1.04];[1.88,1.92];[0.40,0.44];[0.36,0.40];[1.76,1.80];[1.56,1.60];[1.40,1.44];[2.00,0.00];[0.32,0.36];[1.32,1.36];[0.56,0.60];[1.68,1.72];[1.20,1.24];[1.72,1.76];[1.84,1.88];[1.12,1.16];[1.36,1.40];[1.92,1.96];[1.16,1.20];[1.04,1.08];[0.88,0.92];[1.08,1.12];[1.48,1.52];[0.52,0.56];[0.44,0.48];[1.44,1.48];[0.68,0.72];[0.04,0.08];[0.60,0.64];[0.20,0.24];[1.60,1.64];[1.28,1.32];[1.96,2.00];[0.92,0.96];[0.84,0.88];[0.72,0.76];[0.48,0.52];[0.08,0.12];[0.12,0.16];[0.16,0.20];[1.64,1.68];[0.24,0.28];[0.28,0.32];[0.00,0.04];[1.80,1.84];[0.64,0.68];[0.76,0.80];[0.96,1.00];[1.52,1.56]","prereg"
"719175b425bf1600925f625b","[0.40,0.60];[0.60,0.80];[1.20,1.40];[1.00,1.20];[2.00,0.00];[1.40,1.60];[0.00,0.20];[0.20,0.40];[1.80,2.00];[1.60,1.80];[0.80,1.00]","prereg"
"f9fe988f3deb6fc1b1a59edb","[0.92,0.96];[1.48,1.52];[0.20,0.24];[0.16,0.20];[1.56,1.60];[1.64,1.68];[0.32,0.36];[1.00,1.04];[0.12,0.16];[1.92,1.96];[1.68,1.72];[0.88,0.92];[1.04,1.08];[1.20,1.24];[0.44,0.48];[0.28,0.32];[1.40,1.44];[0.56,0.60];[1.72,1.76];[0.72,0.76];[1.44,1.48];[0.76,0.80];[1.88,1.92];[1.28,1.32];[0.36,0.40];[0.60,0.64];[0.84,0.88];[1.80,1.84];[1.60,1.64];[0.68,0.72];[2.00,0.00];[0.48,0.52];[1.36,1.40];[0.96,1.00];[0.80,0.84];[1.52,1.56];[0.04,0.08];[0.52,0.56];[0.00,0.04];[1.76,1.80];[1.84,1.88];[1.12,1.16];[0.40,0.44];[1.08,1.12];[0.24,0.28];[0.64,0.68];[1.24,1.28];[1.16,1.20];[0.08,0.12];[1.32,1.36];[1.96,2.00]","prereg"
"47cf4effa6c3a005fc281817","[0.80,1.00];[2.00,0.00];[0.40,0.60];[1.40,1.60];[0.00,0.20];[1.80,2.00];[1.20,1.40];[1.60,1.80];[1.00,1.20];[0.60,0.80];[0.20,0.40]","prereg"
"db66f15013b8fd04b30a09eb","[1.28,1.32];[0.88,0.92];[0.24,0.28];[1.04,1.08];[1.20,1.24];[1.44,1.48];[1.00,1.04];[1.92,1.96];[1.72,1.76];[1.88,1.92];[0.44,0.48];[0.72,0.76];[0.48,0.52];[1.84,1.88];[2.00,0.00];[0.40,0.44];[0.80,0.84];[0.16,0.20];[0.76,0.80];[0.56,0.60];[1.08,1.12];[1.68,1.72];[1.96,2.00];[1.64,1.68];[1.76,1.80];[0.84,0.88];[1.12,1.16];[1.32,1.36];[1.56,1.60];[0.08,0.12];[1.60,1.64];[0.00,0.04];[0.60,0.64];[1.24,1.28];[1.48,1.52];[0.64,0.68];[0.20,0.24];[0.92,0.96];[0.32,0.36];[0.36,0.40];[0.52,0.56];[0.28,0.32];[1.40,1.44];[1.52,1.56];[0.12,0.16];[0.68,0.72];[1.80,1.84];[0.04,0.08];[0.96,1.00];[1.36,1.40];[1.16,1.20]","prereg"
"8bfb5272bc32bda3e2a5d998","[1.56,1.60];[1.68,1.72];[0.36,0.40];[0.20,0.24];[1.16,1.20];[1.32,1.36];[1.52,1.56];[1.92,1.96];[0.80,0.84];[1.84,1.88];[1.96,2.00];[0.64,0.68];[1.20,1.24];[1.36,1.40];[0.48,0.52];[1.48,1.52];[0.84,0.88];[1.12,1.16];[0.32,0.36];[0.96,1.00];[1.24,1.28];[0.12,0.16];[0.08,0.12];[1.04,1.08];[1.80,1.84];[1.60,1.64];[1.88,1.92];[0.92,0.96];[0.56,0.60];[0.04,0.08];[0.88,0.92];[1.08,1.12];[0.24,0.28];[1.40,1.44];[1.00,1.04];[0.00,0.04];[1.72,1.76];[0.52,0.56];[0.28,0.32];[0.40,0.44];[1.64,1.68];[1.44,1.48];[0.16,0.20];[1.76,1.80];[0.72,0.76];[0.44,0.48];[1.28,1.32];[0.76,0.80];[0.68,0.72];[0.60,0.64];[2.00,0.00]","prereg"
"","[1.00,1.04];[1.56,1.60];[0.36,0.40];[0.84,0.88];[0.28,0.32];[0.44,0.48];[0.56,0.60];[1.52,1.56];[0.92,0.96];[0.32,0.36];[0.00,0.04];[0.76,0.80];[1.44,1.48];[0.48,0.52];[1.28,1.32];[0.04,0.08];[1.60,1.64];[1.48,1.52];[1.36,1.40];[1.32,1.36];[0.12,0.16];[1.88,1.92];[0.72,0.76];[1.64,1.68];[1.16,1.20];[2.00,0.00];[1.96,2.00];[1.92,1.96];[0.68,0.72];[0.24,0.28];[1.04,1.08];[1.68,1.72];[0.64,0.68];[0.60,0.64];[1.24,1.28];[1.20,1.24];[0.16,0.20];[0.96,1.00];[0.08,0.12];[1.80,1.84];[1.12,1.16];[1.84,1.88];[1.08,1.12];[1.76,1.80];[0.80,0.84];[0.20,0.24];[1.72,1.76];[0.88,0.92];[1.40,1.44];[0.40,0.44];[0.52,0.56]","prereg"
"25d1eb206b72d801ccc559c6","[0.80,1.00];[1.80,2.00];[1.20,1.40];[0.00,0.20];[0.20,0.40];[0.40,0.60];[0.60,0.80];[1.40,1.60];[2.00,0.00];[1.60,1.80];[1.00,1.20]","prereg"
"c3be4cd6e4e154dda13b09b5","[0.60,0.80];[1.40,1.60];[1.60,1.80];[2.00,0.00];[0.00,0.20];[1.20,1.40];[1.80,2.00];[0.40,0.60];[1.00,1.20];[0.20,0.40];[0.80,1.00]","prereg"
"3226a06f77fbf2d061d4b771","[0.52,0.56];[0.00,0.04];[1.12,1.16];[0.56,0.60];[1.08,1.12];[1.52,1.56];[0.76,0.80];[0.16,0.20];[0.12,0.16];[0.20,0.24];[1.04,1.08];[1.64,1.68];[2.00,0.00];[0.08,0.12];[0.96,1.00];[0.88,0.92];[0.72,0.76];[1.00,1.04];[1.20,1.24];[1.60,1.64];[0.36,0.40];[1.88,1.92];[1.44,1.48];[0.24,0.28];[0.28,0.32];[0.04,0.08];[0.64,0.68];[1.24,1.28];[0.84,0.88];[0.60,0.64];[1.76,1.80];[1.56,1.60];[1.36,1.40];[1.40,1.44];[0.92,0.96];[1.28,1.32];[1.72,1.76];[1.16,1.20];[1.48,1.52];[1.80,1.84];[0.44,0.48];[1.92,1.96];[0.40,0.44];[1.68,1.72];[1.84,1.88];[1.96,2.00];[0.32,0.36];[0.80,0.84];[0.48,0.52];[1.32,1.36];[0.68,0.72]","prereg"
"01c16ebb9b23f5d2f47f1bc8","[1.80,2.00];[0.20,0.40];[0.60,0.80];[1.60,1.80];[1.00,1.20];[0.80,1.00];[0.00,0.20];[1.20,1.40];[1.40,1.60];[2.00,0.00];[0.40,0.60]","prereg"
"c04c8cc734b6a7612927e2e1","[1.40,1.44];[0.64,0.68];[0.92,0.96];[2.00,0.00];[0.24,0.28];[0.12,0.16];[1.44,1.48];[1.72,1.76];[1.52,1.56];[1.36,1.40];[1.48,1.52];[1.92,1.96];[0.52,0.56];[0.48,0.52];[1.12,1.16];[0.00,0.04];[1.20,1.24];[0.84,0.88];[1.88,1.92];[0.20,0.24];[0.16,0.20];[1.76,1.80];[1.96,2.00];[1.56,1.60];[1.80,1.84];[1.16,1.20];[0.60,0.64];[1.24,1.28];[1.00,1.04];[1.04,1.08];[1.08,1.12];[0.80,0.84];[0.08,0.12];[0.68,0.72];[0.04,0.08];[0.28,0.32];[1.32,1.36];[0.40,0.44];[1.60,1.64];[1.64,1.68];[0.76,0.80];[0.96,1.00];[1.68,1.72];[0.44,0.48];[0.88,0.92];[0.72,0.76];[0.36,0.40];[1.84,1.88];[1.28,1.32];[0.56,0.60];[0.32,0.36]","prereg"
"70001d9bffbc34673fa3b5b2","[0.00,0.20];[1.60,1.80];[0.20,0.40];[2.00,0.00];[0.60,0.80];[0.40,0.60];[1.40,1.60];[1.80,2.00];[1.00,1.20];[0.80,1.00];[1.20,1.40]","prereg"
"5aafbdac138b4a601f6db3f9","[1.40,1.60];[1.20,1.40];[0.40,0.60];[0.20,0.40];[0.00,0.20];[1.60,1.80];[0.80,1.00];[1.80,2.00];[0.60,0.80];[2.00,0.00];[1.00,1.20]","prereg"
"f9c68049cc2a6b68e4fc9544","[0.28,0.32];[1.44,1.48];[0.12,0.16];[0.68,0.72];[1.16,1.20];[0.64,0.68];[1.84,1.88];[0.40,0.44];[1.40,1.44];[0.52,0.56];[1.72,1.76];[0.08,0.12];[0.36,0.40];[0.92,0.96];[0.80,0.84];[0.48,0.52];[0.60,0.64];[0.16,0.20];[0.84,0.88];[1.32,1.36];[0.76,0.80];[1.04,1.08];[1.52,1.56];[1.36,1.40];[1.28,1.32];[1.00,1.04];[1.48,1.52];[1.96,2.00];[1.88,1.92];[0.72,0.76];[0.56,0.60];[0.96,1.00];[0.88,0.92];[1.12,1.16];[1.68,1.72];[1.92,1.96];[0.04,0.08];[1.76,1.80];[1.64,1.68];[1.20,1.24];[2.00,0.00];[1.60,1.64];[1.80,1.84];[1.08,1.12];[0.24,0.28];[0.00,0.04];[0.44,0.48];[0.32,0.36];[1.56,1.60];[0.20,0.24];[1.24,1.28]","prereg"
"8f538002c9f9eca16c71cbec","[1.60,1.80];[2.00,0.00];[1.40,1.60];[0.00,0.20];[1.20,1.40];[0.80,1.00];[0.40,0.60];[1.80,2.00];[0.60,0.80];[0.20,0.40];[1.00,1.20]","prereg"
"dc5011bdbff5a943e6dbd847","[0.72,0.76];[1.68,1.72];[0.04,0.08];[1.36,1.40];[2.00,0.00];[0.36,0.40];[1.32,1.36];[1.16,1.20];[1.84,1.88];[1.08,1.12];[0.44,0.48];[1.40,1.44];[1.72,1.76];[1.00,1.04];[0.80,0.84];[1.52,1.56];[1.04,1.08];[0.52,0.56];[1.64,1.68];[0.28,0.32];[0.84,0.88];[1.20,1.24];[0.56,0.60];[1.24,1.28];[0.20,0.24];[0.32,0.36];[1.92,1.96];[0.60,0.64];[0.64,0.68];[0.40,0.44];[1.60,1.64];[1.28,1.32];[1.88,1.92];[0.24,0.28];[0.08,0.12];[1.12,1.16];[0.12,0.16];[1.48,1.52];[1.44,1.48];[0.88,0.92];[1.56,1.60];[1.96,2.00];[0.68,0.72];[0.48,0.52];[0.00,0.04];[0.96,1.00];[0.92,0.96];[1.76,1.80];[0.16,0.20];[1.80,1.84];[0.76,0.80]","prereg"
"829d7193ad56cc84552f7bf2","[0.80,1.00];[2.00,0.00];[0.20,0.40];[1.00,1.20];[1.60,1.80];[1.20,1.40];[0.00,0.20];[1.80,2.00];[0.60,0.80];[1.40,1.60];[0.40,0.60]","prereg"
"","[0.80,1.00];[0.60,0.80];[0.20,0.40];[1.00,1.20];[0.40,0.60];[0.00,0.20];[1.60,1.80];[2.00,0.00];[1.20,1.40];[1.80,2.00];[1.40,1.60]","prereg"
"fee4fb1b695c7d218ac9bf4b","[0.80,0.84];[0.20,0.24];[0.44,0.48];[1.68,1.72];[0.88,0.92];[0.72,0.76];[1.64,1.68];[1.80,1.84];[0.40,0.44];[1.52,1.56];[0.68,0.72];[0.56,0.60];[0.64,0.68];[1.32,1.36];[0.96,1.00];[1.48,1.52];[1.04,1.08];[0.00,0.04];[1.40,1.44];[0.36,0.40];[0.48,0.52];[1.84,1.88];[1.08,1.12];[1.56,1.60];[0.60,0.64];[1.88,1.92];[1.96,2.00];[0.04,0.08];[0.16,0.20];[1.72,1.76];[1.92,1.96];[1.12,1.16];[1.24,1.28];[0.12,0.16];[1.76,1.80];[0.92,0.96];[0.08,0.12];[0.28,0.32];[1.16,1.20];[0.76,0.80];[1.20,1.24];[1.28,1.32];[0.32,0.36];[1.44,1.48];[0.24,0.28];[2.00,0.00];[1.36,1.40];[1.00,1.04];[0.84,0.88];[1.60,1.64];[0.52,0.56]","prereg"
"55afbefb2d0aa9a42a140c5e","[1.00,1.04];[0.92,0.96];[0.28,0.32];[0.44,0.48];[0.00,0.04];[0.68,0.72];[0.40,0.44];[1.64,1.68];[1.08,1.12];[0.84,0.88];[1.40,1.44];[0.20,0.24];[0.24,0.28];[0.32,0.36];[1.76,1.80];[1.96,2.00];[0.12,0.16];[0.16,0.20];[0.88,0.92];[1.52,1.56];[0.72,0.76];[1.12,1.16];[0.64,0.68];[1.56,1.60];[0.48,0.52];[0.96,1.00];[1.16,1.20];[1.20,1.24];[0.08,0.12];[1.28,1.32];[0.36,0.40];[0.52,0.56];[0.04,0.08];[1.80,1.84];[0.60,0.64];[1.84,1.88];[0.80,0.84];[1.48,1.52];[1.92,1.96];[1.32,1.36];[0.56,0.60];[1.04,1.08];[1.24,1.28];[1.36,1.40];[0.76,0.80];[2.00,0.00];[1.72,1.76];[1.44,1.48];[1.88,1.92];[1.60,1.64];[1.68,1.72]","prereg"
"48cdb23e6ff1a9c8e10e1447","[1.80,2.00];[0.60,0.80];[1.60,1.80];[0.00,0.20];[1.20,1.40];[1.40,1.60];[2.00,0.00];[0.80,1.00];[1.00,1.20];[0.40,0.60];[0.20,0.40]","prereg"
"dd3bb66f5bf652d0711295c1","[0.60,0.80];[0.20,0.40];[1.80,2.00];[0.40,0.60];[0.80,1.00];[1.20,1.40];[1.00,1.20];[1.60,1.80];[1.40,1.60];[0.00,0.20];[2.00,0.00]","prereg"
"624757d60698f9e528ac59c0","[1.44,1.48];[1.80,1.84];[1.52,1.56];[1.20,1.24];[0.84,0.88];[1.40,1.44];[0.08,0.12];[0.48,0.52];[0.40,0.44];[1.96,2.00];[1.32,1.36];[0.68,0.72];[1.76,1.80];[0.12,0.16];[0.04,0.08];[1.72,1.76];[0.60,0.64];[0.00,0.04];[0.92,0.96];[0.72,0.76];[2.00,0.00];[0.96,1.00];[1.00,1.04];[0.36,0.40];[1.08,1.12];[0.24,0.28];[1.24,1.28];[1.60,1.64];[0.44,0.48];[1.68,1.72];[1.56,1.60];[0.56,0.60];[1.16,1.20];[1.04,1.08];[0.16,0.20];[1.28,1.32];[0.20,0.24];[0.88,0.92];[0.64,0.68];[0.80,0.84];[1.64,1.68];[1.84,1.88];[1.48,1.52];[1.88,1.92];[0.32,0.36];[1.36,1.40];[0.28,0.32];[0.52,0.56];[1.92,1.96];[1.12,1.16];[0.76,0.80]","prereg"
"","[2.00,0.00];[0.20,0.40];[0.60,0.80];[0.40,0.60];[1.20,1.40];[1.60,1.80];[0.80,1.00];[1.40,1.60];[0.00,0.20];[1.00,1.20];[1.80,2.00]","prereg"
"0a46abc5c92b176dbe0dfcbd","[0.56,0.60];[0.76,0.80];[1.00,1.04];[0.36,0.40];[1.36,1.40];[0.24,0.28];[1.44,1.48];[1.60,1.64];[1.48,1.52];[0.72,0.76];[0.92,0.96];[0.40,0.44];[0.96,1.00];[1.24,1.28];[1.92,1.96];[1.68,1.72];[0.04,0.08];[0.44,0.48];[1.84,1.88];[1.40,1.44];[0.28,0.32];[1.76,1.80];[2.00,0.00];[1.28,1.32];[0.00,0.04];[1.72,1.76];[0.12,0.16];[0.20,0.24];[0.68,0.72];[0.52,0.56];[1.04,1.08];[1.64,1.68];[1.32,1.36];[0.84,0.88];[1.20,1.24];[0.08,0.12];[1.52,1.56];[1.08,1.12];[0.60,0.64];[1.16,1.20];[1.96,2.00];[0.80,0.84];[1.80,1.84];[0.32,0.36];[0.64,0.68];[0.88,0.92];[1.12,1.16];[0.16,0.20];[0.48,0.52];[1.88,1.92];[1.56,1.60]","prereg"
"bd2b65106a04c786066735c8","[0.20,0.40];[1.00,1.20];[0.60,0.80];[0.40,0.60];[0.00,0.20];[1.60,1.80];[1.20,1.40];[1.80,2.00];[1.40,1.60];[0.80,1.00];[2.00,0.00]","prereg"
"1248723359b314fceda63f1d","[0.60,0.80];[1.20,1.40];[1.80,2.00];[0.40,0.60];[1.40,1.60];[1.60,1.80];[2.00,0.00];[0.20,0.40];[0.80,1.00];[0.00,0.20];[1.00,1.20]","prereg"
"8414833d84bd197117971f21","[1.88,1.92];[0.08,0.12];[1.28,1.32];[0.40,0.44];[0.80,0.84];[1.52,1.56];[0.60,0.64];[0.88,0.92];[1.20,1.24];[0.12,0.16];[1.40,1.44];[0.56,0.60];[0.64,0.68];[1.32,1.36];[1.60,1.64];[1.12,1.16];[0.00,0.04];[1.76,1.80];[0.84,0.88];[0.16,0.20];[1.16,1.20];[1.56,1.60];[1.80,1.84];[1.64,1.68];[0.68,0.72];[0.44,0.48];[0.48,0.52];[1.48,1.52];[0.28,0.32];[0.24,0.28];[0.52,0.56];[0.96,1.00];[0.32,0.36];[1.04,1.08];[0.76,0.80];[0.36,0.40];[2.00,0.00];[1.84,1.88];[1.68,1.72];[1.96,2.00];[1.92,1.96];[1.24,1.28];[1.44,1.48];[1.08,1.12];[0.72,0.76];[0.92,0.96];[1.36,1.40];[0.20,0.24];[1.72,1.76];[1.00,1.04];[0.04,0.08]","prereg"
"c1cfda843d5d31f876831c28","[0.20,0.40];[1.40,1.60];[1.20,1.40];[0.80,1.00];[1.00,1.20];[0.60,0.80];[0.40,0.60];[0.00,0.20];[1.80,2.00];[2.00,0.00];[1.60,1.80]","prereg"
"d3f60ae617515c651782aeaf","[0.20,0.40];[0.60,0.80];[0.00,0.20];[0.80,1.00];[1.40,1.60];[1.20,1.40];[0.40,0.60];[1.00,1.20];[1.60,1.80];[1.80,2.00];[2.00,0.00]","prereg"
"a5736efe520e2ad4bc5c9677","[1.84,1.88];[1.20,1.24];[1.28,1.32];[1.60,1.64];[0.08,0.12];[1.64,1.68];[0.60,0.64];[1.08,1.12];[1.76,1.80];[0.24,0.28];[0.80,0.84];[0.28,0.32];[2.00,0.00];[1.68,1.72];[0.12,0.16];[1.92,1.96];[1.00,1.04];[1.40,1.44];[0.96,1.00];[0.40,0.44];[0.20,0.24];[1.04,1.08];[0.44,0.48];[0.00,0.04];[1.32,1.36];[0.16,0.20];[1.48,1.52];[0.92,0.96];[0.48,0.52];[0.76,0.80];[0.32,0.36];[1.16,1.20];[0.84,0.88];[0.56,0.60];[0.68,0.72];[1.96,2.00];[1.88,1.92];[0.64,0.68];[1.52,1.56];[0.72,0.76];[1.24,1.28];[0.88,0.92];[0.52,0.56];[1.56,1.60];[1.80,1.84];[1.36,1.40];[1.12,1.16];[0.04,0.08];[0.36,0.40];[1.44,1.48];[1.72,1.76]","prereg"
"4e22ab8068f3883fe10b07f0","[0.80,1.00];[2.00,0.00];[0.40,0.60];[0.00,0.20];[0.60,0.80];[1.40,1.60];[1.00,1.20];[0.20,0.40];[1.20,1.40];[1.80,2.00];[1.60,1.80]","prereg"
"04cd3d681f19347e35046e0d","[2.00,0.00];[0.56,0.60];[0.32,0.36];[1.84,1.88];[1.16,1.20];[0.92,0.96];[1.60,1.64];[0.60,0.64];[1.44,1.48];[0.84,0.88];[1.68,1.72];[0.52,0.56];[0.80,0.84];[0.48,0.52];[0.72,0.76];[0.04,0.08];[1.92,1.96];[1.12,1.16];[1.76,1.80];[0.64,0.68];[1.20,1.24];[1.24,1.28];[1.36,1.40];[1.04,1.08];[1.32,1.36];[0.00,0.04];[1.88,1.92];[0.12,0.16];[0.28,0.32];[0.24,0.28];[0.16,0.20];[0.76,0.80];[1.48,1.52];[0.88,0.92];[0.44,0.48];[0.20,0.24];[1.28,1.32];[0.08,0.12];[0.68,0.72];[0.40,0.44];[1.56,1.60];[1.64,1.68];[1.40,1.44];[1.80,1.84];[1.08,1.12];[1.00,1.04];[1.52,1.56];[1.96,2.00];[0.96,1.00];[0.36,0.40];[1.72,1.76]","prereg"
"","[1.20,1.40];[0.20,0.40];[1.00,1.20];[0.00,0.20];[1.40,1.60];[1.80,2.00];[2.00,0.00];[1.60,1.80];[0.60,0.80];[0.40,0.60];[0.80,1.00]","prereg"
"e914cb2db862166a1698da3a","[1.60,1.64];[0.32,0.36];[0.48,0.52];[0.64,0.68];[1.84,1.88];[0.52,0.56];[1.72,1.76];[1.88,1.92];[0.72,0.76];[1.44,1.48];[0.44,0.48];[2.00,0.00];[0.80,0.84];[1.52,1.56];[0.76,0.80];[1.08,1.12];[1.20,1.24];[1.16,1.20];[0.36,0.40];[1.76,1.80];[0.28,0.32];[0.68,0.72];[1.64,1.68];[0.12,0.16];[0.60,0.64];[1.56,1.60];[1.32,1.36];[1.24,1.28];[1.36,1.40];[0.24,0.28];[0.56,0.60];[1.00,1.04];[1.80,1.84];[1.92,1.96];[0.92,0.96];[0.20,0.24];[1.28,1.32];[0.40,0.44];[0.84,0.88];[0.16,0.20];[1.04,1.08];[0.88,0.92];[1.48,1.52];[0.08,0.12];[1.40,1.44];[1.96,2.00];[0.04,0.08];[0.96,1.00];[1.12,1.16];[1.68,1.72];[0.00,0.04]","prereg"
"1b96991ecaaeb042da6f97ff","[0.48,0.52];[0.44,0.48];[0.76,0.80];[1.84,1.88];[0.28,0.32];[1.08,1.12];[1.04,1.08];[1.12,1.16];[0.04,0.08];[1.80,1.84];[1.44,1.48];[1.64,1.68];[0.80,0.84];[1.96,2.00];[1.88,1.92];[0.00,0.04];[1.32,1.36];[0.12,0.16];[1.48,1.52];[0.36,0.40];[1.24,1.28];[0.52,0.56];[1.16,1.20];[0.88,0.92];[0.56,0.60];[0.84,0.88];[1.72,1.76];[0.60,0.64];[1.60,1.64];[0.32,0.36];[1.36,1.40];[0.24,0.28];[1.68,1.72];[1.40,1.44];[0.92,0.96];[0.64,0.68];[1.00,1.04];[0.40,0.44];[1.52,1.56];[1.92,1.96];[1.76,1.80];[2.00,0.00];[0.96,1.00];[1.20,1.24];[1.56,1.60];[0.16,0.20];[0.08,0.12];[0.72,0.76];[0.68,0.72];[0.20,0.24];[1.28,1.32]","prereg"
"f1f1ea8dad05ad5fe5f11243","[1.40,1.60];[0.60,0.80];[1.20,1.40];[0.40,0.60];[1.00,1.20];[1.80,2.00];[0.80,1.00];[1.60,1.80];[0.20,0.40];[2.00,0.00];[0.00,0.20]","prereg"
"833737082244ca5af0efa267","[1.60,1.80];[0.80,1.00];[0.40,0.60];[0.60,0.80];[0.20,0.40];[1.80,2.00];[0.00,0.20];[1.40,1.60];[1.20,1.40];[2.00,0.00];[1.00,1.20]","prereg"
"957126aa71497451ff8460fb","[1.40,1.60];[2.00,0.00];[0.60,0.80];[1.20,1.40];[1.80,2.00];[1.00,1.20];[0.80,1.00];[1.60,1.80];[0.40,0.60];[0.00,0.20];[0.20,0.40]","prereg"
"ad7b49cdb40c3e181f3e3329","[1.04,1.08];[0.80,0.84];[0.44,0.48];[1.92,1.96];[1.36,1.40];[0.40,0.44];[0.72,0.76];[0.24,0.28];[0.36,0.40];[0.92,0.96];[1.96,2.00];[1.08,1.12];[1.72,1.76];[1.00,1.04];[0.56,0.60];[1.52,1.56];[0.84,0.88];[1.64,1.68];[0.12,0.16];[0.48,0.52];[1.28,1.32];[0.88,0.92];[1.56,1.60];[1.32,1.36];[0.08,0.12];[0.52,0.56];[0.68,0.72];[1.68,1.72];[1.48,1.52];[0.04,0.08];[1.20,1.24];[0.00,0.04];[1.16,1.20];[0.60,0.64];[0.32,0.36];[1.40,1.44];[1.80,1.84];[0.96,1.00];[0.76,0.80];[2.00,0.00];[0.64,0.68];[1.60,1.64];[1.44,1.48];[1.84,1.88];[1.12,1.16];[0.20,0.24];[1.76,1.80];[0.28,0.32];[1.24,1.28];[1.88,1.92];[0.16,0.20]","prereg"
"a6d4b18c36c15e46d1829856","[0.00,0.20];[1.80,2.00];[0.80,1.00];[1.00,1.20];[1.60,1.80];[1.20,1.40];[1.40,1.60];[0.40,0.60];[0.20,0.40];[2.00,0.00];[0.60,0.80]","prereg"
"","[0.20,0.40];[2.00,0.00];[1.00,1.20];[0.80,1.00];[1.60,1.80];[1.80,2.00];[0.60,0.80];[0.00,0.20];[1.20,1.40];[1.40,1.60];[0.40,0.60]","prereg"
"a8e21d4c1d36734d31a66c76","[0.20,0.24];[1.76,1.80];[1.56,1.60];[0.72,0.76];[0.68,0.72];[0.64,0.68];[1.40,1.44];[0.84,0.88];[0.28,0.32];[0.96,1.00];[0.04,0.08];[1.68,1.72];[0.48,0.52];[1.96,2.00];[0.44,0.48];[0.80,0.84];[1.72,1.76];[1.12,1.16];[1.84,1.88];[1.36,1.40];[1.44,1.48];[1.80,1.84];[1.52,1.56];[1.32,1.36];[1.20,1.24];[0.52,0.56];[1.60,1.64];[1.00,1.04];[0.32,0.36];[0.92,0.96];[2.00,0.00];[0.36,0.40];[0.40,0.44];[1.16,1.20];[0.12,0.16];[0.88,0.92];[1.48,1.52];[1.08,1.12];[0.60,0.64];[0.56,0.60];[0.08,0.12];[1.04,1.08];[0.24,0.28];[0.00,0.04];[1.28,1.32];[0.16,0.20];[1.88,1.92];[1.24,1.28];[1.64,1.68];[0.76,0.80];[1.92,1.96]","prereg"
"7b05bed23b24b15006b29dd4","[1.76,1.80];[1.68,1.72];[1.48,1.52];[1.96,2.00];[0.12,0.16];[1.60,1.64];[1.16,1.20];[0.96,1.00];[0.36,0.40];[0.84,0.88];[0.88,0.92];[0.16,0.20];[1.64,1.68];[0.60,0.64];[0.68,0.72];[0.04,0.08];[0.44,0.48];[0.56,0.60];[1.32,1.36];[1.40,1.44];[1.80,1.84];[0.40,0.44];[0.76,0.80];[1.84,1.88];[0.48,0.52];[0.80,0.84];[1.00,1.04];[1.72,1.76];[1.20,1.24];[1.52,1.56];[0.92,0.96];[0.20,0.24];[2.00,0.00];[1.28,1.32];[1.04,1.08];[1.08,1.12];[0.52,0.56];[0.28,0.32];[1.44,1.48];[1.88,1.92];[0.08,0.12];[1.12,1.16];[0.00,0.04];[0.64,0.68];[0.32,0.36];[0.72,0.76];[1.36,1.40];[1.24,1.28];[1.56,1.60];[1.92,1.96];[0.24,0.28]","prereg"
"9325a23ed80bc607d423da78","[1.96,2.00];[1.72,1.76];[1.44,1.48];[1.28,1.32];[0.76,0.80];[1.40,1.44];[0.36,0.40];[0.64,0.68];[0.16,0.20];[1.56,1.60];[0.84,0.88];[0.80,0.84];[1.64,1.68];[0.32,0.36];[0.68,0.72];[0.72,0.76];[1.92,1.96];[1.68,1.72];[0.92,0.96];[1.84,1.88];[1.04,1.08];[1.80,1.84];[1.12,1.16];[2.00,0.00];[0.52,0.56];[0.04,0.08];[1.76,1.80];[1.32,1.36];[0.08,0.12];[0.48,0.52];[1.52,1.56];[1.60,1.64];[0.12,0.16];[0.00,0.04];[0.40,0.44];[1.08,1.12];[1.48,1.52];[1.24,1.28];[0.20,0.24];[1.20,1.24];[0.60,0.64];[0.96,1.00];[1.16,1.20];[1.36,1.40];[0.28,0.32];[0.56,0.60];[0.44,0.48];[1.88,1.92];[0.88,0.92];[0.24,0.28];[1.00,1.04]","prereg"
"00e261ed710ee77fbb512c32","[1.44,1.48];[1.48,1.52];[1.40,1.44];[1.24,1.28];[1.68,1.72];[0.00,0.04];[0.36,0.40];[0.24,0.28];[1.80,1.84];[1.28,1.32];[1.84,1.88];[0.52,0.56];[0.72,0.76];[1.60,1.64];[0.20,0.24];[0.60,0.64];[2.00,0.00];[0.28,0.32];[1.04,1.08];[0.32,0.36];[1.00,1.04];[0.08,0.12];[1.64,1.68];[0.56,0.60];[1.92,1.96];[1.72,1.76];[1.20,1.24];[0.80,0.84];[1.12,1.16];[1.52,1.56];[0.68,0.72];[1.76,1.80];[0.12,0.16];[0.04,0.08];[1.96,2.00];[1.56,1.60];[1.32,1.36];[0.96,1.00];[0.48,0.52];[0.92,0.96];[0.88,0.92];[0.84,0.88];[1.36,1.40];[0.44,0.48];[1.88,1.92];[0.64,0.68];[0.16,0.20];[0.40,0.44];[1.16,1.20];[1.08,1.12];[0.76,0.80]","prereg"
"2b0b25ffd50401f9bcd5fdea","[1.08,1.12];[1.88,1.92];[0.20,0.24];[1.28,1.32];[0.72,0.76];[0.92,0.96];[0.28,0.32];[1.12,1.16];[0.56,0.60];[1.92,1.96];[0.52,0.56];[2.00,0.00];[0.24,0.28];[1.20,1.24];[0.00,0.04];[1.00,1.04];[1.48,1.52];[0.76,0.80];[1.80,1.84];[1.16,1.20];[0.84,0.88];[1.72,1.76];[1.40,1.44];[1.76,1.80];[1.96,2.00];[0.60,0.64];[1.56,1.60];[1.68,1.72];[0.12,0.16];[0.96,1.00];[1.52,1.56];[0.64,0.68];[0.88,0.92];[0.08,0.12];[1.44,1.48];[0.04,0.08];[1.64,1.68];[1.36,1.40];[0.48,0.52];[1.04,1.08];[0.36,0.40];[1.60,1.64];[0.40,0.44];[1.84,1.88];[0.68,0.72];[1.24,1.28];[0.16,0.20];[0.32,0.36];[0.44,0.48];[0.80,0.84];[1.32,1.36]","prereg"
"ec09a26e3d783893e67e172a","[0.24,0.28];[1.36,1.40];[2.00,0.00];[1.24,1.28];[1.52,1.56];[0.36,0.40];[0.32,0.36];[0.40,0.44];[1.40,1.44];[0.00,0.04];[0.92,0.96];[1.88,1.92];[1.92,1.96];[0.04,0.08];[0.72,0.76];[1.76,1.80];[1.20,1.24];[0.44,0.48];[1.96,2.00];[1.64,1.68];[1.84,1.88];[0.12,0.16];[1.12,1.16];[1.04,1.08];[0.76,0.80];[1.28,1.32];[1.56,1.60];[1.48,1.52];[0.88,0.92];[0.68,0.72];[1.60,1.64];[0.48,0.52];[0.28,0.32];[1.72,1.76];[1.44,1.48];[0.08,0.12];[0.52,0.56];[1.32,1.36];[0.64,0.68];[1.08,1.12];[0.80,0.84];[0.60,0.64];[0.96,1.00];[0.20,0.24];[1.16,1.20];[1.80,1.84];[0.84,0.88];[0.56,0.60];[0.16,0.20];[1.00,1.04];[1.68,1.72]","prereg"
"","[0.32,0.36];[0.44,0.48];[1.00,1.04];[1.12,1.16];[0.08,0.12];[0.80,0.84];[0.56,0.60];[1.08,1.12];[0.60,0.64];[1.20,1.24];[1.88,1.92];[1.32,1.36];[1.84,1.88];[1.56,1.60];[0.24,0.28];[1.76,1.80];[1.80,1.84];[1.60,1.64];[1.44,1.48];[0.40,0.44];[1.92,1.96];[0.72,0.76];[2.00,0.00];[1.28,1.32];[1.24,1.28];[0.36,0.40];[1.16,1.20];[1.40,1.44];[0.88,0.92];[0.28,0.32];[0.84,0.88];[0.52,0.56];[1.48,1.52];[0.12,0.16];[1.68,1.72];[0.76,0.80];[0.68,0.72];[0.16,0.20];[0.00,0.04];[1.52,1.56];[0.96,1.00];[0.64,0.68];[1.64,1.68];[1.96,2.00];[0.92,0.96];[1.36,1.40];[0.20,0.24];[0.04,0.08];[1.04,1.08];[1.72,1.76];[0.48,0.52]","prereg"
"f81444b8caed93ecc987d96c","[0.80,1.00];[1.20,1.40];[0.40,0.60];[1.80,2.00];[0.00,0.20];[0.20,0.40];[0.60,0.80];[1.40,1.60];[1.00,1.20];[1.60,1.80];[2.00,0.00]","prereg"
"4a92114ed22542b8a2a9a933","[0.20,0.40];[0.40,0.60];[0.60,0.80];[1.20,1.40];[0.00,0.20];[2.00,0.00];[1.60,1.80];[1.80,2.00];[0.80,1.00];[1.00,1.20];[1.40,1.60]","prereg"
"f16be87b68f479e42f327444","[2.00,0.00];[1.00,1.20];[0.80,1.00];[0.00,0.20];[1.40,1.60];[1.60,1.80];[1.20,1.40];[0.40,0.60];[0.20,0.40];[1.80,2.00];[0.60,0.80]","prereg"
"34929e41dcdfa579accb4d4d","[0.20,0.24];[1.72,1.76];[1.12,1.16];[1.36,1.40];[1.76,1.80];[1.96,2.00];[0.08,0.12];[0.60,0.64];[1.64,1.68];[0.12,0.16];[0.56,0.60];[1.60,1.64];[1.44,1.48];[0.04,0.08];[0.92,0.96];[1.04,1.08];[2.00,0.00];[0.44,0.48];[0.28,0.32];[0.72,0.76];[1.28,1.32];[1.84,1.88];[1.48,1.52];[0.84,0.88];[1.32,1.36];[1.08,1.12];[0.52,0.56];[0.00,0.04];[0.80,0.84];[1.40,1.44];[0.32,0.36];[1.56,1.60];[0.64,0.68];[1.80,1.84];[1.88,1.92];[0.36,0.40];[0.88,0.92];[0.68,0.72];[1.92,1.96];[1.68,1.72];[0.16,0.20];[0.96,1.00];[1.20,1.24];[0.24,0.28];[0.40,0.44];[1.16,1.20];[1.00,1.04];[0.76,0.80];[0.48,0.52];[1.24,1.28];[1.52,1.56]","prereg"
"","[0.40,0.60];[0.00,0.20];[0.20,0.40];[0.80,1.00];[2.00,0.00];[1.60,1.80];[1.80,2.00];[1.40,1.60];[1.00,1.20];[0.60,0.80];[1.20,1.40]","prereg"
"02f4dc3eca88bf19c8984c54","[0.20,0.40];[1.20,1.40];[2.00,0.00];[1.40,1.60];[0.80,1.00];[1.00,1.20];[0.00,0.20];[1.60,1.80];[0.40,0.60];[1.80,2.00];[0.60,0.80]","prereg"
"e808b77151bbc891665d37ee","[0.52,0.56];[0.68,0.72];[1.64,1.68];[0.36,0.40];[1.36,1.40];[1.76,1.80];[0.96,1.00];[2.00,0.00];[0.56,0.60];[1.48,1.52];[1.20,1.24];[1.68,1.72];[1.12,1.16];[0.48,0.52];[0.00,0.04];[1.80,1.84];[0.44,0.48];[0.08,0.12];[1.60,1.64];[0.04,0.08];[0.12,0.16];[0.60,0.64];[0.40,0.44];[1.56,1.60];[1.84,1.88];[1.28,1.32];[0.28,0.32];[0.64,0.68];[0.72,0.76];[0.88,0.92];[1.32,1.36];[1.96,2.00];[0.16,0.20];[0.32,0.36];[0.92,0.96];[0.20,0.24];[1.08,1.12];[0.76,0.80];[0.80,0.84];[1.72,1.76];[1.44,1.48];[1.16,1.20];[1.00,1.04];[1.24,1.28];[1.04,1.08];[0.24,0.28];[1.40,1.44];[1.52,1.56];[1.88,1.92];[1.92,1.96];[0.84,0.88]","prereg"
"cc1948b4de570b573146b048","[0.84,0.88];[1.20,1.24];[0.60,0.64];[1.96,2.00];[0.04,0.08];[0.96,1.00];[0.68,0.72];[1.08,1.12];[1.80,1.84];[0.40,0.44];[0.32,0.36];[1.32,1.36];[1.52,1.56];[0.08,0.12];[0.12,0.16];[0.36,0.40];[1.84,1.88];[0.64,0.68];[1.04,1.08];[0.00,0.04];[0.72,0.76];[0.56,0.60];[1.16,1.20];[0.16,0.20];[1.36,1.40];[0.52,0.56];[1.28,1.32];[1.88,1.92];[0.24,0.28];[1.00,1.04];[1.40,1.44];[0.92,0.96];[1.56,1.60];[0.20,0.24];[1.48,1.52];[1.24,1.28];[1.44,1.48];[1.60,1.64];[0.88,0.92];[0.76,0.80];[0.44,0.48];[1.72,1.76];[0.48,0.52];[0.28,0.32];[1.92,1.96];[2.00,0.00];[1.64,1.68];[1.68,1.72];[0.80,0.84];[1.12,1.16];[1.76,1.80]","prereg"
"6ba8ebd0555fbe4285682977","[0.84,0.88];[0.12,0.16];[1.16,1.20];[1.84,1.88];[1.04,1.08];[1.00,1.04];[0.96,1.00];[0.80,0.84];[0.08,0.12];[0.32,0.36];[0.20,0.24];[1.48,1.52];[1.88,1.92];[1.08,1.12];[1.96,2.00];[0.88,0.92];[1.72,1.76];[1.68,1.72];[1.64,1.68];[0.68,0.72];[1.32,1.36];[1.40,1.44];[0.72,0.76];[0.76,0.80];[0.00,0.04];[0.24,0.28];[1.80,1.84];[1.12,1.16];[1.24,1.28];[2.00,0.00];[0.56,0.60];[1.20,1.24];[0.44,0.48];[1.36,1.40];[0.36,0.40];[0.28,0.32];[0.16,0.20];[0.64,0.68];[1.56,1.60];[1.76,1.80];[1.92,1.96];[0.92,0.96];[1.52,1.56];[0.04,0.08];[0.48,0.52];[0.52,0.56];[0.40,0.44];[1.60,1.64];[1.28,1.32];[0.60,0.64];[1.44,1.48]","prereg"
"a60466db784c1ec1841cf087","[1.80,2.00];[1.00,1.20];[2.00,0.00];[0.40,0.60];[1.40,1.60];[0.80,1.00];[0.20,0.40];[0.00,0.20];[1.60,1.80];[0.60,0.80];[1.20,1.40]","prereg"
"5280565573e62a36f8ddda96","[1.20,1.40];[0.80,1.00];[1.80,2.00];[2.00,0.00];[0.60,0.80];[0.20,0.40];[1.60,1.80];[1.00,1.20];[0.40,0.60];[0.00,0.20];[1.40,1.60]","prereg"
"425caac19e81b27a30288cd5","[0.64,0.68];[1.68,1.72];[0.96,1.00];[1.60,1.64];[0.36,0.40];[1.04,1.08];[0.32,0.36];[0.12,0.16];[1.24,1.28];[1.92,1.96];[0.40,0.44];[0.44,0.48];[1.16,1.20];[2.00,0.00];[1.28,1.32];[1.12,1.16];[0.68,0.72];[0.80,0.84];[1.40,1.44];[0.56,0.60];[0.28,0.32];[0.20,0.24];[0.04,0.08];[0.92,0.96];[1.48,1.52];[0.08,0.12];[0.24,0.28];[1.76,1.80];[1.52,1.56];[1.08,1.12];[0.76,0.80];[1.64,1.68];[1.00,1.04];[0.72,0.76];[1.88,1.92];[1.96,2.00];[0.00,0.04];[1.72,1.76];[1.20,1.24];[1.32,1.36];[0.16,0.20];[0.88,0.92];[0.84,0.88];[1.80,1.84];[0.48,0.52];[1.56,1.60];[1.36,1.40];[0.52,0.56];[0.60,0.64];[1.44,1.48];[1.84,1.88]","prereg"
"17a9640a511de798f2e35e1d","[1.08,1.12];[1.68,1.72];[0.92,0.96];[0.20,0.24];[0.72,0.76];[1.40,1.44];[2.00,0.00];[0.88,0.92];[0.04,0.08];[1.80,1.84];[0.52,0.56];[0.16,0.20];[0.60,0.64];[1.52,1.56];[1.44,1.48];[1.00,1.04];[1.76,1.80];[1.64,1.68];[1.32,1.36];[0.28,0.32];[1.20,1.24];[1.56,1.60];[0.68,0.72];[0.00,0.04];[1.60,1.64];[0.64,0.68];[0.76,0.80];[0.24,0.28];[0.80,0.84];[1.88,1.92];[1.04,1.08];[0.44,0.48];[1.84,1.88];[1.12,1.16];[1.72,1.76];[1.96,2.00];[0.36,0.40];[0.56,0.60];[0.32,0.36];[0.84,0.88];[0.08,0.12];[1.24,1.28];[0.12,0.16];[0.40,0.44];[1.48,1.52];[0.48,0.52];[1.92,1.96];[0.96,1.00];[1.16,1.20];[1.28,1.32];[1.36,1.40]","prereg"
"697ac204862cc69f9912b82b","[1.68,1.72];[1.16,1.20];[1.56,1.60];[0.44,0.48];[0.68,0.72];[0.60,0.64];[0.56,0.60];[0.00,0.04];[1.08,1.12];[1.12,1.16];[1.36,1.40];[1.44,1.48];[1.00,1.04];[0.88,0.92];[0.80,0.84];[0.28,0.32];[0.16,0.20];[2.00,0.00];[0.76,0.80];[1.72,1.76];[0.48,0.52];[0.36,0.40];[0.20,0.24];[1.24,1.28];[0.04,0.08];[0.40,0.44];[1.48,1.52];[1.20,1.24];[0.64,0.68];[0.84,0.88];[1.32,1.36];[0.52,0.56];[1.92,1.96];[1.04,1.08];[0.24,0.28];[1.60,1.64];[1.84,1.88];[1.88,1.92];[1.64,1.68];[0.72,0.76];[1.52,1.56];[1.80,1.84];[0.92,0.96];[1.76,1.80];[1.40,1.44];[1.96,2.00];[0.12,0.16];[0.96,1.00];[0.32,0.36];[1.28,1.32];[0.08,0.12]","prereg"
"6e9d1621a4346982f14e2097","[0.00,0.20];[1.60,1.80];[0.20,0.40];[0.40,0.60];[2.00,0.00];[0.60,0.80];[1.20,1.40];[0.80,1.00];[1.40,1.60];[1.80,2.00];[1.00,1.20]","prereg"
"5bf3808840c6a2c88e7918be","[0.40,0.60];[1.00,1.20];[1.80,2.00];[1.20,1.40];[1.60,1.80];[0.60,0.80];[1.40,1.60];[0.20,0.40];[0.80,1.00];[2.00,0.00];[0.00,0.20]","prereg"
"","[1.40,1.60];[0.80,1.00];[0.00,0.20];[0.60,0.80];[1.80,2.00];[0.40,0.60];[1.60,1.80];[1.00,1.20];[2.00,0.00];[0.20,0.40];[1.20,1.40]","prereg"
"48757db1cf1a30380e80b1e4","[1.96,2.00];[0.20,0.24];[0.16,0.20];[0.56,0.60];[1.08,1.12];[0.40,0.44];[0.00,0.04];[0.52,0.56];[0.80,0.84];[1.00,1.04];[0.88,0.92];[1.28,1.32];[0.12,0.16];[1.64,1.68];[0.64,0.68];[0.68,0.72];[1.80,1.84];[1.20,1.24];[2.00,0.00];[0.04,0.08];[1.84,1.88];[1.52,1.56];[0.84,0.88];[1.56,1.60];[1.32,1.36];[1.60,1.64];[1.88,1.92];[1.24,1.28];[0.60,0.64];[1.44,1.48];[1.76,1.80];[1.36,1.40];[1.48,1.52];[1.12,1.16];[1.16,1.20];[0.32,0.36];[1.72,1.76];[0.36,0.40];[1.04,1.08];[0.72,0.76];[0.92,0.96];[0.48,0.52];[0.24,0.28];[0.96,1.00];[0.44,0.48];[1.68,1.72];[0.08,0.12];[0.76,0.80];[0.28,0.32];[1.40,1.44];[1.92,1.96]","prereg"
"","[0.00,0.20];[1.40,1.60];[0.60,0.80];[0.80,1.00];[1.20,1.40];[1.00,1.20];[0.40,0.60];[1.60,1.80];[0.20,0.40];[2.00,0.00];[1.80,2.00]","prereg"
"ae0111914e086cd87bb4e8b2","[0.88,0.92];[0.96,1.00];[1.88,1.92];[0.84,0.88];[1.12,1.16];[0.08,0.12];[1.16,1.20];[0.20,0.24];[0.32,0.36];[0.92,0.96];[0.76,0.80];[0.12,0.16];[0.72,0.76];[0.28,0.32];[1.20,1.24];[1.04,1.08];[1.52,1.56];[1.60,1.64];[0.24,0.28];[0.56,0.60];[1.44,1.48];[0.64,0.68];[0.44,0.48];[0.04,0.08];[0.40,0.44];[1.24,1.28];[0.68,0.72];[0.60,0.64];[1.00,1.04];[1.92,1.96];[1.32,1.36];[1.36,1.40];[1.48,1.52];[1.64,1.68];[1.56,1.60];[0.36,0.40];[1.96,2.00];[0.80,0.84];[1.76,1.80];[1.08,1.12];[1.28,1.32];[0.52,0.56];[0.00,0.04];[1.80,1.84];[0.48,0.52];[1.84,1.88];[1.72,1.76];[2.00,0.00];[1.40,1.44];[0.16,0.20];[1.68,1.72]","prereg"
"ede2381316ed166553d60d08","[0.40,0.60];[1.80,2.00];[1.00,1.20];[1.40,1.60];[0.80,1.00];[2.00,0.00];[0.00,0.20];[0.20,0.40];[1.60,1.80];[0.60,0.80];[1.20,1.40]","prereg"
"9f739eb6575e1b1f0ca49624","[0.20,0.40];[0.60,0.80];[0.00,0.20];[0.80,1.00];[1.40,1.60];[0.40,0.60];[2.00,0.00];[1.60,1.80];[1.20,1.40];[1.80,2.00];[1.00,1.20]","prereg"
"262b8d1a60d8255b70517cda","[1.28,1.32];[0.12,0.16];[1.84,1.88];[0.92,0.96];[1.00,1.04];[1.56,1.60];[1.80,1.84];[1.24,1.28];[0.68,0.72];[1.32,1.36];[0.72,0.76];[1.08,1.12];[2.00,0.00];[0.48,0.52];[1.72,1.76];[1.12,1.16];[1.68,1.72];[0.20,0.24];[1.04,1.08];[0.80,0.84];[1.60,1.64];[0.44,0.48];[0.16,0.20];[1.76,1.80];[0.84,0.88];[0.24,0.28];[0.76,0.80];[0.32,0.36];[0.08,0.12];[1.96,2.00];[1.20,1.24];[0.00,0.04];[1.52,1.56];[0.88,0.92];[1.92,1.96];[1.88,1.92];[0.64,0.68];[0.96,1.00];[0.36,0.40];[1.48,1.52];[0.60,0.64];[0.28,0.32];[1.36,1.40];[0.40,0.44];[1.64,1.68];[0.52,0.56];[0.04,0.08];[1.44,1.48];[1.16,1.20];[0.56,0.60];[1.40,1.44]","prereg"
"dd87a9cd4d7777685ca0d175","[1.00,1.20];[0.60,0.80];[0.00,0.20];[1.80,2.00];[0.20,0.40];[1.40,1.60];[1.60,1.80];[0.80,1.00];[2.00,0.00];[0.40,0.60];[1.20,1.40]","prereg"
"931ce3a0d3ee25cf767ff69e","[0.24,0.28];[1.36,1.40];[1.64,1.68];[0.92,0.96];[1.80,1.84];[2.00,0.00];[0.00,0.04];[0.16,0.20];[1.56,1.60];[1.92,1.96];[1.76,1.80];[0.96,1.00];[1.84,1.88];[0.36,0.40];[0.76,0.80];[1.08,1.12];[0.72,0.76];[1.40,1.44];[1.16,1.20];[0.64,0.68];[1.48,1.52];[0.20,0.24];[1.68,1.72];[0.60,0.64];[0.84,0.88];[1.28,1.32];[1.00,1.04];[0.56,0.60];[1.44,1.48];[1.72,1.76];[1.20,1.24];[0.48,0.52];[0.12,0.16];[0.68,0.72];[1.52,1.56];[1.32,1.36];[0.88,0.92];[0.44,0.48];[0.40,0.44];[1.88,1.92];[1.60,1.64];[1.24,1.28];[0.32,0.36];[1.04,1.08];[0.08,0.12];[0.04,0.08];[0.52,0.56];[1.12,1.16];[0.28,0.32];[0.80,0.84];[1.96,2.00]","prereg"
"7adf7b5871e9c85e668d82c9","[1.04,1.08];[1.68,1.72];[1.32,1.36];[0.20,0.24];[1.60,1.64];[0.40,0.44];[0.64,0.68];[1.92,1.96];[1.24,1.28];[1.40,1.44];[0.52,0.56];[1.20,1.24];[1.88,1.92];[0.36,0.40];[0.48,0.52];[0.72,0.76];[0.32,0.36];[1.00,1.04];[1.76,1.80];[0.60,0.64];[1.80,1.84];[1.72,1.76];[1.12,1.16];[1.96,2.00];[1.52,1.56];[1.56,1.60];[0.84,0.88];[1.08,1.12];[1.36,1.40];[0.16,0.20];[0.28,0.32];[2.00,0.00];[1.28,1.32];[0.00,0.04];[0.68,0.72];[0.12,0.16];[0.04,0.08];[0.88,0.92];[0.44,0.48];[0.08,0.12];[0.92,0.96];[0.80,0.84];[1.48,1.52];[1.84,1.88];[1.16,1.20];[0.96,1.00];[0.24,0.28];[0.56,0.60];[1.44,1.48];[1.64,1.68];[0.76,0.80]","prereg"
"","[0.80,1.00];[1.20,1.40];[1.80,2.00];[0.00,0.20];[2.00,0.00];[1.00,1.20];[0.20,0.40];[1.40,1.60];[1.60,1.80];[0.40,0.60];[0.60,0.80]","prereg"
"8fdc28161d464902bc87ccc3","[1.60,1.80];[0.40,0.60];[2.00,0.00];[0.20,0.40];[0.60,0.80];[1.80,2.00];[1.00,1.20];[1.40,1.60];[0.00,0.20];[1.20,1.40];[0.80,1.00]","prereg"
"1cf2fd0fb51d5e3704a19ad9","[0.00,0.04];[0.64,0.68];[0.76,0.80];[1.56,1.60];[1.92,1.96];[2.00,0.00];[1.36,1.40];[0.28,0.32];[0.84,0.88];[1.40,1.44];[0.52,0.56];[1.24,1.28];[0.92,0.96];[1.32,1.36];[1.76,1.80];[0.48,0.52];[0.40,0.44];[0.16,0.20];[0.36,0.40];[0.96,1.00];[1.96,2.00];[1.04,1.08];[0.24,0.28];[1.60,1.64];[1.00,1.04];[1.88,1.92];[0.44,0.48];[1.84,1.88];[1.48,1.52];[1.44,1.48];[1.72,1.76];[0.04,0.08];[0.56,0.60];[1.68,1.72];[0.08,0.12];[1.08,1.12];[0.32,0.36];[1.52,1.56];[0.80,0.84];[0.20,0.24];[1.12,1.16];[0.60,0.64];[1.16,1.20];[0.88,0.92];[1.20,1.24];[0.72,0.76];[1.80,1.84];[0.68,0.72];[1.28,1.32];[1.64,1.68];[0.12,0.16]","prereg"
"991016339a7fe4c151edb0b3","[0.72,0.76];[0.60,0.64];[1.32,1.36];[1.04,1.08];[1.60,1.64];[1.80,1.84];[1.64,1.68];[0.84,0.88];[1.00,1.04];[0.56,0.60];[0.36,0.40];[0.52,0.56];[0.20,0.24];[1.28,1.32];[1.12,1.16];[0.04,0.08];[1.44,1.48];[0.80,0.84];[0.96,1.00];[1.56,1.60];[2.00,0.00];[1.48,1.52];[0.40,0.44];[0.48,0.52];[1.88,1.92];[0.12,0.16];[0.64,0.68];[0.00,0.04];[1.16,1.20];[1.20,1.24];[0.88,0.92];[0.28,0.32];[1.52,1.56];[0.08,0.12];[0.92,0.96];[0.76,0.80];[1.40,1.44];[0.24,0.28];[1.96,2.00];[1.92,1.96];[1.24,1.28];[0.68,0.72];[0.32,0.36];[1.84,1.88];[1.76,1.80];[1.08,1.12];[1.36,1.40];[0.16,0.20];[1.68,1.72];[1.72,1.76];[0.44,0.48]","prereg"
"3f54250492747ea1d12ba361","[0.80,1.00];[2.00,0.00];[1.20,1.40];[0.40,0.60];[1.40,1.60];[1.60,1.80];[1.80,2.00];[0.20,0.40];[0.00,0.20];[0.60,0.80];[1.00,1.20]","prereg"
"","[2.00,0.00];[1.40,1.60];[0.40,0.60];[0.00,0.20];[1.00,1.20];[0.80,1.00];[1.20,1.40];[0.20,0.40];[1.80,2.00];[1.60,1.80];[0.60,0.80]","prereg"
"2e6c48f29c2fbbbd7b09427a","[0.00,0.20];[1.40,1.60];[1.80,2.00];[0.60,0.80];[1.20,1.40];[1.00,1.20];[2.00,0.00];[0.40,0.60];[1.60,1.80];[0.20,0.40];[0.80,1.00]","prereg"
"442f220a1d006652fb108e8f","[1.60,1.80];[1.00,1.20];[0.40,0.60];[2.00,0.00];[0.20,0.40];[1.80,2.00];[1.20,1.40];[1.40,1.60];[0.00,0.20];[0.80,1.00];[0.60,0.80]","prereg"
"","[0.60,0.80];[0.00,0.20];[2.00,0.00];[0.40,0.60];[1.20,1.40];[0.20,0.40];[1.40,1.60];[1.80,2.00];[1.00,1.20];[1.60,1.80];[0.80,1.00]","prereg"
"b6f379e92aac10faf9d4ae87","[0.00,0.20];[0.20,0.40];[0.60,0.80];[0.40,0.60];[2.00,0.00];[1.00,1.20];[0.80,1.00];[1.20,1.40];[1.60,1.80];[1.40,1.60];[1.80,2.00]","prereg"
"6df63ee3fcf8a22d00bf91ba","[1.76,1.80];[0.56,0.60];[1.80,1.84];[1.40,1.44];[1.60,1.64];[0.84,0.88];[1.48,1.52];[0.52,0.56];[0.92,0.96];[1.96,2.00];[0.24,0.28];[1.16,1.20];[1.28,1.32];[1.64,1.68];[0.08,0.12];[1.72,1.76];[1.44,1.48];[1.12,1.16];[0.48,0.52];[0.00,0.04];[1.84,1.88];[0.80,0.84];[1.52,1.56];[0.64,0.68];[1.36,1.40];[0.28,0.32];[2.00,0.00];[1.04,1.08];[0.12,0.16];[1.88,1.92];[1.56,1.60];[0.36,0.40];[1.32,1.36];[0.04,0.08];[0.68,0.72];[0.72,0.76];[0.16,0.20];[1.08,1.12];[1.24,1.28];[0.20,0.24];[0.60,0.64];[0.32,0.36];[1.00,1.04];[1.20,1.24];[0.88,0.92];[0.96,1.00];[0.40,0.44];[0.76,0.80];[1.92,1.96];[1.68,1.72];[0.44,0.48]","prereg"
"badd409d08a79601d47a2c37","[2.00,0.00];[0.60,0.80];[0.20,0.40];[1.00,1.20];[1.20,1.40];[0.40,0.60];[1.60,1.80];[1.40,1.60];[0.00,0.20];[0.80,1.00];[1.80,2.00]","prereg"
"f5efc25139d5725e553b8f66","[1.96,2.00];[1.76,1.80];[0.76,0.80];[0.24,0.28];[2.00,0.00];[1.88,1.92];[1.84,1.88];[0.16,0.20];[1.68,1.72];[1.08,1.12];[0.68,0.72];[0.52,0.56];[1.72,1.76];[0.64,0.68];[0.36,0.40];[0.56,0.60];[0.92,0.96];[0.04,0.08];[0.60,0.64];[1.44,1.48];[1.48,1.52];[0.88,0.92];[1.40,1.44];[0.44,0.48];[1.80,1.84];[0.84,0.88];[1.32,1.36];[1.60,1.64];[1.12,1.16];[0.96,1.00];[0.12,0.16];[1.52,1.56];[0.48,0.52];[1.36,1.40];[0.00,0.04];[1.00,1.04];[0.08,0.12];[1.04,1.08];[0.80,0.84];[1.56,1.60];[0.72,0.76];[0.40,0.44];[0.28,0.32];[1.16,1.20];[0.32,0.36];[1.28,1.32];[0.20,0.24];[1.64,1.68];[1.20,1.24];[1.24,1.28];[1.92,1.96]","prereg"
"","[1.00,1.20];[1.40,1.60];[0.20,0.40];[2.00,0.00];[1.20,1.40];[1.80,2.00];[0.60,0.80];[0.00,0.20];[1.60,1.80];[0.80,1.00];[0.40,0.60]","prereg"
"7da321c5fff8f71f7d86d599","[1.80,2.00];[0.60,0.80];[2.00,0.00];[0.80,1.00];[1.20,1.40];[0.40,0.60];[1.60,1.80];[1.40,1.60];[1.00,1.20];[0.00,0.20];[0.20,0.40]","prereg"
"062cd858b8b9fc1d97c4b68e","[1.20,1.40];[0.20,0.40];[0.00,0.20];[1.40,1.60];[0.60,0.80];[1.80,2.00];[2.00,0.00];[1.00,1.20];[0.80,1.00];[0.40,0.60];[1.60,1.80]","prereg"
"6a8e2b2ee09cbdb13529a423","[0.40,0.60];[1.60,1.80];[1.80,2.00];[0.80,1.00];[1.20,1.40];[0.00,0.20];[2.00,0.00];[1.00,1.20];[1.40,1.60];[0.20,0.40];[0.60,0.80]","prereg"
"144203ed83e96f750295c725","[0.40,0.60];[2.00,0.00];[0.60,0.80];[0.20,0.40];[1.40,1.60];[1.00,1.20];[1.20,1.40];[0.00,0.20];[0.80,1.00];[1.60,1.80];[1.80,2.00]","prereg"
"c4b8bcccc0fd176ced5f5b0b","[2.00,0.00];[1.20,1.40];[0.00,0.20];[1.40,1.60];[0.80,1.00];[1.80,2.00];[1.00,1.20];[1.60,1.80];[0.20,0.40];[0.40,0.60];[0.60,0.80]","prereg"
"d600ef257f54928aba255b14","[0.00,0.20];[1.00,1.20];[0.40,0.60];[0.80,1.00];[1.40,1.60];[0.60,0.80];[2.00,0.00];[1.80,2.00];[0.20,0.40];[1.60,1.80];[1.20,1.40]","prereg"
"e8a04f3b26c59c29bd093af3","[0.60,0.64];[0.44,0.48];[0.32,0.36];[1.48,1.52];[1.12,1.16];[0.00,0.04];[0.36,0.40];[1.64,1.68];[0.12,0.16];[2.00,0.00];[1.92,1.96];[0.40,0.44];[1.04,1.08];[0.56,0.60];[0.48,0.52];[1.76,1.80];[0.76,0.80];[1.32,1.36];[0.96,1.00];[1.28,1.32];[1.24,1.28];[1.44,1.48];[1.36,1.40];[0.92,0.96];[1.52,1.56];[1.08,1.12];[0.08,0.12];[1.96,2.00];[0.80,0.84];[0.72,0.76];[0.84,0.88];[0.64,0.68];[1.00,1.04];[0.88,0.92];[0.68,0.72];[1.68,1.72];[0.04,0.08];[0.20,0.24];[1.80,1.84];[1.20,1.24];[0.52,0.56];[0.24,0.28];[0.16,0.20];[1.88,1.92];[0.28,0.32];[1.40,1.44];[1.84,1.88];[1.60,1.64];[1.56,1.60];[1.16,1.20];[1.72,1.76]","prereg"
"a68660ecce382982dc1e951b","[1.56,1.60];[1.60,1.64];[0.24,0.28];[1.12,1.16];[1.16,1.20];[1.08,1.12];[0.32,0.36];[1.20,1.24];[1.92,1.96];[0.60,0.64];[0.12,0.16];[2.00,0.00];[1.72,1.76];[1.48,1.52];[1.04,1.08];[1.88,1.92];[0.84,0.88];[1.52,1.56];[0.96,1.00];[0.52,0.56];[1.80,1.84];[1.36,1.40];[0.00,0.04];[0.16,0.20];[0.88,0.92];[0.92,0.96];[1.76,1.80];[0.36,0.40];[1.40,1.44];[1.68,1.72];[1.96,2.00];[0.48,0.52];[1.64,1.68];[0.72,0.76];[1.28,1.32];[0.56,0.60];[0.76,0.80];[1.24,1.28];[1.00,1.04];[1.84,1.88];[0.64,0.68];[0.80,0.84];[0.68,0.72];[1.44,1.48];[1.32,1.36];[0.44,0.48];[0.40,0.44];[0.20,0.24];[0.08,0.12];[0.04,0.08];[0.28,0.32]","prereg"
"","[1.28,1.32];[1.20,1.24];[1.32,1.36];[0.84,0.88];[0.64,0.68];[0.88,0.92];[0.40,0.44];[1.68,1.72];[0.96,1.00];[0.04,0.08];[1.24,1.28];[0.68,0.72];[0.32,0.36];[0.28,0.32];[0.52,0.56];[0.08,0.12];[1.76,1.80];[0.44,0.48];[1.36,1.40];[1.80,1.84];[1.44,1.48];[1.88,1.92];[1.04,1.08];[0.56,0.60];[1.72,1.76];[0.60,0.64];[0.92,0.96];[1.40,1.44];[0.00,0.04];[1.52,1.56];[0.48,0.52];[0.16,0.20];[2.00,0.00];[1.16,1.20];[0.76,0.80];[1.56,1.60];[1.84,1.88];[1.96,2.00];[1.12,1.16];[1.64,1.68];[1.08,1.12];[0.36,0.40];[0.72,0.76];[1.60,1.64];[1.00,1.04];[1.92,1.96];[0.12,0.16];[1.48,1.52];[0.24,0.28];[0.80,0.84];[0.20,0.24]","prereg"
"40d9c1117726d3f7df86a371","[0.20,0.40];[1.60,1.80];[1.80,2.00];[0.00,0.20];[2.00,0.00];[1.20,1.40];[1.00,1.20];[0.80,1.00];[1.40,1.60];[0.40,0.60];[0.60,0.80]","prereg"
"d1bfb2945b4b499ff4c18bf0","[0.80,0.84];[0.76,0.80];[0.08,0.12];[1.84,1.88];[1.76,1.80];[1.08,1.12];[0.64,0.68];[1.24,1.28];[0.32,0.36];[1.20,1.24];[0.24,0.28];[0.48,0.52];[0.68,0.72];[0.36,0.40];[0.88,0.92];[0.52,0.56];[1.96,2.00];[0.92,0.96];[0.12,0.16];[1.60,1.64];[2.00,0.00];[1.92,1.96];[1.56,1.60];[0.04,0.08];[0.84,0.88];[0.60,0.64];[1.16,1.20];[1.40,1.44];[1.04,1.08];[1.52,1.56];[0.40,0.44];[1.00,1.04];[0.28,0.32];[1.64,1.68];[1.12,1.16];[0.00,0.04];[1.44,1.48];[0.16,0.20];[1.28,1.32];[0.56,0.60];[1.36,1.40];[1.48,1.52];[0.20,0.24];[0.72,0.76];[0.96,1.00];[1.32,1.36];[1.68,1.72];[0.44,0.48];[1.80,1.84];[1.72,1.76];[1.88,1.92]","prereg"
"a9a9d2cffb98b25a6d252a58","[0.08,0.12];[1.36,1.40];[1.48,1.52];[0.32,0.36];[1.08,1.12];[1.52,1.56];[1.12,1.16];[2.00,0.00];[1.56,1.60];[0.52,0.56];[0.56,0.60];[1.88,1.92];[1.28,1.32];[1.24,1.28];[0.64,0.68];[1.60,1.64];[0.40,0.44];[0.24,0.28];[1.92,1.96];[1.04,1.08];[0.68,0.72];[1.84,1.88];[1.96,2.00];[1.72,1.76];[0.44,0.48];[0.92,0.96];[0.60,0.64];[0.20,0.24];[0.72,0.76];[1.16,1.20];[0.84,0.88];[0.16,0.20];[1.80,1.84];[1.68,1.72];[0.88,0.92];[1.76,1.80];[1.00,1.04];[0.80,0.84];[1.64,1.68];[1.32,1.36];[0.28,0.32];[0.96,1.00];[1.44,1.48];[0.12,0.16];[1.40,1.44];[0.48,0.52];[0.76,0.80];[0.36,0.40];[0.04,0.08];[1.20,1.24];[0.00,0.04]","prereg"
"a61196c9f75a91564f0fa1fd","[1.12,1.16];[0.00,0.04];[0.48,0.52];[0.04,0.08];[0.40,0.44];[0.84,0.88];[1.44,1.48];[1.84,1.88];[1.00,1.04];[1.52,1.56];[0.28,0.32];[1.24,1.28];[0.68,0.72];[0.76,0.80];[0.20,0.24];[0.24,0.28];[1.16,1.20];[0.44,0.48];[0.92,0.96];[1.20,1.24];[1.56,1.60];[1.96,2.00];[0.72,0.76];[0.52,0.56];[1.68,1.72];[1.36,1.40];[0.08,0.12];[1.76,1.80];[1.88,1.92];[1.60,1.64];[0.12,0.16];[1.08,1.12];[0.88,0.92];[0.60,0.64];[1.92,1.96];[1.80,1.84];[0.36,0.40];[0.56,0.60];[1.48,1.52];[0.32,0.36];[2.00,0.00];[0.96,1.00];[1.32,1.36];[1.40,1.44];[1.64,1.68];[1.72,1.76];[0.64,0.68];[0.80,0.84];[1.04,1.08];[1.28,1.32];[0.16,0.20]","prereg"
"","[1.56,1.60];[0.00,0.04];[1.08,1.12];[1.88,1.92];[0.12,0.16];[0.32,0.36];[1.20,1.24];[1.32,1.36];[0.64,0.68];[1.64,1.68];[1.92,1.96];[1.12,1.16];[0.24,0.28];[0.84,0.88];[0.08,0.12];[0.20,0.24];[1.44,1.48];[0.96,1.00];[0.60,0.64];[1.72,1.76];[1.52,1.56];[1.68,1.72];[1.40,1.44];[0.04,0.08];[0.88,0.92];[0.52,0.56];[1.80,1.84];[1.00,1.04];[0.72,0.76];[0.44,0.48];[0.68,0.72];[0.36,0.40];[1.48,1.52];[2.00,0.00];[0.48,0.52];[1.36,1.40];[1.16,1.20];[1.28,1.32];[0.16,0.20];[1.96,2.00];[1.60,1.64];[0.56,0.60];[1.04,1.08];[0.76,0.80];[1.84,1.88];[0.40,0.44];[1.76,1.80];[0.28,0.32];[0.92,0.96];[1.24,1.28];[0.80,0.84]","prereg"
"","[0.80,1.00];[0.60,0.80];[2.00,0.00];[1.80,2.00];[0.00,0.20];[0.20,0.40];[1.20,1.40];[1.00,1.20];[0.40,0.60];[1.60,1.80];[1.40,1.60]","prereg"
"7d12defa7bd3ae8f8fe4448b","[1.20,1.40];[1.00,1.20];[1.40,1.60];[2.00,0.00];[0.80,1.00];[0.00,0.20];[0.20,0.40];[0.40,0.60];[1.60,1.80];[1.80,2.00];[0.60,0.80]","prereg"
"c912648bcb33074656cdb103","[1.64,1.68];[0.64,0.68];[1.88,1.92];[1.84,1.88];[0.44,0.48];[1.28,1.32];[0.88,0.92];[0.92,0.96];[1.80,1.84];[1.04,1.08];[0.16,0.20];[1.60,1.64];[0.08,0.12];[1.92,1.96];[1.20,1.24];[2.00,0.00];[1.12,1.16];[1.72,1.76];[0.56,0.60];[0.20,0.24];[0.72,0.76];[1.76,1.80];[1.36,1.40];[0.76,0.80];[1.24,1.28];[1.32,1.36];[0.52,0.56];[0.60,0.64];[0.00,0.04];[1.48,1.52];[0.80,0.84];[1.56,1.60];[0.96,1.00];[1.96,2.00];[1.44,1.48];[0.28,0.32];[1.68,1.72];[0.84,0.88];[0.40,0.44];[0.24,0.28];[0.32,0.36];[1.16,1.20];[1.40,1.44];[1.00,1.04];[1.08,1.12];[0.36,0.40];[0.12,0.16];[1.52,1.56];[0.04,0.08];[0.48,0.52];[0.68,0.72]","prereg"
"679c54a3e0c14c155ad1d3bd","[0.64,0.68];[0.20,0.24];[1.68,1.72];[1.48,1.52];[1.40,1.44];[2.00,0.00];[0.52,0.56];[0.72,0.76];[0.00,0.04];[0.60,0.64];[1.00,1.04];[0.68,0.72];[0.84,0.88];[0.48,0.52];[1.88,1.92];[1.04,1.08];[0.44,0.48];[0.80,0.84];[0.40,0.44];[1.80,1.84];[0.28,0.32];[0.36,0.40];[1.60,1.64];[0.56,0.60];[1.76,1.80];[1.36,1.40];[1.32,1.36];[1.52,1.56];[0.16,0.20];[1.84,1.88];[0.08,0.12];[0.88,0.92];[1.92,1.96];[1.44,1.48];[1.24,1.28];[0.04,0.08];[1.28,1.32];[1.72,1.76];[1.12,1.16];[1.16,1.20];[1.64,1.68];[1.96,2.00];[0.12,0.16];[0.32,0.36];[0.92,0.96];[0.76,0.80];[0.96,1.00];[1.56,1.60];[1.08,1.12];[0.24,0.28];[1.20,1.24]","prereg"
"a956242675ba7d04f41eaab7","[1.40,1.60];[1.20,1.40];[0.80,1.00];[1.80,2.00];[0.60,0.80];[0.20,0.40];[2.00,0.00];[0.40,0.60];[1.60,1.80];[0.00,0.20];[1.00,1.20]","prereg"
"","[0.48,0.52];[0.16,0.20];[1.00,1.04];[1.28,1.32];[1.84,1.88];[0.72,0.76];[0.64,0.68];[1.88,1.92];[0.04,0.08];[0.56,0.60];[0.84,0.88];[0.00,0.04];[0.40,0.44];[1.24,1.28];[0.12,0.16];[0.80,0.84];[0.88,0.92];[0.28,0.32];[0.44,0.48];[1.16,1.20];[1.40,1.44];[1.60,1.64];[1.44,1.48];[1.20,1.24];[0.24,0.28];[2.00,0.00];[0.52,0.56];[1.92,1.96];[1.64,1.68];[0.68,0.72];[0.92,0.96];[1.32,1.36];[0.96,1.00];[0.60,0.64];[1.04,1.08];[1.72,1.76];[1.12,1.16];[1.80,1.84];[0.20,0.24];[1.56,1.60];[1.08,1.12];[0.08,0.12];[1.48,1.52];[0.32,0.36];[1.76,1.80];[1.36,1.40];[1.52,1.56];[0.76,0.80];[1.96,2.00];[0.36,0.40];[1.68,1.72]","prereg"
"9dca11b511fd74407c66f8c4","[0.20,0.40];[2.00,0.00];[1.80,2.00];[0.00,0.20];[0.40,0.60];[1.20,1.40];[1.40,1.60];[1.60,1.80];[0.60,0.80];[1.00,1.20];[0.80,1.00]","prereg"
"20b878a1c871d884e69976d9","[1.96,2.00];[0.44,0.48];[1.88,1.92];[0.56,0.60];[0.36,0.40];[1.36,1.40];[1.68,1.72];[0.52,0.56];[0.40,0.44];[1.52,1.56];[0.12,0.16];[0.64,0.68];[0.84,0.88];[1.92,1.96];[0.72,0.76];[1.04,1.08];[1.44,1.48];[1.76,1.80];[1.16,1.20];[1.40,1.44];[1.12,1.16];[1.80,1.84];[1.48,1.52];[0.68,0.72];[1.32,1.36];[1.64,1.68];[1.72,1.76];[0.28,0.32];[0.32,0.36];[1.84,1.88];[1.28,1.32];[0.48,0.52];[0.76,0.80];[2.00,0.00];[0.60,0.64];[1.08,1.12];[0.92,0.96];[1.00,1.04];[0.24,0.28];[0.20,0.24];[0.96,1.00];[0.08,0.12];[0.04,0.08];[0.00,0.04];[0.88,0.92];[0.16,0.20];[0.80,0.84];[1.20,1.24];[1.24,1.28];[1.56,1.60];[1.60,1.64]","prereg"
"","[0.16,0.20];[0.04,0.08];[1.04,1.08];[0.12,0.16];[1.72,1.76];[0.40,0.44];[0.48,0.52];[0.88,0.92];[1.76,1.80];[0.56,0.60];[0.64,0.68];[1.48,1.52];[0.36,0.40];[1.28,1.32];[0.24,0.28];[1.16,1.20];[0.92,0.96];[0.20,0.24];[0.00,0.04];[0.60,0.64];[1.64,1.68];[1.52,1.56];[0.76,0.80];[1.56,1.60];[1.44,1.48];[0.52,0.56];[1.88,1.92];[1.08,1.12];[1.20,1.24];[0.68,0.72];[0.44,0.48];[0.28,0.32];[1.80,1.84];[1.84,1.88];[1.40,1.44];[1.36,1.40];[1.60,1.64];[1.32,1.36];[0.32,0.36];[2.00,0.00];[1.92,1.96];[1.24,1.28];[0.96,1.00];[0.08,0.12];[1.12,1.16];[0.84,0.88];[1.00,1.04];[0.72,0.76];[1.96,2.00];[1.68,1.72];[0.80,0.84]","prereg"
"2f5d014654d003153b4643d2","[2.00,0.00];[1.00,1.20];[1.80,2.00];[0.60,0.80];[0.40,0.60];[1.60,1.80];[1.20,1.40];[0.20,0.40];[0.00,0.20];[0.80,1.00];[1.40,1.60]","prereg"
"165fa7faf88e01016c5ec939","[1.80,2.00];[0.40,0.60];[1.60,1.80];[0.60,0.80];[0.00,0.20];[1.40,1.60];[0.20,0.40];[1.20,1.40];[0.80,1.00];[1.00,1.20];[2.00,0.00]","prereg"
"","[0.80,1.00];[1.60,1.80];[1.00,1.20];[0.00,0.20];[1.20,1.40];[0.20,0.40];[2.00,0.00];[1.80,2.00];[0.60,0.80];[1.40,1.60];[0.40,0.60]","prereg"
"486f6eece129b673fc7e117e","[1.68,1.72];[0.28,0.32];[1.88,1.92];[0.48,0.52];[1.16,1.20];[2.00,0.00];[1.76,1.80];[1.64,1.68];[1.28,1.32];[1.32,1.36];[0.40,0.44];[1.00,1.04];[0.04,0.08];[0.88,0.92];[0.44,0.48];[1.72,1.76];[0.80,0.84];[1.48,1.52];[0.08,0.12];[1.96,2.00];[1.80,1.84];[0.76,0.80];[0.56,0.60];[1.12,1.16];[1.40,1.44];[1.04,1.08];[1.52,1.56];[0.12,0.16];[1.36,1.40];[1.56,1.60];[1.60,1.64];[0.52,0.56];[1.84,1.88];[1.20,1.24];[0.84,0.88];[1.08,1.12];[0.92,0.96];[0.36,0.40];[0.16,0.20];[1.24,1.28];[0.64,0.68];[0.96,1.00];[0.20,0.24];[0.72,0.76];[1.44,1.48];[1.92,1.96];[0.60,0.64];[0.32,0.36];[0.24,0.28];[0.00,0.04];[0.68,0.72]","prereg"
"909435c92d41016c75e4fd72","[1.00,1.20];[1.80,2.00];[0.20,0.40];[0.40,0.60];[0.00,0.20];[2.00,0.00];[1.60,1.80];[0.60,0.80];[1.40,1.60];[0.80,1.00];[1.20,1.40]","prereg"
"","[0.60,0.80];[0.00,0.20];[0.80,1.00];[1.80,2.00];[1.20,1.40];[0.40,0.60];[1.60,1.80];[2.00,0.00];[1.00,1.20];[0.20,0.40];[1.40,1.60]","prereg"
"cb2d08d2c95f52afb78fd988","[0.80,1.00];[1.40,1.60];[2.00,0.00];[0.60,0.80];[1.80,2.00];[1.60,1.80];[0.40,0.60];[0.00,0.20];[1.00,1.20];[0.20,0.40];[1.20,1.40]","prereg"
"1a156df23004bf52ab1dfb45","[1.44,1.48];[0.32,0.36];[0.08,0.12];[1.24,1.28];[0.88,0.92];[1.72,1.76];[0.84,0.88];[1.80,1.84];[0.24,0.28];[0.96,1.00];[1.48,1.52];[1.16,1.20];[1.20,1.24];[0.92,0.96];[1.96,2.00];[0.28,0.32];[0.40,0.44];[0.04,0.08];[1.84,1.88];[1.08,1.12];[1.88,1.92];[0.36,0.40];[0.76,0.80];[1.32,1.36];[0.52,0.56];[0.00,0.04];[0.48,0.52];[1.64,1.68];[1.04,1.08];[1.28,1.32];[1.60,1.64];[1.56,1.60];[1.00,1.04];[0.60,0.64];[1.68,1.72];[1.40,1.44];[1.92,1.96];[0.56,0.60];[1.76,1.80];[1.12,1.16];[0.20,0.24];[0.72,0.76];[2.00,0.00];[0.80,0.84];[0.16,0.20];[0.44,0.48];[0.12,0.16];[0.64,0.68];[1.52,1.56];[0.68,0.72];[1.36,1.40]","prereg"
"eca9803a4a219547f111967d","[0.64,0.68];[0.56,0.60];[0.44,0.48];[0.60,0.64];[1.96,2.00];[1.08,1.12];[0.08,0.12];[1.68,1.72];[0.96,1.00];[1.76,1.80];[0.24,0.28];[0.80,0.84];[0.68,0.72];[1.36,1.40];[1.00,1.04];[0.36,0.40];[1.80,1.84];[1.20,1.24];[1.60,1.64];[1.04,1.08];[1.12,1.16];[1.52,1.56];[1.28,1.32];[0.28,0.32];[0.40,0.44];[0.16,0.20];[0.84,0.88];[1.32,1.36];[1.72,1.76];[1.64,1.68];[1.56,1.60];[1.40,1.44];[0.48,0.52];[0.04,0.08];[0.88,0.92];[1.88,1.92];[1.48,1.52];[2.00,0.00];[0.20,0.24];[0.92,0.96];[0.72,0.76];[1.92,1.96];[0.76,0.80];[0.52,0.56];[1.16,1.20];[0.12,0.16];[1.24,1.28];[1.84,1.88];[1.44,1.48];[0.00,0.04];[0.32,0.36]","prereg"
"61c566cf9239ea074e5ce80a","[1.60,1.64];[0.40,0.44];[0.88,0.92];[1.80,1.84];[0.44,0.48];[0.20,0.24];[2.00,0.00];[1.48,1.52];[1.20,1.24];[1.52,1.56];[0.00,0.04];[0.36,0.40];[0.60,0.64];[0.84,0.88];[0.96,1.00];[0.56,0.60];[0.76,0.80];[1.16,1.20];[0.68,0.72];[1.84,1.88];[1.88,1.92];[1.64,1.68];[1.72,1.76];[1.00,1.04];[0.48,0.52];[0.28,0.32];[1.32,1.36];[1.04,1.08];[1.28,1.32];[0.24,0.28];[1.40,1.44];[1.68,1.72];[1.24,1.28];[0.80,0.84];[1.36,1.40];[0.72,0.76];[1.12,1.16];[0.92,0.96];[0.52,0.56];[0.04,0.08];[0.64,0.68];[0.12,0.16];[0.32,0.36];[1.76,1.80];[1.92,1.96];[0.08,0.12];[1.44,1.48];[0.16,0.20];[1.08,1.12];[1.56,1.60];[1.96,2.00]","prereg"
"996e0f9dcc7fdb24a787cbaa","[1.00,1.20];[0.80,1.00];[0.60,0.80];[0.00,0.20];[0.40,0.60];[0.20,0.40];[1.40,1.60];[1.60,1.80];[1.80,2.00];[2.00,0.00];[1.20,1.40]","prereg"
"5bce7d70226b221098c1f078","[0.68,0.72];[0.84,0.88];[1.36,1.40];[0.28,0.32];[0.48,0.52];[0.52,0.56];[0.32,0.36];[1.56,1.60];[0.12,0.16];[0.92,0.96];[2.00,0.00];[1.96,2.00];[1.40,1.44];[1.28,1.32];[0.72,0.76];[0.76,0.80];[1.92,1.96];[0.56,0.60];[1.12,1.16];[0.24,0.28];[0.88,0.92];[1.52,1.56];[1.20,1.24];[1.00,1.04];[0.08,0.12];[0.60,0.64];[0.04,0.08];[0.44,0.48];[1.24,1.28];[1.76,1.80];[0.96,1.00];[1.84,1.88];[1.60,1.64];[0.64,0.68];[1.80,1.84];[0.16,0.20];[1.16,1.20];[0.20,0.24];[1.68,1.72];[1.04,1.08];[0.00,0.04];[1.44,1.48];[0.40,0.44];[1.48,1.52];[0.36,0.40];[1.88,1.92];[1.72,1.76];[0.80,0.84];[1.32,1.36];[1.64,1.68];[1.08,1.12]","prereg"
"6df212dc7cc20dbc70579fb9","[1.04,1.08];[1.00,1.04];[1.72,1.76];[1.32,1.36];[0.16,0.20];[0.76,0.80];[0.48,0.52];[1.52,1.56];[0.08,0.12];[0.96,1.00];[1.88,1.92];[0.32,0.36];[1.44,1.48];[1.24,1.28];[1.92,1.96];[1.96,2.00];[0.84,0.88];[1.20,1.24];[0.92,0.96];[0.00,0.04];[1.60,1.64];[1.48,1.52];[0.64,0.68];[1.28,1.32];[1.36,1.40];[0.40,0.44];[2.00,0.00];[1.76,1.80];[0.04,0.08];[0.68,0.72];[1.64,1.68];[0.28,0.32];[0.20,0.24];[1.56,1.60];[0.56,0.60];[1.12,1.16];[0.72,0.76];[0.52,0.56];[0.44,0.48];[1.68,1.72];[0.12,0.16];[1.08,1.12];[1.16,1.20];[1.40,1.44];[0.36,0.40];[0.80,0.84];[1.84,1.88];[1.80,1.84];[0.88,0.92];[0.60,0.64];[0.24,0.28]","prereg"
"650b34d4e3846283b9281b07","[0.24,0.28];[0.08,0.12];[1.80,1.84];[1.72,1.76];[1.68,1.72];[0.32,0.36];[0.48,0.52];[0.92,0.96];[0.64,0.68];[1.00,1.04];[1.64,1.68];[1.56,1.60];[1.08,1.12];[0.28,0.32];[1.96,2.00];[1.28,1.32];[0.00,0.04];[0.88,0.92];[0.84,0.88];[1.88,1.92];[0.20,0.24];[0.36,0.40];[1.44,1.48];[1.92,1.96];[0.60,0.64];[2.00,0.00];[1.16,1.20];[1.24,1.28];[1.36,1.40];[0.68,0.72];[1.84,1.88];[1.40,1.44];[0.04,0.08];[0.40,0.44];[0.16,0.20];[1.48,1.52];[0.80,0.84];[0.72,0.76];[1.52,1.56];[1.32,1.36];[1.12,1.16];[0.96,1.00];[1.04,1.08];[0.52,0.56];[0.44,0.48];[0.12,0.16];[1.60,1.64];[1.76,1.80];[1.20,1.24];[0.76,0.80];[0.56,0.60]","prereg"
"","[1.40,1.60];[0.20,0.40];[0.60,0.80];[0.80,1.00];[1.80,2.00];[0.00,0.20];[1.00,1.20];[1.20,1.40];[2.00,0.00];[0.40,0.60];[1.60,1.80]","prereg"
"bb2a8271913667e2d5a528b5","[0.80,1.00];[1.60,1.80];[1.20,1.40];[1.00,1.20];[1.40,1.60];[0.00,0.20];[0.20,0.40];[0.60,0.80];[1.80,2.00];[2.00,0.00];[0.40,0.60]","prereg"
"","[1.44,1.48];[1.80,1.84];[0.16,0.20];[0.92,0.96];[1.16,1.20];[1.60,1.64];[0.28,0.32];[0.40,0.44];[1.28,1.32];[1.48,1.52];[0.84,0.88];[0.76,0.80];[1.52,1.56];[0.00,0.04];[0.04,0.08];[0.68,0.72];[1.00,1.04];[1.72,1.76];[2.00,0.00];[0.48,0.52];[0.80,0.84];[0.60,0.64];[1.36,1.40];[0.20,0.24];[0.96,1.00];[1.92,1.96];[0.12,0.16];[1.40,1.44];[1.88,1.92];[1.68,1.72];[1.08,1.12];[1.96,2.00];[1.56,1.60];[1.32,1.36];[0.72,0.76];[0.52,0.56];[1.12,1.16];[0.24,0.28];[0.88,0.92];[1.24,1.28];[0.64,0.68];[0.56,0.60];[0.36,0.40];[1.04,1.08];[1.20,1.24];[1.84,1.88];[1.64,1.68];[0.44,0.48];[1.76,1.80];[0.32,0.36];[0.08,0.12]","prereg"
"a5f81965f50c846331211fff","[0.12,0.16];[0.04,0.08];[0.92,0.96];[1.04,1.08];[1.60,1.64];[1.08,1.12];[1.16,1.20];[1.56,1.60];[0.80,0.84];[0.96,1.00];[1.52,1.56];[0.28,0.32];[0.88,0.92];[1.76,1.80];[0.84,0.88];[1.20,1.24];[0.40,0.44];[1.00,1.04];[0.68,0.72];[0.44,0.48];[1.96,2.00];[1.80,1.84];[0.60,0.64];[0.08,0.12];[1.28,1.32];[0.76,0.80];[1.24,1.28];[0.48,0.52];[0.56,0.60];[1.12,1.16];[1.72,1.76];[1.36,1.40];[1.48,1.52];[1.40,1.44];[0.72,0.76];[0.64,0.68];[0.20,0.24];[0.32,0.36];[0.36,0.40];[0.24,0.28];[1.88,1.92];[2.00,0.00];[0.00,0.04];[1.68,1.72];[1.44,1.48];[1.92,1.96];[1.84,1.88];[1.64,1.68];[0.16,0.20];[0.52,0.56];[1.32,1.36]","prereg"
"fef959172fa0d3d7c6bdb6c1","[1.92,1.96];[1.36,1.40];[1.68,1.72];[0.88,0.92];[1.12,1.16];[0.76,0.80];[0.32,0.36];[1.72,1.76];[0.44,0.48];[1.24,1.28];[0.92,0.96];[1.60,1.64];[1.80,1.84];[0.52,0.56];[0.72,0.76];[0.80,0.84];[0.40,0.44];[1.00,1.04];[0.36,0.40];[1.16,1.20];[0.84,0.88];[1.40,1.44];[1.04,1.08];[1.88,1.92];[0.08,0.12];[0.16,0.20];[1.28,1.32];[1.32,1.36];[1.52,1.56];[0.68,0.72];[0.12,0.16];[1.44,1.48];[1.76,1.80];[2.00,0.00];[1.56,1.60];[0.48,0.52];[1.84,1.88];[1.64,1.68];[0.20,0.24];[0.04,0.08];[0.00,0.04];[1.48,1.52];[1.20,1.24];[0.24,0.28];[1.96,2.00];[0.64,0.68];[1.08,1.12];[0.60,0.64];[0.96,1.00];[0.28,0.32];[0.56,0.60]","prereg"
"c224d01904a49b1d2a1d0ff9","[1.92,1.96];[1.40,1.44];[0.56,0.60];[0.16,0.20];[1.20,1.24];[0.32,0.36];[0.68,0.72];[0.80,0.84];[0.92,0.96];[1.32,1.36];[0.64,0.68];[1.96,2.00];[0.36,0.40];[0.08,0.12];[0.28,0.32];[1.16,1.20];[1.88,1.92];[1.80,1.84];[1.00,1.04];[0.52,0.56];[0.24,0.28];[0.88,0.92];[0.00,0.04];[1.24,1.28];[0.44,0.48];[1.84,1.88];[0.40,0.44];[0.76,0.80];[2.00,0.00];[1.76,1.80];[1.36,1.40];[1.04,1.08];[0.20,0.24];[0.72,0.76];[1.28,1.32];[0.04,0.08];[1.72,1.76];[1.48,1.52];[1.68,1.72];[1.64,1.68];[1.12,1.16];[1.08,1.12];[1.56,1.60];[0.84,0.88];[0.96,1.00];[1.60,1.64];[0.60,0.64];[1.52,1.56];[0.12,0.16];[1.44,1.48];[0.48,0.52]","prereg"
"2331dc010b691d13edb64608","[0.80,1.00];[0.40,0.60];[1.40,1.60];[0.20,0.40];[1.20,1.40];[1.00,1.20];[0.60,0.80];[2.00,0.00];[1.60,1.80];[1.80,2.00];[0.00,0.20]","prereg"
"60fd5852c044761a8e287fba","[0.00,0.20];[0.20,0.40];[1.00,1.20];[1.40,1.60];[0.80,1.00];[0.60,0.80];[0.40,0.60];[2.00,0.00];[1.20,1.40];[1.80,2.00];[1.60,1.80]","prereg"
"f80f450875455555b1e79fbb","[1.40,1.60];[1.20,1.40];[0.40,0.60];[1.80,2.00];[0.60,0.80];[0.80,1.00];[1.60,1.80];[0.00,0.20];[2.00,0.00];[1.00,1.20];[0.20,0.40]","prereg"
"7fe7be5e6dcbdb56e3355920","[1.56,1.60];[1.92,1.96];[1.72,1.76];[0.56,0.60];[0.84,0.88];[0.88,0.92];[1.76,1.80];[0.04,0.08];[0.08,0.12];[1.96,2.00];[1.52,1.56];[1.36,1.40];[0.00,0.04];[0.52,0.56];[1.84,1.88];[0.96,1.00];[0.28,0.32];[0.24,0.28];[1.48,1.52];[0.64,0.68];[1.28,1.32];[1.16,1.20];[0.36,0.40];[0.80,0.84];[0.16,0.20];[1.04,1.08];[1.24,1.28];[1.64,1.68];[1.20,1.24];[1.00,1.04];[1.32,1.36];[0.76,0.80];[1.68,1.72];[0.48,0.52];[2.00,0.00];[0.20,0.24];[1.40,1.44];[0.44,0.48];[0.68,0.72];[1.80,1.84];[1.44,1.48];[1.08,1.12];[1.12,1.16];[0.72,0.76];[0.32,0.36];[0.92,0.96];[0.60,0.64];[0.12,0.16];[1.88,1.92];[1.60,1.64];[0.40,0.44]","prereg"
"96d831c71914ad80f3922b6b","[1.80,1.84];[1.12,1.16];[1.28,1.32];[0.96,1.00];[1.00,1.04];[0.08,0.12];[0.60,0.64];[1.64,1.68];[0.84,0.88];[0.56,0.60];[1.72,1.76];[1.36,1.40];[0.52,0.56];[0.72,0.76];[1.96,2.00];[1.08,1.12];[1.44,1.48];[0.32,0.36];[0.48,0.52];[0.88,0.92];[0.36,0.40];[1.92,1.96];[0.20,0.24];[0.24,0.28];[1.48,1.52];[1.20,1.24];[1.76,1.80];[1.24,1.28];[0.76,0.80];[1.04,1.08];[1.56,1.60];[1.60,1.64];[1.32,1.36];[0.40,0.44];[0.64,0.68];[0.04,0.08];[2.00,0.00];[0.92,0.96];[0.16,0.20];[0.80,0.84];[1.40,1.44];[0.12,0.16];[1.84,1.88];[0.68,0.72];[1.88,1.92];[1.52,1.56];[1.16,1.20];[0.28,0.32];[0.00,0.04];[0.44,0.48];[1.68,1.72]","prereg"
"c689aae6fec2024d6341e984","[1.84,1.88];[0.40,0.44];[1.36,1.40];[1.76,1.80];[1.44,1.48];[1.60,1.64];[0.80,0.84];[1.52,1.56];[1.72,1.76];[0.52,0.56];[0.00,0.04];[0.32,0.36];[0.56,0.60];[1.92,1.96];[0.76,0.80];[2.00,0.00];[1.16,1.20];[1.32,1.36];[0.60,0.64];[1.12,1.16];[0.92,0.96];[0.48,0.52];[1.28,1.32];[0.16,0.20];[0.64,0.68];[1.00,1.04];[1.80,1.84];[0.36,0.40];[0.28,0.32];[1.68,1.72];[1.64,1.68];[0.08,0.12];[0.04,0.08];[1.20,1.24];[0.84,0.88];[1.40,1.44];[1.96,2.00];[1.56,1.60];[0.24,0.28];[1.48,1.52];[0.88,0.92];[1.88,1.92];[1.24,1.28];[1.08,1.12];[0.72,0.76];[0.68,0.72];[0.20,0.24];[0.12,0.16];[0.96,1.00];[1.04,1.08];[0.44,0.48]","prereg"
"a0b6f7c6720ea1f96f7889fb","[0.60,0.80];[0.80,1.00];[0.00,0.20];[0.20,0.40];[1.60,1.80];[1.40,1.60];[1.80,2.00];[2.00,0.00];[1.00,1.20];[1.20,1.40];[0.40,0.60]","prereg"
"61dd312370f1c9a2eae4abe6","[0.20,0.40];[0.60,0.80];[1.20,1.40];[1.00,1.20];[0.40,0.60];[0.00,0.20];[0.80,1.00];[1.40,1.60];[2.00,0.00];[1.60,1.80];[1.80,2.00]","prereg"
"","[1.64,1.68];[1.76,1.80];[1.08,1.12];[2.00,0.00];[1.88,1.92];[1.40,1.44];[1.00,1.04];[0.04,0.08];[0.16,0.20];[1.24,1.28];[0.88,0.92];[0.24,0.28];[0.12,0.16];[0.00,0.04];[0.08,0.12];[0.52,0.56];[0.36,0.40];[0.28,0.32];[0.32,0.36];[1.16,1.20];[0.84,0.88];[1.48,1.52];[0.76,0.80];[1.52,1.56];[0.92,0.96];[0.72,0.76];[0.60,0.64];[1.96,2.00];[1.32,1.36];[1.56,1.60];[1.68,1.72];[0.64,0.68];[1.12,1.16];[0.96,1.00];[0.20,0.24];[0.44,0.48];[1.80,1.84];[0.56,0.60];[1.72,1.76];[1.60,1.64];[0.48,0.52];[1.20,1.24];[0.80,0.84];[1.84,1.88];[1.28,1.32];[1.44,1.48];[1.36,1.40];[1.92,1.96];[0.68,0.72];[0.40,0.44];[1.04,1.08]","prereg"
"ff6d2f07071dd192272c0e99","[1.76,1.80];[2.00,0.00];[1.44,1.48];[1.40,1.44];[0.88,0.92];[0.84,0.88];[1.88,1.92];[0.68,0.72];[0.60,0.64];[1.36,1.40];[0.28,0.32];[0.40,0.44];[1.32,1.36];[0.24,0.28];[0.80,0.84];[0.76,0.80];[1.04,1.08];[0.32,0.36];[1.08,1.12];[1.72,1.76];[1.56,1.60];[1.28,1.32];[0.12,0.16];[0.56,0.60];[0.20,0.24];[0.08,0.12];[1.12,1.16];[1.00,1.04];[0.36,0.40];[1.84,1.88];[0.72,0.76];[1.92,1.96];[0.96,1.00];[0.52,0.56];[1.52,1.56];[1.80,1.84];[0.64,0.68];[1.64,1.68];[0.16,0.20];[0.04,0.08];[1.96,2.00];[0.00,0.04];[0.48,0.52];[0.92,0.96];[1.16,1.20];[1.20,1.24];[0.44,0.48];[1.60,1.64];[1.68,1.72];[1.24,1.28];[1.48,1.52]","prereg"
"8c7d8805051ce8d75de0f3fa","[0.40,0.44];[0.48,0.52];[1.40,1.44];[0.56,0.60];[1.88,1.92];[1.96,2.00];[1.64,1.68];[0.20,0.24];[0.36,0.40];[0.92,0.96];[0.28,0.32];[0.52,0.56];[1.80,1.84];[0.24,0.28];[0.76,0.80];[1.56,1.60];[0.16,0.20];[0.00,0.04];[0.80,0.84];[1.20,1.24];[1.04,1.08];[0.60,0.64];[1.00,1.04];[0.84,0.88];[1.36,1.40];[1.24,1.28];[0.96,1.00];[0.64,0.68];[1.12,1.16];[1.92,1.96];[1.28,1.32];[1.68,1.72];[1.72,1.76];[0.88,0.92];[0.04,0.08];[0.32,0.36];[1.76,1.80];[1.32,1.36];[0.72,0.76];[0.44,0.48];[2.00,0.00];[1.48,1.52];[1.08,1.12];[0.12,0.16];[0.68,0.72];[1.52,1.56];[1.44,1.48];[1.60,1.64];[1.84,1.88];[1.16,1.20];[0.08,0.12]","prereg"
"2428cd76c96a82667e36e9b9","[0.88,0.92];[0.40,0.44];[1.64,1.68];[0.00,0.04];[0.36,0.40];[1.68,1.72];[1.12,1.16];[0.64,0.68];[0.24,0.28];[2.00,0.00];[0.04,0.08];[0.52,0.56];[0.56,0.60];[0.44,0.48];[1.48,1.52];[1.92,1.96];[0.32,0.36];[0.80,0.84];[1.32,1.36];[1.16,1.20];[1.52,1.56];[0.76,0.80];[1.76,1.80];[1.04,1.08];[0.84,0.88];[1.00,1.04];[1.60,1.64];[1.80,1.84];[0.60,0.64];[1.20,1.24];[0.96,1.00];[1.56,1.60];[0.16,0.20];[0.72,0.76];[1.72,1.76];[0.12,0.16];[1.96,2.00];[0.20,0.24];[1.28,1.32];[1.84,1.88];[0.92,0.96];[1.36,1.40];[1.24,1.28];[0.68,0.72];[1.44,1.48];[0.28,0.32];[1.88,1.92];[1.08,1.12];[0.08,0.12];[0.48,0.52];[1.40,1.44]","prereg"
"00dc6d2e8b094a2ef7195520","[2.00,0.00];[1.16,1.20];[1.84,1.88];[1.76,1.80];[0.80,0.84];[0.72,0.76];[1.36,1.40];[0.36,0.40];[0.52,0.56];[1.08,1.12];[0.32,0.36];[1.40,1.44];[1.48,1.52];[0.48,0.52];[1.64,1.68];[0.40,0.44];[1.44,1.48];[1.00,1.04];[0.76,0.80];[0.88,0.92];[0.08,0.12];[1.52,1.56];[0.84,0.88];[1.88,1.92];[0.20,0.24];[0.28,0.32];[0.60,0.64];[0.00,0.04];[0.24,0.28];[1.60,1.64];[0.68,0.72];[1.20,1.24];[1.68,1.72];[0.12,0.16];[0.64,0.68];[0.92,0.96];[1.56,1.60];[1.96,2.00];[1.92,1.96];[1.72,1.76];[0.44,0.48];[1.28,1.32];[0.96,1.00];[1.24,1.28];[0.04,0.08];[1.12,1.16];[0.56,0.60];[1.04,1.08];[1.32,1.36];[0.16,0.20];[1.80,1.84]","prereg"
"eebcc6771c60553700b56d58","[1.40,1.60];[1.60,1.80];[1.80,2.00];[1.00,1.20];[0.20,0.40];[2.00,0.00];[0.80,1.00];[0.40,0.60];[0.60,0.80];[1.20,1.40];[0.00,0.20]","prereg"
"a38cd6425635a6e672e431f2","[1.80,1.84];[1.52,1.56];[0.56,0.60];[1.32,1.36];[0.84,0.88];[1.24,1.28];[0.40,0.44];[0.24,0.28];[0.60,0.64];[1.16,1.20];[1.60,1.64];[0.00,0.04];[0.04,0.08];[0.80,0.84];[0.52,0.56];[1.28,1.32];[0.64,0.68];[0.36,0.40];[1.40,1.44];[0.96,1.00];[0.48,0.52];[0.28,0.32];[1.20,1.24];[1.00,1.04];[1.88,1.92];[1.36,1.40];[0.20,0.24];[0.72,0.76];[0.32,0.36];[1.72,1.76];[0.08,0.12];[0.44,0.48];[0.88,0.92];[1.56,1.60];[1.84,1.88];[0.12,0.16];[1.64,1.68];[1.48,1.52];[1.68,1.72];[0.76,0.80];[0.16,0.20];[1.12,1.16];[2.00,0.00];[1.92,1.96];[1.08,1.12];[0.92,0.96];[0.68,0.72];[1.96,2.00];[1.44,1.48];[1.76,1.80];[1.04,1.08]","prereg"
"a3df421bfd16364bb2eb9eda","[0.20,0.24];[1.64,1.68];[1.56,1.60];[1.84,1.88];[0.44,0.48];[1.00,1.04];[1.92,1.96];[1.80,1.84];[0.36,0.40];[0.32,0.36];[1.68,1.72];[0.96,1.00];[0.92,0.96];[1.04,1.08];[0.64,0.68];[0.52,0.56];[0.28,0.32];[1.12,1.16];[0.04,0.08];[1.16,1.20];[0.08,0.12];[0.24,0.28];[1.32,1.36];[0.16,0.20];[1.44,1.48];[1.76,1.80];[0.76,0.80];[0.80,0.84];[1.48,1.52];[1.52,1.56];[0.88,0.92];[0.68,0.72];[0.72,0.76];[0.84,0.88];[1.72,1.76];[1.96,2.00];[1.36,1.40];[1.60,1.64];[0.12,0.16];[1.08,1.12];[2.00,0.00];[0.56,0.60];[1.28,1.32];[1.20,1.24];[0.48,0.52];[1.24,1.28];[1.88,1.92];[0.40,0.44];[0.60,0.64];[1.40,1.44];[0.00,0.04]","prereg"
"","[0.00,0.20];[0.80,1.00];[0.40,0.60];[0.60,0.80];[1.40,1.60];[0.20,0.40];[1.20,1.40];[1.60,1.80];[1.00,1.20];[1.80,2.00];[2.00,0.00]","prereg"
"6c53edb4c3731b33a2d1592f","[1.48,1.52];[1.28,1.32];[1.00,1.04];[0.96,1.00];[0.00,0.04];[1.32,1.36];[1.04,1.08];[1.80,1.84];[0.48,0.52];[1.24,1.28];[0.56,0.60];[0.36,0.40];[1.72,1.76];[1.56,1.60];[1.16,1.20];[0.44,0.48];[0.76,0.80];[0.16,0.20];[0.80,0.84];[0.92,0.96];[1.68,1.72];[1.96,2.00];[0.52,0.56];[1.44,1.48];[0.24,0.28];[1.84,1.88];[0.40,0.44];[1.52,1.56];[1.88,1.92];[0.08,0.12];[0.32,0.36];[0.12,0.16];[1.36,1.40];[0.20,0.24];[1.12,1.16];[1.08,1.12];[1.76,1.80];[0.84,0.88];[2.00,0.00];[1.20,1.24];[0.88,0.92];[1.64,1.68];[0.72,0.76];[0.64,0.68];[1.40,1.44];[1.92,1.96];[0.04,0.08];[1.60,1.64];[0.68,0.72];[0.28,0.32];[0.60,0.64]","prereg"
"7cc760bc00a31924e9760848","[1.20,1.40];[1.40,1.60];[1.80,2.00];[0.20,0.40];[0.60,0.80];[1.60,1.80];[0.00,0.20];[0.40,0.60];[2.00,0.00];[0.80,1.00];[1.00,1.20]","prereg"
"a1ee940dc953b546de9b641e","[0.60,0.80];[0.40,0.60];[1.00,1.20];[1.60,1.80];[1.20,1.40];[1.80,2.00];[1.40,1.60];[0.20,0.40];[0.00,0.20];[0.80,1.00];[2.00,0.00]","prereg"
"16d2fb25ab11cecf5da7383b","[1.52,1.56];[1.76,1.80];[0.28,0.32];[0.92,0.96];[1.36,1.40];[0.64,0.68];[1.20,1.24];[1.72,1.76];[1.44,1.48];[1.68,1.72];[0.24,0.28];[0.96,1.00];[0.72,0.76];[0.60,0.64];[1.28,1.32];[0.32,0.36];[1.92,1.96];[1.32,1.36];[0.76,0.80];[0.52,0.56];[1.96,2.00];[0.12,0.16];[0.56,0.60];[0.88,0.92];[0.36,0.40];[1.60,1.64];[0.84,0.88];[0.68,0.72];[0.20,0.24];[1.16,1.20];[0.80,0.84];[0.48,0.52];[0.44,0.48];[1.48,1.52];[1.88,1.92];[0.00,0.04];[1.80,1.84];[1.00,1.04];[1.04,1.08];[0.04,0.08];[2.00,0.00];[0.40,0.44];[1.08,1.12];[1.40,1.44];[1.84,1.88];[0.16,0.20];[1.64,1.68];[1.12,1.16];[1.56,1.60];[0.08,0.12];[1.24,1.28]","prereg"
"9b9caa8aea3c9b79dcf64516","[0.00,0.20];[0.60,0.80];[1.00,1.20];[2.00,0.00];[1.20,1.40];[0.80,1.00];[1.40,1.60];[1.80,2.00];[0.40,0.60];[0.20,0.40];[1.60,1.80]","prereg"
"45c149283d819c4e424ca702","[0.84,0.88];[0.52,0.56];[1.44,1.48];[0.44,0.48];[1.12,1.16];[1.40,1.44];[0.36,0.40];[1.84,1.88];[0.12,0.16];[0.24,0.28];[0.68,0.72];[0.88,0.92];[1.68,1.72];[1.56,1.60];[1.32,1.36];[0.80,0.84];[2.00,0.00];[0.28,0.32];[1.20,1.24];[1.24,1.28];[0.20,0.24];[0.96,1.00];[1.00,1.04];[1.52,1.56];[0.60,0.64];[1.64,1.68];[0.00,0.04];[0.08,0.12];[1.48,1.52];[0.76,0.80];[1.04,1.08];[0.92,0.96];[1.36,1.40];[0.04,0.08];[1.08,1.12];[0.56,0.60];[0.48,0.52];[1.76,1.80];[1.28,1.32];[0.16,0.20];[0.64,0.68];[1.80,1.84];[1.72,1.76];[1.96,2.00];[0.72,0.76];[0.32,0.36];[0.40,0.44];[1.16,1.20];[1.92,1.96];[1.88,1.92];[1.60,1.64]","prereg"
"","[0.40,0.60];[2.00,0.00];[1.00,1.20];[1.60,1.80];[1.20,1.40];[0.60,0.80];[1.80,2.00];[0.20,0.40];[0.80,1.00];[0.00,0.20];[1.40,1.60]","prereg"
"","[1.80,2.00];[0.20,0.40];[2.00,0.00];[1.60,1.80];[1.00,1.20];[0.40,0.60];[1.20,1.40];[0.80,1.00];[0.00,0.20];[1.40,1.60];[0.60,0.80]","prereg"
"","[1.92,1.96];[1.72,1.76];[0.80,0.84];[1.88,1.92];[1.52,1.56];[1.84,1.88];[1.08,1.12];[1.00,1.04];[1.68,1.72];[1.40,1.44];[1.16,1.20];[0.24,0.28];[1.96,2.00];[0.00,0.04];[0.32,0.36];[0.28,0.32];[0.84,0.88];[0.92,0.96];[1.48,1.52];[0.96,1.00];[0.64,0.68];[1.60,1.64];[1.80,1.84];[0.76,0.80];[0.04,0.08];[1.64,1.68];[1.24,1.28];[1.32,1.36];[0.08,0.12];[0.40,0.44];[1.76,1.80];[1.12,1.16];[1.04,1.08];[1.36,1.40];[0.20,0.24];[0.52,0.56];[0.68,0.72];[0.56,0.60];[0.88,0.92];[0.44,0.48];[0.16,0.20];[1.56,1.60];[0.12,0.16];[1.44,1.48];[2.00,0.00];[1.20,1.24];[0.60,0.64];[0.48,0.52];[0.36,0.40];[0.72,0.76];[1.28,1.32]","prereg"
"173ed78c074c065025dd3292","[0.40,0.60];[1.40,1.60];[0.00,0.20];[0.80,1.00];[1.60,1.80];[1.80,2.00];[0.20,0.40];[1.00,1.20];[0.60,0.80];[1.20,1.40];[2.00,0.00]","prereg"
"d7fc3787110ccd0e327e16a4","[1.32,1.36];[0.68,0.72];[1.88,1.92];[1.72,1.76];[0.84,0.88];[0.12,0.16];[1.92,1.96];[0.76,0.80];[0.16,0.20];[0.36,0.40];[0.92,0.96];[0.40,0.44];[0.24,0.28];[0.72,0.76];[1.52,1.56];[0.32,0.36];[1.56,1.60];[0.96,1.00];[1.24,1.28];[0.80,0.84];[2.00,0.00];[1.96,2.00];[1.36,1.40];[1.60,1.64];[0.44,0.48];[1.80,1.84];[1.00,1.04];[1.76,1.80];[0.20,0.24];[1.48,1.52];[1.64,1.68];[1.84,1.88];[1.16,1.20];[1.28,1.32];[0.64,0.68];[1.04,1.08];[0.52,0.56];[0.48,0.52];[0.88,0.92];[1.40,1.44];[1.68,1.72];[0.08,0.12];[1.44,1.48];[0.56,0.60];[0.60,0.64];[0.28,0.32];[1.20,1.24];[0.00,0.04];[1.12,1.16];[0.04,0.08];[1.08,1.12]","prereg"
"83859894cb555eee03a9f9d5","[1.08,1.12];[0.04,0.08];[0.56,0.60];[1.04,1.08];[1.20,1.24];[0.28,0.32];[1.24,1.28];[1.16,1.20];[0.40,0.44];[1.48,1.52];[0.32,0.36];[0.12,0.16];[1.40,1.44];[0.96,1.00];[0.60,0.64];[1.80,1.84];[0.36,0.40];[1.60,1.64];[0.08,0.12];[1.84,1.88];[1.72,1.76];[0.48,0.52];[1.28,1.32];[0.92,0.96];[1.52,1.56];[1.96,2.00];[0.24,0.28];[0.88,0.92];[1.32,1.36];[0.52,0.56];[0.16,0.20];[0.84,0.88];[1.76,1.80];[1.64,1.68];[1.56,1.60];[0.44,0.48];[1.12,1.16];[1.68,1.72];[1.88,1.92];[0.68,0.72];[1.00,1.04];[2.00,0.00];[1.92,1.96];[1.36,1.40];[0.20,0.24];[1.44,1.48];[0.64,0.68];[0.72,0.76];[0.76,0.80];[0.00,0.04];[0.80,0.84]","prereg"
"f98d16a651db685a8e2605a7","[1.40,1.60];[1.20,1.40];[1.80,2.00];[0.40,0.60];[0.60,0.80];[2.00,0.00];[1.00,1.20];[1.60,1.80];[0.80,1.00];[0.00,0.20];[0.20,0.40]","prereg"
"6f74670aa0fb3b6fe179245b","[0.88,0.92];[0.60,0.64];[1.92,1.96];[0.28,0.32];[0.64,0.68];[1.20,1.24];[0.20,0.24];[1.88,1.92];[0.24,0.28];[2.00,0.00];[1.24,1.28];[0.16,0.20];[1.60,1.64];[0.04,0.08];[1.32,1.36];[0.72,0.76];[0.00,0.04];[0.12,0.16];[0.56,0.60];[1.80,1.84];[1.36,1.40];[1.96,2.00];[0.76,0.80];[0.68,0.72];[1.44,1.48];[1.04,1.08];[1.08,1.12];[0.48,0.52];[0.36,0.40];[1.84,1.88];[0.80,0.84];[0.32,0.36];[1.56,1.60];[1.68,1.72];[1.00,1.04];[0.96,1.00];[0.84,0.88];[0.92,0.96];[1.16,1.20];[1.28,1.32];[0.08,0.12];[1.52,1.56];[0.44,0.48];[1.12,1.16];[1.48,1.52];[1.64,1.68];[1.72,1.76];[1.76,1.80];[0.52,0.56];[1.40,1.44];[0.40,0.44]","prereg"
"9f3afa5b8ffbedae2556244d","[1.76,1.80];[1.28,1.32];[1.00,1.04];[1.56,1.60];[1.64,1.68];[0.52,0.56];[1.60,1.64];[0.48,0.52];[1.08,1.12];[1.04,1.08];[1.36,1.40];[0.56,0.60];[1.88,1.92];[1.44,1.48];[1.52,1.56];[0.84,0.88];[0.68,0.72];[1.96,2.00];[0.20,0.24];[0.80,0.84];[0.28,0.32];[1.84,1.88];[0.12,0.16];[1.68,1.72];[1.12,1.16];[1.40,1.44];[1.80,1.84];[1.20,1.24];[0.24,0.28];[0.72,0.76];[1.32,1.36];[0.76,0.80];[0.36,0.40];[1.16,1.20];[0.88,0.92];[0.44,0.48];[1.92,1.96];[0.40,0.44];[0.00,0.04];[2.00,0.00];[0.08,0.12];[1.72,1.76];[0.96,1.00];[0.60,0.64];[0.32,0.36];[0.04,0.08];[1.24,1.28];[1.48,1.52];[0.92,0.96];[0.64,0.68];[0.16,0.20]","prereg"
"ebaf766400a22d6549125556","[2.00,0.00];[1.52,1.56];[1.92,1.96];[1.00,1.04];[1.88,1.92];[1.84,1.88];[0.64,0.68];[0.08,0.12];[0.20,0.24];[0.00,0.04];[1.64,1.68];[1.16,1.20];[1.60,1.64];[1.40,1.44];[0.40,0.44];[0.16,0.20];[1.72,1.76];[1.76,1.80];[0.52,0.56];[0.84,0.88];[0.72,0.76];[0.32,0.36];[1.12,1.16];[1.56,1.60];[1.04,1.08];[0.68,0.72];[1.08,1.12];[0.56,0.60];[1.24,1.28];[0.88,0.92];[1.32,1.36];[0.80,0.84];[1.96,2.00];[0.92,0.96];[0.48,0.52];[0.24,0.28];[1.80,1.84];[0.12,0.16];[1.44,1.48];[0.44,0.48];[0.96,1.00];[1.28,1.32];[1.68,1.72];[1.36,1.40];[0.04,0.08];[0.76,0.80];[1.48,1.52];[0.60,0.64];[0.36,0.40];[1.20,1.24];[0.28,0.32]","prereg"
"396e4b23b9bade3d0e4e8a14","[1.20,1.24];[1.28,1.32];[1.76,1.80];[0.72,0.76];[1.40,1.44];[0.40,0.44];[0.76,0.80];[1.60,1.64];[1.92,1.96];[0.00,0.04];[0.80,0.84];[1.36,1.40];[1.32,1.36];[0.12,0.16];[0.60,0.64];[1.84,1.88];[0.84,0.88];[0.20,0.24];[0.88,0.92];[0.04,0.08];[0.48,0.52];[0.24,0.28];[1.00,1.04];[1.48,1.52];[1.80,1.84];[0.52,0.56];[0.68,0.72];[0.96,1.00];[1.12,1.16];[1.16,1.20];[1.44,1.48];[1.04,1.08];[0.36,0.40];[1.96,2.00];[1.24,1.28];[1.72,1.76];[0.56,0.60];[0.44,0.48];[0.92,0.96];[1.56,1.60];[0.28,0.32];[0.08,0.12];[1.88,1.92];[0.32,0.36];[2.00,0.00];[1.68,1.72];[1.08,1.12];[1.64,1.68];[0.16,0.20];[0.64,0.68];[1.52,1.56]","prereg"
"88b11851306c075affcb5556","[0.20,0.40];[1.80,2.00];[0.60,0.80];[0.40,0.60];[0.00,0.20];[1.60,1.80];[1.20,1.40];[1.40,1.60];[2.00,0.00];[1.00,1.20];[0.80,1.00]","prereg"
"e36f903b1e12a85ba0493e18","[1.20,1.40];[1.00,1.20];[0.80,1.00];[2.00,0.00];[0.40,0.60];[1.80,2.00];[0.20,0.40];[0.60,0.80];[1.60,1.80];[0.00,0.20];[1.40,1.60]","prereg"
"976537b2426cbc92993dd7c1","[1.28,1.32];[1.44,1.48];[1.68,1.72];[0.84,0.88];[1.40,1.44];[0.16,0.20];[0.28,0.32];[1.92,1.96];[0.20,0.24];[0.76,0.80];[1.36,1.40];[0.04,0.08];[0.00,0.04];[1.20,1.24];[2.00,0.00];[0.52,0.56];[1.88,1.92];[0.60,0.64];[1.00,1.04];[1.04,1.08];[1.80,1.84];[1.52,1.56];[0.92,0.96];[1.84,1.88];[0.12,0.16];[0.44,0.48];[0.40,0.44];[0.72,0.76];[0.48,0.52];[1.76,1.80];[0.36,0.40];[1.24,1.28];[1.32,1.36];[0.64,0.68];[1.96,2.00];[1.56,1.60];[1.60,1.64];[0.32,0.36];[1.16,1.20];[1.12,1.16];[1.08,1.12];[0.88,0.92];[0.80,0.84];[0.24,0.28];[0.68,0.72];[0.08,0.12];[0.56,0.60];[1.72,1.76];[0.96,1.00];[1.64,1.68];[1.48,1.52]","prereg"
"50859abb7625349fc97972ea","[0.28,0.32];[1.28,1.32];[0.76,0.80];[0.60,0.64];[1.96,2.00];[1.56,1.60];[0.36,0.40];[1.00,1.04];[0.80,0.84];[0.16,0.20];[0.40,0.44];[0.48,0.52];[1.36,1.40];[1.12,1.16];[1.68,1.72];[1.04,1.08];[1.60,1.64];[1.84,1.88];[0.08,0.12];[0.44,0.48];[1.20,1.24];[1.52,1.56];[0.32,0.36];[0.68,0.72];[1.44,1.48];[0.00,0.04];[1.24,1.28];[1.92,1.96];[1.64,1.68];[0.88,0.92];[1.72,1.76];[1.80,1.84];[0.64,0.68];[1.88,1.92];[0.84,0.88];[1.48,1.52];[0.52,0.56];[1.32,1.36];[0.96,1.00];[0.92,0.96];[0.12,0.16];[1.16,1.20];[0.24,0.28];[1.76,1.80];[2.00,0.00];[0.72,0.76];[0.20,0.24];[0.04,0.08];[0.56,0.60];[1.08,1.12];[1.40,1.44]","prereg"
"d8910196ae9591e1e8c51531","[0.80,0.84];[1.08,1.12];[0.36,0.40];[1.20,1.24];[0.76,0.80];[1.60,1.64];[1.48,1.52];[0.20,0.24];[1.32,1.36];[1.88,1.92];[0.88,0.92];[1.52,1.56];[0.96,1.00];[0.32,0.36];[1.16,1.20];[1.00,1.04];[1.92,1.96];[0.24,0.28];[0.56,0.60];[0.44,0.48];[0.08,0.12];[1.76,1.80];[0.00,0.04];[0.28,0.32];[1.64,1.68];[1.96,2.00];[1.68,1.72];[1.36,1.40];[0.12,0.16];[1.40,1.44];[0.64,0.68];[0.40,0.44];[0.84,0.88];[1.28,1.32];[0.92,0.96];[0.60,0.64];[1.84,1.88];[0.04,0.08];[1.80,1.84];[1.44,1.48];[0.16,0.20];[2.00,0.00];[0.52,0.56];[1.56,1.60];[1.72,1.76];[0.68,0.72];[1.24,1.28];[0.48,0.52];[0.72,0.76];[1.12,1.16];[1.04,1.08]","prereg"
"813416620beabac2e4c41733","[2.00,0.00];[0.00,0.20];[0.80,1.00];[1.00,1.20];[0.20,0.40];[0.40,0.60];[1.80,2.00];[1.20,1.40];[1.40,1.60];[1.60,1.80];[0.60,0.80]","prereg"
"","[1.40,1.60];[0.80,1.00];[2.00,0.00];[1.60,1.80];[1.20,1.40];[0.00,0.20];[0.20,0.40];[1.00,1.20];[1.80,2.00];[0.60,0.80];[0.40,0.60]","prereg"
"d173bb2b2349032596209a0f","[0.40,0.60];[2.00,0.00];[1.60,1.80];[0.00,0.20];[0.80,1.00];[1.80,2.00];[0.20,0.40];[0.60,0.80];[1.00,1.20];[1.40,1.60];[1.20,1.40]","prereg"
"68c61b92ca31e12a3427293b","[1.04,1.08];[0.40,0.44];[0.64,0.68];[1.16,1.20];[1.40,1.44];[1.92,1.96];[1.84,1.88];[1.28,1.32];[1.24,1.28];[1.32,1.36];[1.96,2.00];[0.04,0.08];[0.24,0.28];[0.88,0.92];[1.12,1.16];[1.20,1.24];[0.56,0.60];[0.28,0.32];[0.68,0.72];[1.36,1.40];[0.60,0.64];[0.32,0.36];[1.48,1.52];[1.80,1.84];[0.96,1.00];[0.20,0.24];[0.76,0.80];[1.68,1.72];[0.08,0.12];[2.00,0.00];[1.64,1.68];[1.52,1.56];[1.08,1.12];[1.44,1.48];[1.00,1.04];[0.36,0.40];[0.72,0.76];[0.48,0.52];[1.60,1.64];[0.80,0.84];[0.84,0.88];[0.12,0.16];[0.52,0.56];[0.44,0.48];[0.92,0.96];[1.56,1.60];[1.76,1.80];[1.88,1.92];[0.16,0.20];[1.72,1.76];[0.00,0.04]","prereg"
"10071cc95095217e76dba04a","[1.40,1.44];[0.00,0.04];[1.08,1.12];[0.28,0.32];[0.96,1.00];[1.24,1.28];[1.96,2.00];[1.36,1.40];[0.72,0.76];[0.36,0.40];[1.44,1.48];[0.60,0.64];[1.92,1.96];[0.44,0.48];[1.56,1.60];[1.20,1.24];[1.28,1.32];[0.88,0.92];[0.48,0.52];[1.48,1.52];[0.20,0.24];[1.16,1.20];[1.76,1.80];[1.04,1.08];[1.12,1.16];[0.04,0.08];[0.84,0.88];[1.64,1.68];[0.08,0.12];[1.80,1.84];[0.12,0.16];[2.00,0.00];[0.68,0.72];[0.76,0.80];[0.64,0.68];[1.68,1.72];[0.80,0.84];[1.60,1.64];[1.88,1.92];[0.24,0.28];[0.40,0.44];[1.72,1.76];[0.56,0.60];[0.52,0.56];[1.52,1.56];[1.32,1.36];[0.16,0.20];[0.32,0.36];[0.92,0.96];[1.00,1.04];[1.84,1.88]","prereg"
"8f94c415e2bbac00e075bbe3","[0.00,0.20];[1.20,1.40];[1.00,1.20];[2.00,0.00];[0.60,0.80];[0.20,0.40];[1.60,1.80];[0.40,0.60];[0.80,1.00];[1.40,1.60];[1.80,2.00]","prereg"
"3d331f3d5a848e867f5fe61f","[0.60,0.80];[0.80,1.00];[1.80,2.00];[0.40,0.60];[0.20,0.40];[1.60,1.80];[0.00,0.20];[2.00,0.00];[1.00,1.20];[1.20,1.40];[1.40,1.60]","prereg"
"d4bcc9f801259afd1512bccd","[1.40,1.60];[1.00,1.20];[2.00,0.00];[1.80,2.00];[1.60,1.80];[1.20,1.40];[0.00,0.20];[0.80,1.00];[0.60,0.80];[0.20,0.40];[0.40,0.60]","prereg"
"61d795cb81575b60a6ecd4c2","[1.72,1.76];[1.64,1.68];[1.08,1.12];[1.40,1.44];[1.76,1.80];[1.00,1.04];[1.68,1.72];[1.92,1.96];[0.76,0.80];[1.56,1.60];[2.00,0.00];[1.84,1.88];[0.44,0.48];[1.12,1.16];[0.88,0.92];[1.16,1.20];[0.28,0.32];[1.60,1.64];[0.36,0.40];[1.96,2.00];[0.20,0.24];[1.04,1.08];[1.28,1.32];[0.52,0.56];[0.56,0.60];[1.36,1.40];[0.08,0.12];[0.40,0.44];[0.96,1.00];[1.80,1.84];[1.52,1.56];[1.20,1.24];[0.80,0.84];[1.88,1.92];[0.64,0.68];[0.68,0.72];[0.48,0.52];[1.48,1.52];[0.24,0.28];[1.24,1.28];[0.12,0.16];[0.72,0.76];[0.16,0.20];[1.44,1.48];[0.92,0.96];[0.84,0.88];[0.00,0.04];[0.32,0.36];[0.04,0.08];[0.60,0.64];[1.32,1.36]","prereg"
"6030cd631a905a4b8f051402","[1.84,1.88];[0.20,0.24];[0.64,0.68];[1.36,1.40];[0.84,0.88];[0.16,0.20];[1.40,1.44];[1.72,1.76];[1.04,1.08];[1.48,1.52];[0.92,0.96];[0.56,0.60];[1.64,1.68];[1.44,1.48];[0.76,0.80];[0.80,0.84];[0.44,0.48];[1.12,1.16];[0.36,0.40];[1.28,1.32];[2.00,0.00];[1.08,1.12];[0.52,0.56];[0.48,0.52];[0.88,0.92];[1.96,2.00];[1.76,1.80];[1.24,1.28];[1.32,1.36];[1.56,1.60];[1.92,1.96];[0.40,0.44];[0.60,0.64];[0.08,0.12];[0.32,0.36];[0.12,0.16];[1.60,1.64];[0.72,0.76];[0.96,1.00];[0.00,0.04];[1.20,1.24];[0.68,0.72];[0.28,0.32];[1.88,1.92];[1.16,1.20];[1.80,1.84];[1.52,1.56];[0.04,0.08];[1.00,1.04];[0.24,0.28];[1.68,1.72]","prereg"
"4eea2ef42e4fd516af6e6f06","[1.88,1.92];[0.84,0.88];[1.52,1.56];[1.16,1.20];[1.24,1.28];[0.16,0.20];[0.28,0.32];[0.92,0.96];[1.68,1.72];[1.08,1.12];[0.68,0.72];[1.40,1.44];[0.48,0.52];[1.44,1.48];[0.04,0.08];[0.60,0.64];[0.76,0.80];[1.72,1.76];[0.52,0.56];[1.60,1.64];[0.72,0.76];[1.56,1.60];[0.32,0.36];[1.48,1.52];[1.64,1.68];[1.76,1.80];[0.96,1.00];[0.44,0.48];[0.56,0.60];[1.00,1.04];[0.36,0.40];[0.64,0.68];[1.32,1.36];[1.92,1.96];[0.20,0.24];[1.28,1.32];[0.40,0.44];[1.80,1.84];[1.04,1.08];[0.80,0.84];[0.88,0.92];[1.36,1.40];[0.12,0.16];[0.00,0.04];[1.96,2.00];[2.00,0.00];[1.20,1.24];[1.12,1.16];[0.24,0.28];[0.08,0.12];[1.84,1.88]","prereg"
"","[0.92,0.96];[1.72,1.76];[0.48,0.52];[1.84,1.88];[0.12,0.16];[1.00,1.04];[0.24,0.28];[1.88,1.92];[0.08,0.12];[1.32,1.36];[0.96,1.00];[1.44,1.48];[1.16,1.20];[0.60,0.64];[0.20,0.24];[0.52,0.56];[1.92,1.96];[1.04,1.08];[1.56,1.60];[0.36,0.40];[1.64,1.68];[1.80,1.84];[0.88,0.92];[0.40,0.44];[0.44,0.48];[1.40,1.44];[1.24,1.28];[0.28,0.32];[1.20,1.24];[1.12,1.16];[1.48,1.52];[1.52,1.56];[0.84,0.88];[0.16,0.20];[1.68,1.72];[0.56,0.60];[1.28,1.32];[0.72,0.76];[0.76,0.80];[0.00,0.04];[0.68,0.72];[1.36,1.40];[0.04,0.08];[1.96,2.00];[0.80,0.84];[1.60,1.64];[1.76,1.80];[1.08,1.12];[2.00,0.00];[0.32,0.36];[0.64,0.68]","prereg"
"7d9c07b19a9f9fa2189545ff","[1.40,1.60];[0.20,0.40];[0.80,1.00];[0.40,0.60];[1.60,1.80];[1.20,1.40];[0.00,0.20];[2.00,0.00];[0.60,0.80];[1.00,1.20];[1.80,2.00]","prereg"
"494d8d162eb6bb6dfe800c83","[0.20,0.24];[1.24,1.28];[0.80,0.84];[1.52,1.56];[0.64,0.68];[1.44,1.48];[0.08,0.12];[0.68,0.72];[0.16,0.20];[1.88,1.92];[1.64,1.68];[0.52,0.56];[1.40,1.44];[0.28,0.32];[1.04,1.08];[0.76,0.80];[1.68,1.72];[1.84,1.88];[0.12,0.16];[1.72,1.76];[0.72,0.76];[0.32,0.36];[0.00,0.04];[0.48,0.52];[0.36,0.40];[0.44,0.48];[2.00,0.00];[0.88,0.92];[0.60,0.64];[1.32,1.36];[1.60,1.64];[0.84,0.88];[1.80,1.84];[0.40,0.44];[0.92,0.96];[1.00,1.04];[1.76,1.80];[0.96,1.00];[0.24,0.28];[1.12,1.16];[0.04,0.08];[1.96,2.00];[0.56,0.60];[1.28,1.32];[1.92,1.96];[1.48,1.52];[1.20,1.24];[1.36,1.40];[1.16,1.20];[1.56,1.60];[1.08,1.12]","prereg"
"","[1.28,1.32];[1.12,1.16];[0.48,0.52];[1.64,1.68];[0.76,0.80];[0.00,0.04];[0.20,0.24];[1.96,2.00];[0.24,0.28];[0.56,0.60];[0.60,0.64];[1.40,1.44];[1.76,1.80];[0.72,0.76];[1.00,1.04];[1.44,1.48];[0.36,0.40];[1.20,1.24];[0.52,0.56];[1.48,1.52];[1.16,1.20];[0.84,0.88];[1.92,1.96];[1.24,1.28];[1.08,1.12];[0.64,0.68];[0.32,0.36];[0.12,0.16];[1.32,1.36];[0.08,0.12];[1.68,1.72];[0.80,0.84];[1.36,1.40];[1.04,1.08];[0.92,0.96];[1.84,1.88];[0.40,0.44];[0.04,0.08];[0.44,0.48];[1.56,1.60];[0.28,0.32];[2.00,0.00];[0.68,0.72];[1.52,1.56];[1.60,1.64];[0.16,0.20];[0.88,0.92];[1.88,1.92];[1.72,1.76];[1.80,1.84];[0.96,1.00]","prereg"
"","[1.60,1.80];[0.00,0.20];[2.00,0.00];[1.00,1.20];[0.60,0.80];[0.80,1.00];[1.20,1.40];[1.40,1.60];[0.40,0.60];[0.20,0.40];[1.80,2.00]","prereg"
"","[0.36,0.40];[1.76,1.80];[1.04,1.08];[1.24,1.28];[1.12,1.16];[0.56,0.60];[0.44,0.48];[1.00,1.04];[1.80,1.84];[0.72,0.76];[2.00,0.00];[1.92,1.96];[1.32,1.36];[1.88,1.92];[1.64,1.68];[1.52,1.56];[1.68,1.72];[0.60,0.64];[0.28,0.32];[0.40,0.44];[0.88,0.92];[1.36,1.40];[0.64,0.68];[0.32,0.36];[1.20,1.24];[0.04,0.08];[1.44,1.48];[1.08,1.12];[1.28,1.32];[0.84,0.88];[0.76,0.80];[0.80,0.84];[1.60,1.64];[1.48,1.52];[0.12,0.16];[0.00,0.04];[1.56,1.60];[0.08,0.12];[1.96,2.00];[0.68,0.72];[0.96,1.00];[0.48,0.52];[1.16,1.20];[0.92,0.96];[0.24,0.28];[1.72,1.76];[0.20,0.24];[1.40,1.44];[0.16,0.20];[1.84,1.88];[0.52,0.56]","prereg"
"8fbab3b604bfeef20cc5c5d5","[0.20,0.40];[0.40,0.60];[1.60,1.80];[0.60,0.80];[0.80,1.00];[0.00,0.20];[1.80,2.00];[2.00,0.00];[1.20,1.40];[1.00,1.20];[1.40,1.60]","prereg"
"","[1.12,1.16];[0.08,0.12];[1.92,1.96];[1.36,1.40];[0.00,0.04];[1.20,1.24];[0.96,1.00];[1.52,1.56];[0.60,0.64];[1.64,1.68];[1.44,1.48];[0.48,0.52];[0.56,0.60];[1.68,1.72];[0.72,0.76];[1.72,1.76];[1.16,1.20];[0.28,0.32];[0.04,0.08];[0.84,0.88];[1.80,1.84];[0.64,0.68];[0.52,0.56];[0.92,0.96];[0.32,0.36];[1.40,1.44];[1.28,1.32];[0.24,0.28];[1.56,1.60];[0.12,0.16];[1.04,1.08];[0.80,0.84];[1.76,1.80];[1.48,1.52];[1.96,2.00];[1.24,1.28];[0.68,0.72];[1.60,1.64];[0.20,0.24];[0.36,0.40];[1.88,1.92];[0.44,0.48];[2.00,0.00];[1.32,1.36];[0.88,0.92];[1.84,1.88];[0.40,0.44];[1.00,1.04];[0.16,0.20];[0.76,0.80];[1.08,1.12]","prereg"
"3edf6759321ca86ab904e80c","[2.00,0.00];[0.40,0.60];[0.80,1.00];[1.80,2.00];[1.40,1.60];[1.00,1.20];[0.00,0.20];[0.20,0.40];[0.60,0.80];[1.20,1.40];[1.60,1.80]","prereg"
"5e89c6ec9da0f5618c57df3f","[0.20,0.40];[2.00,0.00];[1.80,2.00];[1.60,1.80];[0.80,1.00];[0.60,0.80];[0.40,0.60];[1.40,1.60];[1.20,1.40];[0.00,0.20];[1.00,1.20]","prereg"
"1bef2731733e5b173bd42835","[1.40,1.44];[1.44,1.48];[1.04,1.08];[0.76,0.80];[0.16,0.20];[1.76,1.80];[0.52,0.56];[0.84,0.88];[1.24,1.28];[1.12,1.16];[0.88,0.92];[1.20,1.24];[0.72,0.76];[1.00,1.04];[0.28,0.32];[0.60,0.64];[0.04,0.08];[0.24,0.28];[1.80,1.84];[0.56,0.60];[0.20,0.24];[0.64,0.68];[0.32,0.36];[0.12,0.16];[0.48,0.52];[0.80,0.84];[1.08,1.12];[1.32,1.36];[0.44,0.48];[1.48,1.52];[0.96,1.00];[1.28,1.32];[1.52,1.56];[1.68,1.72];[1.36,1.40];[1.72,1.76];[0.40,0.44];[0.92,0.96];[1.60,1.64];[0.68,0.72];[0.36,0.40];[1.56,1.60];[0.08,0.12];[1.64,1.68];[0.00,0.04];[1.84,1.88];[2.00,0.00];[1.16,1.20];[1.96,2.00];[1.92,1.96];[1.88,1.92]","prereg"
"8b7043ace84ab49e6b5a1e05","[1.80,2.00];[0.20,0.40];[0.80,1.00];[0.60,0.80];[2.00,0.00];[1.20,1.40];[1.40,1.60];[1.00,1.20];[0.00,0.20];[1.60,1.80];[0.40,0.60]","prereg"
"970dd19ed9fcaad8a1df15ee","[0.68,0.72];[0.12,0.16];[0.28,0.32];[1.28,1.32];[0.36,0.40];[0.48,0.52];[1.92,1.96];[0.72,0.76];[1.40,1.44];[1.48,1.52];[0.88,0.92];[1.44,1.48];[0.60,0.64];[1.68,1.72];[1.00,1.04];[0.92,0.96];[1.20,1.24];[1.96,2.00];[1.60,1.64];[1.32,1.36];[0.76,0.80];[1.04,1.08];[1.64,1.68];[1.84,1.88];[0.64,0.68];[0.96,1.00];[1.88,1.92];[2.00,0.00];[0.00,0.04];[0.52,0.56];[1.16,1.20];[1.08,1.12];[0.56,0.60];[0.20,0.24];[1.36,1.40];[0.80,0.84];[1.72,1.76];[0.40,0.44];[0.08,0.12];[1.24,1.28];[0.16,0.20];[0.44,0.48];[0.32,0.36];[0.84,0.88];[1.52,1.56];[1.80,1.84];[0.04,0.08];[1.56,1.60];[1.12,1.16];[1.76,1.80];[0.24,0.28]","prereg"
"cf1e1cdcb343c0f77d57a09f","[0.40,0.60];[1.80,2.00];[1.60,1.80];[0.00,0.20];[0.20,0.40];[2.00,0.00];[1.20,1.40];[0.60,0.80];[1.00,1.20];[0.80,1.00];[1.40,1.60]","prereg"
"d3bba01d5f7198fbc594bf1e","[0.64,0.68];[0.52,0.56];[0.20,0.24];[1.44,1.48];[0.00,0.04];[0.48,0.52];[0.08,0.12];[0.96,1.00];[0.04,0.08];[1.24,1.28];[0.56,0.60];[0.76,0.80];[1.36,1.40];[1.48,1.52];[0.84,0.88];[1.76,1.80];[2.00,0.00];[1.20,1.24];[1.56,1.60];[1.88,1.92];[0.60,0.64];[0.80,0.84];[1.16,1.20];[1.32,1.36];[0.68,0.72];[0.40,0.44];[1.84,1.88];[1.28,1.32];[1.80,1.84];[0.16,0.20];[1.68,1.72];[1.60,1.64];[1.04,1.08];[1.72,1.76];[0.32,0.36];[1.40,1.44];[1.12,1.16];[0.44,0.48];[0.12,0.16];[0.72,0.76];[0.24,0.28];[1.96,2.00];[1.00,1.04];[0.28,0.32];[1.52,1.56];[0.92,0.96];[0.88,0.92];[0.36,0.40];[1.08,1.12];[1.64,1.68];[1.92,1.96]","prereg"
"","[0.24,0.28];[1.88,1.92];[1.96,2.00];[1.56,1.60];[0.96,1.00];[0.64,0.68];[0.16,0.20];[0.12,0.16];[1.40,1.44];[0.56,0.60];[1.44,1.48];[0.84,0.88];[1.80,1.84];[1.32,1.36];[0.28,0.32];[0.32,0.36];[0.40,0.44];[1.04,1.08];[1.36,1.40];[0.68,0.72];[0.44,0.48];[1.28,1.32];[0.48,0.52];[0.36,0.40];[1.12,1.16];[2.00,0.00];[1.68,1.72];[0.60,0.64];[1.24,1.28];[1.08,1.12];[1.76,1.80];[1.00,1.04];[1.48,1.52];[1.72,1.76];[0.76,0.80];[0.92,0.96];[0.00,0.04];[0.20,0.24];[1.84,1.88];[0.72,0.76];[0.88,0.92];[1.20,1.24];[1.16,1.20];[0.08,0.12];[0.52,0.56];[1.60,1.64];[0.80,0.84];[1.92,1.96];[1.52,1.56];[0.04,0.08];[1.64,1.68]","prereg"
"30100823ee9431596cad5d43","[0.00,0.20];[1.20,1.40];[1.00,1.20];[1.60,1.80];[0.80,1.00];[2.00,0.00];[0.40,0.60];[0.60,0.80];[1.80,2.00];[1.40,1.60];[0.20,0.40]","prereg"
"066c3ef3d56e81c0c85bd47d","[1.36,1.40];[0.56,0.60];[1.24,1.28];[1.60,1.64];[1.52,1.56];[0.88,0.92];[1.08,1.12];[1.32,1.36];[0.68,0.72];[1.12,1.16];[0.36,0.40];[1.40,1.44];[0.92,0.96];[1.48,1.52];[0.04,0.08];[0.72,0.76];[0.76,0.80];[1.84,1.88];[0.52,0.56];[0.80,0.84];[1.56,1.60];[0.16,0.20];[0.00,0.04];[0.32,0.36];[1.04,1.08];[1.00,1.04];[0.08,0.12];[0.44,0.48];[1.28,1.32];[2.00,0.00];[0.12,0.16];[0.84,0.88];[0.96,1.00];[1.64,1.68];[0.28,0.32];[1.96,2.00];[0.64,0.68];[1.16,1.20];[0.20,0.24];[1.76,1.80];[0.40,0.44];[0.24,0.28];[1.88,1.92];[1.68,1.72];[1.92,1.96];[0.60,0.64];[1.80,1.84];[1.72,1.76];[0.48,0.52];[1.20,1.24];[1.44,1.48]","prereg"
"64a3c6b9942539ba22ae5d0e","[1.48,1.52];[1.96,2.00];[0.52,0.56];[0.28,0.32];[1.92,1.96];[0.84,0.88];[0.16,0.20];[0.88,0.92];[1.00,1.04];[1.08,1.12];[0.64,0.68];[1.28,1.32];[0.48,0.52];[0.76,0.80];[2.00,0.00];[0.44,0.48];[0.40,0.44];[1.72,1.76];[1.44,1.48];[1.16,1.20];[1.32,1.36];[1.36,1.40];[1.60,1.64];[1.68,1.72];[0.32,0.36];[0.00,0.04];[0.96,1.00];[0.72,0.76];[0.56,0.60];[0.20,0.24];[1.76,1.80];[1.64,1.68];[0.08,0.12];[1.20,1.24];[1.80,1.84];[1.04,1.08];[1.52,1.56];[1.24,1.28];[1.88,1.92];[0.68,0.72];[0.36,0.40];[1.40,1.44];[0.04,0.08];[0.12,0.16];[1.12,1.16];[0.24,0.28];[1.84,1.88];[1.56,1.60];[0.60,0.64];[0.92,0.96];[0.80,0.84]","prereg"
"a0c51755711f5343f4f47081","[0.00,0.04];[0.12,0.16];[0.92,0.96];[1.44,1.48];[0.32,0.36];[1.24,1.28];[1.16,1.20];[1.20,1.24];[0.64,0.68];[1.64,1.68];[0.36,0.40];[1.32,1.36];[1.68,1.72];[0.68,0.72];[0.84,0.88];[0.56,0.60];[1.40,1.44];[0.24,0.28];[0.96,1.00];[0.40,0.44];[0.52,0.56];[0.28,0.32];[1.00,1.04];[1.52,1.56];[0.16,0.20];[1.60,1.64];[1.12,1.16];[1.72,1.76];[1.36,1.40];[1.56,1.60];[1.88,1.92];[0.60,0.64];[0.72,0.76];[0.44,0.48];[1.48,1.52];[1.76,1.80];[2.00,0.00];[1.08,1.12];[1.80,1.84];[1.28,1.32];[0.80,0.84];[0.48,0.52];[0.88,0.92];[0.04,0.08];[1.04,1.08];[1.96,2.00];[0.08,0.12];[1.84,1.88];[1.92,1.96];[0.76,0.80];[0.20,0.24]","prereg"
"bac77f995db0f62fffad60ad","[0.80,0.84];[0.16,0.20];[1.00,1.04];[0.72,0.76];[1.88,1.92];[0.32,0.36];[1.44,1.48];[1.92,1.96];[1.08,1.12];[0.56,0.60];[0.08,0.12];[1.72,1.76];[0.28,0.32];[0.36,0.40];[1.16,1.20];[0.64,0.68];[1.48,1.52];[1.20,1.24];[0.40,0.44];[0.24,0.28];[1.60,1.64];[0.92,0.96];[0.88,0.92];[1.24,1.28];[0.96,1.00];[1.40,1.44];[0.52,0.56];[0.76,0.80];[0.48,0.52];[0.00,0.04];[1.96,2.00];[1.76,1.80];[1.12,1.16];[1.80,1.84];[0.12,0.16];[0.84,0.88];[1.64,1.68];[0.44,0.48];[1.84,1.88];[0.60,0.64];[0.68,0.72];[1.04,1.08];[2.00,0.00];[1.56,1.60];[1.28,1.32];[1.68,1.72];[1.52,1.56];[1.32,1.36];[0.20,0.24];[1.36,1.40];[0.04,0.08]","prereg"
"e925a1f0a6d2bae2a31d01cc","[0.08,0.12];[0.48,0.52];[0.80,0.84];[1.52,1.56];[1.16,1.20];[0.92,0.96];[1.84,1.88];[0.68,0.72];[1.32,1.36];[0.56,0.60];[0.36,0.40];[0.12,0.16];[1.04,1.08];[1.60,1.64];[0.84,0.88];[0.04,0.08];[1.80,1.84];[1.88,1.92];[1.96,2.00];[0.28,0.32];[1.72,1.76];[1.92,1.96];[1.36,1.40];[1.64,1.68];[1.20,1.24];[0.64,0.68];[0.32,0.36];[1.44,1.48];[0.76,0.80];[2.00,0.00];[0.16,0.20];[1.08,1.12];[1.56,1.60];[0.88,0.92];[0.44,0.48];[0.20,0.24];[1.40,1.44];[0.00,0.04];[0.60,0.64];[1.76,1.80];[0.24,0.28];[1.28,1.32];[1.48,1.52];[1.00,1.04];[1.12,1.16];[0.40,0.44];[1.24,1.28];[1.68,1.72];[0.96,1.00];[0.72,0.76];[0.52,0.56]","prereg"
"57d308623ba3394327089359","[0.60,0.80];[0.80,1.00];[1.40,1.60];[0.20,0.40];[1.00,1.20];[1.60,1.80];[1.80,2.00];[2.00,0.00];[0.00,0.20];[0.40,0.60];[1.20,1.40]","prereg"
"","[0.20,0.40];[1.80,2.00];[1.00,1.20];[1.60,1.80];[1.40,1.60];[0.80,1.00];[0.40,0.60];[0.60,0.80];[1.20,1.40];[0.00,0.20];[2.00,0.00]","prereg"
"4d2bbd0bb056c882833eb82c","[1.80,2.00];[0.20,0.40];[0.00,0.20];[1.60,1.80];[0.40,0.60];[2.00,0.00];[1.40,1.60];[0.60,0.80];[0.80,1.00];[1.20,1.40];[1.00,1.20]","prereg"
"8d7cac4e3962aef09612acdb","[1.00,1.20];[1.80,2.00];[0.40,0.60];[1.40,1.60];[0.60,0.80];[0.80,1.00];[2.00,0.00];[0.20,0.40];[1.60,1.80];[1.20,1.40];[0.00,0.20]","prereg"
"86299177477983a9edbb1a67","[1.20,1.24];[0.72,0.76];[1.52,1.56];[0.40,0.44];[1.56,1.60];[1.40,1.44];[1.08,1.12];[0.92,0.96];[0.36,0.40];[1.88,1.92];[0.68,0.72];[1.60,1.64];[1.44,1.48];[1.96,2.00];[1.28,1.32];[0.96,1.00];[0.08,0.12];[0.20,0.24];[0.64,0.68];[0.28,0.32];[1.24,1.28];[1.36,1.40];[0.60,0.64];[0.44,0.48];[1.32,1.36];[1.12,1.16];[1.00,1.04];[0.32,0.36];[0.76,0.80];[0.16,0.20];[0.52,0.56];[0.56,0.60];[1.76,1.80];[0.80,0.84];[0.04,0.08];[0.88,0.92];[1.16,1.20];[1.92,1.96];[1.80,1.84];[1.72,1.76];[1.84,1.88];[0.84,0.88];[1.68,1.72];[0.00,0.04];[1.04,1.08];[0.48,0.52];[0.12,0.16];[2.00,0.00];[1.64,1.68];[1.48,1.52];[0.24,0.28]","prereg"
"99d10089294401b3df354db3","[0.20,0.40];[0.00,0.20];[2.00,0.00];[0.80,1.00];[0.60,0.80];[1.40,1.60];[0.40,0.60];[1.60,1.80];[1.00,1.20];[1.20,1.40];[1.80,2.00]","prereg"
"","[1.00,1.20];[1.80,2.00];[0.20,0.40];[1.40,1.60];[1.60,1.80];[1.20,1.40];[0.00,0.20];[0.60,0.80];[0.80,1.00];[0.40,0.60];[2.00,0.00]","prereg"
"dbfada8e42f48c5cb614b097","[1.56,1.60];[0.80,0.84];[1.84,1.88];[1.96,2.00];[0.36,0.40];[0.60,0.64];[1.36,1.40];[0.32,0.36];[1.12,1.16];[1.64,1.68];[1.68,1.72];[1.28,1.32];[0.48,0.52];[1.24,1.28];[1.00,1.04];[1.92,1.96];[0.28,0.32];[1.16,1.20];[1.60,1.64];[1.40,1.44];[0.72,0.76];[0.20,0.24];[0.52,0.56];[0.92,0.96];[0.16,0.20];[1.32,1.36];[0.56,0.60];[0.68,0.72];[0.04,0.08];[0.40,0.44];[0.96,1.00];[0.76,0.80];[0.64,0.68];[0.12,0.16];[0.08,0.12];[1.88,1.92];[0.00,0.04];[1.52,1.56];[1.80,1.84];[1.48,1.52];[2.00,0.00];[0.84,0.88];[0.88,0.92];[1.20,1.24];[1.08,1.12];[0.24,0.28];[1.72,1.76];[1.04,1.08];[0.44,0.48];[1.76,1.80];[1.44,1.48]","prereg"
"688f49b3ef8b0b23c1c82d2f","[0.88,0.92];[0.00,0.04];[0.72,0.76];[1.16,1.20];[1.88,1.92];[0.84,0.88];[1.80,1.84];[1.48,1.52];[1.12,1.16];[1.56,1.60];[0.40,0.44];[1.00,1.04];[0.12,0.16];[1.24,1.28];[1.68,1.72];[1.84,1.88];[1.44,1.48];[1.52,1.56];[0.76,0.80];[1.36,1.40];[1.40,1.44];[1.64,1.68];[0.60,0.64];[1.76,1.80];[0.52,0.56];[0.28,0.32];[0.80,0.84];[0.96,1.00];[0.20,0.24];[1.32,1.36];[0.64,0.68];[0.56,0.60];[0.32,0.36];[1.08,1.12];[0.24,0.28];[1.28,1.32];[1.96,2.00];[1.92,1.96];[2.00,0.00];[1.72,1.76];[0.48,0.52];[1.20,1.24];[0.16,0.20];[0.92,0.96];[1.04,1.08];[0.36,0.40];[1.60,1.64];[0.08,0.12];[0.04,0.08];[0.44,0.48];[0.68,0.72]","prereg"
"50c54d91914703048efe56dc","[0.40,0.60];[0.60,0.80];[2.00,0.00];[1.80,2.00];[1.20,1.40];[1.40,1.60];[0.20,0.40];[0.80,1.00];[0.00,0.20];[1.60,1.80];[1.00,1.20]","prereg"
"a2d050e4e8f89895dc16132d","[2.00,0.00];[0.80,1.00];[1.00,1.20];[1.40,1.60];[0.60,0.80];[1.20,1.40];[1.60,1.80];[1.80,2.00];[0.40,0.60];[0.00,0.20];[0.20,0.40]","prereg"
"9fbf0dbafc624a68414c649a","[0.12,0.16];[1.48,1.52];[1.36,1.40];[0.28,0.32];[0.96,1.00];[1.00,1.04];[0.20,0.24];[0.48,0.52];[2.00,0.00];[1.80,1.84];[1.28,1.32];[0.64,0.68];[1.72,1.76];[0.88,0.92];[0.56,0.60];[0.36,0.40];[0.68,0.72];[1.56,1.60];[0.76,0.80];[0.08,0.12];[1.40,1.44];[1.12,1.16];[1.16,1.20];[1.20,1.24];[1.52,1.56];[1.64,1.68];[0.16,0.20];[1.04,1.08];[1.76,1.80];[0.44,0.48];[1.44,1.48];[0.72,0.76];[0.24,0.28];[1.08,1.12];[1.88,1.92];[0.32,0.36];[0.40,0.44];[0.84,0.88];[1.24,1.28];[1.68,1.72];[0.04,0.08];[0.00,0.04];[0.52,0.56];[0.60,0.64];[1.84,1.88];[1.96,2.00];[0.92,0.96];[0.80,0.84];[1.60,1.64];[1.32,1.36];[1.92,1.96]","prereg"
"f1c2d55320c3dd7443df2739","[1.44,1.48];[1.48,1.52];[0.04,0.08];[1.80,1.84];[0.12,0.16];[1.84,1.88];[2.00,0.00];[1.32,1.36];[0.40,0.44];[0.92,0.96];[0.48,0.52];[0.28,0.32];[0.76,0.80];[1.08,1.12];[0.36,0.40];[0.80,0.84];[0.68,0.72];[0.52,0.56];[1.00,1.04];[0.08,0.12];[0.88,0.92];[0.72,0.76];[0.96,1.00];[1.96,2.00];[1.16,1.20];[1.76,1.80];[1.68,1.72];[1.52,1.56];[1.88,1.92];[0.60,0.64];[1.20,1.24];[1.56,1.60];[1.72,1.76];[0.56,0.60];[1.12,1.16];[0.16,0.20];[1.04,1.08];[0.20,0.24];[0.44,0.48];[1.40,1.44];[0.24,0.28];[1.28,1.32];[1.92,1.96];[0.64,0.68];[1.24,1.28];[0.00,0.04];[1.64,1.68];[1.36,1.40];[0.32,0.36];[0.84,0.88];[1.60,1.64]","prereg"
"11f0c82b6da7d1af12e1e444","[0.00,0.20];[0.60,0.80];[1.60,1.80];[1.80,2.00];[2.00,0.00];[1.40,1.60];[1.00,1.20];[0.20,0.40];[0.80,1.00];[1.20,1.40];[0.40,0.60]","prereg"
"088d834d1176ce093addc6b9","[1.08,1.12];[0.28,0.32];[1.24,1.28];[0.12,0.16];[0.76,0.80];[1.40,1.44];[2.00,0.00];[1.56,1.60];[1.52,1.56];[0.32,0.36];[0.68,0.72];[0.24,0.28];[0.52,0.56];[1.60,1.64];[0.80,0.84];[0.60,0.64];[0.72,0.76];[1.80,1.84];[1.92,1.96];[0.96,1.00];[0.08,0.12];[0.56,0.60];[1.36,1.40];[1.64,1.68];[0.00,0.04];[0.20,0.24];[1.84,1.88];[1.76,1.80];[0.40,0.44];[1.96,2.00];[0.04,0.08];[0.88,0.92];[0.36,0.40];[0.16,0.20];[0.92,0.96];[0.84,0.88];[1.88,1.92];[0.44,0.48];[1.44,1.48];[0.64,0.68];[1.32,1.36];[1.12,1.16];[1.16,1.20];[1.04,1.08];[1.48,1.52];[0.48,0.52];[1.68,1.72];[1.20,1.24];[1.72,1.76];[1.28,1.32];[1.00,1.04]","prereg"
"ee328da755bccd335ec5b70b","[0.80,1.00];[0.60,0.80];[2.00,0.00];[0.20,0.40];[1.80,2.00];[0.00,0.20];[1.40,1.60];[1.00,1.20];[0.40,0.60];[1.60,1.80];[1.20,1.40]","prereg"
"f2d3a4349868980c672077f2","[1.88,1.92];[0.20,0.24];[1.64,1.68];[1.00,1.04];[1.84,1.88];[0.36,0.40];[0.92,0.96];[0.08,0.12];[0.32,0.36];[0.64,0.68];[0.76,0.80];[1.48,1.52];[0.80,0.84];[1.20,1.24];[1.80,1.84];[1.92,1.96];[1.96,2.00];[2.00,0.00];[1.60,1.64];[1.16,1.20];[1.24,1.28];[0.88,0.92];[0.40,0.44];[1.44,1.48];[0.52,0.56];[0.48,0.52];[0.84,0.88];[1.28,1.32];[0.44,0.48];[0.28,0.32];[1.76,1.80];[0.16,0.20];[1.32,1.36];[1.56,1.60];[1.68,1.72];[0.24,0.28];[0.96,1.00];[1.72,1.76];[1.52,1.56];[0.00,0.04];[0.56,0.60];[0.60,0.64];[1.36,1.40];[0.72,0.76];[1.12,1.16];[0.68,0.72];[1.40,1.44];[1.08,1.12];[0.12,0.16];[1.04,1.08];[0.04,0.08]","prereg"
"067aec088c50ef8be26404d6","[0.60,0.64];[1.40,1.44];[1.72,1.76];[1.48,1.52];[1.56,1.60];[1.08,1.12];[0.36,0.40];[0.04,0.08];[1.84,1.88];[1.16,1.20];[1.88,1.92];[0.72,0.76];[2.00,0.00];[1.00,1.04];[1.04,1.08];[0.68,0.72];[0.92,0.96];[1.68,1.72];[0.00,0.04];[0.84,0.88];[0.12,0.16];[0.88,0.92];[1.36,1.40];[0.96,1.00];[1.32,1.36];[1.44,1.48];[1.96,2.00];[1.92,1.96];[0.16,0.20];[0.44,0.48];[0.40,0.44];[0.08,0.12];[1.20,1.24];[1.80,1.84];[1.28,1.32];[0.32,0.36];[0.52,0.56];[0.48,0.52];[0.24,0.28];[0.20,0.24];[1.12,1.16];[1.24,1.28];[1.60,1.64];[0.28,0.32];[0.80,0.84];[0.76,0.80];[0.56,0.60];[0.64,0.68];[1.52,1.56];[1.76,1.80];[1.64,1.68]","prereg"
"fcdbf0b59ed6088656bb3a61","[0.00,0.20];[1.60,1.80];[1.20,1.40];[1.00,1.20];[1.80,2.00];[2.00,0.00];[0.40,0.60];[0.80,1.00];[0.60,0.80];[0.20,0.40];[1.40,1.60]","prereg"
"4a0d3b263f78a4fc280ae181","[0.20,0.40];[1.00,1.20];[1.20,1.40];[1.60,1.80];[1.80,2.00];[0.80,1.00];[1.40,1.60];[0.00,0.20];[2.00,0.00];[0.40,0.60];[0.60,0.80]","prereg"
"5788dc7d7edf6bb30b220150","[0.72,0.76];[1.68,1.72];[1.36,1.40];[1.32,1.36];[1.92,1.96];[1.04,1.08];[0.20,0.24];[0.80,0.84];[0.44,0.48];[1.88,1.92];[0.64,0.68];[1.84,1.88];[1.64,1.68];[0.08,0.12];[1.60,1.64];[1.52,1.56];[1.16,1.20];[2.00,0.00];[0.12,0.16];[1.00,1.04];[0.68,0.72];[1.72,1.76];[1.08,1.12];[0.84,0.88];[1.20,1.24];[0.96,1.00];[0.16,0.20];[1.28,1.32];[1.44,1.48];[1.40,1.44];[1.56,1.60];[1.48,1.52];[0.92,0.96];[0.56,0.60];[1.80,1.84];[0.28,0.32];[0.40,0.44];[0.76,0.80];[0.04,0.08];[0.24,0.28];[0.32,0.36];[0.88,0.92];[1.96,2.00];[0.00,0.04];[0.60,0.64];[1.76,1.80];[0.36,0.40];[0.52,0.56];[0.48,0.52];[1.12,1.16];[1.24,1.28]","prereg"
"bb3db84eab919e11b4bbc262","[1.00,1.20];[0.60,0.80];[1.60,1.80];[0.80,1.00];[1.80,2.00];[0.40,0.60];[2.00,0.00];[0.20,0.40];[1.20,1.40];[1.40,1.60];[0.00,0.20]","prereg"
"b95b290b69efd79617f6ee95","[0.60,0.64];[0.64,0.68];[0.72,0.76];[1.84,1.88];[0.28,0.32];[1.36,1.40];[0.24,0.28];[0.08,0.12];[0.76,0.80];[1.48,1.52];[1.08,1.12];[1.72,1.76];[0.56,0.60];[0.96,1.00];[0.84,0.88];[1.00,1.04];[1.28,1.32];[1.44,1.48];[1.76,1.80];[1.52,1.56];[1.68,1.72];[0.68,0.72];[0.04,0.08];[0.36,0.40];[0.48,0.52];[0.44,0.48];[1.32,1.36];[1.80,1.84];[1.96,2.00];[0.92,0.96];[1.88,1.92];[1.64,1.68];[1.92,1.96];[1.60,1.64];[0.20,0.24];[0.80,0.84];[0.88,0.92];[1.16,1.20];[0.32,0.36];[1.56,1.60];[0.00,0.04];[1.12,1.16];[0.12,0.16];[0.16,0.20];[1.24,1.28];[1.20,1.24];[0.52,0.56];[1.04,1.08];[1.40,1.44];[0.40,0.44];[2.00,0.00]","prereg"
"2cc46ac0d41e99271c589087","[0.48,0.52];[1.20,1.24];[0.68,0.72];[0.32,0.36];[0.64,0.68];[0.80,0.84];[1.52,1.56];[1.48,1.52];[0.56,0.60];[1.40,1.44];[1.80,1.84];[0.72,0.76];[0.88,0.92];[1.08,1.12];[1.92,1.96];[1.68,1.72];[0.24,0.28];[1.32,1.36];[1.88,1.92];[0.40,0.44];[1.12,1.16];[1.24,1.28];[0.12,0.16];[0.04,0.08];[0.52,0.56];[0.16,0.20];[1.60,1.64];[1.84,1.88];[1.44,1.48];[1.28,1.32];[0.28,0.32];[1.36,1.40];[1.72,1.76];[0.84,0.88];[0.20,0.24];[2.00,0.00];[0.00,0.04];[1.16,1.20];[1.64,1.68];[0.92,0.96];[0.36,0.40];[0.60,0.64];[0.44,0.48];[0.76,0.80];[0.96,1.00];[1.04,1.08];[1.96,2.00];[1.76,1.80];[1.00,1.04];[1.56,1.60];[0.08,0.12]","prereg"
"b817deedb9f1818965eb35d3","[0.28,0.32];[1.52,1.56];[1.28,1.32];[0.00,0.04];[1.16,1.20];[1.84,1.88];[0.68,0.72];[1.80,1.84];[0.04,0.08];[0.36,0.40];[0.32,0.36];[1.60,1.64];[1.92,1.96];[1.48,1.52];[1.00,1.04];[1.12,1.16];[0.20,0.24];[0.56,0.60];[1.44,1.48];[0.96,1.00];[1.08,1.12];[0.24,0.28];[1.56,1.60];[0.84,0.88];[0.80,0.84];[0.60,0.64];[0.44,0.48];[1.24,1.28];[0.88,0.92];[0.52,0.56];[1.04,1.08];[1.76,1.80];[0.40,0.44];[1.88,1.92];[1.72,1.76];[0.16,0.20];[0.12,0.16];[1.36,1.40];[1.64,1.68];[0.72,0.76];[0.76,0.80];[0.08,0.12];[1.40,1.44];[2.00,0.00];[1.32,1.36];[1.68,1.72];[0.92,0.96];[0.48,0.52];[1.96,2.00];[0.64,0.68];[1.20,1.24]","prereg"
"a293014cd9869af65cf61713","[0.16,0.20];[1.84,1.88];[1.40,1.44];[0.20,0.24];[1.28,1.32];[0.68,0.72];[0.08,0.12];[1.68,1.72];[1.04,1.08];[1.12,1.16];[0.32,0.36];[1.64,1.68];[0.80,0.84];[1.32,1.36];[0.52,0.56];[1.80,1.84];[0.72,0.76];[0.28,0.32];[1.56,1.60];[1.36,1.40];[0.36,0.40];[1.44,1.48];[1.24,1.28];[0.92,0.96];[0.84,0.88];[1.48,1.52];[0.44,0.48];[0.48,0.52];[0.56,0.60];[0.96,1.00];[1.88,1.92];[1.96,2.00];[1.76,1.80];[1.72,1.76];[1.08,1.12];[0.76,0.80];[1.00,1.04];[0.88,0.92];[0.00,0.04];[1.20,1.24];[0.04,0.08];[1.92,1.96];[2.00,0.00];[0.24,0.28];[1.16,1.20];[0.40,0.44];[1.60,1.64];[1.52,1.56];[0.12,0.16];[0.60,0.64];[0.64,0.68]","prereg"
"8f51b6f70e0189ec23fc16a9","[1.40,1.60];[0.60,0.80];[1.20,1.40];[0.40,0.60];[0.20,0.40];[0.80,1.00];[0.00,0.20];[1.60,1.80];[2.00,0.00];[1.00,1.20];[1.80,2.00]","prereg"
"422cd8aa06d94a0d1516f980","[0.84,0.88];[1.28,1.32];[1.80,1.84];[1.16,1.20];[0.88,0.92];[0.16,0.20];[0.48,0.52];[0.52,0.56];[0.72,0.76];[1.88,1.92];[1.96,2.00];[2.00,0.00];[0.56,0.60];[1.44,1.48];[0.36,0.40];[1.68,1.72];[1.04,1.08];[1.72,1.76];[0.92,0.96];[0.08,0.12];[1.60,1.64];[0.64,0.68];[1.56,1.60];[1.24,1.28];[1.84,1.88];[0.60,0.64];[1.92,1.96];[1.08,1.12];[0.24,0.28];[0.32,0.36];[0.28,0.32];[0.20,0.24];[0.04,0.08];[0.40,0.44];[0.96,1.00];[1.40,1.44];[1.12,1.16];[0.76,0.80];[1.76,1.80];[1.36,1.40];[0.68,0.72];[0.80,0.84];[1.52,1.56];[1.64,1.68];[0.44,0.48];[0.12,0.16];[1.00,1.04];[1.20,1.24];[0.00,0.04];[1.48,1.52];[1.32,1.36]","prereg"
"a78811f40693ee781763523f","[0.60,0.80];[1.00,1.20];[1.40,1.60];[1.80,2.00];[1.20,1.40];[1.60,1.80];[0.80,1.00];[0.00,0.20];[0.40,0.60];[2.00,0.00];[0.20,0.40]","prereg"
"c8051569d23cf93a22888fce","[0.16,0.20];[1.40,1.44];[1.00,1.04];[1.20,1.24];[1.44,1.48];[0.48,0.52];[0.00,0.04];[1.24,1.28];[1.72,1.76];[0.72,0.76];[1.92,1.96];[1.28,1.32];[2.00,0.00];[0.24,0.28];[0.32,0.36];[1.76,1.80];[1.68,1.72];[0.76,0.80];[0.92,0.96];[0.04,0.08];[1.12,1.16];[0.12,0.16];[1.08,1.12];[1.36,1.40];[1.04,1.08];[1.48,1.52];[1.64,1.68];[1.80,1.84];[0.84,0.88];[0.60,0.64];[0.20,0.24];[0.96,1.00];[0.52,0.56];[0.08,0.12];[0.56,0.60];[0.80,0.84];[1.84,1.88];[1.60,1.64];[1.56,1.60];[0.88,0.92];[0.68,0.72];[1.52,1.56];[0.28,0.32];[0.36,0.40];[1.32,1.36];[1.16,1.20];[0.40,0.44];[0.44,0.48];[1.96,2.00];[1.88,1.92];[0.64,0.68]","prereg"
"084179fe06614450b1df4479","[1.68,1.72];[1.28,1.32];[1.72,1.76];[1.32,1.36];[1.04,1.08];[0.44,0.48];[0.88,0.92];[1.16,1.20];[0.36,0.40];[0.64,0.68];[0.24,0.28];[0.32,0.36];[1.56,1.60];[1.92,1.96];[0.76,0.80];[0.20,0.24];[1.44,1.48];[0.40,0.44];[0.60,0.64];[0.72,0.76];[1.84,1.88];[0.28,0.32];[0.56,0.60];[1.12,1.16];[0.12,0.16];[1.24,1.28];[0.52,0.56];[0.00,0.04];[0.80,0.84];[0.04,0.08];[1.48,1.52];[2.00,0.00];[1.80,1.84];[1.00,1.04];[0.92,0.96];[1.64,1.68];[1.60,1.64];[1.40,1.44];[1.08,1.12];[0.08,0.12];[1.96,2.00];[1.20,1.24];[0.96,1.00];[0.84,0.88];[0.16,0.20];[0.68,0.72];[1.76,1.80];[0.48,0.52];[1.88,1.92];[1.52,1.56];[1.36,1.40]","prereg"
"fe73117d331f39081c03ddbb","[1.60,1.80];[1.00,1.20];[1.40,1.60];[1.80,2.00];[0.20,0.40];[0.60,0.80];[0.00,0.20];[0.40,0.60];[0.80,1.00];[1.20,1.40];[2.00,0.00]","prereg"
"7264b77cc049e05c083a5241","[0.00,0.20];[1.20,1.40];[1.60,1.80];[1.40,1.60];[0.80,1.00];[2.00,0.00];[0.60,0.80];[0.40,0.60];[0.20,0.40];[1.00,1.20];[1.80,2.00]","prereg"
"c1909c942f3f5353ffb4ac89","[1.44,1.48];[0.48,0.52];[0.12,0.16];[1.32,1.36];[1.80,1.84];[1.96,2.00];[1.84,1.88];[1.36,1.40];[1.28,1.32];[1.72,1.76];[1.76,1.80];[0.04,0.08];[0.92,0.96];[0.96,1.00];[0.76,0.80];[0.44,0.48];[1.04,1.08];[1.24,1.28];[1.88,1.92];[0.24,0.28];[0.72,0.76];[1.20,1.24];[0.00,0.04];[0.80,0.84];[1.00,1.04];[0.40,0.44];[2.00,0.00];[1.68,1.72];[1.56,1.60];[0.84,0.88];[0.68,0.72];[0.52,0.56];[1.64,1.68];[0.32,0.36];[0.08,0.12];[1.12,1.16];[0.28,0.32];[0.64,0.68];[0.88,0.92];[0.20,0.24];[1.52,1.56];[1.60,1.64];[1.48,1.52];[1.92,1.96];[1.16,1.20];[1.40,1.44];[0.36,0.40];[0.16,0.20];[1.08,1.12];[0.56,0.60];[0.60,0.64]","prereg"
"16df50f6afab6c0825c7114b","[0.96,1.00];[1.80,1.84];[0.04,0.08];[1.56,1.60];[1.64,1.68];[0.44,0.48];[1.08,1.12];[0.24,0.28];[0.68,0.72];[0.52,0.56];[1.32,1.36];[0.00,0.04];[1.68,1.72];[0.08,0.12];[0.92,0.96];[0.84,0.88];[1.72,1.76];[0.72,0.76];[1.48,1.52];[0.40,0.44];[0.32,0.36];[1.20,1.24];[0.64,0.68];[1.88,1.92];[1.84,1.88];[0.60,0.64];[1.52,1.56];[1.76,1.80];[0.48,0.52];[0.36,0.40];[1.28,1.32];[2.00,0.00];[1.24,1.28];[1.60,1.64];[1.40,1.44];[0.28,0.32];[1.16,1.20];[1.96,2.00];[1.04,1.08];[0.20,0.24];[1.12,1.16];[0.88,0.92];[0.16,0.20];[1.92,1.96];[1.36,1.40];[1.44,1.48];[0.76,0.80];[0.80,0.84];[0.56,0.60];[0.12,0.16];[1.00,1.04]","prereg"
"","[1.00,1.20];[2.00,0.00];[1.80,2.00];[1.20,1.40];[0.60,0.80];[0.20,0.40];[0.40,0.60];[0.00,0.20];[0.80,1.00];[1.40,1.60];[1.60,1.80]","prereg"
"69c1bf449037dcc2efceb2ce","[0.00,0.20];[1.00,1.20];[1.80,2.00];[0.80,1.00];[0.40,0.60];[1.60,1.80];[1.40,1.60];[2.00,0.00];[0.20,0.40];[1.20,1.40];[0.60,0.80]","prereg"
"ddb24fae65ec923337b5a310","[0.16,0.20];[1.60,1.64];[1.20,1.24];[0.36,0.40];[1.52,1.56];[0.40,0.44];[0.68,0.72];[0.88,0.92];[1.88,1.92];[0.48,0.52];[0.32,0.36];[0.20,0.24];[1.84,1.88];[0.04,0.08];[1.40,1.44];[0.44,0.48];[1.80,1.84];[0.64,0.68];[0.72,0.76];[0.28,0.32];[1.24,1.28];[0.08,0.12];[1.28,1.32];[1.32,1.36];[1.92,1.96];[0.00,0.04];[1.44,1.48];[1.72,1.76];[0.24,0.28];[1.56,1.60];[1.36,1.40];[1.68,1.72];[0.80,0.84];[1.08,1.12];[2.00,0.00];[0.12,0.16];[0.60,0.64];[0.52,0.56];[0.92,0.96];[0.96,1.00];[1.96,2.00];[0.84,0.88];[1.16,1.20];[1.04,1.08];[1.64,1.68];[1.12,1.16];[1.76,1.80];[1.00,1.04];[1.48,1.52];[0.56,0.60];[0.76,0.80]","prereg"
"","[0.52,0.56];[0.04,0.08];[0.72,0.76];[1.80,1.84];[0.84,0.88];[0.16,0.20];[1.52,1.56];[1.36,1.40];[0.20,0.24];[0.44,0.48];[0.36,0.40];[1.32,1.36];[0.76,0.80];[0.80,0.84];[1.12,1.16];[1.64,1.68];[0.48,0.52];[1.68,1.72];[1.60,1.64];[1.76,1.80];[1.44,1.48];[1.72,1.76];[0.60,0.64];[0.00,0.04];[1.84,1.88];[0.12,0.16];[1.48,1.52];[1.24,1.28];[0.32,0.36];[0.92,0.96];[1.28,1.32];[0.24,0.28];[1.92,1.96];[1.96,2.00];[0.40,0.44];[0.56,0.60];[0.88,0.92];[0.68,0.72];[1.20,1.24];[2.00,0.00];[1.08,1.12];[1.40,1.44];[1.16,1.20];[1.00,1.04];[0.64,0.68];[0.28,0.32];[1.56,1.60];[0.96,1.00];[1.88,1.92];[1.04,1.08];[0.08,0.12]","prereg"
"7de8af57010a3f60a731d644","[1.92,1.96];[1.76,1.80];[1.40,1.44];[1.28,1.32];[0.12,0.16];[0.56,0.60];[2.00,0.00];[0.48,0.52];[1.44,1.48];[1.64,1.68];[1.24,1.28];[0.08,0.12];[0.00,0.04];[1.00,1.04];[1.68,1.72];[1.72,1.76];[1.56,1.60];[0.16,0.20];[0.60,0.64];[0.52,0.56];[1.96,2.00];[0.28,0.32];[1.32,1.36];[1.04,1.08];[0.04,0.08];[1.20,1.24];[0.32,0.36];[0.76,0.80];[0.80,0.84];[1.36,1.40];[0.20,0.24];[1.52,1.56];[1.16,1.20];[0.96,1.00];[0.44,0.48];[1.88,1.92];[0.68,0.72];[0.40,0.44];[1.48,1.52];[0.92,0.96];[1.60,1.64];[1.84,1.88];[1.12,1.16];[0.72,0.76];[0.84,0.88];[0.88,0.92];[0.36,0.40];[1.08,1.12];[1.80,1.84];[0.64,0.68];[0.24,0.28]","prereg"
"638d73de8c5e2f93628cd3c4","[0.16,0.20];[0.64,0.68];[0.52,0.56];[0.20,0.24];[0.40,0.44];[1.72,1.76];[1.52,1.56];[1.64,1.68];[0.12,0.16];[1.12,1.16];[0.92,0.96];[1.92,1.96];[1.28,1.32];[0.36,0.40];[0.88,0.92];[1.36,1.40];[0.80,0.84];[1.16,1.20];[0.96,1.00];[1.48,1.52];[0.48,0.52];[1.24,1.28];[0.44,0.48];[1.40,1.44];[1.80,1.84];[2.00,0.00];[1.84,1.88];[1.56,1.60];[1.68,1.72];[1.96,2.00];[0.84,0.88];[1.76,1.80];[0.56,0.60];[1.04,1.08];[0.28,0.32];[1.44,1.48];[1.60,1.64];[1.32,1.36];[0.08,0.12];[1.20,1.24];[1.08,1.12];[0.24,0.28];[0.60,0.64];[0.76,0.80];[0.72,0.76];[1.00,1.04];[1.88,1.92];[0.04,0.08];[0.68,0.72];[0.00,0.04];[0.32,0.36]","prereg"
"2dc10e09abe0c9ca40a914c5","[1.60,1.80];[0.20,0.40];[1.20,1.40];[0.60,0.80];[1.80,2.00];[2.00,0.00];[0.00,0.20];[1.40,1.60];[0.80,1.00];[0.40,0.60];[1.00,1.20]","prereg"
"8f004113186af7b344e4fd3c","[2.00,0.00];[1.00,1.20];[0.20,0.40];[0.60,0.80];[0.80,1.00];[1.40,1.60];[1.60,1.80];[0.40,0.60];[0.00,0.20];[1.80,2.00];[1.20,1.40]","prereg"
"66120c1c8ce3ef6386b02c34","[0.40,0.60];[0.20,0.40];[2.00,0.00];[1.20,1.40];[1.80,2.00];[1.40,1.60];[0.80,1.00];[0.60,0.80];[1.60,1.80];[1.00,1.20];[0.00,0.20]","prereg"
"313921c908efcdef5440f4ff","[0.80,1.00];[1.80,2.00];[0.20,0.40];[1.20,1.40];[1.60,1.80];[0.40,0.60];[1.00,1.20];[0.00,0.20];[1.40,1.60];[0.60,0.80];[2.00,0.00]","prereg"
"0de1797b131d0a11b05f078d","[1.96,2.00];[1.00,1.04];[1.28,1.32];[0.88,0.92];[1.04,1.08];[0.52,0.56];[1.76,1.80];[0.36,0.40];[0.32,0.36];[0.80,0.84];[0.68,0.72];[1.72,1.76];[1.44,1.48];[0.24,0.28];[0.08,0.12];[1.32,1.36];[0.20,0.24];[0.72,0.76];[0.40,0.44];[1.88,1.92];[0.04,0.08];[0.96,1.00];[1.20,1.24];[1.80,1.84];[1.08,1.12];[1.16,1.20];[0.64,0.68];[1.36,1.40];[0.60,0.64];[1.52,1.56];[0.84,0.88];[1.92,1.96];[0.28,0.32];[1.64,1.68];[0.16,0.20];[0.12,0.16];[0.44,0.48];[1.84,1.88];[1.12,1.16];[0.56,0.60];[0.00,0.04];[1.56,1.60];[0.76,0.80];[1.48,1.52];[1.24,1.28];[0.92,0.96];[0.48,0.52];[2.00,0.00];[1.68,1.72];[1.40,1.44];[1.60,1.64]","prereg"
"fffaae8c3827ca5e306607eb","[1.60,1.64];[1.36,1.40];[1.84,1.88];[0.96,1.00];[1.92,1.96];[0.68,0.72];[0.88,0.92];[0.12,0.16];[0.08,0.12];[1.48,1.52];[1.00,1.04];[0.60,0.64];[0.56,0.60];[0.80,0.84];[0.72,0.76];[1.40,1.44];[1.88,1.92];[0.04,0.08];[1.64,1.68];[0.44,0.48];[0.40,0.44];[1.04,1.08];[1.56,1.60];[1.44,1.48];[0.32,0.36];[0.36,0.40];[0.52,0.56];[0.28,0.32];[1.72,1.76];[0.64,0.68];[1.76,1.80];[1.68,1.72];[1.12,1.16];[1.80,1.84];[1.28,1.32];[1.20,1.24];[1.32,1.36];[0.76,0.80];[1.52,1.56];[1.24,1.28];[0.20,0.24];[0.16,0.20];[0.24,0.28];[1.96,2.00];[2.00,0.00];[0.92,0.96];[0.48,0.52];[1.16,1.20];[0.84,0.88];[0.00,0.04];[1.08,1.12]","prereg"
"2eb8dd9d3eec8792c163fe4b","[1.40,1.60];[0.40,0.60];[1.60,1.80];[1.00,1.20];[0.00,0.20];[1.80,2.00];[0.60,0.80];[2.00,0.00];[0.20,0.40];[0.80,1.00];[1.20,1.40]","prereg"
"","[0.40,0.60];[1.40,1.60];[1.80,2.00];[0.80,1.00];[1.60,1.80];[0.20,0.40];[2.00,0.00];[1.20,1.40];[1.00,1.20];[0.60,0.80];[0.00,0.20]","prereg"
"07c62c4a7953d0fcac4e41fc","[1.60,1.80];[0.00,0.20];[0.40,0.60];[1.20,1.40];[0.20,0.40];[2.00,0.00];[0.80,1.00];[1.00,1.20];[1.40,1.60];[1.80,2.00];[0.60,0.80]","prereg"
"0b7d0dc38242e0f5b8d3d393","[2.00,0.00];[1.60,1.80];[0.20,0.40];[0.40,0.60];[0.00,0.20];[1.80,2.00];[1.00,1.20];[1.40,1.60];[1.20,1.40];[0.80,1.00];[0.60,0.80]","prereg"
"f7a8fda3244ec0c41e102c5f","[1.56,1.60];[1.24,1.28];[1.16,1.20];[0.76,0.80];[0.00,0.04];[1.28,1.32];[1.84,1.88];[0.48,0.52];[0.96,1.00];[1.20,1.24];[1.76,1.80];[1.00,1.04];[1.64,1.68];[1.40,1.44];[0.44,0.48];[0.72,0.76];[0.04,0.08];[0.20,0.24];[0.56,0.60];[1.88,1.92];[2.00,0.00];[1.72,1.76];[0.68,0.72];[0.92,0.96];[0.12,0.16];[1.08,1.12];[0.24,0.28];[1.60,1.64];[0.52,0.56];[1.44,1.48];[1.04,1.08];[0.40,0.44];[1.80,1.84];[0.80,0.84];[1.48,1.52];[1.68,1.72];[1.52,1.56];[1.32,1.36];[0.88,0.92];[1.96,2.00];[0.32,0.36];[0.28,0.32];[0.84,0.88];[1.36,1.40];[0.60,0.64];[0.64,0.68];[0.36,0.40];[1.92,1.96];[0.16,0.20];[1.12,1.16];[0.08,0.12]","prereg"
"78c07144b21fd77dade26ff7","[1.80,2.00];[1.40,1.60];[0.20,0.40];[1.20,1.40];[2.00,0.00];[0.60,0.80];[1.00,1.20];[0.40,0.60];[0.80,1.00];[0.00,0.20];[1.60,1.80]","prereg"
"085356c47cd40e53aaa4c1f6","[0.80,1.00];[1.00,1.20];[0.20,0.40];[0.00,0.20];[1.60,1.80];[2.00,0.00];[0.60,0.80];[1.40,1.60];[1.20,1.40];[0.40,0.60];[1.80,2.00]","prereg"
"f1706d1346202723b2f9a9ef","[2.00,0.00];[0.60,0.80];[1.40,1.60];[1.20,1.40];[0.20,0.40];[1.60,1.80];[0.80,1.00];[0.40,0.60];[1.80,2.00];[1.00,1.20];[0.00,0.20]","prereg"
"","[0.40,0.60];[1.60,1.80];[1.20,1.40];[0.80,1.00];[1.40,1.60];[1.00,1.20];[2.00,0.00];[1.80,2.00];[0.60,0.80];[0.00,0.20];[0.20,0.40]","prereg"
"6ce67313af92e2be7fce38ff","[2.00,0.00];[0.00,0.20];[1.00,1.20];[0.80,1.00];[0.60,0.80];[1.20,1.40];[0.40,0.60];[1.60,1.80];[1.40,1.60];[0.20,0.40];[1.80,2.00]","prereg"
"","[0.20,0.24];[0.40,0.44];[1.88,1.92];[1.04,1.08];[1.24,1.28];[1.32,1.36];[0.88,0.92];[0.84,0.88];[1.08,1.12];[1.44,1.48];[1.52,1.56];[0.28,0.32];[2.00,0.00];[1.00,1.04];[0.64,0.68];[1.68,1.72];[0.72,0.76];[1.20,1.24];[0.60,0.64];[0.80,0.84];[0.12,0.16];[1.72,1.76];[0.04,0.08];[0.56,0.60];[0.16,0.20];[1.80,1.84];[0.24,0.28];[0.36,0.40];[1.28,1.32];[0.00,0.04];[1.16,1.20];[1.12,1.16];[1.40,1.44];[0.52,0.56];[1.56,1.60];[0.76,0.80];[0.48,0.52];[0.32,0.36];[0.92,0.96];[0.68,0.72];[1.60,1.64];[1.76,1.80];[0.08,0.12];[1.92,1.96];[1.36,1.40];[1.48,1.52];[1.84,1.88];[0.44,0.48];[1.96,2.00];[0.96,1.00];[1.64,1.68]","prereg"
"333b09e6fff3798319328b47","[1.16,1.20];[1.00,1.04];[1.48,1.52];[1.20,1.24];[1.92,1.96];[0.56,0.60];[1.32,1.36];[0.68,0.72];[1.64,1.68];[1.04,1.08];[1.88,1.92];[0.44,0.48];[0.60,0.64];[0.32,0.36];[0.52,0.56];[1.80,1.84];[0.76,0.80];[1.68,1.72];[1.24,1.28];[0.92,0.96];[0.84,0.88];[0.48,0.52];[1.76,1.80];[1.60,1.64];[0.00,0.04];[0.04,0.08];[0.28,0.32];[1.36,1.40];[1.28,1.32];[0.20,0.24];[1.44,1.48];[0.64,0.68];[1.12,1.16];[2.00,0.00];[0.80,0.84];[0.08,0.12];[0.72,0.76];[0.96,1.00];[1.08,1.12];[1.52,1.56];[0.40,0.44];[1.72,1.76];[1.40,1.44];[0.88,0.92];[1.56,1.60];[0.36,0.40];[1.84,1.88];[0.12,0.16];[0.24,0.28];[0.16,0.20];[1.96,2.00]","prereg"
"0f596a08d4cca192c9fd1a8d","[2.00,0.00];[0.40,0.60];[1.80,2.00];[1.00,1.20];[0.80,1.00];[0.00,0.20];[0.60,0.80];[1.40,1.60];[1.20,1.40];[1.60,1.80];[0.20,0.40]","prereg"
"70e218011ef676121df979ae","[2.00,0.00];[0.60,0.80];[1.00,1.20];[1.40,1.60];[0.80,1.00];[0.40,0.60];[1.60,1.80];[1.20,1.40];[1.80,2.00];[0.20,0.40];[0.00,0.20]","prereg"
"9df86d8259eecca5fcbe4d16","[1.04,1.08];[1.56,1.60];[1.72,1.76];[0.52,0.56];[1.20,1.24];[1.88,1.92];[0.28,0.32];[0.16,0.20];[0.88,0.92];[1.80,1.84];[1.28,1.32];[0.40,0.44];[0.72,0.76];[0.68,0.72];[1.08,1.12];[1.52,1.56];[1.68,1.72];[0.24,0.28];[1.48,1.52];[0.76,0.80];[1.92,1.96];[1.16,1.20];[1.36,1.40];[0.12,0.16];[1.40,1.44];[0.48,0.52];[0.20,0.24];[0.92,0.96];[1.76,1.80];[0.04,0.08];[1.24,1.28];[0.96,1.00];[1.64,1.68];[0.00,0.04];[0.36,0.40];[0.32,0.36];[1.60,1.64];[1.12,1.16];[0.08,0.12];[1.00,1.04];[1.96,2.00];[1.84,1.88];[0.60,0.64];[1.44,1.48];[0.84,0.88];[0.44,0.48];[0.80,0.84];[1.32,1.36];[0.64,0.68];[0.56,0.60];[2.00,0.00]","prereg"
"a7321f5d2c60bc2ef21aa4b5","[1.20,1.40];[2.00,0.00];[1.00,1.20];[1.80,2.00];[0.60,0.80];[0.00,0.20];[1.60,1.80];[0.80,1.00];[0.40,0.60];[0.20,0.40];[1.40,1.60]","prereg"
"d8df425754f60a464400d713","[1.56,1.60];[0.96,1.00];[0.88,0.92];[0.48,0.52];[0.80,0.84];[0.16,0.20];[1.00,1.04];[0.44,0.48];[1.28,1.32];[1.48,1.52];[1.16,1.20];[0.28,0.32];[0.04,0.08];[1.04,1.08];[0.08,0.12];[0.52,0.56];[1.96,2.00];[0.92,0.96];[0.76,0.80];[0.68,0.72];[1.40,1.44];[1.76,1.80];[1.12,1.16];[1.72,1.76];[1.60,1.64];[0.36,0.40];[0.72,0.76];[0.12,0.16];[1.44,1.48];[1.20,1.24];[1.32,1.36];[1.08,1.12];[0.64,0.68];[1.84,1.88];[0.60,0.64];[1.80,1.84];[1.24,1.28];[1.68,1.72];[0.32,0.36];[0.56,0.60];[1.36,1.40];[0.84,0.88];[1.52,1.56];[0.24,0.28];[1.88,1.92];[1.92,1.96];[2.00,0.00];[1.64,1.68];[0.40,0.44];[0.00,0.04];[0.20,0.24]","prereg"
"efb271e1b8c9cc68fb5b863b","[2.00,0.00];[0.20,0.40];[1.60,1.80];[1.00,1.20];[0.40,0.60];[0.00,0.20];[1.40,1.60];[1.20,1.40];[0.60,0.80];[1.80,2.00];[0.80,1.00]","prereg"
"","[0.20,0.24];[0.92,0.96];[2.00,0.00];[0.72,0.76];[0.44,0.48];[1.44,1.48];[1.68,1.72];[1.80,1.84];[1.40,1.44];[0.12,0.16];[0.76,0.80];[0.04,0.08];[1.36,1.40];[0.28,0.32];[1.32,1.36];[1.52,1.56];[0.40,0.44];[1.92,1.96];[1.12,1.16];[0.80,0.84];[1.04,1.08];[0.52,0.56];[0.48,0.52];[1.16,1.20];[0.08,0.12];[0.00,0.04];[0.32,0.36];[1.76,1.80];[0.36,0.40];[0.16,0.20];[1.24,1.28];[1.08,1.12];[1.72,1.76];[1.56,1.60];[0.24,0.28];[1.88,1.92];[0.88,0.92];[1.60,1.64];[0.56,0.60];[0.60,0.64];[1.00,1.04];[0.68,0.72];[1.28,1.32];[1.96,2.00];[1.20,1.24];[1.84,1.88];[0.84,0.88];[1.64,1.68];[0.96,1.00];[1.48,1.52];[0.64,0.68]","prereg"
"","[1.60,1.80];[0.20,0.40];[1.20,1.40];[1.40,1.60];[1.80,2.00];[1.00,1.20];[2.00,0.00];[0.00,0.20];[0.80,1.00];[0.40,0.60];[0.60,0.80]","prereg"
"d9c7fb9c35898723f12e6983","[1.80,1.84];[0.08,0.12];[1.72,1.76];[1.28,1.32];[1.00,1.04];[0.28,0.32];[0.76,0.80];[1.96,2.00];[0.80,0.84];[1.20,1.24];[1.24,1.28];[0.52,0.56];[1.88,1.92];[1.76,1.80];[0.48,0.52];[0.12,0.16];[1.68,1.72];[0.00,0.04];[1.08,1.12];[1.40,1.44];[1.04,1.08];[2.00,0.00];[1.64,1.68];[1.32,1.36];[1.44,1.48];[0.24,0.28];[0.16,0.20];[0.60,0.64];[0.20,0.24];[0.92,0.96];[0.72,0.76];[0.36,0.40];[1.12,1.16];[1.60,1.64];[1.16,1.20];[0.64,0.68];[0.04,0.08];[0.40,0.44];[1.84,1.88];[0.32,0.36];[1.36,1.40];[0.96,1.00];[1.52,1.56];[0.68,0.72];[1.56,1.60];[0.56,0.60];[1.92,1.96];[0.84,0.88];[0.44,0.48];[1.48,1.52];[0.88,0.92]","prereg"
"e79882a5da28b9afa855f7aa","[0.80,1.00];[1.00,1.20];[1.20,1.40];[1.40,1.60];[1.80,2.00];[2.00,0.00];[0.60,0.80];[0.40,0.60];[0.00,0.20];[1.60,1.80];[0.20,0.40]","prereg"
"d70325f4018fb1e1838b2671","[0.00,0.04];[1.64,1.68];[1.48,1.52];[0.12,0.16];[0.76,0.80];[1.40,1.44];[0.20,0.24];[1.20,1.24];[1.44,1.48];[0.80,0.84];[1.60,1.64];[1.04,1.08];[0.08,0.12];[1.16,1.20];[1.96,2.00];[0.16,0.20];[1.76,1.80];[0.92,0.96];[0.04,0.08];[1.92,1.96];[0.84,0.88];[0.52,0.56];[0.44,0.48];[1.32,1.36];[0.96,1.00];[0.36,0.40];[0.88,0.92];[0.24,0.28];[0.64,0.68];[1.36,1.40];[0.72,0.76];[0.60,0.64];[0.32,0.36];[1.12,1.16];[1.72,1.76];[0.56,0.60];[1.56,1.60];[1.00,1.04];[1.80,1.84];[1.84,1.88];[0.68,0.72];[0.28,0.32];[1.08,1.12];[0.40,0.44];[1.24,1.28];[1.88,1.92];[0.48,0.52];[1.28,1.32];[2.00,0.00];[1.68,1.72];[1.52,1.56]","prereg"
"5899f5fa71671741c0c4bc23","[0.20,0.40];[0.60,0.80];[1.40,1.60];[2.00,0.00];[0.40,0.60];[1.00,1.20];[0.80,1.00];[0.00,0.20];[1.20,1.40];[1.80,2.00];[1.60,1.80]","prereg"
"","[0.00,0.20];[0.80,1.00];[1.60,1.80];[0.60,0.80];[0.40,0.60];[1.20,1.40];[1.00,1.20];[2.00,0.00];[1.80,2.00];[0.20,0.40];[1.40,1.60]","prereg"
"497c74f9b7c8138b8d4c58ef","[0.00,0.04];[1.04,1.08];[0.28,0.32];[0.08,0.12];[1.76,1.80];[1.84,1.88];[0.48,0.52];[0.52,0.56];[0.76,0.80];[1.24,1.28];[0.88,0.92];[0.24,0.28];[1.72,1.76];[0.32,0.36];[0.44,0.48];[0.36,0.40];[1.08,1.12];[1.40,1.44];[1.32,1.36];[1.16,1.20];[0.60,0.64];[2.00,0.00];[0.04,0.08];[0.20,0.24];[1.12,1.16];[1.48,1.52];[1.60,1.64];[1.92,1.96];[1.68,1.72];[1.44,1.48];[1.28,1.32];[0.68,0.72];[0.72,0.76];[0.96,1.00];[1.88,1.92];[1.00,1.04];[0.56,0.60];[1.96,2.00];[0.16,0.20];[0.80,0.84];[1.36,1.40];[0.12,0.16];[1.20,1.24];[1.56,1.60];[0.64,0.68];[1.80,1.84];[1.64,1.68];[1.52,1.56];[0.92,0.96];[0.40,0.44];[0.84,0.88]","prereg"
"0b982c9e849d1e0aa420a2d3","[0.60,0.80];[1.60,1.80];[2.00,0.00];[0.80,1.00];[0.40,0.60];[0.20,0.40];[0.00,0.20];[1.20,1.40];[1.00,1.20];[1.80,2.00];[1.40,1.60]","prereg"
"64269c930314e19cfd9009ff","[0.20,0.40];[2.00,0.00];[1.80,2.00];[0.80,1.00];[1.00,1.20];[0.40,0.60];[1.60,1.80];[1.20,1.40];[0.60,0.80];[0.00,0.20];[1.40,1.60]","prereg"
"e513027b84a7660eb2a21cd4","[2.00,0.00];[0.60,0.80];[0.20,0.40];[0.40,0.60];[0.80,1.00];[1.60,1.80];[1.00,1.20];[1.40,1.60];[1.20,1.40];[1.80,2.00];[0.00,0.20]","prereg"
"847995815f241183194fad47","[0.60,0.80];[0.20,0.40];[1.60,1.80];[1.20,1.40];[1.40,1.60];[0.80,1.00];[0.40,0.60];[1.80,2.00];[0.00,0.20];[2.00,0.00];[1.00,1.20]","prereg"
"b308e743355b5c9438cda8b1","[1.36,1.40];[0.20,0.24];[0.92,0.96];[0.56,0.60];[1.72,1.76];[1.16,1.20];[0.08,0.12];[1.64,1.68];[1.24,1.28];[1.00,1.04];[0.40,0.44];[0.00,0.04];[1.56,1.60];[0.28,0.32];[1.44,1.48];[1.92,1.96];[0.48,0.52];[0.72,0.76];[1.08,1.12];[0.68,0.72];[1.20,1.24];[1.68,1.72];[2.00,0.00];[1.80,1.84];[0.36,0.40];[0.88,0.92];[1.12,1.16];[0.60,0.64];[1.52,1.56];[0.64,0.68];[0.24,0.28];[1.84,1.88];[0.04,0.08];[0.32,0.36];[0.16,0.20];[1.60,1.64];[1.76,1.80];[0.76,0.80];[0.84,0.88];[1.40,1.44];[1.88,1.92];[1.04,1.08];[0.80,0.84];[1.48,1.52];[1.28,1.32];[0.52,0.56];[0.96,1.00];[1.96,2.00];[0.12,0.16];[0.44,0.48];[1.32,1.36]","prereg"
"69c53a2462f76a0e84a45d77","[1.60,1.80];[1.00,1.20];[0.20,0.40];[1.80,2.00];[1.40,1.60];[1.20,1.40];[0.00,0.20];[2.00,0.00];[0.80,1.00];[0.60,0.80];[0.40,0.60]","prereg"
"2080f51ecff67e697ddc7146","[1.20,1.40];[2.00,0.00];[0.00,0.20];[0.60,0.80];[1.60,1.80];[0.20,0.40];[0.40,0.60];[1.40,1.60];[1.80,2.00];[1.00,1.20];[0.80,1.00]","prereg"
"8a3cb60b3e7c9966fa269ae9","[0.28,0.32];[1.72,1.76];[0.80,0.84];[0.24,0.28];[1.40,1.44];[1.88,1.92];[1.84,1.88];[1.28,1.32];[0.60,0.64];[1.32,1.36];[0.48,0.52];[1.00,1.04];[1.24,1.28];[0.52,0.56];[1.56,1.60];[0.72,0.76];[0.40,0.44];[0.68,0.72];[1.48,1.52];[0.56,0.60];[2.00,0.00];[1.68,1.72];[0.84,0.88];[1.16,1.20];[0.36,0.40];[1.64,1.68];[0.00,0.04];[0.92,0.96];[0.32,0.36];[1.96,2.00];[0.64,0.68];[0.76,0.80];[1.36,1.40];[0.12,0.16];[1.20,1.24];[1.52,1.56];[1.04,1.08];[0.04,0.08];[0.96,1.00];[0.88,0.92];[1.60,1.64];[1.12,1.16];[0.20,0.24];[1.08,1.12];[1.76,1.80];[0.16,0.20];[0.44,0.48];[1.44,1.48];[1.80,1.84];[0.08,0.12];[1.92,1.96]","prereg"
"0c35b17a1a1b0f5836d6d875","[1.32,1.36];[1.08,1.12];[0.16,0.20];[2.00,0.00];[0.96,1.00];[1.60,1.64];[1.72,1.76];[1.76,1.80];[0.36,0.40];[0.32,0.36];[1.28,1.32];[1.64,1.68];[1.92,1.96];[1.40,1.44];[0.00,0.04];[0.08,0.12];[0.40,0.44];[0.88,0.92];[0.04,0.08];[0.48,0.52];[1.48,1.52];[0.60,0.64];[1.04,1.08];[0.20,0.24];[0.72,0.76];[1.12,1.16];[0.80,0.84];[1.36,1.40];[1.68,1.72];[0.64,0.68];[1.16,1.20];[1.96,2.00];[1.80,1.84];[1.24,1.28];[1.88,1.92];[0.24,0.28];[0.76,0.80];[0.52,0.56];[0.12,0.16];[1.52,1.56];[1.84,1.88];[1.56,1.60];[1.00,1.04];[1.44,1.48];[0.68,0.72];[0.84,0.88];[1.20,1.24];[0.56,0.60];[0.92,0.96];[0.28,0.32];[0.44,0.48]","prereg"
"074141c5b7713d5a932a00b9","[1.92,1.96];[0.16,0.20];[0.00,0.04];[0.20,0.24];[1.04,1.08];[1.32,1.36];[1.68,1.72];[1.00,1.04];[1.40,1.44];[0.56,0.60];[0.04,0.08];[0.96,1.00];[1.44,1.48];[0.32,0.36];[1.96,2.00];[0.36,0.40];[1.84,1.88];[0.52,0.56];[1.88,1.92];[1.36,1.40];[0.08,0.12];[2.00,0.00];[0.92,0.96];[0.72,0.76];[1.64,1.68];[1.80,1.84];[0.88,0.92];[1.76,1.80];[0.24,0.28];[1.28,1.32];[0.28,0.32];[0.80,0.84];[1.16,1.20];[1.08,1.12];[0.68,0.72];[0.40,0.44];[1.20,1.24];[0.12,0.16];[1.72,1.76];[0.64,0.68];[1.24,1.28];[1.52,1.56];[0.84,0.88];[0.44,0.48];[0.48,0.52];[1.56,1.60];[1.12,1.16];[0.76,0.80];[1.60,1.64];[1.48,1.52];[0.60,0.64]","prereg"
"846e224586d7f4ec77f356c3","[2.00,0.00];[0.60,0.80];[1.40,1.60];[1.00,1.20];[0.40,0.60];[0.20,0.40];[0.00,0.20];[1.80,2.00];[1.60,1.80];[1.20,1.40];[0.80,1.00]","prereg"
"521ff10d4e7bacc5a1b2bdaa","[0.00,0.20];[1.40,1.60];[2.00,0.00];[1.60,1.80];[0.20,0.40];[1.00,1.20];[1.80,2.00];[1.20,1.40];[0.60,0.80];[0.40,0.60];[0.80,1.00]","prereg"
"","[0.64,0.68];[1.96,2.00];[0.48,0.52];[0.60,0.64];[0.00,0.04];[0.08,0.12];[0.04,0.08];[0.68,0.72];[1.84,1.88];[1.88,1.92];[0.92,0.96];[0.44,0.48];[0.76,0.80];[0.40,0.44];[0.72,0.76];[1.68,1.72];[0.52,0.56];[1.28,1.32];[1.24,1.28];[1.04,1.08];[1.76,1.80];[0.80,0.84];[1.32,1.36];[1.40,1.44];[0.16,0.20];[0.56,0.60];[1.60,1.64];[0.84,0.88];[0.88,0.92];[1.52,1.56];[2.00,0.00];[1.92,1.96];[1.56,1.60];[0.20,0.24];[1.08,1.12];[0.36,0.40];[0.32,0.36];[1.64,1.68];[1.00,1.04];[1.36,1.40];[1.12,1.16];[1.72,1.76];[0.28,0.32];[1.80,1.84];[1.48,1.52];[1.16,1.20];[0.24,0.28];[0.12,0.16];[1.20,1.24];[1.44,1.48];[0.96,1.00]","prereg"
"7c32f6e620c6724887668e84","[0.80,0.84];[1.44,1.48];[0.84,0.88];[0.00,0.04];[0.40,0.44];[1.32,1.36];[0.72,0.76];[0.08,0.12];[1.64,1.68];[0.52,0.56];[1.88,1.92];[0.32,0.36];[0.88,0.92];[1.56,1.60];[1.20,1.24];[1.96,2.00];[1.68,1.72];[0.68,0.72];[1.72,1.76];[2.00,0.00];[0.92,0.96];[0.16,0.20];[1.84,1.88];[0.36,0.40];[1.00,1.04];[0.76,0.80];[0.64,0.68];[1.16,1.20];[0.96,1.00];[1.92,1.96];[0.24,0.28];[0.44,0.48];[0.48,0.52];[1.60,1.64];[0.28,0.32];[1.04,1.08];[1.36,1.40];[1.24,1.28];[0.12,0.16];[1.12,1.16];[0.56,0.60];[1.40,1.44];[0.20,0.24];[1.76,1.80];[1.52,1.56];[1.28,1.32];[0.04,0.08];[1.80,1.84];[0.60,0.64];[1.48,1.52];[1.08,1.12]","prereg"
"b302eb068b17eaf924f90099","[1.20,1.40];[0.40,0.60];[1.40,1.60];[0.00,0.20];[0.20,0.40];[0.60,0.80];[0.80,1.00];[1.00,1.20];[1.80,2.00];[1.60,1.80];[2.00,0.00]","prereg"
"3b5084a0f5e19ee7ebb38790","[1.40,1.60];[0.40,0.60];[1.60,1.80];[2.00,0.00];[1.80,2.00];[1.00,1.20];[0.60,0.80];[0.80,1.00];[0.00,0.20];[1.20,1.40];[0.20,0.40]","prereg"
"e8cebf0ff5d9d5706de7d539","[0.80,1.00];[1.60,1.80];[1.20,1.40];[0.20,0.40];[2.00,0.00];[1.80,2.00];[0.40,0.60];[0.60,0.80];[0.00,0.20];[1.40,1.60];[1.00,1.20]","prereg"
"fdc8f57ea049962e51b17ca5","[1.56,1.60];[0.04,0.08];[1.80,1.84];[1.76,1.80];[0.60,0.64];[2.00,0.00];[0.36,0.40];[0.16,0.20];[0.52,0.56];[0.56,0.60];[0.44,0.48];[1.44,1.48];[1.00,1.04];[1.36,1.40];[1.24,1.28];[0.84,0.88];[0.88,0.92];[1.08,1.12];[0.24,0.28];[0.72,0.76];[1.16,1.20];[0.00,0.04];[1.92,1.96];[0.32,0.36];[1.28,1.32];[0.92,0.96];[1.68,1.72];[1.12,1.16];[0.68,0.72];[0.12,0.16];[0.80,0.84];[1.64,1.68];[0.96,1.00];[1.52,1.56];[0.40,0.44];[0.76,0.80];[0.08,0.12];[1.20,1.24];[1.48,1.52];[1.72,1.76];[1.84,1.88];[0.64,0.68];[1.88,1.92];[1.32,1.36];[1.04,1.08];[1.96,2.00];[1.40,1.44];[0.48,0.52];[1.60,1.64];[0.20,0.24];[0.28,0.32]","prereg"
"","[1.40,1.60];[2.00,0.00];[1.60,1.80];[0.00,0.20];[0.80,1.00];[0.40,0.60];[0.20,0.40];[1.00,1.20];[1.80,2.00];[0.60,0.80];[1.20,1.40]","prereg"
"e81a5d5a2837d3dbb1cde96f","[2.00,0.00];[0.20,0.40];[1.20,1.40];[1.60,1.80];[0.80,1.00];[1.00,1.20];[0.00,0.20];[1.40,1.60];[0.40,0.60];[1.80,2.00];[0.60,0.80]","prereg"
"de55c9e9ad74cddfc27e518e","[0.20,0.40];[0.40,0.60];[0.60,0.80];[1.20,1.40];[0.00,0.20];[1.80,2.00];[0.80,1.00];[1.40,1.60];[1.60,1.80];[2.00,0.00];[1.00,1.20]","prereg"
"dc69d01e6bbc8394202acbc3","[0.12,0.16];[0.88,0.92];[1.92,1.96];[1.04,1.08];[0.20,0.24];[1.08,1.12];[0.64,0.68];[0.84,0.88];[0.00,0.04];[1.56,1.60];[1.36,1.40];[0.32,0.36];[0.56,0.60];[0.48,0.52];[1.76,1.80];[0.76,0.80];[1.64,1.68];[0.80,0.84];[0.44,0.48];[1.28,1.32];[1.40,1.44];[1.60,1.64];[0.96,1.00];[1.12,1.16];[1.32,1.36];[0.36,0.40];[1.44,1.48];[1.20,1.24];[1.48,1.52];[0.60,0.64];[1.96,2.00];[0.52,0.56];[1.88,1.92];[0.04,0.08];[1.84,1.88];[1.80,1.84];[0.92,0.96];[0.28,0.32];[1.24,1.28];[2.00,0.00];[1.16,1.20];[0.16,0.20];[1.68,1.72];[0.72,0.76];[0.40,0.44];[0.08,0.12];[0.24,0.28];[1.52,1.56];[0.68,0.72];[1.72,1.76];[1.00,1.04]","prereg"
"","[1.56,1.60];[1.72,1.76];[1.60,1.64];[0.12,0.16];[0.52,0.56];[0.32,0.36];[0.88,0.92];[0.96,1.00];[1.00,1.04];[1.80,1.84];[0.24,0.28];[0.16,0.20];[1.76,1.80];[0.92,0.96];[1.36,1.40];[0.20,0.24];[2.00,0.00];[1.24,1.28];[1.08,1.12];[0.84,0.88];[0.08,0.12];[1.40,1.44];[1.48,1.52];[0.56,0.60];[1.92,1.96];[1.28,1.32];[0.60,0.64];[0.36,0.40];[0.80,0.84];[0.76,0.80];[1.32,1.36];[1.96,2.00];[1.64,1.68];[1.52,1.56];[1.88,1.92];[0.44,0.48];[1.16,1.20];[0.40,0.44];[1.20,1.24];[0.68,0.72];[1.04,1.08];[0.48,0.52];[0.72,0.76];[0.28,0.32];[0.04,0.08];[0.64,0.68];[0.00,0.04];[1.68,1.72];[1.84,1.88];[1.44,1.48];[1.12,1.16]","prereg"
"8bca4883ecc90150bf23004d","[2.00,0.00];[1.00,1.20];[1.80,2.00];[1.40,1.60];[0.60,0.80];[1.60,1.80];[0.40,0.60];[0.20,0.40];[0.80,1.00];[0.00,0.20];[1.20,1.40]","prereg"
"caf4fb6c9183b56c082e023b","[2.00,0.00];[0.60,0.80];[0.00,0.20];[1.80,2.00];[1.00,1.20];[1.40,1.60];[0.80,1.00];[0.40,0.60];[0.20,0.40];[1.60,1.80];[1.20,1.40]","prereg"
"0ad32f8504c002b5b5616437","[0.80,0.84];[0.84,0.88];[1.88,1.92];[1.60,1.64];[1.16,1.20];[1.08,1.12];[0.68,0.72];[1.00,1.04];[0.88,0.92];[0.00,0.04];[1.32,1.36];[0.16,0.20];[0.76,0.80];[1.84,1.88];[1.20,1.24];[0.28,0.32];[1.24,1.28];[0.56,0.60];[1.36,1.40];[0.92,0.96];[1.72,1.76];[1.04,1.08];[1.12,1.16];[1.96,2.00];[1.44,1.48];[1.80,1.84];[1.28,1.32];[1.76,1.80];[1.64,1.68];[2.00,0.00];[1.52,1.56];[0.64,0.68];[0.24,0.28];[0.40,0.44];[0.44,0.48];[0.96,1.00];[0.32,0.36];[0.72,0.76];[0.04,0.08];[0.12,0.16];[1.40,1.44];[1.68,1.72];[0.36,0.40];[0.52,0.56];[0.48,0.52];[0.20,0.24];[0.08,0.12];[1.92,1.96];[0.60,0.64];[1.48,1.52];[1.56,1.60]","prereg"
"bdff783a63414ce443975bd5","[1.80,2.00];[0.40,0.60];[0.60,0.80];[0.20,0.40];[1.60,1.80];[0.80,1.00];[1.40,1.60];[2.00,0.00];[0.00,0.20];[1.20,1.40];[1.00,1.20]","prereg"
"fcb6a3c874fb7f3469b04fb5","[0.56,0.60];[0.84,0.88];[0.92,0.96];[1.12,1.16];[1.88,1.92];[0.08,0.12];[0.60,0.64];[1.04,1.08];[1.92,1.96];[1.24,1.28];[1.00,1.04];[1.80,1.84];[0.16,0.20];[0.00,0.04];[0.28,0.32];[0.80,0.84];[1.28,1.32];[0.76,0.80];[0.72,0.76];[1.08,1.12];[0.44,0.48];[0.88,0.92];[1.32,1.36];[1.16,1.20];[1.64,1.68];[0.48,0.52];[1.84,1.88];[1.76,1.80];[1.60,1.64];[1.72,1.76];[0.32,0.36];[0.04,0.08];[1.36,1.40];[0.24,0.28];[2.00,0.00];[1.44,1.48];[1.56,1.60];[1.68,1.72];[0.12,0.16];[0.40,0.44];[0.20,0.24];[0.36,0.40];[1.20,1.24];[1.40,1.44];[0.68,0.72];[1.52,1.56];[1.48,1.52];[0.96,1.00];[0.64,0.68];[1.96,2.00];[0.52,0.56]","prereg"
"1d270f975263a0edaadf0737","[1.68,1.72];[0.92,0.96];[1.72,1.76];[1.28,1.32];[1.52,1.56];[0.84,0.88];[0.12,0.16];[1.76,1.80];[0.32,0.36];[1.40,1.44];[0.20,0.24];[0.48,0.52];[0.60,0.64];[1.64,1.68];[0.76,0.80];[1.16,1.20];[1.56,1.60];[1.92,1.96];[0.04,0.08];[0.44,0.48];[1.48,1.52];[1.04,1.08];[1.20,1.24];[0.08,0.12];[0.00,0.04];[1.32,1.36];[2.00,0.00];[0.40,0.44];[0.16,0.20];[0.72,0.76];[1.44,1.48];[0.36,0.40];[1.88,1.92];[1.96,2.00];[1.60,1.64];[1.08,1.12];[1.84,1.88];[0.96,1.00];[0.80,0.84];[0.28,0.32];[0.88,0.92];[0.64,0.68];[0.56,0.60];[1.12,1.16];[1.36,1.40];[0.52,0.56];[1.80,1.84];[0.24,0.28];[1.00,1.04];[1.24,1.28];[0.68,0.72]","prereg"
"86c25b5b69cd678246c6b724","[1.88,1.92];[0.32,0.36];[1.84,1.88];[0.80,0.84];[0.20,0.24];[1.48,1.52];[0.96,1.00];[1.92,1.96];[0.16,0.20];[1.64,1.68];[0.84,0.88];[1.56,1.60];[1.08,1.12];[0.60,0.64];[1.44,1.48];[0.24,0.28];[0.48,0.52];[1.76,1.80];[1.12,1.16];[0.28,0.32];[0.36,0.40];[0.08,0.12];[1.96,2.00];[0.56,0.60];[1.24,1.28];[1.16,1.20];[0.00,0.04];[0.40,0.44];[1.00,1.04];[0.52,0.56];[0.72,0.76];[1.04,1.08];[0.88,0.92];[0.04,0.08];[1.80,1.84];[0.68,0.72];[1.60,1.64];[1.20,1.24];[0.44,0.48];[1.68,1.72];[2.00,0.00];[0.64,0.68];[0.92,0.96];[1.28,1.32];[1.72,1.76];[1.36,1.40];[0.12,0.16];[1.40,1.44];[0.76,0.80];[1.32,1.36];[1.52,1.56]","prereg"
"bb0a927aec0cf2d97cfdc41c","[1.60,1.80];[0.20,0.40];[0.00,0.20];[0.60,0.80];[2.00,0.00];[1.40,1.60];[1.80,2.00];[0.40,0.60];[0.80,1.00];[1.20,1.40];[1.00,1.20]","prereg"
"03eded04d509ccb95eaa2f69","[1.92,1.96];[1.44,1.48];[1.64,1.68];[1.36,1.40];[1.72,1.76];[1.96,2.00];[0.96,1.00];[0.76,0.80];[1.12,1.16];[1.56,1.60];[1.84,1.88];[0.92,0.96];[1.68,1.72];[0.72,0.76];[0.08,0.12];[1.48,1.52];[0.48,0.52];[1.00,1.04];[0.80,0.84];[0.52,0.56];[0.00,0.04];[1.28,1.32];[1.08,1.12];[0.44,0.48];[1.16,1.20];[0.28,0.32];[0.56,0.60];[1.88,1.92];[0.20,0.24];[0.88,0.92];[1.32,1.36];[0.60,0.64];[1.80,1.84];[0.12,0.16];[2.00,0.00];[1.24,1.28];[1.76,1.80];[1.60,1.64];[1.52,1.56];[0.24,0.28];[1.40,1.44];[0.16,0.20];[0.36,0.40];[0.32,0.36];[0.68,0.72];[0.64,0.68];[1.20,1.24];[0.40,0.44];[1.04,1.08];[0.84,0.88];[0.04,0.08]","prereg"
"dd02603cd15b628a38aab4ba","[1.40,1.60];[0.00,0.20];[1.80,2.00];[0.60,0.80];[0.20,0.40];[2.00,0.00];[0.80,1.00];[1.00,1.20];[1.60,1.80];[0.40,0.60];[1.20,1.40]","prereg"
"c6f39a44a0ef2295dcc3778f","[1.72,1.76];[0.80,0.84];[1.76,1.80];[0.92,0.96];[1.52,1.56];[0.84,0.88];[1.84,1.88];[0.36,0.40];[1.32,1.36];[1.16,1.20];[0.48,0.52];[0.64,0.68];[0.04,0.08];[0.16,0.20];[0.20,0.24];[1.48,1.52];[1.96,2.00];[0.24,0.28];[1.44,1.48];[0.60,0.64];[0.08,0.12];[1.00,1.04];[1.08,1.12];[0.44,0.48];[0.28,0.32];[1.28,1.32];[0.72,0.76];[0.32,0.36];[0.00,0.04];[0.12,0.16];[1.20,1.24];[1.64,1.68];[1.36,1.40];[1.80,1.84];[0.68,0.72];[1.88,1.92];[1.60,1.64];[1.12,1.16];[1.04,1.08];[0.40,0.44];[2.00,0.00];[1.56,1.60];[0.56,0.60];[0.76,0.80];[0.52,0.56];[0.96,1.00];[0.88,0.92];[1.40,1.44];[1.92,1.96];[1.24,1.28];[1.68,1.72]","prereg"
"7ed32b7a11f15e94541e0f0e","[0.80,1.00];[1.40,1.60];[0.60,0.80];[0.20,0.40];[0.40,0.60];[2.00,0.00];[1.20,1.40];[0.00,0.20];[1.60,1.80];[1.80,2.00];[1.00,1.20]","prereg"
"88c98bb93a5f68ffd8b54a5e","[0.40,0.60];[0.20,0.40];[1.80,2.00];[0.00,0.20];[0.80,1.00];[1.60,1.80];[2.00,0.00];[0.60,0.80];[1.40,1.60];[1.00,1.20];[1.20,1.40]","prereg"
"9337482aefd4de73e5aea17a","[1.40,1.44];[1.20,1.24];[0.28,0.32];[1.76,1.80];[1.56,1.60];[1.96,2.00];[0.32,0.36];[0.52,0.56];[0.36,0.40];[1.52,1.56];[1.72,1.76];[0.64,0.68];[0.60,0.64];[1.24,1.28];[0.76,0.80];[1.80,1.84];[0.80,0.84];[0.12,0.16];[0.56,0.60];[1.32,1.36];[2.00,0.00];[0.48,0.52];[0.08,0.12];[1.00,1.04];[0.44,0.48];[1.92,1.96];[1.88,1.92];[0.96,1.00];[1.36,1.40];[0.72,0.76];[0.00,0.04];[1.68,1.72];[1.12,1.16];[1.08,1.12];[0.04,0.08];[1.60,1.64];[0.84,0.88];[0.16,0.20];[1.64,1.68];[0.88,0.92];[1.04,1.08];[0.68,0.72];[1.44,1.48];[0.24,0.28];[1.84,1.88];[1.28,1.32];[1.16,1.20];[0.40,0.44];[1.48,1.52];[0.20,0.24];[0.92,0.96]","prereg"
"0b52afcb49bdcbd588c7f058","[0.68,0.72];[1.24,1.28];[0.00,0.04];[0.36,0.40];[0.28,0.32];[1.92,1.96];[1.60,1.64];[1.20,1.24];[1.40,1.44];[0.96,1.00];[0.80,0.84];[0.60,0.64];[1.88,1.92];[1.52,1.56];[0.88,0.92];[0.04,0.08];[1.32,1.36];[2.00,0.00];[1.16,1.20];[1.76,1.80];[0.72,0.76];[0.76,0.80];[0.12,0.16];[1.56,1.60];[0.44,0.48];[1.80,1.84];[1.44,1.48];[0.32,0.36];[0.64,0.68];[1.96,2.00];[1.48,1.52];[1.84,1.88];[0.92,0.96];[0.20,0.24];[0.56,0.60];[1.68,1.72];[1.00,1.04];[0.24,0.28];[0.52,0.56];[1.04,1.08];[1.36,1.40];[0.84,0.88];[1.28,1.32];[1.08,1.12];[1.72,1.76];[0.40,0.44];[1.12,1.16];[0.48,0.52];[1.64,1.68];[0.16,0.20];[0.08,0.12]","prereg"
"550d6aea725b07599465133f","[0.80,1.00];[1.60,1.80];[0.60,0.80];[0.40,0.60];[0.00,0.20];[1.00,1.20];[2.00,0.00];[1.20,1.40];[1.80,2.00];[1.40,1.60];[0.20,0.40]","prereg"
"4efa37a8f93ff387a585bdb6","[0.20,0.40];[1.20,1.40];[1.60,1.80];[1.00,1.20];[0.00,0.20];[0.80,1.00];[2.00,0.00];[0.40,0.60];[1.80,2.00];[1.40,1.60];[0.60,0.80]","prereg"
"674785965cfc53b4f36fb24d","[1.40,1.60];[1.20,1.40];[0.60,0.80];[0.00,0.20];[2.00,0.00];[0.80,1.00];[1.60,1.80];[1.80,2.00];[0.20,0.40];[0.40,0.60];[1.00,1.20]","prereg"
"946a289743181511f80c3158","[0.32,0.36];[1.88,1.92];[0.56,0.60];[0.68,0.72];[1.44,1.48];[0.96,1.00];[0.48,0.52];[1.04,1.08];[1.32,1.36];[1.64,1.68];[0.76,0.80];[1.92,1.96];[0.28,0.32];[0.20,0.24];[0.24,0.28];[1.80,1.84];[0.40,0.44];[1.76,1.80];[1.72,1.76];[0.36,0.40];[1.00,1.04];[0.80,0.84];[1.60,1.64];[2.00,0.00];[0.12,0.16];[1.84,1.88];[0.88,0.92];[1.96,2.00];[0.04,0.08];[1.36,1.40];[1.40,1.44];[1.52,1.56];[0.64,0.68];[1.12,1.16];[1.28,1.32];[0.44,0.48];[1.56,1.60];[1.24,1.28];[0.52,0.56];[1.68,1.72];[0.00,0.04];[1.16,1.20];[0.92,0.96];[0.08,0.12];[0.16,0.20];[0.84,0.88];[1.08,1.12];[1.20,1.24];[0.60,0.64];[0.72,0.76];[1.48,1.52]","prereg"
"2c4deb3f987754f38a4bda15","[1.44,1.48];[1.68,1.72];[0.92,0.96];[1.28,1.32];[0.52,0.56];[0.88,0.92];[0.76,0.80];[1.00,1.04];[0.08,0.12];[0.56,0.60];[1.08,1.12];[0.44,0.48];[0.04,0.08];[0.64,0.68];[0.32,0.36];[1.20,1.24];[1.92,1.96];[0.28,0.32];[0.00,0.04];[0.20,0.24];[1.48,1.52];[1.96,2.00];[0.24,0.28];[1.64,1.68];[0.60,0.64];[1.32,1.36];[0.68,0.72];[1.24,1.28];[0.12,0.16];[1.60,1.64];[1.52,1.56];[1.36,1.40];[1.56,1.60];[1.72,1.76];[1.88,1.92];[1.40,1.44];[0.80,0.84];[2.00,0.00];[0.40,0.44];[0.84,0.88];[1.80,1.84];[1.04,1.08];[0.72,0.76];[0.96,1.00];[1.76,1.80];[1.84,1.88];[0.36,0.40];[0.48,0.52];[1.12,1.16];[1.16,1.20];[0.16,0.20]","prereg"
"","[0.92,0.96];[0.68,0.72];[1.12,1.16];[0.04,0.08];[1.48,1.52];[1.08,1.12];[0.72,0.76];[0.40,0.44];[0.16,0.20];[0.56,0.60];[1.44,1.48];[1.60,1.64];[2.00,0.00];[1.20,1.24];[1.56,1.60];[1.76,1.80];[0.44,0.48];[0.80,0.84];[1.00,1.04];[1.92,1.96];[1.52,1.56];[1.84,1.88];[0.52,0.56];[0.32,0.36];[1.64,1.68];[0.96,1.00];[1.04,1.08];[0.60,0.64];[1.80,1.84];[1.88,1.92];[0.88,0.92];[0.36,0.40];[0.64,0.68];[0.76,0.80];[1.72,1.76];[1.16,1.20];[0.00,0.04];[1.40,1.44];[1.24,1.28];[0.24,0.28];[1.36,1.40];[1.28,1.32];[1.32,1.36];[1.68,1.72];[0.48,0.52];[0.08,0.12];[0.84,0.88];[0.20,0.24];[0.28,0.32];[1.96,2.00];[0.12,0.16]","prereg"
"","[0.76,0.80];[0.00,0.04];[1.24,1.28];[0.64,0.68];[1.68,1.72];[1.76,1.80];[0.36,0.40];[0.24,0.28];[0.52,0.56];[0.16,0.20];[0.84,0.88];[1.12,1.16];[1.84,1.88];[0.04,0.08];[1.88,1.92];[1.92,1.96];[1.64,1.68];[0.80,0.84];[1.28,1.32];[1.52,1.56];[0.92,0.96];[1.60,1.64];[0.56,0.60];[1.48,1.52];[0.60,0.64];[0.28,0.32];[0.08,0.12];[0.40,0.44];[1.08,1.12];[0.32,0.36];[0.12,0.16];[1.20,1.24];[1.36,1.40];[1.96,2.00];[1.80,1.84];[1.00,1.04];[2.00,0.00];[1.04,1.08];[0.44,0.48];[0.88,0.92];[1.72,1.76];[1.56,1.60];[0.68,0.72];[0.96,1.00];[0.48,0.52];[1.44,1.48];[0.20,0.24];[1.40,1.44];[1.16,1.20];[0.72,0.76];[1.32,1.36]","prereg"
"ded07dcd999971635430fa46","[0.12,0.16];[0.56,0.60];[0.08,0.12];[1.64,1.68];[1.68,1.72];[0.84,0.88];[1.60,1.64];[0.92,0.96];[0.52,0.56];[0.24,0.28];[0.80,0.84];[1.52,1.56];[0.88,0.92];[0.64,0.68];[0.60,0.64];[0.32,0.36];[1.96,2.00];[1.16,1.20];[0.36,0.40];[1.40,1.44];[1.28,1.32];[1.20,1.24];[0.40,0.44];[1.32,1.36];[0.68,0.72];[1.88,1.92];[1.72,1.76];[0.72,0.76];[0.76,0.80];[1.84,1.88];[1.00,1.04];[1.92,1.96];[1.80,1.84];[1.08,1.12];[0.16,0.20];[1.24,1.28];[0.20,0.24];[1.76,1.80];[0.28,0.32];[1.56,1.60];[1.04,1.08];[0.04,0.08];[0.48,0.52];[0.44,0.48];[1.48,1.52];[2.00,0.00];[0.96,1.00];[1.36,1.40];[1.44,1.48];[1.12,1.16];[0.00,0.04]","prereg"
"c5cd7cf24a45a7f283556b47","[1.40,1.44];[0.24,0.28];[1.44,1.48];[1.52,1.56];[2.00,0.00];[0.60,0.64];[1.28,1.32];[1.76,1.80];[1.16,1.20];[0.32,0.36];[0.56,0.60];[1.60,1.64];[1.36,1.40];[0.28,0.32];[0.80,0.84];[1.92,1.96];[1.96,2.00];[1.04,1.08];[0.12,0.16];[0.84,0.88];[1.64,1.68];[1.80,1.84];[1.68,1.72];[0.04,0.08];[1.56,1.60];[1.24,1.28];[1.20,1.24];[1.12,1.16];[1.88,1.92];[0.96,1.00];[0.44,0.48];[1.00,1.04];[0.16,0.20];[0.68,0.72];[0.40,0.44];[0.72,0.76];[0.00,0.04];[0.20,0.24];[1.08,1.12];[0.36,0.40];[0.88,0.92];[1.48,1.52];[0.08,0.12];[1.32,1.36];[0.92,0.96];[1.84,1.88];[1.72,1.76];[0.52,0.56];[0.48,0.52];[0.64,0.68];[0.76,0.80]","prereg"
"0ac0b28c4c2a54ba0077ecf0","[1.20,1.40];[2.00,0.00];[0.00,0.20];[0.60,0.80];[0.40,0.60];[1.00,1.20];[0.80,1.00];[1.80,2.00];[1.40,1.60];[1.60,1.80];[0.20,0.40]","prereg"
"58cf223b344a85a2765b539a","[0.60,0.80];[0.00,0.20];[1.40,1.60];[2.00,0.00];[0.20,0.40];[1.80,2.00];[0.80,1.00];[0.40,0.60];[1.00,1.20];[1.60,1.80];[1.20,1.40]","prereg"
"f9f0991da8ddc64ce6bcc058","[0.40,0.60];[2.00,0.00];[1.60,1.80];[1.00,1.20];[0.20,0.40];[0.00,0.20];[0.80,1.00];[1.40,1.60];[1.20,1.40];[0.60,0.80];[1.80,2.00]","prereg"
"5667ea1fcc60783c00029dc7","[0.04,0.08];[1.76,1.80];[0.16,0.20];[0.92,0.96];[1.56,1.60];[1.04,1.08];[1.72,1.76];[1.80,1.84];[1.24,1.28];[0.64,0.68];[0.28,0.32];[1.28,1.32];[0.72,0.76];[0.84,0.88];[0.52,0.56];[0.24,0.28];[1.36,1.40];[1.92,1.96];[1.32,1.36];[0.20,0.24];[0.56,0.60];[1.40,1.44];[1.44,1.48];[1.12,1.16];[1.84,1.88];[1.48,1.52];[0.60,0.64];[0.96,1.00];[1.96,2.00];[0.32,0.36];[0.40,0.44];[1.52,1.56];[1.64,1.68];[0.48,0.52];[0.68,0.72];[0.08,0.12];[0.00,0.04];[1.20,1.24];[1.16,1.20];[1.68,1.72];[1.08,1.12];[0.80,0.84];[1.88,1.92];[2.00,0.00];[0.88,0.92];[1.00,1.04];[0.36,0.40];[0.44,0.48];[0.76,0.80];[1.60,1.64];[0.12,0.16]","prereg"
"b8adbfce657986ac1ff348fb","[0.80,0.84];[0.52,0.56];[0.56,0.60];[1.24,1.28];[1.16,1.20];[1.00,1.04];[0.76,0.80];[1.36,1.40];[0.36,0.40];[0.92,0.96];[0.64,0.68];[1.48,1.52];[0.32,0.36];[1.88,1.92];[0.44,0.48];[1.92,1.96];[2.00,0.00];[0.72,0.76];[0.12,0.16];[1.52,1.56];[1.76,1.80];[1.08,1.12];[1.56,1.60];[1.20,1.24];[1.12,1.16];[0.04,0.08];[1.60,1.64];[1.28,1.32];[1.44,1.48];[1.68,1.72];[0.48,0.52];[1.84,1.88];[0.28,0.32];[0.68,0.72];[1.32,1.36];[0.00,0.04];[0.20,0.24];[1.64,1.68];[1.80,1.84];[0.16,0.20];[0.40,0.44];[1.04,1.08];[1.96,2.00];[0.88,0.92];[1.72,1.76];[1.40,1.44];[0.60,0.64];[0.08,0.12];[0.24,0.28];[0.84,0.88];[0.96,1.00]","prereg"
"e3aa4c71bf953847fd76ecb6","[0.16,0.20];[1.92,1.96];[1.60,1.64];[1.00,1.04];[0.32,0.36];[0.12,0.16];[0.64,0.68];[1.52,1.56];[0.44,0.48];[0.76,0.80];[1.72,1.76];[1.56,1.60];[1.80,1.84];[0.08,0.12];[1.04,1.08];[1.24,1.28];[0.04,0.08];[0.68,0.72];[1.32,1.36];[0.48,0.52];[0.80,0.84];[1.48,1.52];[0.00,0.04];[1.20,1.24];[0.24,0.28];[1.68,1.72];[0.52,0.56];[1.84,1.88];[1.40,1.44];[1.12,1.16];[1.08,1.12];[0.28,0.32];[1.16,1.20];[1.44,1.48];[2.00,0.00];[1.28,1.32];[0.36,0.40];[0.72,0.76];[0.60,0.64];[1.96,2.00];[0.20,0.24];[0.56,0.60];[0.88,0.92];[1.76,1.80];[0.92,0.96];[1.88,1.92];[0.40,0.44];[0.96,1.00];[0.84,0.88];[1.64,1.68];[1.36,1.40]","prereg"
"302dfab0e85c0f5d3a6e99e7","[0.00,0.04];[0.80,0.84];[0.32,0.36];[0.08,0.12];[0.16,0.20];[1.24,1.28];[0.52,0.56];[0.68,0.72];[0.88,0.92];[1.40,1.44];[1.64,1.68];[1.96,2.00];[1.20,1.24];[0.84,0.88];[1.92,1.96];[1.08,1.12];[0.04,0.08];[1.88,1.92];[0.40,0.44];[1.72,1.76];[0.12,0.16];[0.24,0.28];[1.52,1.56];[1.32,1.36];[0.44,0.48];[0.48,0.52];[0.28,0.32];[0.96,1.00];[2.00,0.00];[1.60,1.64];[1.44,1.48];[1.16,1.20];[1.12,1.16];[1.84,1.88];[0.92,0.96];[0.36,0.40];[1.68,1.72];[1.28,1.32];[0.72,0.76];[1.36,1.40];[0.60,0.64];[0.76,0.80];[0.64,0.68];[1.04,1.08];[1.80,1.84];[1.76,1.80];[0.20,0.24];[0.56,0.60];[1.48,1.52];[1.00,1.04];[1.56,1.60]","prereg"
"e525c14e57aa3666275df149","[0.12,0.16];[0.96,1.00];[0.68,0.72];[1.72,1.76];[0.84,0.88];[2.00,0.00];[0.20,0.24];[0.00,0.04];[1.40,1.44];[1.52,1.56];[1.24,1.28];[1.88,1.92];[1.28,1.32];[0.36,0.40];[1.12,1.16];[0.52,0.56];[1.00,1.04];[0.60,0.64];[1.04,1.08];[0.64,0.68];[1.80,1.84];[1.60,1.64];[1.44,1.48];[0.76,0.80];[0.28,0.32];[0.88,0.92];[1.16,1.20];[1.96,2.00];[0.40,0.44];[1.76,1.80];[0.16,0.20];[1.64,1.68];[0.04,0.08];[0.80,0.84];[1.08,1.12];[0.72,0.76];[0.92,0.96];[0.32,0.36];[0.08,0.12];[1.48,1.52];[1.56,1.60];[1.68,1.72];[0.44,0.48];[1.20,1.24];[0.48,0.52];[1.32,1.36];[1.92,1.96];[0.56,0.60];[1.36,1.40];[1.84,1.88];[0.24,0.28]","prereg"
"4d954a4e12b13e6c1d3ccbb0","[0.80,1.00];[2.00,0.00];[1.60,1.80];[1.20,1.40];[1.00,1.20];[0.00,0.20];[0.40,0.60];[1.40,1.60];[0.20,0.40];[0.60,0.80];[1.80,2.00]","prereg"
"","[1.56,1.60];[0.48,0.52];[0.28,0.32];[0.84,0.88];[0.00,0.04];[1.68,1.72];[1.44,1.48];[0.08,0.12];[1.88,1.92];[0.60,0.64];[1.24,1.28];[1.36,1.40];[1.08,1.12];[0.76,0.80];[0.32,0.36];[0.88,0.92];[1.32,1.36];[1.72,1.76];[0.12,0.16];[1.40,1.44];[1.52,1.56];[1.00,1.04];[0.44,0.48];[0.24,0.28];[0.96,1.00];[2.00,0.00];[1.12,1.16];[1.84,1.88];[1.76,1.80];[0.40,0.44];[0.72,0.76];[1.92,1.96];[0.36,0.40];[1.48,1.52];[0.80,0.84];[1.28,1.32];[0.20,0.24];[1.80,1.84];[0.52,0.56];[1.04,1.08];[1.16,1.20];[0.92,0.96];[0.56,0.60];[0.16,0.20];[1.96,2.00];[0.64,0.68];[1.60,1.64];[1.20,1.24];[0.68,0.72];[0.04,0.08];[1.64,1.68]","prereg"
"8edbd83d635947ace7cc6879","[0.00,0.20];[2.00,0.00];[1.60,1.80];[1.00,1.20];[0.60,0.80];[0.80,1.00];[0.40,0.60];[0.20,0.40];[1.80,2.00];[1.40,1.60];[1.20,1.40]","prereg"
"6e4b64720e78af1fb236cb79","[0.92,0.96];[0.88,0.92];[1.88,1.92];[0.00,0.04];[1.00,1.04];[0.60,0.64];[1.72,1.76];[1.84,1.88];[0.36,0.40];[1.96,2.00];[1.44,1.48];[0.20,0.24];[1.32,1.36];[1.80,1.84];[1.64,1.68];[0.44,0.48];[1.76,1.80];[1.60,1.64];[2.00,0.00];[1.68,1.72];[0.32,0.36];[0.76,0.80];[0.28,0.32];[1.20,1.24];[0.72,0.76];[0.48,0.52];[0.96,1.00];[0.56,0.60];[1.52,1.56];[1.40,1.44];[1.28,1.32];[0.84,0.88];[0.04,0.08];[1.48,1.52];[1.16,1.20];[0.64,0.68];[1.92,1.96];[0.16,0.20];[1.24,1.28];[1.08,1.12];[0.52,0.56];[0.68,0.72];[0.12,0.16];[0.40,0.44];[0.80,0.84];[1.12,1.16];[1.04,1.08];[1.36,1.40];[0.24,0.28];[1.56,1.60];[0.08,0.12]","prereg"
"","[1.20,1.24];[1.84,1.88];[1.64,1.68];[0.80,0.84];[1.28,1.32];[0.92,0.96];[1.96,2.00];[0.12,0.16];[1.92,1.96];[0.04,0.08];[1.40,1.44];[1.12,1.16];[0.88,0.92];[1.08,1.12];[0.24,0.28];[0.72,0.76];[1.76,1.80];[0.28,0.32];[1.04,1.08];[1.44,1.48];[1.36,1.40];[0.52,0.56];[1.56,1.60];[0.60,0.64];[1.88,1.92];[0.44,0.48];[0.48,0.52];[0.76,0.80];[0.08,0.12];[0.32,0.36];[1.52,1.56];[0.40,0.44];[1.24,1.28];[1.60,1.64];[1.32,1.36];[0.20,0.24];[0.96,1.00];[0.84,0.88];[1.00,1.04];[1.68,1.72];[1.16,1.20];[1.72,1.76];[0.16,0.20];[1.48,1.52];[0.00,0.04];[0.36,0.40];[2.00,0.00];[0.68,0.72];[0.56,0.60];[0.64,0.68];[1.80,1.84]","prereg"
"5bb9ee22ffc6bfababfc094d","[1.00,1.04];[1.08,1.12];[1.36,1.40];[0.88,0.92];[0.12,0.16];[1.20,1.24];[1.76,1.80];[1.16,1.20];[0.08,0.12];[1.88,1.92];[0.24,0.28];[0.56,0.60];[1.28,1.32];[0.44,0.48];[1.48,1.52];[1.40,1.44];[1.52,1.56];[0.00,0.04];[1.04,1.08];[1.60,1.64];[0.68,0.72];[1.92,1.96];[2.00,0.00];[0.52,0.56];[1.44,1.48];[0.92,0.96];[1.32,1.36];[1.12,1.16];[1.24,1.28];[0.20,0.24];[0.72,0.76];[0.60,0.64];[1.56,1.60];[0.40,0.44];[1.68,1.72];[0.28,0.32];[0.16,0.20];[1.64,1.68];[0.96,1.00];[1.80,1.84];[0.32,0.36];[1.84,1.88];[0.64,0.68];[0.48,0.52];[0.80,0.84];[0.84,0.88];[0.04,0.08];[1.96,2.00];[0.36,0.40];[0.76,0.80];[1.72,1.76]","prereg"
"ed57683bf40de6db518ee2ef","[1.44,1.48];[0.68,0.72];[1.96,2.00];[0.84,0.88];[1.24,1.28];[0.92,0.96];[0.16,0.20];[1.48,1.52];[0.76,0.80];[1.68,1.72];[0.36,0.40];[0.08,0.12];[1.32,1.36];[0.52,0.56];[0.64,0.68];[0.44,0.48];[0.88,0.92];[0.04,0.08];[1.12,1.16];[0.24,0.28];[1.88,1.92];[1.04,1.08];[1.08,1.12];[1.28,1.32];[1.76,1.80];[0.20,0.24];[0.32,0.36];[1.80,1.84];[0.48,0.52];[1.16,1.20];[1.40,1.44];[1.60,1.64];[1.00,1.04];[0.00,0.04];[0.40,0.44];[0.72,0.76];[0.80,0.84];[1.56,1.60];[0.60,0.64];[1.72,1.76];[1.92,1.96];[2.00,0.00];[0.28,0.32];[0.12,0.16];[0.56,0.60];[1.84,1.88];[0.96,1.00];[1.36,1.40];[1.64,1.68];[1.20,1.24];[1.52,1.56]","prereg"
"bc88f04da0e5f9d0e2ed9626","[0.60,0.80];[1.80,2.00];[0.00,0.20];[0.20,0.40];[1.60,1.80];[0.40,0.60];[1.40,1.60];[2.00,0.00];[0.80,1.00];[1.20,1.40];[1.00,1.20]","prereg"
"a59962577ac7ab899c2e39e5","[0.00,0.20];[0.20,0.40];[0.60,0.80];[1.40,1.60];[1.20,1.40];[1.00,1.20];[1.60,1.80];[2.00,0.00];[0.40,0.60];[1.80,2.00];[0.80,1.00]","prereg"
"8c9996e61c502de10ae0ca65","[1.60,1.80];[1.80,2.00];[0.20,0.40];[0.40,0.60];[1.20,1.40];[2.00,0.00];[0.60,0.80];[0.80,1.00];[1.40,1.60];[0.00,0.20];[1.00,1.20]","prereg"
"4c641e4294ee8284c62e3638","[1.60,1.80];[0.00,0.20];[0.80,1.00];[1.40,1.60];[1.80,2.00];[0.40,0.60];[1.20,1.40];[0.60,0.80];[0.20,0.40];[1.00,1.20];[2.00,0.00]","prereg"
"37cd67dda2f16a79421ca6e0","[0.60,0.80];[0.40,0.60];[1.60,1.80];[1.80,2.00];[0.80,1.00];[0.20,0.40];[1.20,1.40];[1.40,1.60];[1.00,1.20];[0.00,0.20];[2.00,0.00]","prereg"
"757ea364db3bedb8cd59ef7f","[1.40,1.44];[2.00,0.00];[0.76,0.80];[0.40,0.44];[0.16,0.20];[0.72,0.76];[0.64,0.68];[1.44,1.48];[1.36,1.40];[1.52,1.56];[0.44,0.48];[0.00,0.04];[0.84,0.88];[0.04,0.08];[1.76,1.80];[1.08,1.12];[1.68,1.72];[1.64,1.68];[1.60,1.64];[1.04,1.08];[0.88,0.92];[1.20,1.24];[1.88,1.92];[0.28,0.32];[0.32,0.36];[0.56,0.60];[1.16,1.20];[1.56,1.60];[0.68,0.72];[1.32,1.36];[1.28,1.32];[0.20,0.24];[0.24,0.28];[1.12,1.16];[0.36,0.40];[1.80,1.84];[0.48,0.52];[1.24,1.28];[0.52,0.56];[1.84,1.88];[1.00,1.04];[0.96,1.00];[1.96,2.00];[1.48,1.52];[1.92,1.96];[0.08,0.12];[0.80,0.84];[0.12,0.16];[1.72,1.76];[0.60,0.64];[0.92,0.96]","prereg"
"cda2d8510ade9935c954b041","[0.40,0.60];[0.80,1.00];[0.20,0.40];[0.00,0.20];[1.00,1.20];[1.80,2.00];[1.60,1.80];[1.20,1.40];[1.40,1.60];[0.60,0.80];[2.00,0.00]","prereg"
"84f756e7c1d32031cd782297","[1.20,1.40];[0.20,0.40];[1.40,1.60];[0.80,1.00];[0.60,0.80];[1.80,2.00];[2.00,0.00];[0.00,0.20];[1.00,1.20];[1.60,1.80];[0.40,0.60]","prereg"
"1fd0bda7e67d4df76dfa4938","[1.12,1.16];[0.08,0.12];[0.68,0.72];[0.12,0.16];[1.52,1.56];[1.32,1.36];[0.84,0.88];[0.20,0.24];[1.24,1.28];[0.60,0.64];[0.24,0.28];[1.28,1.32];[1.36,1.40];[1.08,1.12];[0.32,0.36];[0.52,0.56];[0.56,0.60];[0.92,0.96];[0.40,0.44];[0.64,0.68];[1.72,1.76];[0.80,0.84];[1.16,1.20];[1.68,1.72];[1.56,1.60];[1.64,1.68];[1.60,1.64];[0.16,0.20];[1.44,1.48];[0.88,0.92];[0.04,0.08];[1.48,1.52];[1.00,1.04];[0.48,0.52];[0.72,0.76];[1.92,1.96];[0.96,1.00];[0.44,0.48];[1.40,1.44];[1.04,1.08];[1.96,2.00];[0.76,0.80];[1.88,1.92];[1.76,1.80];[1.80,1.84];[2.00,0.00];[0.00,0.04];[0.36,0.40];[1.20,1.24];[1.84,1.88];[0.28,0.32]","prereg"
"7bf935783ce9a81346565284","[0.40,0.60];[2.00,0.00];[0.20,0.40];[1.40,1.60];[1.00,1.20];[0.00,0.20];[1.60,1.80];[0.60,0.80];[1.20,1.40];[1.80,2.00];[0.80,1.00]","prereg"
"","[1.40,1.60];[0.20,0.40];[1.00,1.20];[0.40,0.60];[1.60,1.80];[1.80,2.00];[2.00,0.00];[1.20,1.40];[0.80,1.00];[0.00,0.20];[0.60,0.80]","prereg"
"55fd5cced7cdf19f9c908cf0","[0.80,1.00];[0.40,0.60];[1.40,1.60];[0.20,0.40];[2.00,0.00];[1.80,2.00];[0.00,0.20];[1.60,1.80];[1.20,1.40];[1.00,1.20];[0.60,0.80]","prereg"
"405af47570e6b986158d3171","[0.24,0.28];[0.36,0.40];[1.88,1.92];[1.36,1.40];[0.20,0.24];[1.44,1.48];[1.84,1.88];[0.52,0.56];[1.60,1.64];[1.64,1.68];[0.28,0.32];[0.00,0.04];[0.60,0.64];[1.08,1.12];[1.16,1.20];[1.56,1.60];[1.72,1.76];[1.68,1.72];[0.56,0.60];[0.88,0.92];[2.00,0.00];[0.48,0.52];[0.96,1.00];[0.68,0.72];[1.52,1.56];[0.40,0.44];[1.20,1.24];[1.04,1.08];[0.92,0.96];[0.44,0.48];[1.32,1.36];[1.92,1.96];[0.84,0.88];[1.40,1.44];[1.28,1.32];[0.72,0.76];[1.96,2.00];[1.48,1.52];[0.12,0.16];[0.16,0.20];[1.24,1.28];[0.80,0.84];[0.32,0.36];[1.00,1.04];[1.80,1.84];[1.76,1.80];[1.12,1.16];[0.08,0.12];[0.04,0.08];[0.76,0.80];[0.64,0.68]","prereg"
"","[0.40,0.44];[1.44,1.48];[1.16,1.20];[0.84,0.88];[1.28,1.32];[0.80,0.84];[1.08,1.12];[1.60,1.64];[0.12,0.16];[1.00,1.04];[0.24,0.28];[2.00,0.00];[0.28,0.32];[0.64,0.68];[1.96,2.00];[1.48,1.52];[0.44,0.48];[1.40,1.44];[0.16,0.20];[0.36,0.40];[1.64,1.68];[0.00,0.04];[1.32,1.36];[0.92,0.96];[0.96,1.00];[0.60,0.64];[1.36,1.40];[0.20,0.24];[1.52,1.56];[0.76,0.80];[0.32,0.36];[0.56,0.60];[0.68,0.72];[0.48,0.52];[1.20,1.24];[1.72,1.76];[1.80,1.84];[0.52,0.56];[1.56,1.60];[1.84,1.88];[0.88,0.92];[1.76,1.80];[0.04,0.08];[1.88,1.92];[1.24,1.28];[0.72,0.76];[0.08,0.12];[1.92,1.96];[1.12,1.16];[1.68,1.72];[1.04,1.08]","prereg"
"ef2c07ec694a030480cd0973","[1.68,1.72];[1.32,1.36];[1.56,1.60];[1.28,1.32];[2.00,0.00];[0.04,0.08];[1.64,1.68];[1.96,2.00];[0.64,0.68];[0.36,0.40];[0.96,1.00];[1.72,1.76];[0.68,0.72];[1.44,1.48];[0.72,0.76];[0.48,0.52];[0.76,0.80];[0.08,0.12];[0.24,0.28];[1.48,1.52];[1.36,1.40];[0.28,0.32];[0.44,0.48];[0.16,0.20];[1.00,1.04];[0.52,0.56];[0.80,0.84];[0.32,0.36];[0.92,0.96];[0.40,0.44];[1.24,1.28];[0.20,0.24];[1.16,1.20];[1.12,1.16];[0.88,0.92];[1.08,1.12];[1.76,1.80];[1.88,1.92];[0.12,0.16];[1.04,1.08];[1.20,1.24];[1.92,1.96];[0.00,0.04];[1.84,1.88];[1.80,1.84];[0.56,0.60];[1.40,1.44];[1.60,1.64];[0.60,0.64];[1.52,1.56];[0.84,0.88]","prereg"
"","[0.80,1.00];[1.60,1.80];[0.60,0.80];[1.80,2.00];[1.20,1.40];[0.00,0.20];[0.40,0.60];[1.00,1.20];[0.20,0.40];[2.00,0.00];[1.40,1.60]","prereg"
"37b23e5857c47d40b31c54f7","[0.36,0.40];[1.08,1.12];[0.84,0.88];[1.40,1.44];[1.28,1.32];[0.52,0.56];[1.56,1.60];[0.68,0.72];[1.16,1.20];[1.60,1.64];[0.44,0.48];[0.16,0.20];[0.00,0.04];[1.80,1.84];[0.04,0.08];[1.88,1.92];[0.48,0.52];[0.80,0.84];[0.08,0.12];[1.20,1.24];[0.32,0.36];[1.64,1.68];[0.72,0.76];[1.24,1.28];[1.76,1.80];[1.36,1.40];[1.04,1.08];[1.32,1.36];[1.96,2.00];[0.60,0.64];[0.56,0.60];[1.52,1.56];[0.96,1.00];[1.48,1.52];[1.00,1.04];[1.92,1.96];[0.88,0.92];[1.12,1.16];[0.28,0.32];[0.92,0.96];[0.40,0.44];[1.68,1.72];[1.44,1.48];[0.76,0.80];[1.72,1.76];[0.12,0.16];[1.84,1.88];[2.00,0.00];[0.20,0.24];[0.24,0.28];[0.64,0.68]","prereg"
"","[0.80,1.00];[1.00,1.20];[0.60,0.80];[1.80,2.00];[1.60,1.80];[0.00,0.20];[2.00,0.00];[0.40,0.60];[1.20,1.40];[0.20,0.40];[1.40,1.60]","prereg"
"3a55d0b0cd029367f3dd5fca","[0.16,0.20];[0.04,0.08];[0.40,0.44];[0.96,1.00];[0.64,0.68];[0.28,0.32];[1.52,1.56];[1.32,1.36];[0.60,0.64];[0.88,0.92];[1.40,1.44];[0.52,0.56];[1.44,1.48];[1.12,1.16];[1.00,1.04];[1.96,2.00];[0.44,0.48];[1.16,1.20];[0.72,0.76];[0.20,0.24];[1.72,1.76];[0.56,0.60];[0.84,0.88];[2.00,0.00];[1.68,1.72];[0.08,0.12];[1.76,1.80];[1.20,1.24];[1.04,1.08];[1.08,1.12];[1.80,1.84];[1.28,1.32];[1.60,1.64];[0.36,0.40];[1.88,1.92];[0.24,0.28];[0.76,0.80];[0.92,0.96];[0.80,0.84];[1.36,1.40];[1.56,1.60];[0.48,0.52];[0.12,0.16];[0.00,0.04];[1.48,1.52];[1.84,1.88];[0.68,0.72];[0.32,0.36];[1.92,1.96];[1.24,1.28];[1.64,1.68]","prereg"
"a140009e7391b3b3588fa886","[0.40,0.60];[0.80,1.00];[0.00,0.20];[0.60,0.80];[1.80,2.00];[0.20,0.40];[1.60,1.80];[1.00,1.20];[2.00,0.00];[1.20,1.40];[1.40,1.60]","prereg"
"","[1.92,1.96];[0.40,0.44];[0.68,0.72];[1.84,1.88];[1.64,1.68];[0.92,0.96];[1.80,1.84];[1.32,1.36];[0.36,0.40];[1.24,1.28];[1.36,1.40];[0.08,0.12];[0.52,0.56];[1.04,1.08];[1.12,1.16];[0.88,0.92];[0.72,0.76];[0.32,0.36];[1.48,1.52];[0.00,0.04];[0.80,0.84];[2.00,0.00];[0.24,0.28];[1.88,1.92];[0.16,0.20];[1.60,1.64];[1.52,1.56];[1.40,1.44];[0.44,0.48];[0.28,0.32];[1.00,1.04];[1.16,1.20];[1.68,1.72];[0.64,0.68];[1.96,2.00];[0.76,0.80];[0.96,1.00];[0.56,0.60];[1.72,1.76];[1.56,1.60];[1.44,1.48];[0.04,0.08];[0.60,0.64];[0.48,0.52];[1.20,1.24];[1.28,1.32];[0.12,0.16];[0.20,0.24];[1.08,1.12];[1.76,1.80];[0.84,0.88]","prereg"
"9f23aece3b6f4d1b798b9a60","[1.40,1.60];[1.00,1.20];[0.00,0.20];[1.20,1.40];[0.20,0.40];[0.40,0.60];[0.80,1.00];[1.60,1.80];[2.00,0.00];[1.80,2.00];[0.60,0.80]","prereg"
"d7150f550e445098b318aa69","[2.00,0.00];[0.40,0.60];[0.60,0.80];[0.20,0.40];[1.20,1.40];[0.80,1.00];[1.40,1.60];[1.80,2.00];[1.00,1.20];[1.60,1.80];[0.00,0.20]","prereg"
"cae171db59152aef3a19e8f2","[1.00,1.20];[1.20,1.40];[2.00,0.00];[0.60,0.80];[0.20,0.40];[0.40,0.60];[0.00,0.20];[0.80,1.00];[1.80,2.00];[1.40,1.60];[1.60,1.80]","prereg"
"43eb0bc41ef1c710b7a0fb86","[1.60,1.80];[1.40,1.60];[1.80,2.00];[1.00,1.20];[0.40,0.60];[0.80,1.00];[0.00,0.20];[0.20,0.40];[0.60,0.80];[2.00,0.00];[1.20,1.40]","prereg"
"71b52928b0c7b264bd61859e","[1.60,1.64];[0.20,0.24];[1.56,1.60];[0.40,0.44];[1.08,1.12];[1.24,1.28];[1.32,1.36];[1.92,1.96];[1.16,1.20];[0.56,0.60];[0.60,0.64];[1.36,1.40];[0.00,0.04];[0.76,0.80];[1.88,1.92];[0.96,1.00];[0.92,0.96];[1.64,1.68];[0.52,0.56];[2.00,0.00];[0.08,0.12];[0.28,0.32];[1.44,1.48];[1.04,1.08];[0.80,0.84];[0.48,0.52];[1.00,1.04];[1.76,1.80];[0.32,0.36];[0.16,0.20];[0.04,0.08];[1.72,1.76];[1.52,1.56];[0.68,0.72];[1.48,1.52];[1.80,1.84];[0.84,0.88];[0.44,0.48];[1.96,2.00];[1.40,1.44];[0.72,0.76];[0.24,0.28];[0.12,0.16];[1.68,1.72];[0.36,0.40];[1.20,1.24];[1.28,1.32];[1.12,1.16];[0.64,0.68];[1.84,1.88];[0.88,0.92]","prereg"
"31bc674c07d6639725fa1f56","[0.64,0.68];[1.72,1.76];[0.20,0.24];[0.00,0.04];[0.60,0.64];[1.36,1.40];[1.92,1.96];[0.80,0.84];[1.88,1.92];[0.76,0.80];[0.16,0.20];[1.56,1.60];[0.96,1.00];[1.60,1.64];[2.00,0.00];[1.84,1.88];[1.16,1.20];[0.44,0.48];[1.96,2.00];[0.72,0.76];[0.08,0.12];[1.68,1.72];[1.32,1.36];[1.28,1.32];[0.28,0.32];[0.04,0.08];[0.88,0.92];[1.48,1.52];[0.68,0.72];[0.92,0.96];[1.00,1.04];[0.56,0.60];[1.20,1.24];[1.80,1.84];[1.52,1.56];[1.04,1.08];[0.12,0.16];[0.48,0.52];[0.52,0.56];[1.40,1.44];[0.36,0.40];[0.84,0.88];[1.12,1.16];[0.40,0.44];[0.32,0.36];[1.64,1.68];[1.08,1.12];[0.24,0.28];[1.76,1.80];[1.24,1.28];[1.44,1.48]","prereg"
"9f7324f71a90c5275abac3cb","[1.72,1.76];[0.60,0.64];[1.24,1.28];[1.76,1.80];[1.44,1.48];[1.88,1.92];[1.20,1.24];[0.08,0.12];[0.12,0.16];[0.36,0.40];[1.36,1.40];[0.68,0.72];[1.00,1.04];[0.44,0.48];[0.48,0.52];[0.56,0.60];[2.00,0.00];[1.40,1.44];[1.96,2.00];[0.96,1.00];[0.88,0.92];[1.12,1.16];[0.52,0.56];[1.52,1.56];[1.60,1.64];[1.28,1.32];[1.32,1.36];[0.76,0.80];[0.20,0.24];[0.84,0.88];[0.40,0.44];[0.92,0.96];[1.80,1.84];[1.04,1.08];[0.00,0.04];[0.80,0.84];[1.16,1.20];[1.08,1.12];[1.64,1.68];[0.64,0.68];[0.16,0.20];[1.56,1.60];[0.24,0.28];[0.28,0.32];[0.72,0.76];[1.68,1.72];[1.92,1.96];[1.84,1.88];[1.48,1.52];[0.04,0.08];[0.32,0.36]","prereg"
"f8226c47ca378883ddeacaf8","[1.40,1.60];[0.00,0.20];[1.60,1.80];[1.00,1.20];[0.40,0.60];[1.80,2.00];[0.80,1.00];[0.60,0.80];[0.20,0.40];[2.00,0.00];[1.20,1.40]","prereg"
"569f2d98edee783960fcc8ff","[1.84,1.88];[0.68,0.72];[2.00,0.00];[0.08,0.12];[1.40,1.44];[0.28,0.32];[0.04,0.08];[1.28,1.32];[1.52,1.56];[0.52,0.56];[1.04,1.08];[0.56,0.60];[0.80,0.84];[0.36,0.40];[1.44,1.48];[1.68,1.72];[1.48,1.52];[1.12,1.16];[1.96,2.00];[1.76,1.80];[1.20,1.24];[0.64,0.68];[1.56,1.60];[1.92,1.96];[0.88,0.92];[1.36,1.40];[0.20,0.24];[0.92,0.96];[1.16,1.20];[0.32,0.36];[1.08,1.12];[0.44,0.48];[0.40,0.44];[1.00,1.04];[1.24,1.28];[1.64,1.68];[1.80,1.84];[1.72,1.76];[0.24,0.28];[0.96,1.00];[1.32,1.36];[0.16,0.20];[1.88,1.92];[0.12,0.16];[0.60,0.64];[0.48,0.52];[0.84,0.88];[0.72,0.76];[0.00,0.04];[1.60,1.64];[0.76,0.80]","prereg"
"4834889eeb81ffd0a7b135cb","[1.60,1.80];[0.20,0.40];[0.00,0.20];[0.80,1.00];[0.60,0.80];[1.40,1.60];[1.20,1.40];[1.00,1.20];[2.00,0.00];[1.80,2.00];[0.40,0.60]","prereg"
"","[0.52,0.56];[0.68,0.72];[0.48,0.52];[0.32,0.36];[0.00,0.04];[1.44,1.48];[1.96,2.00];[0.12,0.16];[1.64,1.68];[0.20,0.24];[1.68,1.72];[1.88,1.92];[1.20,1.24];[1.60,1.64];[0.56,0.60];[1.04,1.08];[1.84,1.88];[0.72,0.76];[1.00,1.04];[0.76,0.80];[0.28,0.32];[0.24,0.28];[0.36,0.40];[0.60,0.64];[1.52,1.56];[0.92,0.96];[0.96,1.00];[0.04,0.08];[2.00,0.00];[1.36,1.40];[1.92,1.96];[1.08,1.12];[0.44,0.48];[1.40,1.44];[0.88,0.92];[1.76,1.80];[0.80,0.84];[1.80,1.84];[1.72,1.76];[1.16,1.20];[0.16,0.20];[0.08,0.12];[1.24,1.28];[0.84,0.88];[1.56,1.60];[1.48,1.52];[1.32,1.36];[1.28,1.32];[1.12,1.16];[0.64,0.68];[0.40,0.44]","prereg"
"6e90a01189c1cd4eb8484c8a","[0.40,0.60];[2.00,0.00];[0.80,1.00];[0.20,0.40];[0.60,0.80];[1.40,1.60];[1.00,1.20];[0.00,0.20];[1.20,1.40];[1.80,2.00];[1.60,1.80]","prereg"
"ff963fac5d2374ea8b545696","[1.52,1.56];[0.84,0.88];[0.80,0.84];[1.96,2.00];[0.72,0.76];[0.88,0.92];[1.28,1.32];[0.28,0.32];[0.08,0.12];[1.16,1.20];[1.36,1.40];[1.64,1.68];[1.76,1.80];[0.48,0.52];[1.12,1.16];[1.44,1.48];[0.76,0.80];[2.00,0.00];[0.00,0.04];[0.44,0.48];[1.24,1.28];[1.92,1.96];[1.60,1.64];[0.36,0.40];[1.04,1.08];[1.08,1.12];[0.40,0.44];[0.96,1.00];[1.72,1.76];[0.20,0.24];[0.92,0.96];[1.56,1.60];[0.16,0.20];[0.64,0.68];[1.00,1.04];[0.60,0.64];[0.56,0.60];[1.48,1.52];[1.20,1.24];[0.04,0.08];[1.68,1.72];[1.40,1.44];[0.52,0.56];[1.32,1.36];[0.12,0.16];[0.24,0.28];[1.88,1.92];[0.68,0.72];[1.80,1.84];[0.32,0.36];[1.84,1.88]","prereg"
"9b4de76db53e69ed3d0a80c3","[1.20,1.24];[0.32,0.36];[0.60,0.64];[0.84,0.88];[1.96,2.00];[0.52,0.56];[0.72,0.76];[1.76,1.80];[0.36,0.40];[0.44,0.48];[1.16,1.20];[0.56,0.60];[1.88,1.92];[1.72,1.76];[0.40,0.44];[1.08,1.12];[0.12,0.16];[1.48,1.52];[0.64,0.68];[0.68,0.72];[0.48,0.52];[1.32,1.36];[2.00,0.00];[0.16,0.20];[1.56,1.60];[1.04,1.08];[0.04,0.08];[0.88,0.92];[0.20,0.24];[0.80,0.84];[0.28,0.32];[1.80,1.84];[1.84,1.88];[1.64,1.68];[1.68,1.72];[1.12,1.16];[1.52,1.56];[1.60,1.64];[0.00,0.04];[0.92,0.96];[1.24,1.28];[1.92,1.96];[0.24,0.28];[0.96,1.00];[1.00,1.04];[1.44,1.48];[0.76,0.80];[0.08,0.12];[1.28,1.32];[1.40,1.44];[1.36,1.40]","prereg"
"3f58bf719f02b09889286e73","[1.20,1.40];[0.00,0.20];[0.40,0.60];[0.60,0.80];[1.80,2.00];[1.60,1.80];[2.00,0.00];[1.40,1.60];[0.80,1.00];[0.20,0.40];[1.00,1.20]","prereg"
"8134f7fe40ae4d3d93543053","[0.40,0.60];[1.40,1.60];[1.00,1.20];[0.20,0.40];[2.00,0.00];[0.00,0.20];[0.80,1.00];[0.60,0.80];[1.60,1.80];[1.20,1.40];[1.80,2.00]","prereg"
"b0417df2ef077d5a0d9ee620","[1.68,1.72];[1.52,1.56];[0.68,0.72];[1.24,1.28];[1.32,1.36];[1.76,1.80];[1.12,1.16];[1.20,1.24];[1.64,1.68];[1.08,1.12];[1.28,1.32];[0.12,0.16];[0.72,0.76];[0.00,0.04];[1.56,1.60];[1.48,1.52];[0.96,1.00];[1.84,1.88];[1.72,1.76];[1.16,1.20];[0.44,0.48];[0.52,0.56];[0.88,0.92];[1.04,1.08];[0.28,0.32];[0.84,0.88];[0.76,0.80];[1.88,1.92];[1.44,1.48];[1.00,1.04];[1.92,1.96];[1.40,1.44];[0.48,0.52];[0.60,0.64];[0.64,0.68];[2.00,0.00];[0.08,0.12];[0.40,0.44];[1.96,2.00];[0.36,0.40];[1.60,1.64];[0.16,0.20];[0.20,0.24];[0.24,0.28];[0.92,0.96];[0.04,0.08];[0.80,0.84];[0.32,0.36];[0.56,0.60];[1.80,1.84];[1.36,1.40]","prereg"
"66abb1231d9c104ce28e627f","[0.60,0.80];[2.00,0.00];[0.00,0.20];[1.60,1.80];[1.00,1.20];[0.80,1.00];[0.40,0.60];[0.20,0.40];[1.20,1.40];[1.40,1.60];[1.80,2.00]","prereg"
"bd230aa1df347aa0f79d54e9","[1.88,1.92];[1.28,1.32];[0.00,0.04];[1.64,1.68];[1.04,1.08];[1.16,1.20];[1.80,1.84];[0.28,0.32];[1.40,1.44];[0.88,0.92];[0.04,0.08];[1.48,1.52];[0.08,0.12];[1.76,1.80];[1.36,1.40];[0.16,0.20];[2.00,0.00];[0.72,0.76];[0.80,0.84];[0.36,0.40];[0.20,0.24];[1.08,1.12];[1.72,1.76];[0.96,1.00];[0.52,0.56];[1.32,1.36];[0.76,0.80];[1.92,1.96];[1.56,1.60];[0.92,0.96];[1.60,1.64];[1.84,1.88];[0.84,0.88];[1.96,2.00];[1.52,1.56];[1.68,1.72];[0.32,0.36];[0.60,0.64];[1.20,1.24];[0.64,0.68];[1.12,1.16];[0.40,0.44];[1.44,1.48];[1.24,1.28];[1.00,1.04];[0.44,0.48];[0.68,0.72];[0.56,0.60];[0.12,0.16];[0.24,0.28];[0.48,0.52]","prereg"
"b0e681ee052bd0933567070e","[1.20,1.40];[0.80,1.00];[1.40,1.60];[0.40,0.60];[1.60,1.80];[1.00,1.20];[1.80,2.00];[0.00,0.20];[0.60,0.80];[0.20,0.40];[2.00,0.00]","prereg"
"e221ad2857e6f8a9ac57129e","[2.00,0.00];[0.60,0.80];[1.80,2.00];[1.00,1.20];[0.20,0.40];[1.60,1.80];[0.00,0.20];[0.40,0.60];[1.20,1.40];[1.40,1.60];[0.80,1.00]","prereg"
"5d5f5f7cc57c2d3f46a16d75","[1.60,1.80];[0.60,0.80];[2.00,0.00];[0.40,0.60];[1.20,1.40];[0.80,1.00];[1.00,1.20];[0.00,0.20];[0.20,0.40];[1.80,2.00];[1.40,1.60]","prereg"
"4e6fce9fb276958dc6c5a510","[1.80,2.00];[1.20,1.40];[1.00,1.20];[0.40,0.60];[0.80,1.00];[0.20,0.40];[1.60,1.80];[1.40,1.60];[0.00,0.20];[2.00,0.00];[0.60,0.80]","prereg"
"c9067a8845fd5b3f7e577b2e","[0.36,0.40];[1.00,1.04];[1.24,1.28];[0.80,0.84];[0.00,0.04];[0.24,0.28];[1.12,1.16];[1.52,1.56];[1.88,1.92];[0.96,1.00];[0.72,0.76];[1.92,1.96];[0.08,0.12];[0.44,0.48];[0.88,0.92];[1.44,1.48];[1.64,1.68];[0.12,0.16];[1.32,1.36];[1.68,1.72];[1.72,1.76];[1.96,2.00];[1.40,1.44];[1.84,1.88];[2.00,0.00];[1.60,1.64];[0.48,0.52];[0.20,0.24];[1.08,1.12];[0.92,0.96];[1.16,1.20];[1.56,1.60];[0.84,0.88];[1.48,1.52];[0.52,0.56];[0.60,0.64];[1.76,1.80];[1.04,1.08];[1.80,1.84];[0.68,0.72];[1.36,1.40];[0.40,0.44];[1.20,1.24];[0.76,0.80];[0.64,0.68];[0.04,0.08];[1.28,1.32];[0.56,0.60];[0.32,0.36];[0.16,0.20];[0.28,0.32]","prereg"
"a6ce3c05050e1ce3c528f8a3","[2.00,0.00];[0.80,1.00];[1.80,2.00];[1.20,1.40];[0.60,0.80];[1.00,1.20];[1.60,1.80];[0.20,0.40];[1.40,1.60];[0.00,0.20];[0.40,0.60]","prereg"
"9a38f3c8db231a28c095cad6","[0.20,0.40];[1.40,1.60];[0.80,1.00];[1.80,2.00];[1.00,1.20];[0.40,0.60];[0.00,0.20];[1.20,1.40];[0.60,0.80];[1.60,1.80];[2.00,0.00]","prereg"
"ac919e8e27f2d72ff9c9f67c","[0.36,0.40];[1.40,1.44];[1.72,1.76];[0.60,0.64];[0.64,0.68];[0.88,0.92];[0.80,0.84];[0.92,0.96];[0.04,0.08];[1.48,1.52];[0.52,0.56];[1.12,1.16];[0.96,1.00];[0.76,0.80];[2.00,0.00];[1.88,1.92];[0.24,0.28];[1.44,1.48];[1.80,1.84];[1.28,1.32];[0.16,0.20];[1.16,1.20];[1.76,1.80];[0.68,0.72];[1.32,1.36];[0.12,0.16];[1.56,1.60];[0.08,0.12];[0.84,0.88];[0.48,0.52];[1.24,1.28];[1.00,1.04];[1.20,1.24];[1.08,1.12];[1.36,1.40];[0.32,0.36];[0.20,0.24];[0.56,0.60];[0.72,0.76];[1.52,1.56];[1.84,1.88];[0.40,0.44];[1.92,1.96];[0.44,0.48];[1.96,2.00];[1.68,1.72];[0.28,0.32];[1.04,1.08];[1.60,1.64];[1.64,1.68];[0.00,0.04]","prereg"
"3a03ac884b927cc1bc225efb","[1.20,1.24];[1.40,1.44];[0.04,0.08];[0.56,0.60];[0.28,0.32];[1.68,1.72];[0.64,0.68];[0.76,0.80];[1.88,1.92];[1.72,1.76];[2.00,0.00];[1.24,1.28];[0.96,1.00];[1.36,1.40];[0.68,0.72];[0.08,0.12];[1.64,1.68];[1.60,1.64];[0.12,0.16];[0.40,0.44];[1.08,1.12];[0.48,0.52];[0.60,0.64];[0.32,0.36];[0.84,0.88];[1.16,1.20];[0.36,0.40];[0.92,0.96];[0.16,0.20];[1.84,1.88];[1.56,1.60];[0.72,0.76];[1.80,1.84];[0.80,0.84];[0.88,0.92];[1.04,1.08];[1.76,1.80];[1.32,1.36];[0.44,0.48];[1.00,1.04];[1.52,1.56];[0.24,0.28];[0.20,0.24];[0.00,0.04];[1.48,1.52];[1.12,1.16];[0.52,0.56];[1.44,1.48];[1.28,1.32];[1.92,1.96];[1.96,2.00]","prereg"
"60458103f760cafc6c3dbd7a","[1.44,1.48];[0.16,0.20];[1.96,2.00];[0.76,0.80];[1.48,1.52];[0.92,0.96];[1.36,1.40];[0.48,0.52];[1.52,1.56];[1.12,1.16];[1.04,1.08];[0.88,0.92];[0.40,0.44];[2.00,0.00];[0.64,0.68];[1.16,1.20];[1.24,1.28];[0.84,0.88];[0.60,0.64];[0.80,0.84];[0.56,0.60];[1.56,1.60];[0.72,0.76];[1.08,1.12];[0.96,1.00];[1.60,1.64];[0.04,0.08];[0.20,0.24];[0.28,0.32];[0.08,0.12];[1.68,1.72];[0.24,0.28];[1.84,1.88];[1.88,1.92];[1.40,1.44];[1.64,1.68];[1.28,1.32];[1.76,1.80];[1.72,1.76];[0.32,0.36];[1.00,1.04];[0.12,0.16];[0.52,0.56];[0.36,0.40];[1.92,1.96];[1.80,1.84];[1.20,1.24];[0.68,0.72];[1.32,1.36];[0.00,0.04];[0.44,0.48]","prereg"
"6959397111a9260261b3983d","[0.20,0.40];[1.60,1.80];[0.60,0.80];[2.00,0.00];[0.80,1.00];[1.40,1.60];[1.80,2.00];[0.00,0.20];[1.00,1.20];[1.20,1.40];[0.40,0.60]","prereg"
"3dd4dde9946c6d455fa400b9","[1.40,1.60];[0.40,0.60];[1.80,2.00];[0.00,0.20];[1.60,1.80];[2.00,0.00];[1.20,1.40];[0.60,0.80];[0.80,1.00];[1.00,1.20];[0.20,0.40]","prereg"
"","[2.00,0.00];[0.60,0.80];[1.80,2.00];[0.20,0.40];[1.40,1.60];[0.00,0.20];[1.00,1.20];[1.20,1.40];[0.80,1.00];[1.60,1.80];[0.40,0.60]","prereg"
"03cfad7ea419a4b3906bd394","[0.40,0.60];[0.80,1.00];[1.80,2.00];[1.60,1.80];[1.00,1.20];[2.00,0.00];[0.00,0.20];[0.20,0.40];[1.20,1.40];[0.60,0.80];[1.40,1.60]","prereg"
"","[0.28,0.32];[1.44,1.48];[0.20,0.24];[1.84,1.88];[1.20,1.24];[1.96,2.00];[1.72,1.76];[0.48,0.52];[0.40,0.44];[0.08,0.12];[0.12,0.16];[1.36,1.40];[1.76,1.80];[0.88,0.92];[0.56,0.60];[0.24,0.28];[1.32,1.36];[0.92,0.96];[1.08,1.12];[1.92,1.96];[1.80,1.84];[2.00,0.00];[1.68,1.72];[0.32,0.36];[1.52,1.56];[0.52,0.56];[0.72,0.76];[1.12,1.16];[1.60,1.64];[1.00,1.04];[1.24,1.28];[0.04,0.08];[1.40,1.44];[1.56,1.60];[0.16,0.20];[0.76,0.80];[0.44,0.48];[0.00,0.04];[0.64,0.68];[1.16,1.20];[0.60,0.64];[1.64,1.68];[0.68,0.72];[0.36,0.40];[0.84,0.88];[0.96,1.00];[1.28,1.32];[1.88,1.92];[0.80,0.84];[1.04,1.08];[1.48,1.52]","prereg"
"7636cbdcd5a4e20f46e94b9a","[1.40,1.60];[0.60,0.80];[1.00,1.20];[0.00,0.20];[2.00,0.00];[0.40,0.60];[0.20,0.40];[1.80,2.00];[1.60,1.80];[0.80,1.00];[1.20,1.40]","prereg"
"96cf8948f948779849f96408","[1.12,1.16];[0.92,0.96];[0.36,0.40];[0.84,0.88];[0.72,0.76];[0.96,1.00];[1.80,1.84];[0.08,0.12];[0.12,0.16];[1.40,1.44];[1.16,1.20];[0.32,0.36];[1.76,1.80];[0.48,0.52];[2.00,0.00];[1.08,1.12];[0.56,0.60];[1.04,1.08];[0.16,0.20];[1.28,1.32];[1.64,1.68];[0.44,0.48];[1.48,1.52];[0.24,0.28];[1.68,1.72];[0.80,0.84];[1.24,1.28];[1.56,1.60];[0.76,0.80];[1.60,1.64];[0.68,0.72];[1.52,1.56];[1.44,1.48];[0.04,0.08];[0.00,0.04];[0.20,0.24];[1.72,1.76];[0.88,0.92];[1.20,1.24];[1.88,1.92];[1.00,1.04];[0.52,0.56];[0.28,0.32];[0.60,0.64];[0.64,0.68];[1.96,2.00];[1.32,1.36];[1.84,1.88];[0.40,0.44];[1.92,1.96];[1.36,1.40]","prereg"
"923d1944b2d9868e106a741a","[0.60,0.80];[1.60,1.80];[0.40,0.60];[0.20,0.40];[1.80,2.00];[0.80,1.00];[1.00,1.20];[1.40,1.60];[0.00,0.20];[2.00,0.00];[1.20,1.40]","prereg"
"55a6c66c5dbc38135e577aa0","[1.40,1.44];[1.88,1.92];[1.08,1.12];[1.20,1.24];[0.80,0.84];[1.44,1.48];[0.44,0.48];[0.52,0.56];[1.36,1.40];[1.84,1.88];[0.56,0.60];[0.92,0.96];[1.28,1.32];[1.92,1.96];[1.76,1.80];[2.00,0.00];[1.52,1.56];[1.24,1.28];[1.32,1.36];[0.76,0.80];[0.60,0.64];[0.08,0.12];[1.04,1.08];[0.24,0.28];[0.96,1.00];[1.80,1.84];[1.68,1.72];[0.88,0.92];[0.68,0.72];[1.56,1.60];[1.16,1.20];[0.64,0.68];[0.48,0.52];[0.04,0.08];[1.00,1.04];[1.96,2.00];[1.64,1.68];[0.20,0.24];[0.72,0.76];[0.40,0.44];[0.32,0.36];[0.36,0.40];[0.28,0.32];[0.12,0.16];[1.12,1.16];[0.00,0.04];[0.84,0.88];[1.60,1.64];[0.16,0.20];[1.48,1.52];[1.72,1.76]","prereg"
"aaabfd2adff8669f8b90e124","[1.80,2.00];[0.20,0.40];[2.00,0.00];[0.00,0.20];[1.20,1.40];[0.60,0.80];[0.80,1.00];[0.40,0.60];[1.40,1.60];[1.60,1.80];[1.00,1.20]","prereg"
"17eb17d2013b8755a42c3cc2","[1.12,1.16];[0.84,0.88];[0.40,0.44];[0.36,0.40];[1.72,1.76];[0.16,0.20];[1.52,1.56];[0.04,0.08];[1.48,1.52];[0.44,0.48];[0.52,0.56];[0.64,0.68];[0.00,0.04];[1.16,1.20];[1.28,1.32];[0.28,0.32];[0.56,0.60];[2.00,0.00];[0.48,0.52];[1.76,1.80];[0.24,0.28];[1.84,1.88];[0.80,0.84];[0.96,1.00];[1.24,1.28];[1.56,1.60];[0.32,0.36];[1.32,1.36];[0.76,0.80];[1.36,1.40];[1.44,1.48];[0.72,0.76];[0.92,0.96];[1.00,1.04];[1.04,1.08];[0.20,0.24];[0.68,0.72];[1.88,1.92];[0.12,0.16];[1.68,1.72];[1.60,1.64];[1.08,1.12];[1.80,1.84];[0.88,0.92];[0.60,0.64];[1.40,1.44];[0.08,0.12];[1.96,2.00];[1.92,1.96];[1.20,1.24];[1.64,1.68]","prereg"
"c6a858400bd89e6d31b5aede","[1.60,1.80];[0.60,0.80];[0.00,0.20];[0.40,0.60];[2.00,0.00];[1.40,1.60];[1.80,2.00];[1.20,1.40];[0.80,1.00];[0.20,0.40];[1.00,1.20]","prereg"
"5da0beafa84610769e6d0014","[0.64,0.68];[0.24,0.28];[0.04,0.08];[0.00,0.04];[0.32,0.36];[0.40,0.44];[1.76,1.80];[0.72,0.76];[1.04,1.08];[0.76,0.80];[0.80,0.84];[1.00,1.04];[0.52,0.56];[1.20,1.24];[1.24,1.28];[0.60,0.64];[1.92,1.96];[1.52,1.56];[0.48,0.52];[0.68,0.72];[0.28,0.32];[1.96,2.00];[1.36,1.40];[0.44,0.48];[1.32,1.36];[0.88,0.92];[1.16,1.20];[1.28,1.32];[1.68,1.72];[1.48,1.52];[0.20,0.24];[2.00,0.00];[1.60,1.64];[1.40,1.44];[0.08,0.12];[0.56,0.60];[1.80,1.84];[1.56,1.60];[1.08,1.12];[1.44,1.48];[0.96,1.00];[1.88,1.92];[1.64,1.68];[0.84,0.88];[0.16,0.20];[0.92,0.96];[1.84,1.88];[1.72,1.76];[1.12,1.16];[0.12,0.16];[0.36,0.40]","prereg"
"","[1.68,1.72];[0.52,0.56];[1.24,1.28];[1.72,1.76];[1.52,1.56];[1.60,1.64];[0.44,0.48];[0.76,0.80];[0.24,0.28];[0.16,0.20];[1.40,1.44];[1.76,1.80];[1.28,1.32];[1.88,1.92];[0.72,0.76];[1.56,1.60];[0.80,0.84];[1.92,1.96];[1.08,1.12];[0.00,0.04];[1.00,1.04];[0.48,0.52];[1.12,1.16];[1.20,1.24];[0.64,0.68];[0.20,0.24];[0.84,0.88];[0.04,0.08];[2.00,0.00];[1.16,1.20];[0.56,0.60];[1.64,1.68];[0.28,0.32];[1.84,1.88];[1.36,1.40];[0.12,0.16];[0.60,0.64];[1.80,1.84];[1.32,1.36];[0.92,0.96];[0.68,0.72];[0.36,0.40];[0.08,0.12];[1.96,2.00];[1.04,1.08];[0.32,0.36];[1.48,1.52];[0.40,0.44];[1.44,1.48];[0.96,1.00];[0.88,0.92]","prereg"
"","[1.40,1.60];[1.20,1.40];[1.80,2.00];[0.80,1.00];[0.20,0.40];[1.00,1.20];[0.60,0.80];[0.00,0.20];[2.00,0.00];[0.40,0.60];[1.60,1.80]","prereg"
"","[1.20,1.40];[0.00,0.20];[0.20,0.40];[0.80,1.00];[0.60,0.80];[1.40,1.60];[2.00,0.00];[1.80,2.00];[1.60,1.80];[1.00,1.20];[0.40,0.60]","prereg"
"","[1.00,1.04];[1.60,1.64];[0.20,0.24];[1.04,1.08];[1.64,1.68];[1.96,2.00];[0.52,0.56];[1.28,1.32];[0.56,0.60];[0.88,0.92];[0.92,0.96];[1.48,1.52];[1.84,1.88];[0.60,0.64];[0.12,0.16];[0.76,0.80];[2.00,0.00];[1.36,1.40];[0.08,0.12];[0.32,0.36];[0.48,0.52];[0.16,0.20];[1.32,1.36];[0.36,0.40];[1.12,1.16];[1.44,1.48];[0.64,0.68];[1.88,1.92];[1.16,1.20];[0.80,0.84];[1.72,1.76];[0.96,1.00];[1.52,1.56];[1.68,1.72];[1.40,1.44];[1.80,1.84];[0.04,0.08];[0.00,0.04];[1.08,1.12];[0.68,0.72];[1.20,1.24];[0.72,0.76];[1.56,1.60];[1.76,1.80];[0.28,0.32];[0.24,0.28];[1.92,1.96];[1.24,1.28];[0.40,0.44];[0.44,0.48];[0.84,0.88]","prereg"
"2d9114891a45729d1fe81d73","[0.36,0.40];[0.40,0.44];[1.60,1.64];[0.92,0.96];[1.96,2.00];[2.00,0.00];[0.80,0.84];[0.08,0.12];[1.40,1.44];[1.56,1.60];[0.84,0.88];[0.72,0.76];[0.56,0.60];[0.88,0.92];[0.12,0.16];[1.72,1.76];[1.48,1.52];[1.32,1.36];[1.00,1.04];[0.64,0.68];[0.68,0.72];[1.76,1.80];[1.24,1.28];[0.76,0.80];[1.68,1.72];[0.04,0.08];[0.60,0.64];[1.80,1.84];[1.64,1.68];[1.28,1.32];[0.48,0.52];[1.20,1.24];[1.44,1.48];[1.84,1.88];[0.20,0.24];[0.28,0.32];[1.88,1.92];[0.16,0.20];[1.36,1.40];[0.32,0.36];[0.52,0.56];[1.16,1.20];[0.00,0.04];[1.92,1.96];[0.96,1.00];[1.52,1.56];[0.44,0.48];[1.04,1.08];[0.24,0.28];[1.12,1.16];[1.08,1.12]","prereg"
"733ffefa6a5f3b76cc3fa38c","[0.68,0.72];[1.36,1.40];[0.44,0.48];[1.48,1.52];[0.40,0.44];[0.08,0.12];[0.00,0.04];[1.20,1.24];[1.76,1.80];[1.40,1.44];[0.36,0.40];[1.88,1.92];[0.12,0.16];[0.96,1.00];[0.60,0.64];[0.88,0.92];[1.08,1.12];[0.72,0.76];[1.12,1.16];[1.80,1.84];[1.24,1.28];[1.68,1.72];[0.04,0.08];[0.76,0.80];[2.00,0.00];[1.56,1.60];[1.00,1.04];[1.84,1.88];[1.64,1.68];[0.56,0.60];[1.04,1.08];[0.52,0.56];[0.48,0.52];[0.80,0.84];[0.64,0.68];[0.16,0.20];[1.72,1.76];[1.16,1.20];[1.96,2.00];[1.52,1.56];[1.32,1.36];[1.60,1.64];[0.92,0.96];[0.24,0.28];[0.20,0.24];[0.84,0.88];[0.32,0.36];[1.28,1.32];[1.44,1.48];[0.28,0.32];[1.92,1.96]","prereg"
"87d963aa46d9cd6a955a42ab","[1.72,1.76];[1.92,1.96];[1.56,1.60];[0.16,0.20];[2.00,0.00];[0.48,0.52];[0.80,0.84];[0.24,0.28];[1.32,1.36];[1.52,1.56];[1.40,1.44];[0.04,0.08];[1.00,1.04];[0.28,0.32];[0.88,0.92];[0.44,0.48];[1.68,1.72];[1.36,1.40];[0.36,0.40];[1.76,1.80];[1.84,1.88];[0.68,0.72];[0.92,0.96];[0.00,0.04];[0.12,0.16];[1.16,1.20];[1.04,1.08];[0.72,0.76];[0.64,0.68];[1.24,1.28];[0.60,0.64];[0.08,0.12];[1.80,1.84];[0.84,0.88];[1.12,1.16];[0.52,0.56];[1.20,1.24];[0.20,0.24];[0.96,1.00];[1.60,1.64];[1.88,1.92];[0.40,0.44];[0.32,0.36];[0.56,0.60];[1.96,2.00];[1.28,1.32];[1.64,1.68];[1.44,1.48];[0.76,0.80];[1.08,1.12];[1.48,1.52]","prereg"
"5bc6f1f8784b192400cb45a5","[1.00,1.20];[1.40,1.60];[2.00,0.00];[1.60,1.80];[0.40,0.60];[0.20,0.40];[1.20,1.40];[0.00,0.20];[1.80,2.00];[0.80,1.00];[0.60,0.80]","prereg"
"799e22e11671f25eb1801fea","[1.84,1.88];[0.36,0.40];[0.72,0.76];[0.48,0.52];[1.32,1.36];[1.24,1.28];[0.92,0.96];[0.12,0.16];[1.96,2.00];[1.36,1.40];[0.32,0.36];[1.12,1.16];[0.56,0.60];[0.04,0.08];[0.44,0.48];[1.52,1.56];[0.80,0.84];[1.56,1.60];[0.68,0.72];[0.88,0.92];[0.40,0.44];[0.24,0.28];[0.20,0.24];[2.00,0.00];[1.80,1.84];[1.92,1.96];[0.96,1.00];[1.04,1.08];[1.40,1.44];[1.72,1.76];[0.76,0.80];[1.16,1.20];[0.60,0.64];[1.20,1.24];[1.88,1.92];[0.00,0.04];[1.48,1.52];[1.28,1.32];[0.84,0.88];[1.00,1.04];[0.28,0.32];[1.44,1.48];[0.52,0.56];[1.08,1.12];[0.08,0.12];[0.16,0.20];[1.76,1.80];[1.60,1.64];[1.68,1.72];[1.64,1.68];[0.64,0.68]","prereg"
"ab837f7ee8fab954f07e9c3f","[2.00,0.00];[0.60,0.80];[1.40,1.60];[1.80,2.00];[0.80,1.00];[1.60,1.80];[1.20,1.40];[0.00,0.20];[0.40,0.60];[1.00,1.20];[0.20,0.40]","prereg"
"a72efd006389cfd33c135a12","[0.84,0.88];[0.56,0.60];[0.92,0.96];[0.24,0.28];[0.80,0.84];[1.32,1.36];[0.64,0.68];[1.48,1.52];[1.60,1.64];[0.48,0.52];[1.92,1.96];[1.56,1.60];[0.28,0.32];[1.04,1.08];[0.52,0.56];[0.12,0.16];[0.60,0.64];[1.96,2.00];[0.08,0.12];[1.24,1.28];[1.68,1.72];[1.36,1.40];[1.16,1.20];[1.64,1.68];[1.76,1.80];[0.96,1.00];[1.84,1.88];[0.20,0.24];[1.52,1.56];[0.00,0.04];[0.04,0.08];[0.40,0.44];[1.80,1.84];[0.36,0.40];[0.72,0.76];[0.76,0.80];[0.44,0.48];[1.28,1.32];[0.16,0.20];[1.08,1.12];[1.12,1.16];[1.20,1.24];[1.88,1.92];[0.68,0.72];[1.72,1.76];[1.00,1.04];[1.40,1.44];[0.32,0.36];[0.88,0.92];[1.44,1.48];[2.00,0.00]","prereg"
"287bccbedf633848132a4c06","[1.40,1.60];[1.20,1.40];[0.60,0.80];[1.80,2.00];[2.00,0.00];[0.40,0.60];[1.60,1.80];[0.20,0.40];[0.80,1.00];[1.00,1.20];[0.00,0.20]","prereg"
"78fee4b34d771ffcf9576575","[1.60,1.80];[1.80,2.00];[1.40,1.60];[0.80,1.00];[0.60,0.80];[2.00,0.00];[1.00,1.20];[1.20,1.40];[0.40,0.60];[0.00,0.20];[0.20,0.40]","prereg"
"1954243267c2ce5575fecfeb","[1.40,1.60];[1.00,1.20];[1.20,1.40];[0.40,0.60];[0.20,0.40];[1.80,2.00];[2.00,0.00];[0.00,0.20];[0.60,0.80];[0.80,1.00];[1.60,1.80]","prereg"
"5266767a88a45f1bad49864c","[1.16,1.20];[1.88,1.92];[1.84,1.88];[0.68,0.72];[1.28,1.32];[0.04,0.08];[0.16,0.20];[0.64,0.68];[0.52,0.56];[0.32,0.36];[1.12,1.16];[1.24,1.28];[0.00,0.04];[1.32,1.36];[1.52,1.56];[0.40,0.44];[0.20,0.24];[0.96,1.00];[0.56,0.60];[1.56,1.60];[1.76,1.80];[1.64,1.68];[1.40,1.44];[1.80,1.84];[2.00,0.00];[1.44,1.48];[0.60,0.64];[1.68,1.72];[0.88,0.92];[1.92,1.96];[0.92,0.96];[1.96,2.00];[0.08,0.12];[1.48,1.52];[0.36,0.40];[1.00,1.04];[0.28,0.32];[1.36,1.40];[0.12,0.16];[1.72,1.76];[1.08,1.12];[0.84,0.88];[1.04,1.08];[1.20,1.24];[0.72,0.76];[1.60,1.64];[0.48,0.52];[0.24,0.28];[0.80,0.84];[0.44,0.48];[0.76,0.80]","prereg"
"","[1.56,1.60];[0.00,0.04];[1.48,1.52];[2.00,0.00];[0.64,0.68];[0.96,1.00];[0.08,0.12];[1.52,1.56];[1.84,1.88];[1.68,1.72];[0.84,0.88];[1.12,1.16];[1.60,1.64];[0.68,0.72];[0.92,0.96];[1.36,1.40];[0.56,0.60];[1.32,1.36];[0.72,0.76];[1.44,1.48];[1.64,1.68];[1.80,1.84];[0.40,0.44];[0.44,0.48];[0.12,0.16];[1.92,1.96];[0.16,0.20];[0.28,0.32];[1.96,2.00];[1.24,1.28];[0.80,0.84];[1.76,1.80];[1.20,1.24];[1.28,1.32];[1.00,1.04];[1.04,1.08];[1.40,1.44];[0.04,0.08];[1.88,1.92];[0.24,0.28];[0.88,0.92];[0.20,0.24];[0.52,0.56];[1.16,1.20];[0.48,0.52];[1.08,1.12];[0.76,0.80];[0.60,0.64];[0.36,0.40];[0.32,0.36];[1.72,1.76]","prereg"
"","[0.88,0.92];[0.36,0.40];[1.72,1.76];[1.40,1.44];[1.20,1.24];[0.32,0.36];[0.40,0.44];[0.48,0.52];[0.28,0.32];[1.16,1.20];[0.16,0.20];[0.68,0.72];[0.72,0.76];[1.04,1.08];[1.92,1.96];[0.92,0.96];[0.20,0.24];[0.60,0.64];[0.08,0.12];[0.00,0.04];[0.52,0.56];[1.52,1.56];[1.28,1.32];[1.48,1.52];[1.56,1.60];[1.64,1.68];[1.68,1.72];[0.96,1.00];[1.36,1.40];[1.88,1.92];[0.44,0.48];[1.76,1.80];[0.12,0.16];[0.64,0.68];[1.32,1.36];[0.80,0.84];[1.12,1.16];[1.44,1.48];[1.00,1.04];[1.24,1.28];[1.60,1.64];[1.84,1.88];[0.76,0.80];[1.80,1.84];[0.04,0.08];[0.56,0.60];[1.96,2.00];[1.08,1.12];[2.00,0.00];[0.84,0.88];[0.24,0.28]","prereg"
"","[0.40,0.60];[0.00,0.20];[0.20,0.40];[1.00,1.20];[1.40,1.60];[1.60,1.80];[0.60,0.80];[2.00,0.00];[0.80,1.00];[1.20,1.40];[1.80,2.00]","prereg"
"7344fbae7361c50b719b54e0","[0.96,1.00];[0.16,0.20];[0.92,0.96];[1.76,1.80];[0.20,0.24];[0.68,0.72];[2.00,0.00];[1.88,1.92];[0.24,0.28];[1.24,1.28];[0.84,0.88];[0.72,0.76];[0.12,0.16];[1.20,1.24];[0.56,0.60];[0.80,0.84];[1.96,2.00];[1.36,1.40];[1.64,1.68];[1.44,1.48];[1.68,1.72];[0.40,0.44];[1.56,1.60];[0.28,0.32];[1.12,1.16];[0.08,0.12];[0.04,0.08];[0.36,0.40];[0.48,0.52];[1.48,1.52];[0.60,0.64];[1.04,1.08];[1.84,1.88];[1.92,1.96];[0.00,0.04];[1.28,1.32];[1.00,1.04];[0.52,0.56];[0.88,0.92];[1.80,1.84];[1.60,1.64];[0.64,0.68];[1.52,1.56];[1.40,1.44];[0.44,0.48];[1.72,1.76];[1.08,1.12];[0.76,0.80];[1.32,1.36];[0.32,0.36];[1.16,1.20]","prereg"
"e0575174196bc9f58b143c72","[0.20,0.40];[0.40,0.60];[1.60,1.80];[0.00,0.20];[2.00,0.00];[1.80,2.00];[1.20,1.40];[1.00,1.20];[1.40,1.60];[0.80,1.00];[0.60,0.80]","prereg"
"ebbce3f8a7a884800cffd070","[0.40,0.60];[1.20,1.40];[1.80,2.00];[0.80,1.00];[1.40,1.60];[0.60,0.80];[0.00,0.20];[2.00,0.00];[1.00,1.20];[0.20,0.40];[1.60,1.80]","prereg"
"e71d0a9dc5b3fbfb4bf17970","[1.40,1.60];[0.20,0.40];[1.60,1.80];[1.20,1.40];[0.40,0.60];[0.00,0.20];[0.80,1.00];[2.00,0.00];[0.60,0.80];[1.80,2.00];[1.00,1.20]","prereg"
"31868b7b0bd4c7a49ac55e47","[0.64,0.68];[0.36,0.40];[0.08,0.12];[1.48,1.52];[1.76,1.80];[0.96,1.00];[1.08,1.12];[1.04,1.08];[0.76,0.80];[1.36,1.40];[1.96,2.00];[1.52,1.56];[1.84,1.88];[1.24,1.28];[1.80,1.84];[0.84,0.88];[0.44,0.48];[0.28,0.32];[2.00,0.00];[1.28,1.32];[0.16,0.20];[0.24,0.28];[0.52,0.56];[0.40,0.44];[1.92,1.96];[0.80,0.84];[0.48,0.52];[1.44,1.48];[0.32,0.36];[1.68,1.72];[1.12,1.16];[1.32,1.36];[0.88,0.92];[0.92,0.96];[1.40,1.44];[1.56,1.60];[1.20,1.24];[0.56,0.60];[0.20,0.24];[1.00,1.04];[0.12,0.16];[1.88,1.92];[1.64,1.68];[0.68,0.72];[1.72,1.76];[1.60,1.64];[0.04,0.08];[1.16,1.20];[0.00,0.04];[0.72,0.76];[0.60,0.64]","prereg"
"0f6cb6714a0dab3e14a4d9b8","[1.88,1.92];[1.20,1.24];[1.32,1.36];[1.84,1.88];[1.40,1.44];[1.60,1.64];[1.80,1.84];[0.16,0.20];[0.56,0.60];[0.36,0.40];[0.84,0.88];[0.76,0.80];[0.88,0.92];[0.68,0.72];[1.44,1.48];[0.24,0.28];[0.60,0.64];[1.52,1.56];[0.48,0.52];[1.16,1.20];[1.00,1.04];[0.72,0.76];[1.04,1.08];[0.12,0.16];[2.00,0.00];[1.08,1.12];[0.32,0.36];[0.64,0.68];[0.28,0.32];[1.12,1.16];[0.20,0.24];[1.72,1.76];[1.56,1.60];[1.76,1.80];[0.96,1.00];[0.92,0.96];[1.48,1.52];[1.24,1.28];[0.40,0.44];[1.36,1.40];[1.96,2.00];[0.00,0.04];[0.04,0.08];[0.44,0.48];[1.68,1.72];[1.92,1.96];[0.52,0.56];[0.08,0.12];[1.64,1.68];[0.80,0.84];[1.28,1.32]","prereg"
"5f4fea3554aaa86659445438","[0.24,0.28];[1.08,1.12];[1.40,1.44];[1.56,1.60];[0.32,0.36];[0.88,0.92];[1.16,1.20];[0.96,1.00];[1.32,1.36];[1.20,1.24];[1.48,1.52];[0.12,0.16];[0.20,0.24];[1.24,1.28];[1.60,1.64];[0.48,0.52];[1.28,1.32];[0.08,0.12];[1.44,1.48];[0.56,0.60];[0.36,0.40];[1.96,2.00];[1.04,1.08];[1.84,1.88];[0.28,0.32];[0.44,0.48];[1.00,1.04];[0.52,0.56];[0.40,0.44];[1.68,1.72];[1.76,1.80];[0.84,0.88];[1.12,1.16];[1.92,1.96];[0.00,0.04];[1.36,1.40];[0.80,0.84];[0.64,0.68];[0.16,0.20];[0.68,0.72];[0.92,0.96];[0.04,0.08];[0.76,0.80];[0.72,0.76];[0.60,0.64];[1.80,1.84];[1.52,1.56];[1.64,1.68];[2.00,0.00];[1.72,1.76];[1.88,1.92]","prereg"
"25fdc0e49c2267b8639c911a","[1.00,1.20];[1.20,1.40];[0.40,0.60];[0.20,0.40];[0.80,1.00];[2.00,0.00];[1.60,1.80];[0.00,0.20];[0.60,0.80];[1.80,2.00];[1.40,1.60]","prereg"
"e6801d43f48572efda4117f9","[0.60,0.64];[0.48,0.52];[1.12,1.16];[1.72,1.76];[0.24,0.28];[1.48,1.52];[1.52,1.56];[1.56,1.60];[0.72,0.76];[0.76,0.80];[1.28,1.32];[0.28,0.32];[0.96,1.00];[1.96,2.00];[0.88,0.92];[0.00,0.04];[0.84,0.88];[0.80,0.84];[1.00,1.04];[0.40,0.44];[1.76,1.80];[0.68,0.72];[1.80,1.84];[1.84,1.88];[0.04,0.08];[1.88,1.92];[0.44,0.48];[1.24,1.28];[1.40,1.44];[1.44,1.48];[1.60,1.64];[2.00,0.00];[1.04,1.08];[1.20,1.24];[1.36,1.40];[0.36,0.40];[1.92,1.96];[0.16,0.20];[0.20,0.24];[1.32,1.36];[0.52,0.56];[0.92,0.96];[1.64,1.68];[0.08,0.12];[0.56,0.60];[0.64,0.68];[0.32,0.36];[0.12,0.16];[1.68,1.72];[1.08,1.12];[1.16,1.20]","prereg"
"c12512f010d0fb9360d4e9e6","[0.00,0.04];[1.76,1.80];[0.52,0.56];[1.40,1.44];[1.88,1.92];[1.04,1.08];[1.12,1.16];[1.92,1.96];[1.16,1.20];[0.76,0.80];[0.12,0.16];[0.08,0.12];[1.32,1.36];[1.44,1.48];[1.56,1.60];[0.92,0.96];[1.28,1.32];[1.96,2.00];[0.56,0.60];[0.64,0.68];[1.80,1.84];[0.96,1.00];[1.48,1.52];[2.00,0.00];[1.52,1.56];[1.24,1.28];[0.04,0.08];[0.80,0.84];[0.68,0.72];[1.00,1.04];[1.72,1.76];[1.84,1.88];[0.40,0.44];[0.16,0.20];[0.24,0.28];[1.20,1.24];[0.20,0.24];[0.44,0.48];[0.84,0.88];[1.68,1.72];[0.48,0.52];[0.88,0.92];[0.28,0.32];[0.60,0.64];[1.08,1.12];[0.32,0.36];[0.36,0.40];[1.60,1.64];[1.64,1.68];[0.72,0.76];[1.36,1.40]","prereg"
"","[2.00,0.00];[0.20,0.40];[0.00,0.20];[0.80,1.00];[0.40,0.60];[1.80,2.00];[1.20,1.40];[1.40,1.60];[1.00,1.20];[1.60,1.80];[0.60,0.80]","prereg"
"4fa6e560dc9182f813a712d3","[0.40,0.60];[1.20,1.40];[1.00,1.20];[1.80,2.00];[0.00,0.20];[0.20,0.40];[1.40,1.60];[0.60,0.80];[1.60,1.80];[0.80,1.00];[2.00,0.00]","prereg"
"7df83c320b8de4413ded8b33","[0.60,0.80];[2.00,0.00];[0.20,0.40];[1.60,1.80];[1.00,1.20];[0.40,0.60];[1.20,1.40];[0.00,0.20];[1.80,2.00];[1.40,1.60];[0.80,1.00]","prereg"
"48202ab90a4e5e61252e6963","[0.32,0.36];[1.40,1.44];[1.52,1.56];[1.48,1.52];[0.80,0.84];[1.76,1.80];[1.92,1.96];[0.76,0.80];[1.32,1.36];[0.00,0.04];[1.24,1.28];[0.12,0.16];[0.16,0.20];[1.64,1.68];[0.88,0.92];[0.48,0.52];[1.88,1.92];[1.12,1.16];[1.80,1.84];[1.84,1.88];[1.60,1.64];[0.28,0.32];[0.64,0.68];[1.68,1.72];[0.84,0.88];[0.36,0.40];[0.08,0.12];[1.04,1.08];[0.96,1.00];[0.20,0.24];[0.60,0.64];[0.68,0.72];[2.00,0.00];[0.92,0.96];[1.96,2.00];[0.44,0.48];[1.20,1.24];[1.72,1.76];[0.40,0.44];[1.36,1.40];[1.28,1.32];[0.24,0.28];[1.44,1.48];[0.56,0.60];[1.08,1.12];[1.00,1.04];[1.56,1.60];[0.72,0.76];[0.04,0.08];[0.52,0.56];[1.16,1.20]","prereg"
"9d4dea2d9057139c7caeebd9","[0.80,1.00];[2.00,0.00];[0.00,0.20];[0.40,0.60];[1.00,1.20];[0.60,0.80];[0.20,0.40];[1.20,1.40];[1.40,1.60];[1.80,2.00];[1.60,1.80]","prereg"
"b28bcf68392e975a2200d9b5","[0.96,1.00];[0.68,0.72];[1.04,1.08];[1.16,1.20];[1.96,2.00];[1.40,1.44];[0.32,0.36];[0.56,0.60];[2.00,0.00];[0.44,0.48];[0.48,0.52];[0.64,0.68];[1.20,1.24];[0.20,0.24];[1.68,1.72];[1.80,1.84];[1.08,1.12];[1.72,1.76];[1.52,1.56];[0.12,0.16];[0.24,0.28];[1.36,1.40];[1.44,1.48];[1.88,1.92];[1.92,1.96];[1.32,1.36];[1.24,1.28];[0.28,0.32];[1.12,1.16];[0.92,0.96];[1.00,1.04];[0.36,0.40];[1.60,1.64];[1.84,1.88];[1.76,1.80];[1.28,1.32];[0.04,0.08];[0.40,0.44];[0.00,0.04];[0.80,0.84];[0.60,0.64];[1.48,1.52];[0.84,0.88];[0.16,0.20];[0.08,0.12];[0.52,0.56];[1.56,1.60];[1.64,1.68];[0.76,0.80];[0.72,0.76];[0.88,0.92]","prereg"
"9113c7d3a2d0642a0630e182","[1.40,1.60];[0.60,0.80];[1.60,1.80];[0.80,1.00];[1.00,1.20];[0.00,0.20];[0.20,0.40];[0.40,0.60];[1.20,1.40];[1.80,2.00];[2.00,0.00]","prereg"
"8d5f181fd4692f0154da5ce9","[1.48,1.52];[1.36,1.40];[0.00,0.04];[2.00,0.00];[1.40,1.44];[1.84,1.88];[0.16,0.20];[0.40,0.44];[1.00,1.04];[0.92,0.96];[1.64,1.68];[1.12,1.16];[1.32,1.36];[0.28,0.32];[1.88,1.92];[0.48,0.52];[1.44,1.48];[1.96,2.00];[0.04,0.08];[0.20,0.24];[0.12,0.16];[1.72,1.76];[0.76,0.80];[1.08,1.12];[0.08,0.12];[0.24,0.28];[0.64,0.68];[1.60,1.64];[1.80,1.84];[1.92,1.96];[0.32,0.36];[0.44,0.48];[1.04,1.08];[0.60,0.64];[1.20,1.24];[1.24,1.28];[0.52,0.56];[0.68,0.72];[0.84,0.88];[0.72,0.76];[0.80,0.84];[1.76,1.80];[0.96,1.00];[0.36,0.40];[1.28,1.32];[0.56,0.60];[1.56,1.60];[1.68,1.72];[1.16,1.20];[1.52,1.56];[0.88,0.92]","prereg"
"1aaa240b0584c3274245aabb","[1.20,1.24];[1.88,1.92];[0.44,0.48];[0.92,0.96];[1.12,1.16];[1.00,1.04];[1.76,1.80];[0.04,0.08];[0.76,0.80];[1.92,1.96];[0.08,0.12];[0.88,0.92];[0.80,0.84];[1.24,1.28];[0.00,0.04];[1.48,1.52];[0.48,0.52];[1.68,1.72];[1.04,1.08];[1.16,1.20];[1.60,1.64];[0.32,0.36];[1.96,2.00];[0.52,0.56];[1.32,1.36];[0.24,0.28];[1.28,1.32];[0.68,0.72];[0.72,0.76];[0.84,0.88];[0.20,0.24];[1.72,1.76];[1.56,1.60];[0.40,0.44];[1.44,1.48];[0.36,0.40];[1.40,1.44];[1.36,1.40];[0.16,0.20];[1.80,1.84];[1.08,1.12];[1.64,1.68];[1.84,1.88];[0.64,0.68];[1.52,1.56];[0.96,1.00];[0.56,0.60];[0.12,0.16];[0.28,0.32];[2.00,0.00];[0.60,0.64]","prereg"
"f009684f19e0549dc07f8f2f","[1.00,1.20];[0.20,0.40];[0.60,0.80];[2.00,0.00];[0.00,0.20];[1.40,1.60];[1.20,1.40];[1.80,2.00];[0.80,1.00];[0.40,0.60];[1.60,1.80]","prereg"
"873e11039f40c6e9102e7732","[1.80,2.00];[1.20,1.40];[1.40,1.60];[0.80,1.00];[1.00,1.20];[0.60,0.80];[2.00,0.00];[1.60,1.80];[0.00,0.20];[0.20,0.40];[0.40,0.60]","prereg"
"4cef3136366f40f4d874a1ce","[0.00,0.20];[0.20,0.40];[1.20,1.40];[2.00,0.00];[1.00,1.20];[0.60,0.80];[1.80,2.00];[1.40,1.60];[1.60,1.80];[0.80,1.00];[0.40,0.60]","prereg"
"8e4db376344136cce3e1923f","[1.40,1.60];[1.80,2.00];[0.20,0.40];[1.20,1.40];[2.00,0.00];[0.40,0.60];[0.60,0.80];[0.80,1.00];[0.00,0.20];[1.60,1.80];[1.00,1.20]","prereg"
"5c988f64541bdf7ffa8129a0","[0.20,0.40];[0.40,0.60];[0.00,0.20];[2.00,0.00];[1.00,1.20];[1.60,1.80];[1.80,2.00];[0.80,1.00];[0.60,0.80];[1.40,1.60];[1.20,1.40]","prereg"
"","[1.52,1.56];[0.28,0.32];[1.60,1.64];[0.24,0.28];[1.16,1.20];[1.88,1.92];[0.36,0.40];[0.64,0.68];[0.08,0.12];[0.40,0.44];[2.00,0.00];[1.36,1.40];[0.16,0.20];[0.56,0.60];[0.12,0.16];[0.96,1.00];[0.00,0.04];[1.00,1.04];[1.20,1.24];[1.08,1.12];[1.24,1.28];[0.84,0.88];[1.12,1.16];[0.04,0.08];[0.20,0.24];[1.84,1.88];[1.92,1.96];[0.72,0.76];[1.64,1.68];[1.80,1.84];[1.72,1.76];[0.60,0.64];[1.96,2.00];[1.48,1.52];[0.80,0.84];[1.44,1.48];[1.76,1.80];[0.76,0.80];[1.40,1.44];[0.88,0.92];[1.04,1.08];[0.32,0.36];[1.56,1.60];[0.52,0.56];[0.92,0.96];[0.48,0.52];[1.32,1.36];[1.28,1.32];[1.68,1.72];[0.44,0.48];[0.68,0.72]","prereg"
"4fd7f81dd9ce6d7271157ad3","[1.40,1.60];[0.80,1.00];[0.00,0.20];[1.00,1.20];[1.20,1.40];[1.80,2.00];[0.20,0.40];[0.40,0.60];[1.60,1.80];[0.60,0.80];[2.00,0.00]","prereg"
"8f5aa3ce1cb60029fb0ee09d","[0.60,0.80];[0.80,1.00];[0.40,0.60];[2.00,0.00];[1.20,1.40];[1.80,2.00];[1.40,1.60];[1.00,1.20];[0.00,0.20];[1.60,1.80];[0.20,0.40]","prereg"
"cec8fcd358e925d9a6a114d0","[0.52,0.56];[1.60,1.64];[0.36,0.40];[0.28,0.32];[0.60,0.64];[1.68,1.72];[0.32,0.36];[1.24,1.28];[0.96,1.00];[0.04,0.08];[1.48,1.52];[1.00,1.04];[0.12,0.16];[1.40,1.44];[0.40,0.44];[1.84,1.88];[1.04,1.08];[0.00,0.04];[0.68,0.72];[0.76,0.80];[0.84,0.88];[1.56,1.60];[1.76,1.80];[1.08,1.12];[0.80,0.84];[1.88,1.92];[0.08,0.12];[1.64,1.68];[1.92,1.96];[2.00,0.00];[1.16,1.20];[1.52,1.56];[0.64,0.68];[1.20,1.24];[0.16,0.20];[1.96,2.00];[1.12,1.16];[0.72,0.76];[0.88,0.92];[0.44,0.48];[1.44,1.48];[0.48,0.52];[1.72,1.76];[1.32,1.36];[0.20,0.24];[0.56,0.60];[0.24,0.28];[1.36,1.40];[1.80,1.84];[1.28,1.32];[0.92,0.96]","prereg"
"33630043afa7c6470c63b1a4","[1.60,1.80];[1.80,2.00];[0.80,1.00];[0.00,0.20];[0.20,0.40];[2.00,0.00];[1.20,1.40];[1.40,1.60];[1.00,1.20];[0.40,0.60];[0.60,0.80]","prereg"
"ff59ceb0c93cd45568c385f6","[0.00,0.20];[1.60,1.80];[2.00,0.00];[0.20,0.40];[1.40,1.60];[1.00,1.20];[0.80,1.00];[1.80,2.00];[1.20,1.40];[0.60,0.80];[0.40,0.60]","prereg"
"be5fc1b5a5eba4cffdbcea18","[1.20,1.40];[0.20,0.40];[1.80,2.00];[0.80,1.00];[0.40,0.60];[1.40,1.60];[2.00,0.00];[1.00,1.20];[0.60,0.80];[1.60,1.80];[0.00,0.20]","prereg"
"e4d7b67f8d64fac1c309b007","[0.44,0.48];[1.32,1.36];[1.64,1.68];[1.24,1.28];[0.36,0.40];[1.52,1.56];[0.20,0.24];[0.08,0.12];[1.88,1.92];[1.92,1.96];[0.72,0.76];[0.00,0.04];[1.96,2.00];[2.00,0.00];[1.44,1.48];[0.88,0.92];[1.20,1.24];[1.76,1.80];[0.16,0.20];[1.04,1.08];[0.76,0.80];[0.28,0.32];[1.36,1.40];[1.28,1.32];[1.40,1.44];[1.68,1.72];[0.68,0.72];[0.40,0.44];[1.72,1.76];[0.60,0.64];[1.08,1.12];[1.80,1.84];[1.16,1.20];[1.84,1.88];[0.48,0.52];[0.56,0.60];[1.60,1.64];[0.04,0.08];[0.32,0.36];[0.24,0.28];[0.12,0.16];[0.84,0.88];[1.12,1.16];[1.00,1.04];[0.80,0.84];[0.96,1.00];[0.92,0.96];[0.52,0.56];[0.64,0.68];[1.56,1.60];[1.48,1.52]","prereg"
"Thanks for participating","[1.20,1.40];[0.00,0.20];[0.20,0.40];[0.80,1.00];[1.40,1.60];[1.60,1.80];[1.80,2.00];[0.40,0.60];[1.00,1.20];[2.00,0.00];[0.60,0.80]","prereg"
"Thanks for participating","[0.04,0.08];[1.64,1.68];[1.20,1.24];[1.00,1.04];[0.64,0.68];[0.12,0.16];[0.56,0.60];[0.76,0.80];[1.80,1.84];[1.88,1.92];[1.08,1.12];[0.52,0.56];[1.44,1.48];[0.96,1.00];[1.36,1.40];[0.24,0.28];[1.56,1.60];[1.12,1.16];[1.96,2.00];[0.28,0.32];[0.16,0.20];[0.32,0.36];[1.76,1.80];[1.32,1.36];[0.72,0.76];[0.00,0.04];[0.68,0.72];[0.88,0.92];[0.08,0.12];[1.16,1.20];[1.04,1.08];[0.92,0.96];[0.48,0.52];[1.28,1.32];[1.60,1.64];[1.52,1.56];[1.40,1.44];[1.24,1.28];[2.00,0.00];[0.60,0.64];[0.36,0.40];[1.72,1.76];[0.44,0.48];[1.92,1.96];[0.40,0.44];[1.48,1.52];[1.68,1.72];[0.84,0.88];[0.80,0.84];[0.20,0.24];[1.84,1.88]","prereg"
"","[1.00,1.04];[1.80,1.84];[0.60,0.64];[0.08,0.12];[1.76,1.80];[0.76,0.80];[1.36,1.40];[0.80,0.84];[0.88,0.92];[1.52,1.56];[1.44,1.48];[1.04,1.08];[0.72,0.76];[1.88,1.92];[0.32,0.36];[0.00,0.04];[1.56,1.60];[0.56,0.60];[0.36,0.40];[0.28,0.32];[0.92,0.96];[0.48,0.52];[0.64,0.68];[0.24,0.28];[0.44,0.48];[1.32,1.36];[1.16,1.20];[0.20,0.24];[1.12,1.16];[0.16,0.20];[1.72,1.76];[1.08,1.12];[1.84,1.88];[1.40,1.44];[0.12,0.16];[1.64,1.68];[1.92,1.96];[0.96,1.00];[0.84,0.88];[0.52,0.56];[1.96,2.00];[0.04,0.08];[1.60,1.64];[1.20,1.24];[1.24,1.28];[1.48,1.52];[1.28,1.32];[1.68,1.72];[0.40,0.44];[0.68,0.72];[2.00,0.00]","prereg"
"","[0.12,0.16];[1.04,1.08];[1.08,1.12];[1.52,1.56];[1.40,1.44];[0.60,0.64];[0.20,0.24];[1.12,1.16];[1.60,1.64];[0.28,0.32];[0.80,0.84];[1.72,1.76];[0.08,0.12];[1.16,1.20];[0.24,0.28];[1.28,1.32];[0.56,0.60];[1.24,1.28];[0.64,0.68];[1.96,2.00];[0.44,0.48];[0.00,0.04];[0.84,0.88];[1.20,1.24];[1.88,1.92];[0.32,0.36];[1.92,1.96];[0.68,0.72];[0.52,0.56];[1.80,1.84];[0.72,0.76];[0.92,0.96];[1.00,1.04];[0.40,0.44];[0.36,0.40];[0.16,0.20];[1.56,1.60];[1.76,1.80];[0.04,0.08];[1.36,1.40];[1.32,1.36];[0.96,1.00];[1.44,1.48];[1.84,1.88];[0.88,0.92];[0.76,0.80];[1.64,1.68];[2.00,0.00];[1.48,1.52];[0.48,0.52];[1.68,1.72]","prereg"
"9885762604146de284fc7826","[1.40,1.60];[0.80,1.00];[0.20,0.40];[1.00,1.20];[0.40,0.60];[0.00,0.20];[0.60,0.80];[2.00,0.00];[1.80,2.00];[1.20,1.40];[1.60,1.80]","prereg"
"12d851e24f2795089be96c08","[1.80,2.00];[0.20,0.40];[0.80,1.00];[1.40,1.60];[1.60,1.80];[0.40,0.60];[0.60,0.80];[1.20,1.40];[1.00,1.20];[2.00,0.00];[0.00,0.20]","prereg"
"","[2.00,0.00];[1.40,1.60];[1.60,1.80];[0.60,0.80];[0.00,0.20];[1.80,2.00];[0.80,1.00];[1.20,1.40];[1.00,1.20];[0.40,0.60];[0.20,0.40]","prereg"
"2db2bb4262f4f78ff5bceda1","[1.24,1.28];[0.48,0.52];[0.72,0.76];[0.52,0.56];[0.32,0.36];[1.48,1.52];[1.12,1.16];[0.64,0.68];[1.88,1.92];[2.00,0.00];[1.92,1.96];[1.52,1.56];[0.60,0.64];[0.44,0.48];[0.16,0.20];[1.16,1.20];[1.04,1.08];[1.36,1.40];[0.96,1.00];[1.20,1.24];[1.64,1.68];[0.40,0.44];[0.68,0.72];[1.96,2.00];[0.08,0.12];[1.44,1.48];[0.80,0.84];[0.24,0.28];[0.00,0.04];[0.04,0.08];[0.12,0.16];[1.56,1.60];[0.88,0.92];[1.84,1.88];[0.84,0.88];[0.76,0.80];[1.80,1.84];[0.20,0.24];[1.68,1.72];[1.32,1.36];[1.72,1.76];[1.00,1.04];[0.56,0.60];[0.92,0.96];[1.60,1.64];[1.76,1.80];[1.40,1.44];[1.28,1.32];[0.36,0.40];[0.28,0.32];[1.08,1.12]","prereg"
"","[1.20,1.40];[1.00,1.20];[1.40,1.60];[0.60,0.80];[0.40,0.60];[1.80,2.00];[0.20,0.40];[0.00,0.20];[2.00,0.00];[0.80,1.00];[1.60,1.80]","prereg"
"e799bd61b5df31fd50069706","[1.20,1.40];[0.20,0.40];[1.60,1.80];[0.80,1.00];[0.60,0.80];[1.40,1.60];[1.00,1.20];[2.00,0.00];[0.00,0.20];[1.80,2.00];[0.40,0.60]","prereg"
"","[1.96,2.00];[0.88,0.92];[0.56,0.60];[0.96,1.00];[1.64,1.68];[1.16,1.20];[0.84,0.88];[0.28,0.32];[0.04,0.08];[1.52,1.56];[1.20,1.24];[0.40,0.44];[1.60,1.64];[1.24,1.28];[0.32,0.36];[1.72,1.76];[1.76,1.80];[0.80,0.84];[0.16,0.20];[1.88,1.92];[2.00,0.00];[0.68,0.72];[0.48,0.52];[1.68,1.72];[1.08,1.12];[1.04,1.08];[1.40,1.44];[1.80,1.84];[0.00,0.04];[0.24,0.28];[0.20,0.24];[0.52,0.56];[1.28,1.32];[1.32,1.36];[0.44,0.48];[1.92,1.96];[1.44,1.48];[1.56,1.60];[0.60,0.64];[1.12,1.16];[0.72,0.76];[1.48,1.52];[0.12,0.16];[0.08,0.12];[0.36,0.40];[0.64,0.68];[0.76,0.80];[1.84,1.88];[1.36,1.40];[0.92,0.96];[1.00,1.04]","prereg"
"21b01d7db5e558b95b2d0e47","[1.20,1.40];[1.00,1.20];[1.40,1.60];[0.80,1.00];[1.60,1.80];[0.00,0.20];[0.20,0.40];[2.00,0.00];[0.40,0.60];[1.80,2.00];[0.60,0.80]","prereg"
"b1ed18e4aae575a44ec8c21b","[1.76,1.80];[1.80,1.84];[0.76,0.80];[0.92,0.96];[0.24,0.28];[0.96,1.00];[1.44,1.48];[0.32,0.36];[0.36,0.40];[1.68,1.72];[0.40,0.44];[0.80,0.84];[1.24,1.28];[1.08,1.12];[0.64,0.68];[0.12,0.16];[1.28,1.32];[1.36,1.40];[0.08,0.12];[1.48,1.52];[0.20,0.24];[0.48,0.52];[1.52,1.56];[1.64,1.68];[1.32,1.36];[0.04,0.08];[1.12,1.16];[0.16,0.20];[1.72,1.76];[0.72,0.76];[1.16,1.20];[0.56,0.60];[0.00,0.04];[1.40,1.44];[2.00,0.00];[0.44,0.48];[1.92,1.96];[0.52,0.56];[0.60,0.64];[1.00,1.04];[0.28,0.32];[1.20,1.24];[1.88,1.92];[1.60,1.64];[0.88,0.92];[1.04,1.08];[1.84,1.88];[0.84,0.88];[1.96,2.00];[0.68,0.72];[1.56,1.60]","prereg"
"","[1.80,1.84];[0.56,0.60];[1.40,1.44];[0.24,0.28];[1.48,1.52];[0.52,0.56];[1.64,1.68];[0.32,0.36];[1.32,1.36];[0.60,0.64];[0.88,0.92];[1.84,1.88];[1.68,1.72];[1.56,1.60];[0.68,0.72];[0.48,0.52];[0.96,1.00];[1.16,1.20];[1.44,1.48];[0.40,0.44];[1.72,1.76];[1.20,1.24];[1.96,2.00];[1.28,1.32];[1.92,1.96];[0.08,0.12];[0.16,0.20];[0.00,0.04];[0.72,0.76];[0.80,0.84];[0.20,0.24];[0.36,0.40];[0.12,0.16];[2.00,0.00];[1.04,1.08];[0.44,0.48];[0.76,0.80];[1.52,1.56];[1.76,1.80];[1.12,1.16];[0.64,0.68];[0.04,0.08];[0.28,0.32];[1.08,1.12];[0.84,0.88];[0.92,0.96];[1.88,1.92];[1.60,1.64];[1.36,1.40];[1.00,1.04];[1.24,1.28]","prereg"
"d440843463783c52de0a40ee","[1.48,1.52];[1.52,1.56];[0.52,0.56];[0.48,0.52];[1.80,1.84];[0.56,0.60];[0.96,1.00];[1.36,1.40];[0.80,0.84];[1.56,1.60];[0.84,0.88];[0.12,0.16];[0.64,0.68];[0.16,0.20];[2.00,0.00];[0.24,0.28];[1.12,1.16];[0.60,0.64];[1.40,1.44];[1.72,1.76];[1.20,1.24];[1.96,2.00];[1.76,1.80];[1.64,1.68];[1.24,1.28];[1.32,1.36];[0.44,0.48];[0.00,0.04];[0.32,0.36];[0.04,0.08];[1.00,1.04];[1.84,1.88];[0.20,0.24];[0.68,0.72];[1.08,1.12];[0.36,0.40];[0.28,0.32];[0.40,0.44];[1.60,1.64];[1.88,1.92];[1.92,1.96];[1.68,1.72];[0.88,0.92];[0.92,0.96];[0.08,0.12];[1.16,1.20];[1.44,1.48];[0.76,0.80];[1.04,1.08];[1.28,1.32];[0.72,0.76]","prereg"
"c556b9cc10362c7cf7bbd7e0","[0.40,0.60];[0.00,0.20];[2.00,0.00];[0.60,0.80];[1.20,1.40];[1.60,1.80];[1.40,1.60];[0.80,1.00];[1.00,1.20];[1.80,2.00];[0.20,0.40]","prereg"
"186aecc544f8d5f300682145","[1.00,1.20];[2.00,0.00];[0.00,0.20];[1.20,1.40];[1.60,1.80];[1.80,2.00];[0.80,1.00];[0.20,0.40];[1.40,1.60];[0.60,0.80];[0.40,0.60]","prereg"
"52ce87d54db94f0098dc4b7c","[1.44,1.48];[1.40,1.44];[1.04,1.08];[1.76,1.80];[0.28,0.32];[0.80,0.84];[2.00,0.00];[0.44,0.48];[0.64,0.68];[1.52,1.56];[1.96,2.00];[1.84,1.88];[0.36,0.40];[1.92,1.96];[0.92,0.96];[1.60,1.64];[0.68,0.72];[1.16,1.20];[0.08,0.12];[1.72,1.76];[0.48,0.52];[0.24,0.28];[0.60,0.64];[1.28,1.32];[1.80,1.84];[1.68,1.72];[1.36,1.40];[0.40,0.44];[0.84,0.88];[0.16,0.20];[0.32,0.36];[0.20,0.24];[1.32,1.36];[1.64,1.68];[0.88,0.92];[1.08,1.12];[0.12,0.16];[1.12,1.16];[1.88,1.92];[0.00,0.04];[0.96,1.00];[1.20,1.24];[1.56,1.60];[0.52,0.56];[0.56,0.60];[1.00,1.04];[0.76,0.80];[0.04,0.08];[1.24,1.28];[1.48,1.52];[0.72,0.76]","prereg"
"https://chicagobooth.az1","[0.52,0.56];[1.08,1.12];[0.88,0.92];[0.40,0.44];[0.60,0.64];[1.36,1.40];[0.76,0.80];[0.80,0.84];[1.32,1.36];[0.56,0.60];[1.72,1.76];[1.96,2.00];[0.08,0.12];[0.92,0.96];[0.04,0.08];[0.00,0.04];[1.48,1.52];[1.24,1.28];[0.12,0.16];[1.20,1.24];[1.28,1.32];[1.44,1.48];[0.96,1.00];[1.64,1.68];[0.48,0.52];[0.68,0.72];[1.88,1.92];[1.84,1.88];[1.04,1.08];[0.72,0.76];[1.68,1.72];[0.20,0.24];[1.76,1.80];[0.16,0.20];[1.80,1.84];[0.64,0.68];[1.40,1.44];[0.84,0.88];[1.52,1.56];[1.60,1.64];[0.32,0.36];[0.24,0.28];[2.00,0.00];[1.12,1.16];[1.00,1.04];[1.16,1.20];[1.92,1.96];[1.56,1.60];[0.28,0.32];[0.36,0.40];[0.44,0.48]","prereg"
"b3d762eb32a88b2ebb1b14dc","[0.40,0.60];[0.00,0.20];[1.60,1.80];[0.20,0.40];[1.40,1.60];[0.80,1.00];[1.00,1.20];[2.00,0.00];[1.80,2.00];[1.20,1.40];[0.60,0.80]","prereg"
"","[0.12,0.16];[0.16,0.20];[1.48,1.52];[1.64,1.68];[0.36,0.40];[1.88,1.92];[1.60,1.64];[1.24,1.28];[1.20,1.24];[0.68,0.72];[1.08,1.12];[1.56,1.60];[1.68,1.72];[1.80,1.84];[0.84,0.88];[1.04,1.08];[0.28,0.32];[0.40,0.44];[1.76,1.80];[0.96,1.00];[1.32,1.36];[0.48,0.52];[0.04,0.08];[0.76,0.80];[0.20,0.24];[0.08,0.12];[0.88,0.92];[1.28,1.32];[1.72,1.76];[1.12,1.16];[1.16,1.20];[0.64,0.68];[0.92,0.96];[1.36,1.40];[0.44,0.48];[0.80,0.84];[2.00,0.00];[0.56,0.60];[1.44,1.48];[1.84,1.88];[1.92,1.96];[0.32,0.36];[1.00,1.04];[0.60,0.64];[1.40,1.44];[0.24,0.28];[0.72,0.76];[0.52,0.56];[1.52,1.56];[1.96,2.00];[0.00,0.04]","prereg"
"8e4067c324cb6d3f8ae9d2ee","[2.00,0.00];[1.20,1.40];[0.60,0.80];[1.80,2.00];[0.20,0.40];[1.60,1.80];[0.00,0.20];[0.40,0.60];[1.40,1.60];[0.80,1.00];[1.00,1.20]","prereg"
"","[1.00,1.20];[0.60,0.80];[0.20,0.40];[1.20,1.40];[1.60,1.80];[2.00,0.00];[0.80,1.00];[0.40,0.60];[1.80,2.00];[0.00,0.20];[1.40,1.60]","prereg"
"https://chicagobooth.az1","[2.00,0.00];[0.20,0.40];[1.40,1.60];[0.80,1.00];[1.60,1.80];[1.20,1.40];[0.40,0.60];[1.00,1.20];[0.60,0.80];[1.80,2.00];[0.00,0.20]","prereg"
"d056aed84cacd3ee10da2f05","[2.00,0.00];[0.80,1.00];[1.40,1.60];[1.80,2.00];[1.60,1.80];[0.20,0.40];[0.60,0.80];[1.00,1.20];[0.00,0.20];[1.20,1.40];[0.40,0.60]","prereg"
"","[1.80,2.00];[1.20,1.40];[0.80,1.00];[2.00,0.00];[0.00,0.20];[0.60,0.80];[0.20,0.40];[1.40,1.60];[0.40,0.60];[1.00,1.20];[1.60,1.80]","prereg"
"https://chicagobooth.az1","[1.24,1.28];[1.84,1.88];[1.48,1.52];[1.04,1.08];[0.60,0.64];[1.44,1.48];[1.92,1.96];[0.44,0.48];[0.24,0.28];[0.92,0.96];[0.00,0.04];[0.64,0.68];[1.40,1.44];[1.52,1.56];[1.56,1.60];[0.88,0.92];[1.00,1.04];[0.04,0.08];[1.20,1.24];[1.80,1.84];[0.36,0.40];[1.12,1.16];[1.28,1.32];[0.32,0.36];[0.84,0.88];[1.68,1.72];[1.32,1.36];[1.08,1.12];[0.56,0.60];[0.08,0.12];[0.52,0.56];[1.76,1.80];[0.28,0.32];[1.60,1.64];[1.72,1.76];[1.16,1.20];[0.12,0.16];[0.80,0.84];[0.16,0.20];[1.96,2.00];[2.00,0.00];[1.64,1.68];[0.68,0.72];[0.76,0.80];[1.36,1.40];[0.48,0.52];[1.88,1.92];[0.72,0.76];[0.40,0.44];[0.20,0.24];[0.96,1.00]","prereg"
"https://chicagobooth.az1","[1.56,1.60];[0.04,0.08];[1.64,1.68];[0.48,0.52];[1.08,1.12];[0.56,0.60];[0.12,0.16];[1.04,1.08];[0.00,0.04];[1.80,1.84];[1.60,1.64];[1.76,1.80];[0.92,0.96];[1.16,1.20];[1.44,1.48];[0.76,0.80];[0.84,0.88];[1.96,2.00];[1.84,1.88];[0.32,0.36];[0.44,0.48];[1.32,1.36];[1.68,1.72];[1.24,1.28];[0.20,0.24];[1.72,1.76];[0.88,0.92];[0.80,0.84];[0.24,0.28];[1.36,1.40];[2.00,0.00];[0.52,0.56];[1.88,1.92];[0.16,0.20];[1.92,1.96];[0.08,0.12];[0.64,0.68];[0.60,0.64];[0.68,0.72];[0.72,0.76];[0.36,0.40];[1.12,1.16];[0.40,0.44];[0.96,1.00];[1.20,1.24];[1.28,1.32];[1.52,1.56];[1.00,1.04];[1.48,1.52];[0.28,0.32];[1.40,1.44]","prereg"
"","[0.68,0.72];[0.32,0.36];[1.72,1.76];[1.12,1.16];[0.56,0.60];[0.76,0.80];[0.84,0.88];[0.80,0.84];[0.08,0.12];[0.40,0.44];[1.24,1.28];[1.88,1.92];[1.92,1.96];[1.32,1.36];[1.16,1.20];[1.64,1.68];[0.48,0.52];[1.44,1.48];[0.60,0.64];[0.24,0.28];[0.88,0.92];[0.04,0.08];[0.36,0.40];[2.00,0.00];[1.20,1.24];[1.80,1.84];[0.96,1.00];[1.00,1.04];[1.08,1.12];[0.16,0.20];[1.36,1.40];[1.76,1.80];[1.40,1.44];[0.12,0.16];[0.92,0.96];[1.56,1.60];[0.44,0.48];[1.96,2.00];[1.04,1.08];[0.00,0.04];[1.68,1.72];[0.64,0.68];[0.28,0.32];[0.20,0.24];[1.60,1.64];[1.84,1.88];[1.28,1.32];[1.52,1.56];[1.48,1.52];[0.72,0.76];[0.52,0.56]","prereg"
"","[0.60,0.64];[0.56,0.60];[0.48,0.52];[0.88,0.92];[0.24,0.28];[0.76,0.80];[0.72,0.76];[0.44,0.48];[1.00,1.04];[0.80,0.84];[0.20,0.24];[1.52,1.56];[0.08,0.12];[1.08,1.12];[0.64,0.68];[1.88,1.92];[0.96,1.00];[0.92,0.96];[1.56,1.60];[1.32,1.36];[0.28,0.32];[0.84,0.88];[0.36,0.40];[1.12,1.16];[0.40,0.44];[1.24,1.28];[0.00,0.04];[1.76,1.80];[1.44,1.48];[1.20,1.24];[1.04,1.08];[1.60,1.64];[0.16,0.20];[1.68,1.72];[0.04,0.08];[1.28,1.32];[0.52,0.56];[1.96,2.00];[0.12,0.16];[2.00,0.00];[1.72,1.76];[1.84,1.88];[1.64,1.68];[1.16,1.20];[1.36,1.40];[1.80,1.84];[1.40,1.44];[0.68,0.72];[0.32,0.36];[1.48,1.52];[1.92,1.96]","prereg"
"daf393ecefeb95840df6d734","[0.00,0.20];[0.60,0.80];[1.40,1.60];[1.80,2.00];[1.20,1.40];[0.40,0.60];[1.60,1.80];[0.20,0.40];[1.00,1.20];[2.00,0.00];[0.80,1.00]","prereg"
"f97c9a9ad309edb7241ab7cd","[0.20,0.40];[0.80,1.00];[0.00,0.20];[0.60,0.80];[1.80,2.00];[1.00,1.20];[1.20,1.40];[0.40,0.60];[2.00,0.00];[1.40,1.60];[1.60,1.80]","prereg"
"","[1.04,1.08];[1.72,1.76];[2.00,0.00];[0.80,0.84];[0.00,0.04];[0.88,0.92];[0.04,0.08];[0.68,0.72];[0.92,0.96];[0.72,0.76];[0.60,0.64];[1.76,1.80];[0.44,0.48];[1.48,1.52];[1.84,1.88];[0.76,0.80];[0.32,0.36];[1.80,1.84];[0.08,0.12];[0.56,0.60];[0.84,0.88];[1.56,1.60];[1.32,1.36];[0.20,0.24];[1.64,1.68];[0.96,1.00];[0.48,0.52];[0.16,0.20];[1.52,1.56];[0.12,0.16];[1.88,1.92];[1.16,1.20];[1.24,1.28];[1.40,1.44];[0.40,0.44];[1.44,1.48];[1.12,1.16];[0.64,0.68];[1.60,1.64];[0.28,0.32];[1.28,1.32];[0.36,0.40];[1.92,1.96];[1.36,1.40];[1.08,1.12];[1.68,1.72];[1.20,1.24];[0.52,0.56];[1.96,2.00];[1.00,1.04];[0.24,0.28]","prereg"
"6b10e5c64813b2bf97343b67","[1.48,1.52];[1.56,1.60];[1.52,1.56];[1.20,1.24];[0.84,0.88];[0.96,1.00];[1.12,1.16];[1.04,1.08];[0.40,0.44];[1.72,1.76];[0.64,0.68];[0.60,0.64];[0.72,0.76];[1.40,1.44];[1.24,1.28];[0.32,0.36];[1.88,1.92];[0.20,0.24];[1.84,1.88];[1.36,1.40];[0.92,0.96];[0.56,0.60];[0.24,0.28];[0.08,0.12];[1.16,1.20];[1.76,1.80];[0.76,0.80];[1.00,1.04];[1.64,1.68];[0.16,0.20];[0.12,0.16];[1.28,1.32];[1.08,1.12];[1.80,1.84];[2.00,0.00];[1.60,1.64];[0.00,0.04];[1.92,1.96];[0.04,0.08];[0.68,0.72];[0.52,0.56];[0.80,0.84];[0.88,0.92];[1.44,1.48];[0.28,0.32];[1.68,1.72];[0.44,0.48];[1.32,1.36];[0.48,0.52];[0.36,0.40];[1.96,2.00]","prereg"
"b98a5fbcbc2de4e12f6a58d3","[2.00,0.00];[1.20,1.40];[0.40,0.60];[0.60,0.80];[1.80,2.00];[0.20,0.40];[0.00,0.20];[1.00,1.20];[1.60,1.80];[0.80,1.00];[1.40,1.60]","prereg"
"feebd0a87b512e9036631265","[1.00,1.20];[0.60,0.80];[2.00,0.00];[0.20,0.40];[1.80,2.00];[1.60,1.80];[0.40,0.60];[1.40,1.60];[0.80,1.00];[0.00,0.20];[1.20,1.40]","prereg"
"","[0.20,0.24];[0.00,0.04];[1.36,1.40];[0.84,0.88];[0.48,0.52];[1.60,1.64];[1.16,1.20];[0.92,0.96];[1.28,1.32];[0.56,0.60];[0.28,0.32];[0.12,0.16];[0.96,1.00];[0.08,0.12];[0.24,0.28];[1.12,1.16];[0.60,0.64];[0.76,0.80];[1.52,1.56];[1.56,1.60];[0.16,0.20];[1.84,1.88];[1.80,1.84];[0.88,0.92];[1.72,1.76];[1.88,1.92];[0.36,0.40];[1.04,1.08];[1.48,1.52];[1.24,1.28];[1.64,1.68];[0.64,0.68];[0.44,0.48];[0.68,0.72];[0.32,0.36];[1.20,1.24];[1.76,1.80];[1.08,1.12];[0.04,0.08];[1.92,1.96];[1.44,1.48];[1.32,1.36];[1.68,1.72];[1.00,1.04];[0.40,0.44];[2.00,0.00];[0.80,0.84];[1.96,2.00];[0.52,0.56];[0.72,0.76];[1.40,1.44]","prereg"
"","[1.80,1.84];[0.32,0.36];[1.40,1.44];[2.00,0.00];[1.20,1.24];[0.28,0.32];[1.84,1.88];[0.48,0.52];[0.24,0.28];[1.52,1.56];[1.60,1.64];[0.44,0.48];[0.64,0.68];[0.40,0.44];[1.08,1.12];[0.76,0.80];[0.68,0.72];[0.00,0.04];[1.16,1.20];[0.92,0.96];[1.92,1.96];[0.12,0.16];[0.16,0.20];[1.04,1.08];[1.44,1.48];[0.52,0.56];[1.00,1.04];[0.80,0.84];[0.56,0.60];[1.64,1.68];[1.88,1.92];[1.96,2.00];[0.36,0.40];[1.28,1.32];[1.12,1.16];[1.76,1.80];[0.84,0.88];[1.36,1.40];[1.24,1.28];[0.60,0.64];[0.96,1.00];[1.56,1.60];[0.04,0.08];[1.32,1.36];[1.72,1.76];[0.72,0.76];[0.08,0.12];[1.48,1.52];[0.20,0.24];[1.68,1.72];[0.88,0.92]","prereg"
"","[0.32,0.36];[1.20,1.24];[1.48,1.52];[0.12,0.16];[0.92,0.96];[1.24,1.28];[1.96,2.00];[0.24,0.28];[0.52,0.56];[0.76,0.80];[1.80,1.84];[1.56,1.60];[1.68,1.72];[0.40,0.44];[0.36,0.40];[1.72,1.76];[1.92,1.96];[1.16,1.20];[0.16,0.20];[0.60,0.64];[0.48,0.52];[0.64,0.68];[1.60,1.64];[1.28,1.32];[1.32,1.36];[0.56,0.60];[0.08,0.12];[1.00,1.04];[1.64,1.68];[0.20,0.24];[2.00,0.00];[0.88,0.92];[1.44,1.48];[0.28,0.32];[0.72,0.76];[0.00,0.04];[1.76,1.80];[0.44,0.48];[1.08,1.12];[0.68,0.72];[0.84,0.88];[1.40,1.44];[0.04,0.08];[0.96,1.00];[1.36,1.40];[1.52,1.56];[1.84,1.88];[0.80,0.84];[1.88,1.92];[1.04,1.08];[1.12,1.16]","prereg"
"","[1.00,1.20];[0.20,0.40];[0.60,0.80];[0.80,1.00];[0.40,0.60];[0.00,0.20];[1.20,1.40];[1.80,2.00];[1.60,1.80];[1.40,1.60];[2.00,0.00]","prereg"
"","[0.60,0.64];[0.64,0.68];[1.96,2.00];[0.76,0.80];[1.84,1.88];[0.44,0.48];[1.08,1.12];[0.04,0.08];[1.00,1.04];[1.60,1.64];[0.24,0.28];[1.76,1.80];[0.56,0.60];[1.36,1.40];[0.72,0.76];[1.72,1.76];[1.92,1.96];[0.00,0.04];[1.12,1.16];[0.20,0.24];[2.00,0.00];[1.80,1.84];[1.24,1.28];[0.92,0.96];[1.16,1.20];[1.04,1.08];[0.12,0.16];[1.32,1.36];[1.52,1.56];[0.68,0.72];[1.44,1.48];[0.36,0.40];[0.96,1.00];[1.88,1.92];[1.68,1.72];[1.28,1.32];[1.40,1.44];[0.08,0.12];[0.16,0.20];[1.20,1.24];[0.40,0.44];[0.28,0.32];[0.84,0.88];[0.52,0.56];[0.80,0.84];[1.48,1.52];[0.32,0.36];[0.48,0.52];[0.88,0.92];[1.64,1.68];[1.56,1.60]","prereg"
"363c45be9e4a64f49c008c46","[1.20,1.24];[0.92,0.96];[1.08,1.12];[1.56,1.60];[1.36,1.40];[1.12,1.16];[1.44,1.48];[1.52,1.56];[1.32,1.36];[1.40,1.44];[0.36,0.40];[0.48,0.52];[1.24,1.28];[0.16,0.20];[0.28,0.32];[0.08,0.12];[1.84,1.88];[0.80,0.84];[1.16,1.20];[1.72,1.76];[0.12,0.16];[1.96,2.00];[0.72,0.76];[1.04,1.08];[0.52,0.56];[1.92,1.96];[2.00,0.00];[1.28,1.32];[0.00,0.04];[0.60,0.64];[0.24,0.28];[0.56,0.60];[0.32,0.36];[0.20,0.24];[0.96,1.00];[0.64,0.68];[1.76,1.80];[1.68,1.72];[1.48,1.52];[1.64,1.68];[0.40,0.44];[1.60,1.64];[0.88,0.92];[0.68,0.72];[0.44,0.48];[1.00,1.04];[1.80,1.84];[0.84,0.88];[0.76,0.80];[0.04,0.08];[1.88,1.92]","prereg"
"","[2.00,0.00];[0.92,0.96];[1.44,1.48];[0.44,0.48];[0.40,0.44];[1.00,1.04];[1.64,1.68];[0.28,0.32];[0.24,0.28];[0.72,0.76];[1.40,1.44];[1.96,2.00];[1.04,1.08];[0.48,0.52];[1.24,1.28];[0.16,0.20];[1.52,1.56];[1.76,1.80];[0.12,0.16];[1.08,1.12];[1.80,1.84];[1.36,1.40];[1.48,1.52];[0.52,0.56];[1.32,1.36];[1.28,1.32];[1.92,1.96];[1.56,1.60];[1.20,1.24];[1.72,1.76];[1.88,1.92];[1.16,1.20];[0.04,0.08];[0.76,0.80];[0.60,0.64];[1.12,1.16];[0.96,1.00];[0.64,0.68];[0.84,0.88];[0.08,0.12];[0.00,0.04];[0.32,0.36];[1.60,1.64];[0.80,0.84];[1.84,1.88];[0.68,0.72];[1.68,1.72];[0.20,0.24];[0.88,0.92];[0.36,0.40];[0.56,0.60]","prereg"
"","[0.56,0.60];[0.00,0.04];[1.84,1.88];[0.28,0.32];[2.00,0.00];[1.44,1.48];[1.08,1.12];[1.04,1.08];[0.92,0.96];[1.64,1.68];[0.04,0.08];[1.60,1.64];[1.48,1.52];[0.36,0.40];[1.92,1.96];[0.24,0.28];[0.12,0.16];[1.88,1.92];[0.40,0.44];[1.32,1.36];[1.12,1.16];[0.88,0.92];[0.84,0.88];[0.72,0.76];[1.76,1.80];[0.60,0.64];[1.96,2.00];[1.20,1.24];[1.40,1.44];[1.00,1.04];[0.16,0.20];[0.80,0.84];[0.32,0.36];[1.56,1.60];[1.24,1.28];[1.28,1.32];[0.96,1.00];[0.64,0.68];[0.52,0.56];[0.08,0.12];[0.20,0.24];[0.68,0.72];[0.44,0.48];[0.76,0.80];[1.16,1.20];[1.80,1.84];[1.72,1.76];[1.68,1.72];[1.52,1.56];[0.48,0.52];[1.36,1.40]","prereg"
"","[0.80,1.00];[1.80,2.00];[1.20,1.40];[0.20,0.40];[0.60,0.80];[2.00,0.00];[0.00,0.20];[1.60,1.80];[1.40,1.60];[1.00,1.20];[0.40,0.60]","prereg"
"","[0.20,0.40];[2.00,0.00];[0.80,1.00];[1.40,1.60];[0.00,0.20];[0.40,0.60];[1.20,1.40];[1.00,1.20];[1.60,1.80];[0.60,0.80];[1.80,2.00]","prereg"
"4f31d4d068b5223baac9da0b","[0.00,0.20];[0.20,0.40];[1.80,2.00];[1.20,1.40];[0.60,0.80];[2.00,0.00];[0.80,1.00];[1.40,1.60];[1.60,1.80];[0.40,0.60];[1.00,1.20]","prereg"
"","[1.24,1.28];[0.64,0.68];[1.56,1.60];[0.80,0.84];[0.96,1.00];[1.48,1.52];[1.96,2.00];[0.04,0.08];[0.40,0.44];[1.92,1.96];[0.28,0.32];[0.88,0.92];[2.00,0.00];[1.76,1.80];[1.64,1.68];[0.24,0.28];[1.20,1.24];[0.60,0.64];[1.08,1.12];[1.16,1.20];[0.08,0.12];[1.44,1.48];[1.60,1.64];[0.72,0.76];[0.36,0.40];[0.56,0.60];[1.84,1.88];[1.72,1.76];[0.92,0.96];[1.28,1.32];[0.52,0.56];[0.00,0.04];[1.40,1.44];[1.36,1.40];[0.84,0.88];[0.16,0.20];[0.12,0.16];[0.48,0.52];[1.04,1.08];[0.68,0.72];[1.12,1.16];[1.68,1.72];[1.52,1.56];[0.32,0.36];[1.32,1.36];[0.20,0.24];[1.00,1.04];[0.76,0.80];[0.44,0.48];[1.88,1.92];[1.80,1.84]","prereg"
"07ccf179f6756e8d858b7cb1","[0.40,0.60];[1.20,1.40];[0.60,0.80];[1.40,1.60];[1.00,1.20];[0.00,0.20];[1.80,2.00];[2.00,0.00];[0.20,0.40];[0.80,1.00];[1.60,1.80]","prereg"
"e352f404c511a6a1209dd5ad","[1.96,2.00];[1.36,1.40];[1.12,1.16];[0.40,0.44];[0.36,0.40];[0.44,0.48];[0.32,0.36];[1.04,1.08];[1.52,1.56];[1.24,1.28];[0.60,0.64];[2.00,0.00];[1.84,1.88];[0.48,0.52];[1.20,1.24];[0.08,0.12];[0.96,1.00];[1.88,1.92];[0.84,0.88];[0.56,0.60];[1.72,1.76];[1.16,1.20];[1.40,1.44];[1.56,1.60];[1.08,1.12];[1.92,1.96];[0.68,0.72];[0.16,0.20];[0.76,0.80];[0.52,0.56];[0.92,0.96];[1.32,1.36];[0.20,0.24];[0.00,0.04];[0.88,0.92];[0.64,0.68];[0.72,0.76];[0.24,0.28];[1.68,1.72];[1.00,1.04];[1.64,1.68];[0.12,0.16];[1.44,1.48];[1.76,1.80];[0.04,0.08];[1.48,1.52];[1.60,1.64];[0.28,0.32];[1.28,1.32];[0.80,0.84];[1.80,1.84]","prereg"
"","[1.00,1.20];[0.60,0.80];[1.40,1.60];[2.00,0.00];[0.00,0.20];[0.20,0.40];[0.80,1.00];[0.40,0.60];[1.80,2.00];[1.60,1.80];[1.20,1.40]","prereg"
"","[1.24,1.28];[1.12,1.16];[1.00,1.04];[1.40,1.44];[1.28,1.32];[0.60,0.64];[0.96,1.00];[0.84,0.88];[1.80,1.84];[1.44,1.48];[0.36,0.40];[0.80,0.84];[0.88,0.92];[0.64,0.68];[0.04,0.08];[1.60,1.64];[1.92,1.96];[1.16,1.20];[0.48,0.52];[0.56,0.60];[1.32,1.36];[2.00,0.00];[0.76,0.80];[0.12,0.16];[0.32,0.36];[1.76,1.80];[0.08,0.12];[1.08,1.12];[0.20,0.24];[0.44,0.48];[0.00,0.04];[1.52,1.56];[1.04,1.08];[1.20,1.24];[1.48,1.52];[1.36,1.40];[1.84,1.88];[0.68,0.72];[0.92,0.96];[0.40,0.44];[1.68,1.72];[0.24,0.28];[1.64,1.68];[1.56,1.60];[1.88,1.92];[1.72,1.76];[0.72,0.76];[0.52,0.56];[1.96,2.00];[0.28,0.32];[0.16,0.20]","prereg"
"d9c22daf0e9092f23233c8bb","[0.00,0.20];[1.80,2.00];[0.20,0.40];[1.40,1.60];[0.40,0.60];[1.00,1.20];[1.20,1.40];[0.80,1.00];[1.60,1.80];[2.00,0.00];[0.60,0.80]","prereg"
"4809de08515013830fc701c3","[1.68,1.72];[1.56,1.60];[1.84,1.88];[0.76,0.80];[0.96,1.00];[0.92,0.96];[0.64,0.68];[1.28,1.32];[1.08,1.12];[0.44,0.48];[1.36,1.40];[0.36,0.40];[0.80,0.84];[0.32,0.36];[0.84,0.88];[1.72,1.76];[0.68,0.72];[0.40,0.44];[2.00,0.00];[1.52,1.56];[0.88,0.92];[0.04,0.08];[1.20,1.24];[0.16,0.20];[1.96,2.00];[0.00,0.04];[1.04,1.08];[1.32,1.36];[1.16,1.20];[1.24,1.28];[0.72,0.76];[1.64,1.68];[0.48,0.52];[1.00,1.04];[1.60,1.64];[0.28,0.32];[1.76,1.80];[1.40,1.44];[0.08,0.12];[1.12,1.16];[0.52,0.56];[1.88,1.92];[0.56,0.60];[0.20,0.24];[1.44,1.48];[0.24,0.28];[0.60,0.64];[1.92,1.96];[1.80,1.84];[1.48,1.52];[0.12,0.16]","prereg"
"4ffc824f8b569c5abdf3dd74","[0.60,0.64];[1.04,1.08];[0.76,0.80];[0.48,0.52];[0.24,0.28];[1.00,1.04];[1.60,1.64];[0.44,0.48];[1.24,1.28];[1.92,1.96];[0.64,0.68];[1.28,1.32];[0.40,0.44];[1.88,1.92];[1.96,2.00];[0.12,0.16];[2.00,0.00];[0.56,0.60];[0.96,1.00];[0.92,0.96];[1.64,1.68];[0.28,0.32];[1.44,1.48];[1.72,1.76];[1.08,1.12];[0.72,0.76];[1.76,1.80];[0.32,0.36];[1.40,1.44];[0.00,0.04];[0.52,0.56];[1.36,1.40];[0.36,0.40];[0.04,0.08];[0.80,0.84];[1.20,1.24];[0.84,0.88];[0.88,0.92];[1.52,1.56];[1.56,1.60];[0.08,0.12];[0.16,0.20];[1.68,1.72];[1.12,1.16];[1.32,1.36];[1.80,1.84];[1.16,1.20];[0.20,0.24];[0.68,0.72];[1.84,1.88];[1.48,1.52]","prereg"
"37f541c7afc94c01baff33f4","[0.68,0.72];[0.84,0.88];[0.52,0.56];[1.60,1.64];[0.88,0.92];[1.68,1.72];[0.32,0.36];[1.00,1.04];[0.08,0.12];[1.28,1.32];[0.80,0.84];[0.00,0.04];[0.76,0.80];[1.64,1.68];[1.80,1.84];[0.36,0.40];[1.88,1.92];[0.04,0.08];[0.96,1.00];[1.48,1.52];[1.52,1.56];[1.96,2.00];[1.56,1.60];[0.44,0.48];[1.72,1.76];[0.64,0.68];[2.00,0.00];[1.76,1.80];[0.40,0.44];[1.36,1.40];[1.12,1.16];[0.60,0.64];[0.28,0.32];[0.12,0.16];[0.92,0.96];[0.72,0.76];[0.24,0.28];[1.44,1.48];[0.16,0.20];[1.40,1.44];[1.08,1.12];[0.20,0.24];[0.56,0.60];[0.48,0.52];[1.24,1.28];[1.04,1.08];[1.32,1.36];[1.92,1.96];[1.20,1.24];[1.16,1.20];[1.84,1.88]","prereg"
"","[0.40,0.60];[0.00,0.20];[0.60,0.80];[2.00,0.00];[1.40,1.60];[1.20,1.40];[0.80,1.00];[1.00,1.20];[0.20,0.40];[1.60,1.80];[1.80,2.00]","prereg"
"","[1.60,1.64];[1.56,1.60];[1.12,1.16];[0.04,0.08];[1.28,1.32];[0.76,0.80];[2.00,0.00];[0.12,0.16];[1.40,1.44];[0.36,0.40];[1.96,2.00];[1.36,1.40];[1.20,1.24];[1.32,1.36];[1.68,1.72];[1.72,1.76];[1.80,1.84];[0.20,0.24];[0.00,0.04];[0.40,0.44];[0.84,0.88];[0.16,0.20];[0.68,0.72];[0.96,1.00];[0.28,0.32];[1.64,1.68];[0.88,0.92];[0.52,0.56];[1.84,1.88];[1.00,1.04];[0.92,0.96];[0.32,0.36];[1.52,1.56];[0.60,0.64];[0.44,0.48];[1.88,1.92];[0.08,0.12];[1.24,1.28];[0.72,0.76];[0.56,0.60];[1.48,1.52];[1.08,1.12];[1.04,1.08];[0.24,0.28];[1.76,1.80];[1.16,1.20];[0.48,0.52];[1.44,1.48];[1.92,1.96];[0.64,0.68];[0.80,0.84]","prereg"
"a34a051cf5295714c63da738","[0.00,0.20];[0.20,0.40];[1.40,1.60];[1.80,2.00];[0.60,0.80];[1.60,1.80];[0.80,1.00];[1.00,1.20];[0.40,0.60];[2.00,0.00];[1.20,1.40]","prereg"
"692a5501c34a2c47f54fd386","[1.00,1.04];[0.48,0.52];[0.00,0.04];[0.72,0.76];[1.60,1.64];[1.56,1.60];[1.44,1.48];[2.00,0.00];[0.40,0.44];[0.36,0.40];[0.84,0.88];[0.88,0.92];[1.88,1.92];[0.28,0.32];[0.64,0.68];[0.80,0.84];[0.92,0.96];[1.04,1.08];[1.48,1.52];[1.12,1.16];[0.32,0.36];[0.16,0.20];[0.12,0.16];[0.96,1.00];[1.20,1.24];[0.20,0.24];[0.76,0.80];[1.24,1.28];[1.64,1.68];[1.32,1.36];[1.08,1.12];[0.60,0.64];[0.52,0.56];[1.52,1.56];[1.72,1.76];[1.84,1.88];[1.28,1.32];[1.68,1.72];[0.68,0.72];[1.40,1.44];[1.96,2.00];[1.16,1.20];[1.92,1.96];[1.80,1.84];[0.04,0.08];[1.76,1.80];[0.44,0.48];[0.08,0.12];[1.36,1.40];[0.24,0.28];[0.56,0.60]","prereg"
"c834e68dd94371c2de357408","[0.92,0.96];[0.08,0.12];[0.76,0.80];[1.80,1.84];[1.24,1.28];[0.84,0.88];[0.32,0.36];[0.44,0.48];[1.04,1.08];[1.56,1.60];[0.36,0.40];[0.00,0.04];[0.48,0.52];[1.88,1.92];[1.12,1.16];[1.60,1.64];[0.72,0.76];[0.88,0.92];[0.80,0.84];[1.52,1.56];[2.00,0.00];[1.20,1.24];[1.64,1.68];[1.32,1.36];[1.96,2.00];[1.28,1.32];[0.96,1.00];[0.40,0.44];[0.12,0.16];[1.08,1.12];[1.16,1.20];[0.24,0.28];[1.92,1.96];[0.52,0.56];[0.16,0.20];[0.28,0.32];[1.72,1.76];[1.68,1.72];[0.56,0.60];[0.64,0.68];[1.44,1.48];[1.48,1.52];[0.60,0.64];[0.20,0.24];[1.84,1.88];[1.00,1.04];[1.36,1.40];[1.76,1.80];[1.40,1.44];[0.04,0.08];[0.68,0.72]","prereg"
"1703870ece7d2211ec9d4f67","[1.00,1.20];[1.60,1.80];[0.40,0.60];[1.40,1.60];[2.00,0.00];[0.80,1.00];[0.00,0.20];[0.20,0.40];[1.20,1.40];[0.60,0.80];[1.80,2.00]","prereg"
"3cc9bf4c3a153deb0d79743a","[1.84,1.88];[1.60,1.64];[0.36,0.40];[1.20,1.24];[0.52,0.56];[1.56,1.60];[1.88,1.92];[1.72,1.76];[0.88,0.92];[1.52,1.56];[1.48,1.52];[0.04,0.08];[0.84,0.88];[1.12,1.16];[1.92,1.96];[1.00,1.04];[1.16,1.20];[0.96,1.00];[1.96,2.00];[0.16,0.20];[0.28,0.32];[0.80,0.84];[0.12,0.16];[0.60,0.64];[0.64,0.68];[0.92,0.96];[1.44,1.48];[0.72,0.76];[0.44,0.48];[0.56,0.60];[2.00,0.00];[0.48,0.52];[0.00,0.04];[1.24,1.28];[1.76,1.80];[1.64,1.68];[1.36,1.40];[1.80,1.84];[0.40,0.44];[0.08,0.12];[0.68,0.72];[0.24,0.28];[1.28,1.32];[0.32,0.36];[0.20,0.24];[1.32,1.36];[0.76,0.80];[1.40,1.44];[1.68,1.72];[1.08,1.12];[1.04,1.08]","prereg"
"","[0.20,0.40];[0.80,1.00];[1.40,1.60];[1.20,1.40];[0.40,0.60];[2.00,0.00];[1.60,1.80];[0.00,0.20];[1.00,1.20];[0.60,0.80];[1.80,2.00]","prereg"
"9fea43a5ea5ccd4e6b364739","[0.60,0.80];[2.00,0.00];[1.00,1.20];[1.80,2.00];[0.80,1.00];[0.00,0.20];[0.40,0.60];[0.20,0.40];[1.60,1.80];[1.40,1.60];[1.20,1.40]","prereg"
"aaa59fe0a8b893048c92e2dd","[0.00,0.20];[1.40,1.60];[0.80,1.00];[0.60,0.80];[0.40,0.60];[1.00,1.20];[2.00,0.00];[1.20,1.40];[1.60,1.80];[1.80,2.00];[0.20,0.40]","prereg"
"05dde6c5fbf317cf08238aad","[0.60,0.64];[0.48,0.52];[0.16,0.20];[0.24,0.28];[1.52,1.56];[1.56,1.60];[2.00,0.00];[1.24,1.28];[0.76,0.80];[0.32,0.36];[0.08,0.12];[1.64,1.68];[1.84,1.88];[1.12,1.16];[1.80,1.84];[1.08,1.12];[0.68,0.72];[0.40,0.44];[0.04,0.08];[0.28,0.32];[0.96,1.00];[1.28,1.32];[0.44,0.48];[1.76,1.80];[1.40,1.44];[0.56,0.60];[0.84,0.88];[1.96,2.00];[1.00,1.04];[0.12,0.16];[1.68,1.72];[1.48,1.52];[1.04,1.08];[0.20,0.24];[0.88,0.92];[1.44,1.48];[1.20,1.24];[0.80,0.84];[1.60,1.64];[0.72,0.76];[1.92,1.96];[0.64,0.68];[0.92,0.96];[1.32,1.36];[1.72,1.76];[0.00,0.04];[1.88,1.92];[1.36,1.40];[0.36,0.40];[1.16,1.20];[0.52,0.56]","prereg"
"2fe43af52df32901de669116","[0.60,0.80];[2.00,0.00];[1.80,2.00];[1.00,1.20];[0.80,1.00];[0.40,0.60];[1.20,1.40];[0.20,0.40];[1.60,1.80];[0.00,0.20];[1.40,1.60]","prereg"
"99e248797d7418799bece92a","[1.20,1.40];[1.60,1.80];[1.40,1.60];[1.80,2.00];[1.00,1.20];[2.00,0.00];[0.20,0.40];[0.40,0.60];[0.60,0.80];[0.00,0.20];[0.80,1.00]","prereg"
"7a2c981df66a42edeb06d2cb","[0.08,0.12];[0.96,1.00];[1.56,1.60];[1.44,1.48];[0.28,0.32];[1.64,1.68];[1.28,1.32];[0.52,0.56];[0.40,0.44];[0.36,0.40];[1.00,1.04];[0.56,0.60];[1.08,1.12];[1.16,1.20];[1.68,1.72];[0.24,0.28];[1.80,1.84];[0.88,0.92];[1.76,1.80];[1.48,1.52];[0.92,0.96];[0.84,0.88];[0.44,0.48];[1.84,1.88];[0.04,0.08];[0.72,0.76];[2.00,0.00];[1.52,1.56];[0.68,0.72];[1.40,1.44];[1.20,1.24];[0.16,0.20];[1.92,1.96];[0.80,0.84];[1.36,1.40];[0.60,0.64];[0.32,0.36];[1.12,1.16];[0.00,0.04];[0.20,0.24];[1.24,1.28];[1.72,1.76];[0.12,0.16];[1.88,1.92];[1.96,2.00];[0.64,0.68];[1.60,1.64];[0.76,0.80];[1.32,1.36];[0.48,0.52];[1.04,1.08]","prereg"
"","[1.56,1.60];[1.60,1.64];[0.88,0.92];[1.84,1.88];[1.24,1.28];[0.44,0.48];[0.92,0.96];[0.32,0.36];[0.12,0.16];[0.48,0.52];[1.88,1.92];[0.84,0.88];[1.72,1.76];[1.48,1.52];[1.36,1.40];[1.04,1.08];[0.00,0.04];[1.80,1.84];[0.24,0.28];[1.44,1.48];[1.64,1.68];[0.08,0.12];[1.96,2.00];[0.80,0.84];[0.28,0.32];[1.00,1.04];[0.52,0.56];[0.60,0.64];[2.00,0.00];[0.36,0.40];[1.20,1.24];[0.56,0.60];[0.64,0.68];[0.72,0.76];[1.52,1.56];[1.40,1.44];[1.92,1.96];[0.16,0.20];[1.16,1.20];[0.68,0.72];[0.96,1.00];[1.12,1.16];[1.28,1.32];[1.76,1.80];[0.40,0.44];[1.68,1.72];[1.32,1.36];[0.04,0.08];[0.76,0.80];[0.20,0.24];[1.08,1.12]","prereg"
"","[0.00,0.04];[0.96,1.00];[1.28,1.32];[0.60,0.64];[1.72,1.76];[1.88,1.92];[0.88,0.92];[1.64,1.68];[0.28,0.32];[1.48,1.52];[1.00,1.04];[1.16,1.20];[1.60,1.64];[0.64,0.68];[0.08,0.12];[1.52,1.56];[1.20,1.24];[1.12,1.16];[0.84,0.88];[0.56,0.60];[1.96,2.00];[1.24,1.28];[1.84,1.88];[0.36,0.40];[1.36,1.40];[0.12,0.16];[0.68,0.72];[0.76,0.80];[0.20,0.24];[1.76,1.80];[1.80,1.84];[0.16,0.20];[0.24,0.28];[0.72,0.76];[1.56,1.60];[1.08,1.12];[0.32,0.36];[0.52,0.56];[1.92,1.96];[0.44,0.48];[2.00,0.00];[1.68,1.72];[1.44,1.48];[0.80,0.84];[1.04,1.08];[1.40,1.44];[0.40,0.44];[0.92,0.96];[0.48,0.52];[1.32,1.36];[0.04,0.08]","prereg"
"37d580b92a2a9abaadfdb4a6","[1.08,1.12];[1.56,1.60];[1.68,1.72];[0.44,0.48];[0.88,0.92];[1.36,1.40];[0.40,0.44];[1.48,1.52];[1.80,1.84];[1.44,1.48];[0.04,0.08];[0.12,0.16];[1.76,1.80];[0.36,0.40];[2.00,0.00];[0.24,0.28];[1.12,1.16];[0.56,0.60];[1.24,1.28];[0.16,0.20];[0.32,0.36];[1.92,1.96];[0.52,0.56];[0.60,0.64];[0.68,0.72];[1.72,1.76];[1.64,1.68];[0.80,0.84];[1.32,1.36];[0.28,0.32];[1.28,1.32];[1.84,1.88];[1.96,2.00];[1.00,1.04];[1.60,1.64];[1.04,1.08];[1.16,1.20];[0.84,0.88];[1.52,1.56];[0.64,0.68];[0.00,0.04];[0.08,0.12];[1.40,1.44];[0.76,0.80];[1.88,1.92];[0.20,0.24];[0.96,1.00];[0.48,0.52];[0.92,0.96];[0.72,0.76];[1.20,1.24]","prereg"
"704b175b1f8b8a06c94d53cd","[0.40,0.60];[0.20,0.40];[1.80,2.00];[0.60,0.80];[1.00,1.20];[0.00,0.20];[1.60,1.80];[1.20,1.40];[2.00,0.00];[0.80,1.00];[1.40,1.60]","prereg"
"d54858f1627049553fa89415","[0.00,0.20];[1.20,1.40];[1.60,1.80];[0.20,0.40];[0.40,0.60];[1.00,1.20];[0.80,1.00];[0.60,0.80];[2.00,0.00];[1.40,1.60];[1.80,2.00]","prereg"
"c9dc10c8c664193cec6168ac","[0.44,0.48];[2.00,0.00];[0.84,0.88];[0.76,0.80];[1.36,1.40];[0.16,0.20];[1.04,1.08];[1.24,1.28];[1.44,1.48];[0.92,0.96];[1.60,1.64];[1.16,1.20];[0.24,0.28];[0.52,0.56];[1.88,1.92];[1.68,1.72];[0.28,0.32];[1.56,1.60];[1.40,1.44];[0.08,0.12];[0.36,0.40];[0.88,0.92];[1.64,1.68];[0.56,0.60];[1.80,1.84];[0.64,0.68];[0.04,0.08];[1.48,1.52];[0.00,0.04];[0.60,0.64];[1.00,1.04];[1.12,1.16];[1.20,1.24];[1.52,1.56];[1.84,1.88];[0.96,1.00];[0.48,0.52];[0.80,0.84];[0.12,0.16];[0.68,0.72];[1.96,2.00];[0.72,0.76];[1.72,1.76];[1.76,1.80];[0.40,0.44];[1.92,1.96];[1.08,1.12];[0.32,0.36];[0.20,0.24];[1.32,1.36];[1.28,1.32]","prereg"
"8015ec738d42c22a43432f17","[0.60,0.80];[0.00,0.20];[1.80,2.00];[0.20,0.40];[0.80,1.00];[1.40,1.60];[1.60,1.80];[0.40,0.60];[1.20,1.40];[1.00,1.20];[2.00,0.00]","prereg"
"101fb4ec15375b056f34111e","[2.00,0.00];[1.60,1.80];[0.20,0.40];[1.40,1.60];[0.40,0.60];[1.00,1.20];[1.80,2.00];[1.20,1.40];[0.80,1.00];[0.60,0.80];[0.00,0.20]","prereg"
"d00a7d2678be392f116c370e","[1.00,1.04];[0.60,0.64];[1.44,1.48];[1.88,1.92];[1.92,1.96];[0.16,0.20];[1.40,1.44];[1.84,1.88];[1.20,1.24];[0.32,0.36];[1.16,1.20];[1.96,2.00];[1.56,1.60];[0.36,0.40];[1.68,1.72];[0.56,0.60];[0.80,0.84];[0.08,0.12];[1.28,1.32];[0.64,0.68];[0.20,0.24];[1.32,1.36];[0.68,0.72];[0.52,0.56];[1.36,1.40];[1.80,1.84];[0.44,0.48];[0.40,0.44];[0.72,0.76];[0.84,0.88];[1.72,1.76];[0.96,1.00];[0.48,0.52];[0.76,0.80];[1.60,1.64];[0.04,0.08];[0.88,0.92];[1.48,1.52];[1.04,1.08];[0.12,0.16];[1.76,1.80];[1.64,1.68];[1.52,1.56];[0.24,0.28];[0.92,0.96];[1.12,1.16];[0.00,0.04];[1.08,1.12];[1.24,1.28];[0.28,0.32];[2.00,0.00]","prereg"
"","[0.60,0.80];[1.40,1.60];[0.20,0.40];[0.80,1.00];[1.20,1.40];[1.60,1.80];[0.40,0.60];[2.00,0.00];[0.00,0.20];[1.80,2.00];[1.00,1.20]","prereg"
"cd53c66ae2faebef3caab26b","[1.04,1.08];[0.36,0.40];[1.12,1.16];[0.40,0.44];[1.16,1.20];[0.44,0.48];[0.32,0.36];[1.76,1.80];[0.28,0.32];[1.64,1.68];[0.92,0.96];[0.76,0.80];[1.40,1.44];[0.48,0.52];[1.24,1.28];[1.96,2.00];[1.92,1.96];[0.08,0.12];[1.44,1.48];[0.16,0.20];[0.04,0.08];[0.56,0.60];[1.68,1.72];[1.60,1.64];[0.72,0.76];[1.20,1.24];[1.36,1.40];[0.80,0.84];[1.84,1.88];[1.48,1.52];[1.32,1.36];[1.88,1.92];[0.68,0.72];[2.00,0.00];[0.52,0.56];[0.20,0.24];[0.84,0.88];[0.12,0.16];[1.80,1.84];[1.00,1.04];[0.60,0.64];[1.28,1.32];[1.52,1.56];[0.64,0.68];[1.56,1.60];[0.24,0.28];[0.00,0.04];[0.88,0.92];[1.72,1.76];[0.96,1.00];[1.08,1.12]","prereg"
"374cab2534f34faded4a44f2","[1.80,2.00];[1.40,1.60];[0.20,0.40];[1.20,1.40];[1.60,1.80];[0.40,0.60];[1.00,1.20];[0.60,0.80];[2.00,0.00];[0.00,0.20];[0.80,1.00]","prereg"
"","[1.00,1.04];[1.80,1.84];[0.76,0.80];[0.12,0.16];[0.60,0.64];[0.32,0.36];[0.04,0.08];[1.88,1.92];[1.92,1.96];[1.52,1.56];[1.40,1.44];[0.48,0.52];[1.04,1.08];[1.16,1.20];[0.56,0.60];[0.40,0.44];[0.16,0.20];[1.44,1.48];[1.96,2.00];[0.00,0.04];[1.36,1.40];[0.88,0.92];[0.72,0.76];[1.64,1.68];[1.28,1.32];[0.96,1.00];[0.64,0.68];[1.12,1.16];[0.28,0.32];[0.44,0.48];[2.00,0.00];[1.76,1.80];[1.72,1.76];[0.52,0.56];[0.84,0.88];[0.36,0.40];[1.20,1.24];[0.08,0.12];[1.84,1.88];[1.48,1.52];[1.68,1.72];[0.20,0.24];[1.32,1.36];[1.24,1.28];[0.92,0.96];[0.24,0.28];[1.56,1.60];[1.60,1.64];[0.68,0.72];[0.80,0.84];[1.08,1.12]","prereg"
"","[1.60,1.80];[1.40,1.60];[2.00,0.00];[0.20,0.40];[0.00,0.20];[0.60,0.80];[1.80,2.00];[1.00,1.20];[0.80,1.00];[1.20,1.40];[0.40,0.60]","prereg"
"","[0.64,0.68];[1.64,1.68];[0.28,0.32];[0.92,0.96];[0.08,0.12];[0.20,0.24];[0.88,0.92];[0.96,1.00];[0.12,0.16];[0.44,0.48];[1.40,1.44];[1.72,1.76];[1.96,2.00];[1.68,1.72];[1.04,1.08];[1.32,1.36];[0.80,0.84];[0.32,0.36];[1.00,1.04];[0.84,0.88];[0.16,0.20];[0.36,0.40];[0.52,0.56];[0.00,0.04];[1.28,1.32];[1.20,1.24];[1.88,1.92];[1.08,1.12];[0.48,0.52];[1.80,1.84];[1.12,1.16];[1.16,1.20];[2.00,0.00];[0.40,0.44];[1.92,1.96];[0.76,0.80];[1.52,1.56];[1.56,1.60];[0.60,0.64];[0.04,0.08];[1.48,1.52];[0.56,0.60];[1.76,1.80];[1.36,1.40];[1.60,1.64];[0.72,0.76];[0.24,0.28];[1.24,1.28];[0.68,0.72];[1.84,1.88];[1.44,1.48]","prereg"
"","[1.40,1.60];[0.00,0.20];[1.80,2.00];[1.20,1.40];[0.60,0.80];[1.00,1.20];[0.40,0.60];[1.60,1.80];[2.00,0.00];[0.20,0.40];[0.80,1.00]","prereg"
"08b3fa3149ce0bd63359c8e6","[1.40,1.60];[0.20,0.40];[0.00,0.20];[1.20,1.40];[1.60,1.80];[1.80,2.00];[0.60,0.80];[2.00,0.00];[0.80,1.00];[0.40,0.60];[1.00,1.20]","prereg"
"","[0.40,0.60];[1.40,1.60];[0.20,0.40];[0.80,1.00];[1.20,1.40];[0.60,0.80];[1.80,2.00];[2.00,0.00];[1.00,1.20];[0.00,0.20];[1.60,1.80]","prereg"
"","[2.00,0.00];[0.20,0.40];[1.20,1.40];[1.80,2.00];[1.40,1.60];[1.00,1.20];[0.40,0.60];[0.00,0.20];[0.80,1.00];[1.60,1.80];[0.60,0.80]","prereg"
"","[1.04,1.08];[0.08,0.12];[0.00,0.04];[0.80,0.84];[0.44,0.48];[0.52,0.56];[0.96,1.00];[0.16,0.20];[1.36,1.40];[1.48,1.52];[1.72,1.76];[0.60,0.64];[0.20,0.24];[0.64,0.68];[0.72,0.76];[0.32,0.36];[1.40,1.44];[0.12,0.16];[1.88,1.92];[2.00,0.00];[0.48,0.52];[1.00,1.04];[1.92,1.96];[1.28,1.32];[0.56,0.60];[1.20,1.24];[0.28,0.32];[1.56,1.60];[1.24,1.28];[1.32,1.36];[1.08,1.12];[0.84,0.88];[1.84,1.88];[1.96,2.00];[1.52,1.56];[1.12,1.16];[0.92,0.96];[1.68,1.72];[1.60,1.64];[0.36,0.40];[0.24,0.28];[0.40,0.44];[1.76,1.80];[0.68,0.72];[1.44,1.48];[1.64,1.68];[1.80,1.84];[0.04,0.08];[1.16,1.20];[0.88,0.92];[0.76,0.80]","prereg"
"","[2.00,0.00];[0.60,0.80];[1.00,1.20];[1.80,2.00];[0.00,0.20];[0.20,0.40];[1.60,1.80];[0.40,0.60];[1.20,1.40];[1.40,1.60];[0.80,1.00]","prereg"
"","[0.40,0.60];[1.20,1.40];[0.00,0.20];[0.80,1.00];[1.60,1.80];[1.40,1.60];[1.00,1.20];[2.00,0.00];[1.80,2.00];[0.60,0.80];[0.20,0.40]","prereg"
"cab1a18f5caa5153e945584b","[0.40,0.44];[1.68,1.72];[0.36,0.40];[0.12,0.16];[1.88,1.92];[0.00,0.04];[0.48,0.52];[1.96,2.00];[1.24,1.28];[0.16,0.20];[1.48,1.52];[0.24,0.28];[1.72,1.76];[1.84,1.88];[1.12,1.16];[0.72,0.76];[1.76,1.80];[0.04,0.08];[0.96,1.00];[2.00,0.00];[0.88,0.92];[0.44,0.48];[0.20,0.24];[0.08,0.12];[0.92,0.96];[0.68,0.72];[0.64,0.68];[1.04,1.08];[1.80,1.84];[1.56,1.60];[1.08,1.12];[1.16,1.20];[0.76,0.80];[0.32,0.36];[0.60,0.64];[1.32,1.36];[1.40,1.44];[1.44,1.48];[1.36,1.40];[1.64,1.68];[1.28,1.32];[1.00,1.04];[0.56,0.60];[1.52,1.56];[1.92,1.96];[0.28,0.32];[0.84,0.88];[0.80,0.84];[1.60,1.64];[0.52,0.56];[1.20,1.24]","prereg"
"a974c80a90dfac934c964f5e","[0.80,1.00];[1.80,2.00];[2.00,0.00];[0.00,0.20];[1.00,1.20];[1.20,1.40];[0.40,0.60];[1.60,1.80];[0.20,0.40];[1.40,1.60];[0.60,0.80]","prereg"
"81b8ee677442830f7661eb0a","[0.20,0.24];[1.92,1.96];[1.44,1.48];[1.72,1.76];[0.36,0.40];[0.84,0.88];[1.24,1.28];[0.44,0.48];[1.08,1.12];[0.80,0.84];[1.28,1.32];[0.32,0.36];[0.12,0.16];[0.04,0.08];[1.36,1.40];[1.84,1.88];[0.68,0.72];[1.48,1.52];[1.64,1.68];[0.48,0.52];[0.76,0.80];[2.00,0.00];[1.12,1.16];[1.04,1.08];[1.32,1.36];[0.52,0.56];[1.76,1.80];[1.96,2.00];[0.60,0.64];[0.88,0.92];[1.40,1.44];[0.64,0.68];[0.16,0.20];[1.88,1.92];[0.56,0.60];[0.24,0.28];[1.52,1.56];[0.00,0.04];[1.20,1.24];[0.08,0.12];[1.16,1.20];[0.40,0.44];[0.92,0.96];[1.56,1.60];[0.28,0.32];[0.96,1.00];[1.68,1.72];[0.72,0.76];[1.60,1.64];[1.00,1.04];[1.80,1.84]","prereg"
"0d7b64d7757f70a99bfbc93f","[0.00,0.20];[0.60,0.80];[1.60,1.80];[1.80,2.00];[1.00,1.20];[2.00,0.00];[1.40,1.60];[0.20,0.40];[1.20,1.40];[0.80,1.00];[0.40,0.60]","prereg"
"90751b7e0e391b3b94b01bb4","[1.52,1.56];[0.56,0.60];[0.00,0.04];[1.20,1.24];[0.36,0.40];[1.16,1.20];[1.80,1.84];[1.32,1.36];[1.40,1.44];[0.92,0.96];[1.00,1.04];[1.76,1.80];[1.12,1.16];[0.64,0.68];[1.08,1.12];[0.72,0.76];[0.52,0.56];[0.16,0.20];[1.92,1.96];[1.56,1.60];[0.48,0.52];[1.84,1.88];[1.72,1.76];[0.88,0.92];[1.60,1.64];[1.36,1.40];[1.96,2.00];[0.12,0.16];[1.68,1.72];[0.68,0.72];[0.84,0.88];[1.24,1.28];[0.28,0.32];[0.76,0.80];[0.60,0.64];[1.48,1.52];[1.44,1.48];[0.80,0.84];[1.88,1.92];[2.00,0.00];[0.44,0.48];[0.08,0.12];[0.40,0.44];[1.64,1.68];[1.28,1.32];[1.04,1.08];[0.96,1.00];[0.20,0.24];[0.04,0.08];[0.32,0.36];[0.24,0.28]","prereg"
"bd4b19846b54c0c883ed2599","[0.12,0.16];[1.44,1.48];[0.24,0.28];[1.24,1.28];[1.08,1.12];[1.04,1.08];[0.84,0.88];[0.60,0.64];[0.20,0.24];[1.16,1.20];[1.00,1.04];[1.56,1.60];[0.04,0.08];[1.52,1.56];[0.16,0.20];[0.76,0.80];[0.36,0.40];[1.76,1.80];[0.48,0.52];[1.80,1.84];[1.20,1.24];[1.96,2.00];[1.60,1.64];[0.56,0.60];[1.64,1.68];[1.48,1.52];[1.40,1.44];[0.88,0.92];[1.12,1.16];[0.80,0.84];[0.32,0.36];[0.72,0.76];[0.44,0.48];[0.96,1.00];[0.40,0.44];[0.28,0.32];[0.00,0.04];[1.28,1.32];[1.92,1.96];[0.64,0.68];[1.72,1.76];[0.08,0.12];[0.68,0.72];[1.68,1.72];[1.88,1.92];[1.36,1.40];[1.32,1.36];[2.00,0.00];[0.52,0.56];[1.84,1.88];[0.92,0.96]","prereg"
"0fee183f5ddfdea97d940541","[0.80,1.00];[1.80,2.00];[1.60,1.80];[1.20,1.40];[1.40,1.60];[2.00,0.00];[1.00,1.20];[0.40,0.60];[0.20,0.40];[0.60,0.80];[0.00,0.20]","prereg"
"349ad4c82a3839fbf47c39e7","[1.00,1.04];[1.08,1.12];[1.16,1.20];[0.84,0.88];[0.52,0.56];[0.60,0.64];[0.56,0.60];[0.20,0.24];[1.88,1.92];[0.64,0.68];[1.32,1.36];[0.32,0.36];[0.44,0.48];[1.24,1.28];[1.04,1.08];[1.36,1.40];[1.80,1.84];[0.24,0.28];[1.96,2.00];[0.40,0.44];[0.04,0.08];[1.84,1.88];[0.80,0.84];[1.28,1.32];[0.28,0.32];[0.92,0.96];[0.88,0.92];[1.20,1.24];[1.64,1.68];[0.76,0.80];[1.76,1.80];[0.96,1.00];[2.00,0.00];[0.68,0.72];[0.08,0.12];[1.40,1.44];[0.12,0.16];[1.56,1.60];[1.60,1.64];[1.68,1.72];[0.72,0.76];[0.48,0.52];[1.92,1.96];[1.44,1.48];[0.36,0.40];[0.16,0.20];[1.12,1.16];[0.00,0.04];[1.72,1.76];[1.52,1.56];[1.48,1.52]","prereg"
"d3c7191d61a4723da4c37fe7","[0.60,0.80];[0.80,1.00];[1.60,1.80];[1.00,1.20];[1.80,2.00];[1.20,1.40];[0.40,0.60];[1.40,1.60];[0.20,0.40];[2.00,0.00];[0.00,0.20]","prereg"
"","[0.92,0.96];[0.64,0.68];[0.16,0.20];[1.44,1.48];[0.08,0.12];[0.40,0.44];[0.68,0.72];[1.76,1.80];[1.32,1.36];[1.20,1.24];[1.68,1.72];[1.16,1.20];[0.20,0.24];[0.12,0.16];[0.24,0.28];[0.44,0.48];[1.92,1.96];[0.96,1.00];[1.84,1.88];[1.08,1.12];[1.64,1.68];[0.48,0.52];[0.32,0.36];[1.00,1.04];[1.72,1.76];[1.04,1.08];[1.80,1.84];[1.40,1.44];[1.36,1.40];[0.84,0.88];[0.76,0.80];[1.52,1.56];[0.52,0.56];[0.72,0.76];[0.60,0.64];[1.96,2.00];[0.28,0.32];[1.28,1.32];[0.36,0.40];[0.80,0.84];[0.56,0.60];[0.00,0.04];[1.48,1.52];[0.04,0.08];[1.60,1.64];[1.24,1.28];[1.88,1.92];[1.12,1.16];[1.56,1.60];[2.00,0.00];[0.88,0.92]","prereg"
"00828cf586fad45cdf893c27","[0.00,0.20];[0.60,0.80];[1.40,1.60];[1.00,1.20];[1.20,1.40];[0.80,1.00];[0.40,0.60];[2.00,0.00];[1.60,1.80];[0.20,0.40];[1.80,2.00]","prereg"
"","[1.00,1.20];[1.40,1.60];[1.60,1.80];[1.20,1.40];[0.20,0.40];[0.60,0.80];[0.80,1.00];[1.80,2.00];[0.00,0.20];[2.00,0.00];[0.40,0.60]","prereg"
"628b34cb29b3185c211c1ab3","[0.00,0.20];[1.00,1.20];[1.40,1.60];[2.00,0.00];[0.80,1.00];[1.20,1.40];[1.60,1.80];[0.40,0.60];[1.80,2.00];[0.20,0.40];[0.60,0.80]","prereg"
"d7524103237326aa6409699e","[1.44,1.48];[0.24,0.28];[1.64,1.68];[1.20,1.24];[0.72,0.76];[0.56,0.60];[1.84,1.88];[0.04,0.08];[1.56,1.60];[1.40,1.44];[0.80,0.84];[1.36,1.40];[0.60,0.64];[0.08,0.12];[1.60,1.64];[1.48,1.52];[1.28,1.32];[0.36,0.40];[0.52,0.56];[1.88,1.92];[0.88,0.92];[0.40,0.44];[0.00,0.04];[1.16,1.20];[0.28,0.32];[0.76,0.80];[1.00,1.04];[1.52,1.56];[1.04,1.08];[0.44,0.48];[1.68,1.72];[1.24,1.28];[0.32,0.36];[1.72,1.76];[0.48,0.52];[1.92,1.96];[0.96,1.00];[0.20,0.24];[1.08,1.12];[0.64,0.68];[0.84,0.88];[1.12,1.16];[0.12,0.16];[1.76,1.80];[1.96,2.00];[2.00,0.00];[0.68,0.72];[1.32,1.36];[0.92,0.96];[1.80,1.84];[0.16,0.20]","prereg"
"","[0.80,1.00];[1.60,1.80];[2.00,0.00];[1.40,1.60];[0.40,0.60];[1.80,2.00];[0.60,0.80];[1.00,1.20];[0.20,0.40];[0.00,0.20];[1.20,1.40]","prereg"
"43ee872db5a4dc48bdbb61e6","[0.20,0.40];[1.20,1.40];[2.00,0.00];[0.00,0.20];[1.00,1.20];[0.40,0.60];[1.60,1.80];[0.80,1.00];[1.80,2.00];[0.60,0.80];[1.40,1.60]","prereg"
"","[1.52,1.56];[0.44,0.48];[1.00,1.04];[0.00,0.04];[0.76,0.80];[0.84,0.88];[1.96,2.00];[0.72,0.76];[1.72,1.76];[0.48,0.52];[1.08,1.12];[0.68,0.72];[1.76,1.80];[0.56,0.60];[0.64,0.68];[0.16,0.20];[1.24,1.28];[1.68,1.72];[1.56,1.60];[0.92,0.96];[0.24,0.28];[0.80,0.84];[1.60,1.64];[0.32,0.36];[1.28,1.32];[0.08,0.12];[0.20,0.24];[0.52,0.56];[1.84,1.88];[1.04,1.08];[1.64,1.68];[0.60,0.64];[0.40,0.44];[0.96,1.00];[0.88,0.92];[1.32,1.36];[0.28,0.32];[0.12,0.16];[1.40,1.44];[1.12,1.16];[1.36,1.40];[1.92,1.96];[1.16,1.20];[0.04,0.08];[2.00,0.00];[1.80,1.84];[1.88,1.92];[1.48,1.52];[1.20,1.24];[1.44,1.48];[0.36,0.40]","prereg"
"7426fc8a6a9d50fa42da87d5","[0.60,0.64];[0.12,0.16];[1.20,1.24];[0.28,0.32];[1.92,1.96];[1.16,1.20];[0.44,0.48];[0.08,0.12];[0.52,0.56];[1.84,1.88];[0.88,0.92];[0.56,0.60];[0.84,0.88];[0.04,0.08];[1.44,1.48];[0.24,0.28];[1.00,1.04];[1.28,1.32];[0.20,0.24];[0.80,0.84];[0.92,0.96];[1.60,1.64];[0.96,1.00];[1.04,1.08];[1.32,1.36];[0.40,0.44];[1.40,1.44];[1.68,1.72];[1.12,1.16];[0.64,0.68];[1.52,1.56];[1.48,1.52];[1.76,1.80];[0.68,0.72];[1.08,1.12];[1.72,1.76];[0.76,0.80];[0.00,0.04];[1.24,1.28];[1.36,1.40];[0.72,0.76];[0.36,0.40];[2.00,0.00];[1.64,1.68];[1.96,2.00];[1.80,1.84];[0.32,0.36];[0.16,0.20];[1.56,1.60];[1.88,1.92];[0.48,0.52]","prereg"
"","[0.60,0.64];[0.44,0.48];[0.72,0.76];[1.72,1.76];[0.52,0.56];[1.92,1.96];[0.84,0.88];[0.80,0.84];[1.04,1.08];[0.04,0.08];[1.56,1.60];[1.48,1.52];[0.36,0.40];[0.08,0.12];[1.16,1.20];[1.60,1.64];[1.32,1.36];[0.92,0.96];[0.24,0.28];[0.48,0.52];[1.12,1.16];[1.28,1.32];[1.76,1.80];[1.00,1.04];[0.20,0.24];[0.76,0.80];[1.20,1.24];[0.32,0.36];[1.24,1.28];[0.12,0.16];[1.36,1.40];[1.08,1.12];[1.52,1.56];[1.64,1.68];[0.96,1.00];[0.88,0.92];[1.84,1.88];[1.96,2.00];[0.56,0.60];[2.00,0.00];[0.68,0.72];[1.88,1.92];[0.16,0.20];[1.44,1.48];[0.40,0.44];[0.64,0.68];[0.28,0.32];[1.68,1.72];[1.80,1.84];[1.40,1.44];[0.00,0.04]","prereg"
"8dca7e004f71b98fbabb3512","[1.00,1.20];[0.20,0.40];[0.40,0.60];[1.20,1.40];[2.00,0.00];[0.60,0.80];[0.00,0.20];[1.40,1.60];[1.60,1.80];[0.80,1.00];[1.80,2.00]","prereg"
"9c79d560eae7f0a5fb3990a7","[0.12,0.16];[1.64,1.68];[0.60,0.64];[0.16,0.20];[1.68,1.72];[1.72,1.76];[1.36,1.40];[2.00,0.00];[0.40,0.44];[0.08,0.12];[1.44,1.48];[1.56,1.60];[0.84,0.88];[1.88,1.92];[1.32,1.36];[1.12,1.16];[0.72,0.76];[0.92,0.96];[0.32,0.36];[0.88,0.92];[0.96,1.00];[0.52,0.56];[1.60,1.64];[1.04,1.08];[1.00,1.04];[1.48,1.52];[0.36,0.40];[1.20,1.24];[0.80,0.84];[0.00,0.04];[1.84,1.88];[0.24,0.28];[1.92,1.96];[1.80,1.84];[1.40,1.44];[1.52,1.56];[0.64,0.68];[1.76,1.80];[0.48,0.52];[0.44,0.48];[1.24,1.28];[0.20,0.24];[0.04,0.08];[0.76,0.80];[1.28,1.32];[0.56,0.60];[0.68,0.72];[0.28,0.32];[1.16,1.20];[1.96,2.00];[1.08,1.12]","prereg"
"","[0.80,1.00];[0.40,0.60];[1.60,1.80];[1.20,1.40];[2.00,0.00];[1.40,1.60];[1.80,2.00];[0.00,0.20];[0.20,0.40];[0.60,0.80];[1.00,1.20]","prereg"
"a3ca90f46e90aafaba588411","[0.40,0.60];[1.60,1.80];[1.00,1.20];[1.20,1.40];[0.80,1.00];[1.40,1.60];[0.00,0.20];[0.20,0.40];[1.80,2.00];[2.00,0.00];[0.60,0.80]","prereg"
"03d8d3668efec0502782c360","[0.24,0.28];[0.92,0.96];[0.60,0.64];[0.56,0.60];[1.08,1.12];[0.96,1.00];[1.52,1.56];[1.88,1.92];[1.32,1.36];[0.48,0.52];[0.80,0.84];[1.96,2.00];[0.76,0.80];[1.60,1.64];[0.32,0.36];[1.36,1.40];[0.88,0.92];[1.16,1.20];[0.08,0.12];[0.68,0.72];[0.52,0.56];[0.20,0.24];[0.72,0.76];[1.20,1.24];[0.84,0.88];[2.00,0.00];[0.12,0.16];[0.40,0.44];[1.80,1.84];[1.48,1.52];[1.12,1.16];[1.24,1.28];[1.44,1.48];[1.92,1.96];[1.40,1.44];[0.04,0.08];[0.64,0.68];[0.16,0.20];[0.28,0.32];[0.44,0.48];[1.64,1.68];[1.28,1.32];[1.00,1.04];[0.36,0.40];[1.56,1.60];[1.68,1.72];[1.84,1.88];[1.04,1.08];[1.76,1.80];[1.72,1.76];[0.00,0.04]","prereg"
"","[1.52,1.56];[0.72,0.76];[1.48,1.52];[1.92,1.96];[1.68,1.72];[1.72,1.76];[0.04,0.08];[1.88,1.92];[1.40,1.44];[1.56,1.60];[0.52,0.56];[0.84,0.88];[0.16,0.20];[0.56,0.60];[0.28,0.32];[1.44,1.48];[1.84,1.88];[1.00,1.04];[1.20,1.24];[2.00,0.00];[0.44,0.48];[0.92,0.96];[1.16,1.20];[0.60,0.64];[0.00,0.04];[0.36,0.40];[1.64,1.68];[0.24,0.28];[1.76,1.80];[0.64,0.68];[0.80,0.84];[0.68,0.72];[1.12,1.16];[0.48,0.52];[0.40,0.44];[1.60,1.64];[0.12,0.16];[0.20,0.24];[0.88,0.92];[1.08,1.12];[0.96,1.00];[0.76,0.80];[0.08,0.12];[1.80,1.84];[1.04,1.08];[1.96,2.00];[0.32,0.36];[1.36,1.40];[1.28,1.32];[1.32,1.36];[1.24,1.28]","prereg"
"f6af22de7feee1563e5d71f9","[0.40,0.44];[1.16,1.20];[0.44,0.48];[0.24,0.28];[0.84,0.88];[1.92,1.96];[1.72,1.76];[1.68,1.72];[0.72,0.76];[0.08,0.12];[1.12,1.16];[0.56,0.60];[1.04,1.08];[0.96,1.00];[0.48,0.52];[0.76,0.80];[1.24,1.28];[1.76,1.80];[2.00,0.00];[0.16,0.20];[1.40,1.44];[1.56,1.60];[0.60,0.64];[0.68,0.72];[0.92,0.96];[0.64,0.68];[1.88,1.92];[1.60,1.64];[1.28,1.32];[0.12,0.16];[1.84,1.88];[1.96,2.00];[0.20,0.24];[0.32,0.36];[1.48,1.52];[1.00,1.04];[0.28,0.32];[0.88,0.92];[1.52,1.56];[0.80,0.84];[1.08,1.12];[0.36,0.40];[1.36,1.40];[1.32,1.36];[0.52,0.56];[0.04,0.08];[1.44,1.48];[0.00,0.04];[1.20,1.24];[1.64,1.68];[1.80,1.84]","prereg"
"5dd5dc6c878047f3b6b19f69","[0.80,1.00];[2.00,0.00];[1.60,1.80];[1.20,1.40];[0.40,0.60];[0.20,0.40];[1.00,1.20];[1.40,1.60];[0.60,0.80];[0.00,0.20];[1.80,2.00]","prereg"
"","[2.00,0.00];[1.60,1.80];[0.20,0.40];[0.80,1.00];[0.00,0.20];[0.40,0.60];[0.60,0.80];[1.80,2.00];[1.40,1.60];[1.00,1.20];[1.20,1.40]","prereg"
"e95ec90426a14e0c7acb70af","[1.48,1.52];[1.36,1.40];[0.92,0.96];[1.00,1.04];[0.24,0.28];[1.96,2.00];[0.20,0.24];[0.04,0.08];[0.40,0.44];[1.76,1.80];[0.56,0.60];[1.40,1.44];[0.28,0.32];[1.12,1.16];[0.32,0.36];[0.88,0.92];[0.16,0.20];[0.48,0.52];[1.24,1.28];[1.68,1.72];[2.00,0.00];[1.52,1.56];[1.16,1.20];[0.76,0.80];[0.96,1.00];[0.52,0.56];[0.60,0.64];[1.56,1.60];[1.20,1.24];[1.72,1.76];[1.92,1.96];[0.08,0.12];[0.84,0.88];[0.80,0.84];[1.60,1.64];[1.28,1.32];[0.72,0.76];[0.12,0.16];[1.04,1.08];[1.64,1.68];[1.32,1.36];[0.00,0.04];[1.44,1.48];[1.80,1.84];[1.84,1.88];[1.08,1.12];[0.44,0.48];[1.88,1.92];[0.64,0.68];[0.36,0.40];[0.68,0.72]","prereg"
"ddb3b8f371446db2b1f14a66","[1.80,1.84];[1.84,1.88];[1.48,1.52];[1.20,1.24];[0.92,0.96];[0.72,0.76];[0.48,0.52];[1.12,1.16];[1.40,1.44];[0.44,0.48];[1.00,1.04];[0.40,0.44];[1.16,1.20];[0.00,0.04];[1.28,1.32];[0.96,1.00];[1.92,1.96];[1.96,2.00];[1.72,1.76];[0.68,0.72];[1.52,1.56];[1.32,1.36];[1.44,1.48];[1.60,1.64];[1.88,1.92];[0.60,0.64];[0.64,0.68];[1.64,1.68];[0.12,0.16];[0.88,0.92];[1.36,1.40];[0.52,0.56];[1.56,1.60];[0.08,0.12];[0.24,0.28];[0.76,0.80];[1.68,1.72];[1.24,1.28];[2.00,0.00];[1.04,1.08];[0.16,0.20];[0.56,0.60];[1.76,1.80];[0.28,0.32];[0.32,0.36];[0.36,0.40];[0.80,0.84];[0.84,0.88];[0.04,0.08];[1.08,1.12];[0.20,0.24]","prereg"
"9dcec6cec6d47e6db2fc1f70","[1.32,1.36];[1.24,1.28];[0.08,0.12];[0.16,0.20];[1.52,1.56];[1.00,1.04];[0.04,0.08];[0.36,0.40];[0.96,1.00];[0.00,0.04];[1.12,1.16];[0.28,0.32];[0.12,0.16];[1.72,1.76];[1.40,1.44];[0.24,0.28];[0.44,0.48];[1.80,1.84];[0.52,0.56];[0.84,0.88];[0.60,0.64];[1.92,1.96];[1.08,1.12];[0.76,0.80];[1.04,1.08];[0.80,0.84];[1.76,1.80];[2.00,0.00];[1.68,1.72];[0.68,0.72];[1.48,1.52];[0.88,0.92];[0.72,0.76];[1.20,1.24];[1.56,1.60];[1.84,1.88];[0.64,0.68];[1.36,1.40];[1.60,1.64];[0.20,0.24];[1.96,2.00];[1.64,1.68];[1.88,1.92];[0.56,0.60];[1.28,1.32];[0.92,0.96];[0.40,0.44];[0.32,0.36];[0.48,0.52];[1.16,1.20];[1.44,1.48]","prereg"
"ef4fe013def7b725afbe899d","[0.72,0.76];[0.48,0.52];[1.72,1.76];[1.20,1.24];[1.16,1.20];[0.28,0.32];[0.96,1.00];[1.44,1.48];[1.04,1.08];[0.12,0.16];[1.76,1.80];[1.32,1.36];[0.40,0.44];[0.44,0.48];[0.08,0.12];[1.52,1.56];[0.36,0.40];[0.92,0.96];[0.84,0.88];[0.68,0.72];[0.16,0.20];[0.56,0.60];[0.32,0.36];[0.80,0.84];[0.88,0.92];[0.60,0.64];[1.68,1.72];[1.28,1.32];[0.00,0.04];[1.56,1.60];[1.84,1.88];[1.00,1.04];[1.64,1.68];[1.96,2.00];[1.08,1.12];[0.52,0.56];[0.24,0.28];[1.12,1.16];[1.60,1.64];[0.20,0.24];[1.36,1.40];[2.00,0.00];[1.40,1.44];[1.88,1.92];[1.24,1.28];[0.64,0.68];[0.76,0.80];[1.80,1.84];[1.92,1.96];[0.04,0.08];[1.48,1.52]","prereg"
"182f0331fa82c7adbe8c25d5","[1.24,1.28];[1.48,1.52];[0.48,0.52];[1.08,1.12];[0.52,0.56];[1.52,1.56];[0.64,0.68];[1.04,1.08];[0.80,0.84];[1.76,1.80];[0.92,0.96];[1.64,1.68];[2.00,0.00];[1.60,1.64];[1.16,1.20];[1.88,1.92];[0.68,0.72];[1.56,1.60];[0.60,0.64];[1.28,1.32];[0.40,0.44];[0.56,0.60];[0.88,0.92];[0.28,0.32];[0.20,0.24];[1.12,1.16];[0.76,0.80];[0.04,0.08];[1.84,1.88];[0.84,0.88];[1.72,1.76];[0.08,0.12];[1.92,1.96];[1.32,1.36];[0.32,0.36];[1.96,2.00];[0.44,0.48];[1.40,1.44];[1.36,1.40];[0.00,0.04];[1.20,1.24];[0.16,0.20];[1.44,1.48];[1.80,1.84];[0.72,0.76];[0.12,0.16];[0.96,1.00];[0.36,0.40];[1.68,1.72];[0.24,0.28];[1.00,1.04]","prereg"
"47bd5d4cb3db44c4949bdfa9","[0.40,0.60];[1.40,1.60];[1.00,1.20];[0.60,0.80];[1.20,1.40];[1.80,2.00];[0.20,0.40];[2.00,0.00];[1.60,1.80];[0.80,1.00];[0.00,0.20]","prereg"
"c5a0501a072d07e7f5c086bc","[0.40,0.60];[0.80,1.00];[1.20,1.40];[1.80,2.00];[0.20,0.40];[0.00,0.20];[0.60,0.80];[1.40,1.60];[2.00,0.00];[1.00,1.20];[1.60,1.80]","prereg"
"3c0bcef877f961712412be38","[1.12,1.16];[1.08,1.12];[1.24,1.28];[1.32,1.36];[1.04,1.08];[0.96,1.00];[1.16,1.20];[0.84,0.88];[0.24,0.28];[1.68,1.72];[0.76,0.80];[1.48,1.52];[1.64,1.68];[1.88,1.92];[0.92,0.96];[0.60,0.64];[0.56,0.60];[0.28,0.32];[0.00,0.04];[1.84,1.88];[0.68,0.72];[1.92,1.96];[1.44,1.48];[0.20,0.24];[1.28,1.32];[0.40,0.44];[0.08,0.12];[0.80,0.84];[1.80,1.84];[0.52,0.56];[0.48,0.52];[1.56,1.60];[0.32,0.36];[1.36,1.40];[1.96,2.00];[1.40,1.44];[0.12,0.16];[0.36,0.40];[1.60,1.64];[1.72,1.76];[0.72,0.76];[1.20,1.24];[0.44,0.48];[2.00,0.00];[0.88,0.92];[1.52,1.56];[0.16,0.20];[0.64,0.68];[1.00,1.04];[1.76,1.80];[0.04,0.08]","prereg"
"954cfdce327c298c071e2055","[0.00,0.20];[1.60,1.80];[0.80,1.00];[1.20,1.40];[2.00,0.00];[1.00,1.20];[1.80,2.00];[1.40,1.60];[0.40,0.60];[0.60,0.80];[0.20,0.40]","prereg"
"b1f7379c0021f9d2d5af4621","[1.60,1.80];[0.40,0.60];[0.20,0.40];[1.80,2.00];[2.00,0.00];[1.00,1.20];[1.20,1.40];[0.60,0.80];[0.00,0.20];[0.80,1.00];[1.40,1.60]","prereg"
"0faa6119e253a58ab6e8c0cf","[1.32,1.36];[0.48,0.52];[0.92,0.96];[0.96,1.00];[1.08,1.12];[0.16,0.20];[1.96,2.00];[0.52,0.56];[1.40,1.44];[1.52,1.56];[1.36,1.40];[1.60,1.64];[0.44,0.48];[1.28,1.32];[1.68,1.72];[0.32,0.36];[0.84,0.88];[1.44,1.48];[0.76,0.80];[1.56,1.60];[0.08,0.12];[1.04,1.08];[1.24,1.28];[0.28,0.32];[0.88,0.92];[0.72,0.76];[1.88,1.92];[0.00,0.04];[0.12,0.16];[1.72,1.76];[1.20,1.24];[1.00,1.04];[1.80,1.84];[0.80,0.84];[0.24,0.28];[1.64,1.68];[1.92,1.96];[0.36,0.40];[0.68,0.72];[0.64,0.68];[1.16,1.20];[0.40,0.44];[2.00,0.00];[0.60,0.64];[0.20,0.24];[1.12,1.16];[0.56,0.60];[1.84,1.88];[1.48,1.52];[0.04,0.08];[1.76,1.80]","prereg"
"4cae681dbc2954ff235b9e04","[1.00,1.20];[0.40,0.60];[0.20,0.40];[2.00,0.00];[1.60,1.80];[0.00,0.20];[0.80,1.00];[1.80,2.00];[1.40,1.60];[0.60,0.80];[1.20,1.40]","prereg"
"05e5918be5d5c1232b8a7eb1","[1.84,1.88];[0.28,0.32];[1.16,1.20];[1.72,1.76];[1.48,1.52];[1.64,1.68];[0.16,0.20];[0.80,0.84];[0.00,0.04];[0.20,0.24];[1.24,1.28];[1.04,1.08];[0.88,0.92];[1.00,1.04];[0.36,0.40];[0.60,0.64];[1.76,1.80];[0.64,0.68];[0.56,0.60];[1.96,2.00];[0.24,0.28];[0.44,0.48];[0.48,0.52];[1.36,1.40];[1.20,1.24];[1.28,1.32];[0.96,1.00];[1.08,1.12];[0.04,0.08];[1.92,1.96];[1.44,1.48];[0.72,0.76];[1.88,1.92];[0.76,0.80];[1.60,1.64];[1.56,1.60];[1.80,1.84];[0.68,0.72];[2.00,0.00];[0.92,0.96];[0.12,0.16];[1.40,1.44];[1.52,1.56];[0.84,0.88];[1.32,1.36];[0.32,0.36];[1.12,1.16];[1.68,1.72];[0.08,0.12];[0.40,0.44];[0.52,0.56]","prereg"
"b99076165168a8c5ecf4d0d6","[1.92,1.96];[0.20,0.24];[0.36,0.40];[0.12,0.16];[0.24,0.28];[1.96,2.00];[0.44,0.48];[0.96,1.00];[0.88,0.92];[1.76,1.80];[1.16,1.20];[0.84,0.88];[1.08,1.12];[1.84,1.88];[1.88,1.92];[0.48,0.52];[0.56,0.60];[0.08,0.12];[1.48,1.52];[1.68,1.72];[1.00,1.04];[0.52,0.56];[0.32,0.36];[0.04,0.08];[0.16,0.20];[1.28,1.32];[1.24,1.28];[0.40,0.44];[1.64,1.68];[1.52,1.56];[0.72,0.76];[1.04,1.08];[0.76,0.80];[0.60,0.64];[1.32,1.36];[2.00,0.00];[1.60,1.64];[1.12,1.16];[1.80,1.84];[0.68,0.72];[1.44,1.48];[0.64,0.68];[0.80,0.84];[0.28,0.32];[1.20,1.24];[0.00,0.04];[0.92,0.96];[1.56,1.60];[1.40,1.44];[1.36,1.40];[1.72,1.76]","prereg"
"9b89002572ea1eb4afebd5d4","[0.80,1.00];[0.20,0.40];[1.80,2.00];[1.40,1.60];[1.20,1.40];[1.00,1.20];[0.00,0.20];[0.60,0.80];[2.00,0.00];[1.60,1.80];[0.40,0.60]","prereg"
"5f28deb4ec5c639f5289d941","[0.04,0.08];[0.56,0.60];[0.52,0.56];[1.40,1.44];[0.76,0.80];[0.12,0.16];[1.16,1.20];[1.84,1.88];[0.24,0.28];[2.00,0.00];[0.72,0.76];[1.60,1.64];[1.20,1.24];[0.32,0.36];[1.44,1.48];[1.52,1.56];[0.28,0.32];[0.40,0.44];[0.92,0.96];[1.72,1.76];[0.00,0.04];[0.68,0.72];[0.44,0.48];[1.68,1.72];[1.36,1.40];[0.36,0.40];[1.92,1.96];[1.64,1.68];[0.20,0.24];[1.88,1.92];[1.08,1.12];[0.64,0.68];[1.28,1.32];[1.32,1.36];[1.76,1.80];[1.04,1.08];[1.96,2.00];[0.96,1.00];[1.12,1.16];[0.60,0.64];[0.84,0.88];[1.48,1.52];[1.24,1.28];[0.88,0.92];[1.56,1.60];[0.08,0.12];[1.80,1.84];[1.00,1.04];[0.16,0.20];[0.80,0.84];[0.48,0.52]","prereg"
"f2414fd29603f41643d10b64","[0.00,0.20];[0.80,1.00];[1.40,1.60];[0.60,0.80];[2.00,0.00];[1.00,1.20];[1.80,2.00];[0.20,0.40];[1.60,1.80];[0.40,0.60];[1.20,1.40]","prereg"
"0ca4aba8a4c6db57c915a479","[1.32,1.36];[0.84,0.88];[1.56,1.60];[0.64,0.68];[0.44,0.48];[0.56,0.60];[1.84,1.88];[0.28,0.32];[1.96,2.00];[1.08,1.12];[0.48,0.52];[1.92,1.96];[0.80,0.84];[0.96,1.00];[1.52,1.56];[1.88,1.92];[1.48,1.52];[0.76,0.80];[1.44,1.48];[1.36,1.40];[0.68,0.72];[0.00,0.04];[1.04,1.08];[1.16,1.20];[0.52,0.56];[0.08,0.12];[0.88,0.92];[1.68,1.72];[1.60,1.64];[0.92,0.96];[1.20,1.24];[0.32,0.36];[1.40,1.44];[1.24,1.28];[1.72,1.76];[1.80,1.84];[1.00,1.04];[0.20,0.24];[0.04,0.08];[1.76,1.80];[0.72,0.76];[1.12,1.16];[1.64,1.68];[0.60,0.64];[1.28,1.32];[2.00,0.00];[0.16,0.20];[0.40,0.44];[0.24,0.28];[0.12,0.16];[0.36,0.40]","prereg"
"078205c6a944ec8a40c639c7","[1.80,2.00];[0.20,0.40];[0.60,0.80];[1.00,1.20];[0.40,0.60];[1.20,1.40];[2.00,0.00];[0.00,0.20];[1.60,1.80];[1.40,1.60];[0.80,1.00]","prereg"
"0e8242fcd8d5ada0e7c0690f","[0.20,0.24];[1.28,1.32];[1.64,1.68];[1.04,1.08];[0.84,0.88];[0.32,0.36];[1.08,1.12];[0.48,0.52];[1.60,1.64];[0.16,0.20];[0.28,0.32];[0.40,0.44];[1.24,1.28];[1.84,1.88];[1.16,1.20];[0.68,0.72];[0.12,0.16];[1.92,1.96];[0.56,0.60];[0.92,0.96];[1.36,1.40];[1.52,1.56];[1.40,1.44];[1.68,1.72];[1.76,1.80];[0.00,0.04];[0.88,0.92];[1.00,1.04];[0.52,0.56];[0.44,0.48];[1.20,1.24];[1.72,1.76];[0.60,0.64];[1.12,1.16];[0.64,0.68];[0.76,0.80];[1.96,2.00];[1.48,1.52];[0.04,0.08];[1.88,1.92];[2.00,0.00];[1.80,1.84];[0.80,0.84];[0.08,0.12];[0.36,0.40];[1.44,1.48];[0.72,0.76];[1.32,1.36];[0.96,1.00];[0.24,0.28];[1.56,1.60]","prereg"
"6d3799138188a1d0fd22519c","[0.04,0.08];[0.80,0.84];[0.52,0.56];[0.20,0.24];[0.64,0.68];[0.08,0.12];[1.08,1.12];[0.00,0.04];[1.16,1.20];[2.00,0.00];[1.96,2.00];[0.12,0.16];[1.80,1.84];[0.48,0.52];[1.88,1.92];[1.76,1.80];[1.48,1.52];[1.04,1.08];[0.72,0.76];[0.92,0.96];[1.20,1.24];[1.32,1.36];[1.44,1.48];[1.60,1.64];[0.96,1.00];[0.40,0.44];[0.68,0.72];[1.84,1.88];[0.24,0.28];[1.00,1.04];[1.28,1.32];[1.40,1.44];[0.28,0.32];[0.76,0.80];[1.64,1.68];[1.56,1.60];[0.88,0.92];[0.44,0.48];[1.36,1.40];[1.52,1.56];[1.72,1.76];[0.36,0.40];[1.68,1.72];[1.24,1.28];[0.84,0.88];[0.16,0.20];[0.32,0.36];[0.56,0.60];[1.12,1.16];[0.60,0.64];[1.92,1.96]","prereg"
"c55823aea29043a7b9923fd8","[0.80,0.84];[1.72,1.76];[1.36,1.40];[1.84,1.88];[1.80,1.84];[0.64,0.68];[1.76,1.80];[0.20,0.24];[1.60,1.64];[0.36,0.40];[1.20,1.24];[1.64,1.68];[0.24,0.28];[0.52,0.56];[0.68,0.72];[1.00,1.04];[0.28,0.32];[0.76,0.80];[0.00,0.04];[1.56,1.60];[0.88,0.92];[1.16,1.20];[1.32,1.36];[0.92,0.96];[1.92,1.96];[1.08,1.12];[0.48,0.52];[1.24,1.28];[0.72,0.76];[0.16,0.20];[0.12,0.16];[0.60,0.64];[0.04,0.08];[1.48,1.52];[1.04,1.08];[2.00,0.00];[0.32,0.36];[0.40,0.44];[0.44,0.48];[1.40,1.44];[0.08,0.12];[1.52,1.56];[0.84,0.88];[1.12,1.16];[1.28,1.32];[1.88,1.92];[1.96,2.00];[0.56,0.60];[0.96,1.00];[1.68,1.72];[1.44,1.48]","prereg"
"c7a9968cec85f6c70029a45f","[1.80,2.00];[0.20,0.40];[1.00,1.20];[0.00,0.20];[0.60,0.80];[1.40,1.60];[0.40,0.60];[1.20,1.40];[1.60,1.80];[0.80,1.00];[2.00,0.00]","prereg"
"e92a6f2a1e7ef12c553be7ee","[0.00,0.20];[0.60,0.80];[0.40,0.60];[1.00,1.20];[0.20,0.40];[2.00,0.00];[1.80,2.00];[1.20,1.40];[0.80,1.00];[1.60,1.80];[1.40,1.60]","prereg"
"8a6d25b46f6d502e847b5e59","[1.64,1.68];[1.92,1.96];[1.44,1.48];[0.16,0.20];[1.68,1.72];[1.24,1.28];[1.72,1.76];[1.76,1.80];[0.60,0.64];[1.08,1.12];[0.32,0.36];[1.96,2.00];[0.56,0.60];[1.20,1.24];[1.12,1.16];[0.72,0.76];[1.56,1.60];[1.16,1.20];[0.28,0.32];[0.76,0.80];[0.04,0.08];[0.20,0.24];[0.44,0.48];[0.08,0.12];[0.40,0.44];[1.60,1.64];[0.64,0.68];[1.32,1.36];[1.88,1.92];[1.52,1.56];[0.68,0.72];[1.36,1.40];[1.84,1.88];[1.28,1.32];[0.88,0.92];[1.80,1.84];[0.48,0.52];[0.92,0.96];[0.52,0.56];[1.48,1.52];[2.00,0.00];[0.96,1.00];[1.00,1.04];[0.84,0.88];[1.40,1.44];[0.80,0.84];[0.00,0.04];[0.12,0.16];[1.04,1.08];[0.24,0.28];[0.36,0.40]","prereg"
"0ef870ec28be521f233d2efc","[0.44,0.48];[0.04,0.08];[0.32,0.36];[1.60,1.64];[0.76,0.80];[1.52,1.56];[0.16,0.20];[1.20,1.24];[0.56,0.60];[1.76,1.80];[1.04,1.08];[0.68,0.72];[1.24,1.28];[0.36,0.40];[0.52,0.56];[1.12,1.16];[1.48,1.52];[1.16,1.20];[1.08,1.12];[1.92,1.96];[1.68,1.72];[0.84,0.88];[1.44,1.48];[0.72,0.76];[0.96,1.00];[1.32,1.36];[1.84,1.88];[1.56,1.60];[0.24,0.28];[0.88,0.92];[0.48,0.52];[1.28,1.32];[1.88,1.92];[0.08,0.12];[0.20,0.24];[0.64,0.68];[1.80,1.84];[1.72,1.76];[0.60,0.64];[1.64,1.68];[1.36,1.40];[1.40,1.44];[0.92,0.96];[0.12,0.16];[1.96,2.00];[0.00,0.04];[0.28,0.32];[0.80,0.84];[1.00,1.04];[2.00,0.00];[0.40,0.44]","prereg"
"8c765f01e40bdb2088f6c66a","[1.00,1.20];[0.00,0.20];[1.40,1.60];[2.00,0.00];[0.60,0.80];[1.80,2.00];[0.80,1.00];[0.40,0.60];[1.20,1.40];[0.20,0.40];[1.60,1.80]","prereg"
"258422c075b8ea0a3487ad87","[0.92,0.96];[0.76,0.80];[2.00,0.00];[0.12,0.16];[0.68,0.72];[0.52,0.56];[1.00,1.04];[1.64,1.68];[0.88,0.92];[1.92,1.96];[0.40,0.44];[1.40,1.44];[1.28,1.32];[1.96,2.00];[0.20,0.24];[1.84,1.88];[1.24,1.28];[0.24,0.28];[1.52,1.56];[0.16,0.20];[1.60,1.64];[1.68,1.72];[1.72,1.76];[0.44,0.48];[1.08,1.12];[1.20,1.24];[1.12,1.16];[1.48,1.52];[1.44,1.48];[0.32,0.36];[1.32,1.36];[0.96,1.00];[0.04,0.08];[0.60,0.64];[1.36,1.40];[1.88,1.92];[0.80,0.84];[1.04,1.08];[1.16,1.20];[0.28,0.32];[0.36,0.40];[0.72,0.76];[1.76,1.80];[0.84,0.88];[1.80,1.84];[0.56,0.60];[1.56,1.60];[0.00,0.04];[0.08,0.12];[0.64,0.68];[0.48,0.52]","prereg"
"","[1.64,1.68];[1.52,1.56];[1.28,1.32];[0.32,0.36];[0.00,0.04];[1.72,1.76];[0.56,0.60];[1.24,1.28];[0.24,0.28];[0.96,1.00];[1.60,1.64];[0.64,0.68];[1.00,1.04];[0.68,0.72];[0.80,0.84];[1.84,1.88];[0.84,0.88];[1.68,1.72];[1.32,1.36];[1.12,1.16];[1.08,1.12];[0.48,0.52];[1.92,1.96];[2.00,0.00];[0.52,0.56];[1.40,1.44];[0.20,0.24];[1.36,1.40];[0.76,0.80];[0.28,0.32];[0.60,0.64];[0.36,0.40];[1.88,1.92];[1.76,1.80];[0.04,0.08];[0.72,0.76];[1.04,1.08];[1.80,1.84];[0.92,0.96];[1.20,1.24];[1.16,1.20];[0.16,0.20];[0.08,0.12];[1.96,2.00];[1.44,1.48];[1.56,1.60];[0.88,0.92];[0.44,0.48];[0.12,0.16];[0.40,0.44];[1.48,1.52]","prereg"
"","[0.60,0.80];[2.00,0.00];[1.40,1.60];[1.80,2.00];[0.80,1.00];[0.40,0.60];[1.60,1.80];[0.00,0.20];[1.20,1.40];[1.00,1.20];[0.20,0.40]","prereg"
"4d4b649a7b01a8e14da5fc14","[0.08,0.12];[0.92,0.96];[0.40,0.44];[0.88,0.92];[1.44,1.48];[1.08,1.12];[1.72,1.76];[1.24,1.28];[0.24,0.28];[1.16,1.20];[0.32,0.36];[0.96,1.00];[0.84,0.88];[0.72,0.76];[1.48,1.52];[0.60,0.64];[1.28,1.32];[1.36,1.40];[0.48,0.52];[1.80,1.84];[0.76,0.80];[1.12,1.16];[1.32,1.36];[1.20,1.24];[1.64,1.68];[1.00,1.04];[0.12,0.16];[1.68,1.72];[1.04,1.08];[1.52,1.56];[1.60,1.64];[1.56,1.60];[0.52,0.56];[0.64,0.68];[1.88,1.92];[0.68,0.72];[0.56,0.60];[1.76,1.80];[0.36,0.40];[0.44,0.48];[1.84,1.88];[0.16,0.20];[0.04,0.08];[0.20,0.24];[0.28,0.32];[0.00,0.04];[1.92,1.96];[0.80,0.84];[2.00,0.00];[1.96,2.00];[1.40,1.44]","prereg"
"6b2aa117d234b77878351e62","[1.00,1.20];[0.20,0.40];[0.00,0.20];[1.60,1.80];[1.40,1.60];[2.00,0.00];[0.40,0.60];[1.20,1.40];[1.80,2.00];[0.80,1.00];[0.60,0.80]","prereg"
"","[1.08,1.12];[0.64,0.68];[0.48,0.52];[1.96,2.00];[0.72,0.76];[1.16,1.20];[1.28,1.32];[0.20,0.24];[0.88,0.92];[1.80,1.84];[1.20,1.24];[0.96,1.00];[0.44,0.48];[0.28,0.32];[0.24,0.28];[0.84,0.88];[0.92,0.96];[1.88,1.92];[0.16,0.20];[1.68,1.72];[0.32,0.36];[1.64,1.68];[1.00,1.04];[0.04,0.08];[0.56,0.60];[1.44,1.48];[0.12,0.16];[1.60,1.64];[1.92,1.96];[1.48,1.52];[1.32,1.36];[0.08,0.12];[2.00,0.00];[1.52,1.56];[0.68,0.72];[1.24,1.28];[0.80,0.84];[0.36,0.40];[1.84,1.88];[1.76,1.80];[0.52,0.56];[1.04,1.08];[1.36,1.40];[1.72,1.76];[0.40,0.44];[1.56,1.60];[0.60,0.64];[1.40,1.44];[1.12,1.16];[0.76,0.80];[0.00,0.04]","prereg"
"c1873529d14084bcab15c980","[0.32,0.36];[0.36,0.40];[1.40,1.44];[2.00,0.00];[0.44,0.48];[0.72,0.76];[0.16,0.20];[0.08,0.12];[1.28,1.32];[1.80,1.84];[0.56,0.60];[0.96,1.00];[1.96,2.00];[0.80,0.84];[1.32,1.36];[1.52,1.56];[1.56,1.60];[0.40,0.44];[0.88,0.92];[1.00,1.04];[0.28,0.32];[0.92,0.96];[0.76,0.80];[1.44,1.48];[1.36,1.40];[1.84,1.88];[1.24,1.28];[0.84,0.88];[1.72,1.76];[1.04,1.08];[1.76,1.80];[0.64,0.68];[1.64,1.68];[0.04,0.08];[1.16,1.20];[0.12,0.16];[0.60,0.64];[1.60,1.64];[0.20,0.24];[1.12,1.16];[1.48,1.52];[1.68,1.72];[0.24,0.28];[0.52,0.56];[0.00,0.04];[1.20,1.24];[1.08,1.12];[1.88,1.92];[0.48,0.52];[1.92,1.96];[0.68,0.72]","prereg"
"6e5c1d5e1cb7eb7c262e83ca","[0.20,0.40];[1.20,1.40];[1.60,1.80];[0.40,0.60];[2.00,0.00];[1.00,1.20];[0.80,1.00];[1.80,2.00];[1.40,1.60];[0.00,0.20];[0.60,0.80]","prereg"
"499c2d32522dbe4966f39451","[1.12,1.16];[0.64,0.68];[1.88,1.92];[1.52,1.56];[0.04,0.08];[1.00,1.04];[2.00,0.00];[0.76,0.80];[0.48,0.52];[1.28,1.32];[0.28,0.32];[1.92,1.96];[1.64,1.68];[0.52,0.56];[1.60,1.64];[1.16,1.20];[0.60,0.64];[1.68,1.72];[0.08,0.12];[0.44,0.48];[0.12,0.16];[1.96,2.00];[0.80,0.84];[1.24,1.28];[1.36,1.40];[1.80,1.84];[0.00,0.04];[1.08,1.12];[1.20,1.24];[0.24,0.28];[0.40,0.44];[1.40,1.44];[0.56,0.60];[1.44,1.48];[1.48,1.52];[0.96,1.00];[0.84,0.88];[0.92,0.96];[0.88,0.92];[0.20,0.24];[1.84,1.88];[1.72,1.76];[1.04,1.08];[1.32,1.36];[0.72,0.76];[0.16,0.20];[0.36,0.40];[1.76,1.80];[0.32,0.36];[1.56,1.60];[0.68,0.72]","prereg"
"d95bbf3defa93ad31f2dfdf1","[0.20,0.40];[0.00,0.20];[1.20,1.40];[1.80,2.00];[1.60,1.80];[0.40,0.60];[1.40,1.60];[2.00,0.00];[0.60,0.80];[1.00,1.20];[0.80,1.00]","prereg"
"","[1.68,1.72];[1.60,1.64];[0.08,0.12];[0.48,0.52];[1.76,1.80];[0.76,0.80];[0.04,0.08];[1.44,1.48];[1.84,1.88];[1.72,1.76];[1.04,1.08];[0.16,0.20];[0.20,0.24];[1.28,1.32];[0.44,0.48];[0.72,0.76];[1.52,1.56];[0.92,0.96];[0.00,0.04];[0.68,0.72];[0.24,0.28];[1.64,1.68];[1.56,1.60];[1.20,1.24];[0.96,1.00];[1.08,1.12];[1.16,1.20];[0.52,0.56];[0.88,0.92];[0.56,0.60];[1.92,1.96];[1.12,1.16];[0.32,0.36];[0.28,0.32];[0.84,0.88];[1.80,1.84];[1.36,1.40];[1.48,1.52];[1.96,2.00];[0.64,0.68];[0.36,0.40];[0.12,0.16];[1.00,1.04];[1.24,1.28];[0.80,0.84];[2.00,0.00];[1.40,1.44];[1.88,1.92];[0.60,0.64];[0.40,0.44];[1.32,1.36]","prereg"
