duration,id,riskTaking,statKnow,regretExAnte,regretExPost,cond_presentation,cond_beliefs_choice_order,whichFirst,beliefA,beliefB,beliefA_below,beliefA_equal,beliefA_above,beliefB_below,beliefB_equal,beliefB_above,choiceStr,choiceB,round,short,age,sex,student,df
632,00dac5efe6969a4957ac24b0,2,2,4,5,description_noiseless,choice_first,B,.25,.2,45,10,45,44,12,44,7,1,2,1,27,Male,Yes,prereg
632,00dac5efe6969a4957ac24b0,2,2,4,5,description_noiseless,choice_first,B,.1,.11,49,2,49,48.5,3,48.5,6,1,1,0,27,Male,Yes,prereg
777,00dc6d2e8b094a2ef7195520,2,1,3,3,sampling_noiseless,beliefs_first,A,.75,.9,15,10,75,12,10,78,7,1,2,0,33,Female,No,prereg
777,00dc6d2e8b094a2ef7195520,2,1,3,3,sampling_noiseless,beliefs_first,A,2,1,55,10,35,45,10,45,6,1,1,1,33,Female,No,prereg
1504,00e261ed710ee77fbb512c32,4,3,5,4,description_noiseless,beliefs_first,A,.75,.75,30,30,40,40,30,30,5,1,1,1,42,Male,DATA_EXPIRED,prereg
1504,00e261ed710ee77fbb512c32,4,3,5,4,description_noiseless,beliefs_first,A,.4,.4,30,40,30,40,30,30,6,1,2,0,42,Male,DATA_EXPIRED,prereg
1470,01c16ebb9b23f5d2f47f1bc8,4,5,3,4,description_noiseless,choice_first,A,1,1,47,6,47,47,6,47,5,1,2,1,63,Male,No,prereg
1470,01c16ebb9b23f5d2f47f1bc8,4,5,3,4,description_noiseless,choice_first,A,1,1,48,4,48,48,4,48,5,1,1,0,63,Male,No,prereg
1504,01d32575b845719f936f929b,3,4,5,4,description_noiseless,beliefs_first,B,1,1,33,34,33,33,34,33,7,0,1,0,59,Male,No,prereg
1504,01d32575b845719f936f929b,3,4,5,4,description_noiseless,beliefs_first,A,1,1,33,34,33,33,34,33,7,0,2,1,59,Male,No,prereg
1099,0270660e2206f050489da622,3,2,5,3,description_noiseless,beliefs_first,B,1,1,25,50,25,25,50,25,5,0,1,0,33,Male,DATA_EXPIRED,prereg
1099,0270660e2206f050489da622,3,2,5,3,description_noiseless,beliefs_first,B,1,1.25,30,40,30,30,40,30,4,1,2,1,33,Male,DATA_EXPIRED,prereg
956,02c7a6b646b2720b4209caea,3,4,4,3,sampling_noiseless,beliefs_first,A,.9,1,50,2,48,50,2,48,6,1,2,0,28,Female,Yes,prereg
956,02c7a6b646b2720b4209caea,3,4,4,3,sampling_noiseless,beliefs_first,B,.9,1.25,40,0,60,65,0,35,6,1,1,1,28,Female,Yes,prereg
436,02e718572c3227791c87f4d0,4,4,2,3,sampling_noiseless,choice_first,B,1,1,25,50,25,20,50,30,6,1,1,1,21,Male,Yes,prereg
436,02e718572c3227791c87f4d0,4,4,2,3,sampling_noiseless,choice_first,B,1.1,.9,20,50,30,25,50,25,7,1,2,0,21,Male,Yes,prereg
848,02f4dc3eca88bf19c8984c54,4,3,5,5,description_noiseless,choice_first,B,.39,.04,30,33,37,30,30,40,6,1,1,0,30,Male,No,prereg
848,02f4dc3eca88bf19c8984c54,4,3,5,5,description_noiseless,choice_first,A,.18,.2,23,23,54,20,12,68,6,1,2,1,30,Male,No,prereg
755,0354588bb3c11323a1d6f91a,3,2,4,2,description_noiseless,beliefs_first,A,1,1,48,2,50,47,2,51,4,1,1,0,36,Male,No,prereg
755,0354588bb3c11323a1d6f91a,3,2,4,2,description_noiseless,beliefs_first,B,1,1,47,2,51,51,2,47,4,0,2,1,36,Male,No,prereg
2057,036c563c9df9263b66945a47,4,3,4,4,sampling_noiseless,beliefs_first,A,1.5,2,20,50,30,30,50,20,5,0,1,1,56,Male,No,prereg
2057,036c563c9df9263b66945a47,4,3,4,4,sampling_noiseless,beliefs_first,B,1.75,1,30,60,10,15,25,60,5,0,2,0,56,Male,No,prereg
706,03b55fb3c47461bfcb8a6710,4,2,5,5,description_noiseless,beliefs_first,B,2,.8,0,0,100,0,100,0,6,0,1,1,30,Female,No,prereg
706,03b55fb3c47461bfcb8a6710,4,2,5,5,description_noiseless,beliefs_first,B,2,1.96,20,10,70,10,30,60,6,0,2,0,30,Female,No,prereg
1123,03cd10139e78f3d37f94fe68,3,2,5,5,description_noiseless,choice_first,A,1.25,.75,20,55,25,25,55,20,6,0,2,1,44,Male,No,prereg
1123,03cd10139e78f3d37f94fe68,3,2,5,5,description_noiseless,choice_first,B,1,1,25,50,25,30,50,20,5,1,1,0,44,Male,No,prereg
1501,03cfad7ea419a4b3906bd394,2,2,3,4,description_noiseless,beliefs_first,A,1,2,0,50,50,20,30,50,5,1,1,0,31,Female,DATA_EXPIRED,prereg
1501,03cfad7ea419a4b3906bd394,2,2,3,4,description_noiseless,beliefs_first,B,.2,.2,25,25,50,25,25,50,2,1,2,1,31,Female,DATA_EXPIRED,prereg
609,03eded04d509ccb95eaa2f69,3,1,5,4,description_noiseless,beliefs_first,A,2,0,0,30,70,1,1,98,7,0,2,0,25,Female,No,prereg
609,03eded04d509ccb95eaa2f69,3,1,5,4,description_noiseless,beliefs_first,B,1,1,35,35,30,35,35,30,7,0,1,1,25,Female,No,prereg
1616,04cd3d681f19347e35046e0d,1,2,5,4,sampling_noiseless,choice_first,B,0,2,90,0,10,10,0,90,7,1,2,0,76,Female,DATA_EXPIRED,prereg
1616,04cd3d681f19347e35046e0d,1,2,5,4,sampling_noiseless,choice_first,B,.5,.8,70,0,30,30,0,70,6,1,1,1,76,Female,DATA_EXPIRED,prereg
2414,062cd858b8b9fc1d97c4b68e,4,4,4,4,sampling_noiseless,choice_first,A,1.05,2,50,30,20,30,20,50,6,1,2,1,50,Male,Yes,prereg
2414,062cd858b8b9fc1d97c4b68e,4,4,4,4,sampling_noiseless,choice_first,A,150,2,30,20,50,30,50,20,6,0,1,0,50,Male,Yes,prereg
1337,066c3ef3d56e81c0c85bd47d,3,3,5,2,description_noiseless,beliefs_first,B,.9,.9,45.5,9,45.5,45.5,9,45.5,1,1,1,1,40,Male,No,prereg
1337,066c3ef3d56e81c0c85bd47d,3,3,5,2,description_noiseless,beliefs_first,B,.9,.9,49,2,49,49,2,49,1,1,2,0,40,Male,No,prereg
899,067aec088c50ef8be26404d6,2,1,4,4,description_noiseless,choice_first,A,1,1,5,5,90,70,15,15,7,0,1,1,57,Female,No,prereg
899,067aec088c50ef8be26404d6,2,1,4,4,description_noiseless,choice_first,A,1,1,15,15,70,70,15,15,7,0,2,0,57,Female,No,prereg
866,07049c7a9d831703e9c6dcb6,3,5,4,3,sampling_noiseless,choice_first,B,.8,1,55,9,36,45,10,45,6,1,1,1,54,Male,No,prereg
866,07049c7a9d831703e9c6dcb6,3,5,4,3,sampling_noiseless,choice_first,A,.96,1,50,2,48,48,2,50,7,1,2,0,54,Male,No,prereg
897,074141c5b7713d5a932a00b9,2,3,4,3,sampling_noiseless,beliefs_first,A,1.56,1.6,40,10,50,35,10,55,6,1,2,0,31,Female,No,prereg
897,074141c5b7713d5a932a00b9,2,3,4,3,sampling_noiseless,beliefs_first,B,1.35,1.4,70,20,10,60,20,20,6,1,1,1,31,Female,No,prereg
535,078b6fa30dd66be88abe8d58,4,3,4,4,sampling_noiseless,beliefs_first,B,.9,1.1,50,10,40,40,10,50,7,1,2,1,27,Male,No,prereg
535,078b6fa30dd66be88abe8d58,4,3,4,4,sampling_noiseless,beliefs_first,A,1,1.04,49,2,49,47,1,52,7,1,1,0,27,Male,No,prereg
741,07c62c4a7953d0fcac4e41fc,3,2,5,5,sampling_noiseless,beliefs_first,A,.7,.74,88,2,10,88,2,10,6,1,1,0,20,Female,Yes,prereg
741,07c62c4a7953d0fcac4e41fc,3,2,5,5,sampling_noiseless,beliefs_first,B,1.2,1.4,48,2,50,48,2,50,6,1,2,1,20,Female,Yes,prereg
715,084179fe06614450b1df4479,2,4,5,5,description_noiseless,beliefs_first,A,.75,.83,49,2,49,58,2,40,6,0,1,1,32,Male,No,prereg
715,084179fe06614450b1df4479,2,4,5,5,description_noiseless,beliefs_first,B,.8,1,48,4,48,52,4,44,6,0,2,0,32,Male,No,prereg
4711,085356c47cd40e53aaa4c1f6,3,3,4,4,sampling_noiseless,choice_first,A,1.5,1.8,30,20,50,20,30,50,5,1,1,0,62,Female,No,prereg
4711,085356c47cd40e53aaa4c1f6,3,3,4,4,sampling_noiseless,choice_first,A,.7,1.7,70,20,10,20,10,70,7,1,2,1,62,Female,No,prereg
585,088d834d1176ce093addc6b9,4,2,1,2,sampling_noiseless,beliefs_first,A,1.3,1.4,40,10,50,40,10,50,5,1,2,0,24,Male,No,prereg
585,088d834d1176ce093addc6b9,4,2,1,2,sampling_noiseless,beliefs_first,B,1,1.8,20,30,50,10,20,70,5,1,1,1,24,Male,No,prereg
699,08b4e8899d796956d8a5d6b1,4,3,3,3,sampling_noiseless,beliefs_first,B,.8,1.2,65,20,15,20,25,55,7,1,2,1,23,Male,Yes,prereg
699,08b4e8899d796956d8a5d6b1,4,3,3,3,sampling_noiseless,beliefs_first,B,1.08,1.12,35,20,45,10,30,60,6,1,1,0,23,Male,Yes,prereg
1530,0933c765a55909386a4522ba,5,4,4,4,description_noiseless,beliefs_first,A,2,2,30,35,35,35,35,30,7,0,1,0,21,Male,No,prereg
1530,0933c765a55909386a4522ba,5,4,4,4,description_noiseless,beliefs_first,A,2,1,50,25,25,30,35,35,7,0,2,1,21,Male,No,prereg
596,0a46abc5c92b176dbe0dfcbd,3,4,5,5,description_noiseless,beliefs_first,B,1,1,49,2,49,49,2,49,1,1,2,0,21,Male,Yes,prereg
596,0a46abc5c92b176dbe0dfcbd,3,4,5,5,description_noiseless,beliefs_first,B,1,1,45,10,45,45,10,45,1,1,1,1,21,Male,Yes,prereg
645,0ac0b28c4c2a54ba0077ecf0,2,3,4,4,sampling_noiseless,beliefs_first,B,.25,1.25,75,1,24,60,10,30,7,1,1,0,23,Female,Yes,prereg
645,0ac0b28c4c2a54ba0077ecf0,2,3,4,4,sampling_noiseless,beliefs_first,A,1.3,1.5,57,3,40,55,2,43,7,1,2,1,23,Female,Yes,prereg
796,0ad32f8504c002b5b5616437,3,4,4,3,sampling_noiseless,beliefs_first,B,.8,1,70,5,25,40,10,50,6,1,1,1,30,Female,DATA_EXPIRED,prereg
796,0ad32f8504c002b5b5616437,3,4,4,3,sampling_noiseless,beliefs_first,B,.7,1,40,10,50,25,10,65,7,1,2,0,30,Female,DATA_EXPIRED,prereg
1092,0b4b7cf8e6dcd904ac2b2bca,3,3,5,5,sampling_noiseless,beliefs_first,B,.84,1.2,35,5,60,25,10,65,7,1,2,0,23,Female,DATA_EXPIRED,prereg
1092,0b4b7cf8e6dcd904ac2b2bca,3,3,5,5,sampling_noiseless,beliefs_first,A,.4,1.2,75,15,10,10,15,75,7,1,1,1,23,Female,DATA_EXPIRED,prereg
1409,0b52afcb49bdcbd588c7f058,3,4,4,4,sampling_noiseless,choice_first,B,1,1,50,10,40,40,10,50,2,0,1,1,69,Female,No,prereg
1409,0b52afcb49bdcbd588c7f058,3,4,4,4,sampling_noiseless,choice_first,B,2,2,50,0,50,49,2,49,5,1,2,0,69,Female,No,prereg
539,0b7d0dc38242e0f5b8d3d393,3,2,5,5,description_noiseless,beliefs_first,B,1,1,48,4,48,48,4,48,5,0,1,0,29,Female,DATA_EXPIRED,prereg
539,0b7d0dc38242e0f5b8d3d393,3,2,5,5,description_noiseless,beliefs_first,B,1,1,48,4,48,48,4,48,2,1,2,1,29,Female,DATA_EXPIRED,prereg
628,0b982c9e849d1e0aa420a2d3,3,2,4,4,description_noiseless,choice_first,B,1,1,49,1,50,50,5,45,4,0,2,1,39,Female,No,prereg
628,0b982c9e849d1e0aa420a2d3,3,2,4,4,description_noiseless,choice_first,B,2,1,50,1,49,51,1,48,3,0,1,0,39,Female,No,prereg
585,0c35b17a1a1b0f5836d6d875,2,3,5,5,sampling_noiseless,beliefs_first,A,.88,.96,78,2,20,45,5,50,6,1,1,1,30,Female,DATA_EXPIRED,prereg
585,0c35b17a1a1b0f5836d6d875,2,3,5,5,sampling_noiseless,beliefs_first,A,1.1,.78,75,5,20,18,2,80,7,1,2,0,30,Female,DATA_EXPIRED,prereg
975,0c451dbe1deef0b2c56e4146,4,3,4,4,sampling_noiseless,choice_first,A,1,1,40,5,55,45,5,50,5,0,1,0,61,Male,No,prereg
975,0c451dbe1deef0b2c56e4146,4,3,4,4,sampling_noiseless,choice_first,B,1,1,50,10,40,40,10,50,6,0,2,1,61,Male,No,prereg
677,0d05ec1eacfaab87031f8777,2,3,4,4,sampling_noiseless,choice_first,B,1.2,1,30,10,60,40,20,40,5,0,1,0,43,Male,DATA_EXPIRED,prereg
677,0d05ec1eacfaab87031f8777,2,3,4,4,sampling_noiseless,choice_first,B,1.1,1.4,50,20,30,30,20,50,5,1,2,1,43,Male,DATA_EXPIRED,prereg
1158,0dbb4d0ace0c289c541831b1,2,2,4,4,description_noiseless,beliefs_first,A,1,1.87,45.5,9,45.5,45.5,9,45.5,5,1,1,1,23,Male,Yes,prereg
1158,0dbb4d0ace0c289c541831b1,2,2,4,4,description_noiseless,beliefs_first,B,1,.88,49,2,49,49,2,49,4,0,2,0,23,Male,Yes,prereg
783,0de1797b131d0a11b05f078d,3,4,5,5,sampling_noiseless,choice_first,B,.8,1,60,9,31,50,9,41,6,1,1,1,60,Female,No,prereg
783,0de1797b131d0a11b05f078d,3,4,5,5,sampling_noiseless,choice_first,B,1,1,52,2,46,50,2,48,6,0,2,0,60,Female,No,prereg
1273,0f596a08d4cca192c9fd1a8d,3,3,4,4,description_noiseless,beliefs_first,B,1.04,1,0,50,50,0,100,0,7,0,1,0,23,Female,DATA_EXPIRED,prereg
1273,0f596a08d4cca192c9fd1a8d,3,3,4,4,description_noiseless,beliefs_first,B,1,.8179999999999999,0,100,0,100,0,0,7,0,2,1,23,Female,DATA_EXPIRED,prereg
576,0f6cb6714a0dab3e14a4d9b8,3,2,5,4,description_noiseless,beliefs_first,B,1.25,1.25,45,10,45,45,10,45,4,1,2,0,37,Female,No,prereg
576,0f6cb6714a0dab3e14a4d9b8,3,2,5,4,description_noiseless,beliefs_first,A,1.25,1.25,45,10,45,45,10,45,4,1,1,1,37,Female,No,prereg
1316,0ff12f90094e66ba246e754a,3,3,3,3,sampling_noiseless,beliefs_first,B,1,1,0,20,80,0,20,80,4,0,1,1,23,Male,Yes,prereg
1316,0ff12f90094e66ba246e754a,3,3,3,3,sampling_noiseless,beliefs_first,A,1,1,40,30,30,40,30,30,4,0,2,0,23,Male,Yes,prereg
455,10071cc95095217e76dba04a,3,4,3,3,sampling_noiseless,choice_first,A,1,2,50,40,10,40,10,50,5,1,1,1,54,Male,No,prereg
455,10071cc95095217e76dba04a,3,4,3,3,sampling_noiseless,choice_first,B,2,2,80,10,10,50,10,40,4,1,2,0,54,Male,No,prereg
989,106bd9d30e5934c566d3c5dc,3,3,5,4,sampling_noiseless,beliefs_first,B,2,0,10,10,80,30,40,30,6,0,1,1,40,Female,No,prereg
989,106bd9d30e5934c566d3c5dc,3,3,5,4,sampling_noiseless,beliefs_first,B,0,2,50,20,30,30,10,60,6,1,2,0,40,Female,No,prereg
970,1163696e5b84a3343927fedb,1,2,4,5,description_noiseless,beliefs_first,B,1,.9,49,1,50,50,1,49,6,0,1,0,29,Female,DATA_EXPIRED,prereg
970,1163696e5b84a3343927fedb,1,2,4,5,description_noiseless,beliefs_first,B,1,1,49,1,50,45,10,45,4,0,2,1,29,Female,DATA_EXPIRED,prereg
556,11780692bb4e86a270539325,4,4,4,3,description_noiseless,choice_first,B,2,1,60,40,0,60,40,0,6,0,1,1,36,Male,Yes,prereg
556,11780692bb4e86a270539325,4,4,4,3,description_noiseless,choice_first,B,2,2,0,100,0,0,30,70,6,0,2,0,36,Male,Yes,prereg
547,119a0d4522309ede7c9464c2,3,4,4,4,sampling_noiseless,choice_first,A,1.4,.8,65,15,20,25,25,50,6,1,2,1,32,Female,No,prereg
547,119a0d4522309ede7c9464c2,3,4,4,4,sampling_noiseless,choice_first,A,1.5,2,30,40,30,20,30,50,6,1,1,0,32,Female,No,prereg
1337,11f0c82b6da7d1af12e1e444,3,3,4,4,description_noiseless,choice_first,A,1,1,45.5,9,45.5,45.5,9,45.5,1,0,2,1,61,Male,DATA_EXPIRED,prereg
1337,11f0c82b6da7d1af12e1e444,3,3,4,4,description_noiseless,choice_first,A,1,1,49,2,49,49,2,49,1,1,1,0,61,Male,DATA_EXPIRED,prereg
581,1248723359b314fceda63f1d,2,4,4,4,sampling_noiseless,beliefs_first,B,.9399999999999999,1,47,6,47,49,4,47,5,1,1,0,45,Male,No,prereg
581,1248723359b314fceda63f1d,2,4,4,4,sampling_noiseless,beliefs_first,B,.8,1,46,8,46,48,4,48,5,0,2,1,45,Male,No,prereg
676,1342929d97e5c5f6f8d41cf2,2,3,3,5,description_noiseless,choice_first,A,1,1,49,2,49,49,2,49,7,1,1,0,34,Female,DATA_EXPIRED,prereg
676,1342929d97e5c5f6f8d41cf2,2,3,3,5,description_noiseless,choice_first,A,1,1,45,10,45,45,10,45,7,1,2,1,34,Female,DATA_EXPIRED,prereg
954,13899b05289a6d982a42d75e,4,3,4,5,sampling_noiseless,beliefs_first,B,1.2,1.24,43,2,55,38,2,60,7,1,1,0,34,Female,No,prereg
954,13899b05289a6d982a42d75e,4,3,4,5,sampling_noiseless,beliefs_first,A,1.1,1.3,45,4,51,36,4,60,7,1,2,1,34,Female,No,prereg
540,144203ed83e96f750295c725,4,3,5,5,description_noiseless,beliefs_first,A,1.2,1.6,45,10,45,50,10,40,4,0,2,1,31,Male,No,prereg
540,144203ed83e96f750295c725,4,3,5,5,description_noiseless,beliefs_first,B,1.51,.49,35,5,60,60,2,38,6,0,1,0,31,Male,No,prereg
440,152b209127749272bdc264fb,3,4,5,5,sampling_noiseless,choice_first,B,1,1,45,9,46,45,9,46,2,1,2,1,33,Male,DATA_EXPIRED,prereg
440,152b209127749272bdc264fb,3,4,5,5,sampling_noiseless,choice_first,A,.8,.8100000000000001,50,2,48,49,2,49,2,1,1,0,33,Male,DATA_EXPIRED,prereg
1010,152dec86cc7afc489acb7b18,3,3,4,3,sampling_noiseless,beliefs_first,A,1.1,.9,10,40,50,20,40,40,4,0,2,0,51,Female,No,prereg
1010,152dec86cc7afc489acb7b18,3,3,4,3,sampling_noiseless,beliefs_first,B,.8,1.3,35,35,30,10,30,60,6,1,1,1,51,Female,No,prereg
868,156a1e094fa314c8ce2b5e3e,3,4,5,4,sampling_noiseless,beliefs_first,A,1,1,0,25,75,0,25,75,4,0,2,1,44,Male,DATA_EXPIRED,prereg
868,156a1e094fa314c8ce2b5e3e,3,4,5,4,sampling_noiseless,beliefs_first,A,1,2,5,30,65,5,30,65,4,0,1,0,44,Male,DATA_EXPIRED,prereg
808,15f7311c7419f89985f63580,3,3,3,4,description_noiseless,beliefs_first,B,1,1,45.5,9,45.5,45.5,9,45.5,1,1,2,1,50,Male,No,prereg
808,15f7311c7419f89985f63580,3,3,3,4,description_noiseless,beliefs_first,B,1,.98,49,2,49,49.1,1.9,49,7,0,1,0,50,Male,No,prereg
469,165fa7faf88e01016c5ec939,4,2,3,3,sampling_noiseless,beliefs_first,A,1.6,1.64,5,0,95,5,0,95,6,1,1,0,48,Female,No,prereg
469,165fa7faf88e01016c5ec939,4,2,3,3,sampling_noiseless,beliefs_first,B,1.6,1.2,5,0,95,5,0,95,6,0,2,1,48,Female,No,prereg
513,16d2fb25ab11cecf5da7383b,4,2,4,5,sampling_noiseless,choice_first,A,1.2,1.4,55,10,35,40,15,45,7,1,1,1,25,Male,No,prereg
513,16d2fb25ab11cecf5da7383b,4,2,4,5,sampling_noiseless,choice_first,B,.9,.9399999999999999,50,10,40,45,12,43,7,1,2,0,25,Male,No,prereg
1218,16df50f6afab6c0825c7114b,3,3,4,3,description_noiseless,choice_first,A,1,1,45,10,45,45,10,45,5,0,1,1,24,Male,Yes,prereg
1218,16df50f6afab6c0825c7114b,3,3,4,3,description_noiseless,choice_first,A,2,2,47,6,47,47,6,47,5,1,2,0,24,Male,Yes,prereg
1071,173ed78c074c065025dd3292,3,2,3,3,description_noiseless,beliefs_first,B,2,2,33,33,34,33,33,34,1,0,1,0,39,Female,No,prereg
1071,173ed78c074c065025dd3292,3,2,3,3,description_noiseless,beliefs_first,A,1,1,33,33,34,33,33,34,1,0,2,1,39,Female,No,prereg
765,17402f438fee8e1938c940b8,3,2,5,3,sampling_noiseless,choice_first,B,1,1.04,45,5,50,40,10,50,7,1,2,0,23,Female,DATA_EXPIRED,prereg
765,17402f438fee8e1938c940b8,3,2,5,3,sampling_noiseless,choice_first,B,.9,1,75,5,20,20,10,70,5,1,1,1,23,Female,DATA_EXPIRED,prereg
870,17a9640a511de798f2e35e1d,4,3,4,4,description_noiseless,choice_first,B,1,1,45,10,45,45,10,45,5,1,1,1,20,Male,Yes,prereg
870,17a9640a511de798f2e35e1d,4,3,4,4,description_noiseless,choice_first,B,1,1,45,10,45,45,10,45,4,1,2,0,20,Male,Yes,prereg
892,17e52cdb9833bda5f23b4ce5,4,2,3,3,description_noiseless,choice_first,A,0,2,20,50,30,20,39,41,5,0,1,1,25,Female,No,prereg
892,17e52cdb9833bda5f23b4ce5,4,2,3,3,description_noiseless,choice_first,B,2,1,50,20,30,20,30,50,7,0,2,0,25,Female,No,prereg
1645,17eb17d2013b8755a42c3cc2,3,3,4,4,sampling_noiseless,beliefs_first,B,1.5,1.3,45,1,54,50,1,49,6,1,2,0,51,Female,No,prereg
1645,17eb17d2013b8755a42c3cc2,3,3,4,4,sampling_noiseless,beliefs_first,A,1.4,1.05,25,5,70,10,15,75,6,1,1,1,51,Female,No,prereg
1046,1954243267c2ce5575fecfeb,2,5,5,3,sampling_noiseless,beliefs_first,A,1.2,1,45,10,45,41,10,49,7,1,2,1,41,Female,No,prereg
1046,1954243267c2ce5575fecfeb,2,5,5,3,sampling_noiseless,beliefs_first,B,1,1.04,49,2,49,48,2,50,7,1,1,0,41,Female,No,prereg
534,19804964d6463747354fd078,4,4,4,4,sampling_noiseless,choice_first,B,.8,1,50,2,48,48,2,50,7,1,2,0,34,Male,No,prereg
534,19804964d6463747354fd078,4,4,4,4,sampling_noiseless,choice_first,B,.8,1,50,5,45,45,5,50,7,1,1,1,34,Male,No,prereg
533,19c4afe5d0eaf15a89f45c8f,3,1,4,4,sampling_noiseless,choice_first,B,.82,.86,60,5,35,60,5,35,5,1,1,0,34,Female,No,prereg
533,19c4afe5d0eaf15a89f45c8f,3,1,4,4,sampling_noiseless,choice_first,A,.9,1.1,25,5,70,25,5,70,5,0,2,1,34,Female,No,prereg
633,19e3014d6d70e1cd9d9e3364,2,2,4,4,sampling_noiseless,choice_first,A,1,1,10,5,85,10,5,85,3,0,2,1,44,Male,No,prereg
633,19e3014d6d70e1cd9d9e3364,2,2,4,4,sampling_noiseless,choice_first,B,1.1,1.2,50,5,45,60,10,30,6,0,1,0,44,Male,No,prereg
732,1a156df23004bf52ab1dfb45,5,4,3,2,sampling_noiseless,choice_first,B,.8,1,70,10,20,20,10,70,6,1,1,1,44,Male,No,prereg
732,1a156df23004bf52ab1dfb45,5,4,3,2,sampling_noiseless,choice_first,B,.8,1,50,5,45,45,5,50,7,1,2,0,44,Male,No,prereg
706,1a7a3d59b080c4a4d1e3dec5,3,3,5,5,sampling_noiseless,choice_first,B,2,1,40,20,40,50,5,45,6,1,1,1,28,Female,No,prereg
706,1a7a3d59b080c4a4d1e3dec5,3,3,5,5,sampling_noiseless,choice_first,A,.9,1,70,0,30,80,0,20,7,1,2,0,28,Female,No,prereg
879,1aaa240b0584c3274245aabb,1,3,4,3,sampling_noiseless,beliefs_first,A,1,1.2,90,1,9,20,2,78,6,1,1,1,45,Female,DATA_EXPIRED,prereg
879,1aaa240b0584c3274245aabb,1,3,4,3,sampling_noiseless,beliefs_first,B,.7,.9,75,5,20,40,5,55,6,1,2,0,45,Female,DATA_EXPIRED,prereg
841,1b0bda4d2767fc7d83274905,4,3,5,5,sampling_noiseless,choice_first,B,1,1.25,80,5,15,65,5,30,6,1,1,1,36,Male,No,prereg
841,1b0bda4d2767fc7d83274905,4,3,5,5,sampling_noiseless,choice_first,B,.75,.9,45,2,53,45,0,55,7,1,2,0,36,Male,No,prereg
796,1b96991ecaaeb042da6f97ff,4,1,5,5,description_noiseless,choice_first,B,1,1.2,44,12,44,50,10,40,7,0,1,1,33,Male,No,prereg
796,1b96991ecaaeb042da6f97ff,4,1,5,5,description_noiseless,choice_first,B,1,1,49,2,49,49,2,49,5,1,2,0,33,Male,No,prereg
565,1bd42b3310028dacea63941d,2,4,4,4,sampling_noiseless,beliefs_first,B,.65,.85,95,4,1,99,0,1,7,1,1,1,48,Male,No,prereg
565,1bd42b3310028dacea63941d,2,4,4,4,sampling_noiseless,beliefs_first,A,.85,.95,40,1,59,30,1,69,7,1,2,0,48,Male,No,prereg
1222,1bef2731733e5b173bd42835,2,3,4,5,description_noiseless,choice_first,A,1.25,1,45,10,45,46,9,45,7,1,1,1,54,Male,No,prereg
1222,1bef2731733e5b173bd42835,2,3,4,5,description_noiseless,choice_first,B,.98,1.02,49,2,49,51,2,47,5,1,2,0,54,Male,No,prereg
1016,1cae2a39d8901f99e32d4d28,4,2,4,4,description_noiseless,choice_first,A,.5,1,47,6,47,48,5,47,6,1,2,0,41,Male,No,prereg
1016,1cae2a39d8901f99e32d4d28,4,2,4,4,description_noiseless,choice_first,A,1.5,2,45,10,45,35,10,55,5,1,1,1,41,Male,No,prereg
739,1cf2fd0fb51d5e3704a19ad9,2,2,5,4,description_noiseless,choice_first,B,.85,.75,25,5,70,30,5,65,3,0,2,0,26,Female,No,prereg
739,1cf2fd0fb51d5e3704a19ad9,2,2,5,4,description_noiseless,choice_first,B,1,.75,45,10,45,60,10,30,5,0,1,1,26,Female,No,prereg
2550,1d1cf6ca980f94c02f8825d4,4,4,4,4,description_noiseless,beliefs_first,A,.8100000000000001,.8100000000000001,45.5,9,45.5,45.5,9,45.5,6,1,1,1,50,Male,No,prereg
2550,1d1cf6ca980f94c02f8825d4,4,4,4,4,description_noiseless,beliefs_first,A,1,1,49,2,49,49,2,49,6,0,2,0,50,Male,No,prereg
1745,1d270f975263a0edaadf0737,3,2,4,3,description_noiseless,choice_first,B,1,.8,45.45,9.1,45.45,44.4,11.2,44.4,5,0,1,1,61,Female,No,prereg
1745,1d270f975263a0edaadf0737,3,2,4,3,description_noiseless,choice_first,A,1,.75,50.3,2.3,47.4,48,2,50,5,0,2,0,61,Female,No,prereg
473,1e4a520e5ec587d4c684a224,3,5,5,5,sampling_noiseless,beliefs_first,A,.8,1.1,50,0,50,50,0,50,7,1,2,1,33,Male,No,prereg
473,1e4a520e5ec587d4c684a224,3,5,5,5,sampling_noiseless,beliefs_first,A,1.31,1.35,40,0,60,40,0,60,7,1,1,0,33,Male,No,prereg
613,1eedc860364a53dec5951ae2,5,5,5,5,description_noiseless,beliefs_first,A,1,1,49,2,49,50,2,48,7,1,1,0,33,Male,Yes,prereg
613,1eedc860364a53dec5951ae2,5,5,5,5,description_noiseless,beliefs_first,B,1,.8,49,2,49,50,2,48,7,1,2,1,33,Male,Yes,prereg
887,1fd0bda7e67d4df76dfa4938,3,4,4,1,description_noiseless,beliefs_first,B,1,1,45,10,45,45,10,45,7,0,2,0,51,Female,DATA_EXPIRED,prereg
887,1fd0bda7e67d4df76dfa4938,3,4,4,1,description_noiseless,beliefs_first,A,1,1,45,10,45,45,10,45,7,0,1,1,51,Female,DATA_EXPIRED,prereg
580,1ff1d7a704c8d975898c2698,4,1,4,5,description_noiseless,choice_first,B,.5,1,70,20,10,80,10,10,5,1,1,0,35,Female,No,prereg
580,1ff1d7a704c8d975898c2698,4,1,4,5,description_noiseless,choice_first,A,1,.5,50,20,30,60,30,10,6,0,2,1,35,Female,No,prereg
692,204a4a8432e4bd1fa47767ea,3,2,5,5,description_noiseless,choice_first,A,1,1,45,10,45,45,10,45,1,0,2,1,38,Male,No,prereg
692,204a4a8432e4bd1fa47767ea,3,2,5,5,description_noiseless,choice_first,A,1,1,49,2,49,49,2,49,1,0,1,0,38,Male,No,prereg
520,2080f51ecff67e697ddc7146,4,3,4,5,sampling_noiseless,choice_first,B,1.2,1.7,30,1,69,28,1,71,7,1,2,1,36,Female,Yes,prereg
932,20b878a1c871d884e69976d9,5,3,3,4,sampling_noiseless,beliefs_first,B,1,1,20,55,25,40,40,20,7,0,1,1,21,Male,Yes,prereg
932,20b878a1c871d884e69976d9,5,3,3,4,sampling_noiseless,beliefs_first,A,1,1,50,25,25,25,25,50,7,1,2,0,21,Male,Yes,prereg
1274,20f030bfc632e5500eae6e59,3,4,4,5,description_noiseless,beliefs_first,B,1,1,25,50,25,27,48,25,6,0,2,0,39,Male,No,prereg
1274,20f030bfc632e5500eae6e59,3,4,4,5,description_noiseless,beliefs_first,A,1,1,25,50,25,25,50,25,5,0,1,1,39,Male,No,prereg
881,2188a707b7706ab8f6199d81,3,3,5,5,sampling_noiseless,beliefs_first,B,1,1,25,5,70,20,5,75,5,0,1,1,45,Female,DATA_EXPIRED,prereg
881,2188a707b7706ab8f6199d81,3,3,5,5,sampling_noiseless,beliefs_first,B,1,1,30,10,60,30,10,60,5,1,2,0,45,Female,DATA_EXPIRED,prereg
553,21c91e3530e9f2a863a00e58,4,2,3,2,sampling_noiseless,beliefs_first,B,.8,1.4,50,10,40,40,10,50,7,1,2,1,33,Male,No,prereg
553,21c91e3530e9f2a863a00e58,4,2,3,2,sampling_noiseless,beliefs_first,A,1.2,.8,60,10,30,30,10,60,7,1,1,0,33,Male,No,prereg
894,23255af3daef02d8f2dd9076,2,1,5,4,description_noiseless,choice_first,A,.8100000000000001,.9,50,0,50,50,0,50,6,1,2,1,34,Female,DATA_EXPIRED,prereg
894,23255af3daef02d8f2dd9076,2,1,5,4,description_noiseless,choice_first,B,.176,.18,50,0,50,50,0,50,7,0,1,0,34,Female,DATA_EXPIRED,prereg
637,2331dc010b691d13edb64608,4,3,4,3,sampling_noiseless,beliefs_first,B,.9399999999999999,.9,75,10,15,75,10,15,7,1,1,0,42,Female,No,prereg
637,2331dc010b691d13edb64608,4,3,4,3,sampling_noiseless,beliefs_first,A,.64,.84,40,20,40,30,30,40,6,1,2,1,42,Female,No,prereg
851,23a3815d919d2bbfe762bffd,4,4,4,4,sampling_noiseless,choice_first,A,.1,2,40,1,59,42,1,57,4,0,2,0,48,Female,No,prereg
851,23a3815d919d2bbfe762bffd,4,4,4,4,sampling_noiseless,choice_first,B,1.5,2,45,5,50,35,4,61,6,1,1,1,48,Female,No,prereg
628,23cb760fc126e81362555f63,3,3,4,4,description_noiseless,choice_first,A,1,1,49,2,49,49,2,49,7,0,1,1,41,Male,No,prereg
628,23cb760fc126e81362555f63,3,3,4,4,description_noiseless,choice_first,B,1,1,49,2,49,49,2,49,6,0,2,0,41,Male,No,prereg
1284,23e32e9e6df608e23c10b0e4,3,4,4,3,sampling_noiseless,beliefs_first,A,123,1.3,28,0,72,22,0,78,6,1,2,0,63,Female,No,prereg
1284,23e32e9e6df608e23c10b0e4,3,4,4,3,sampling_noiseless,beliefs_first,B,11,.9,30,30,40,32,40,28,5,1,1,1,63,Female,No,prereg
568,2428cd76c96a82667e36e9b9,4,4,5,5,sampling_noiseless,beliefs_first,B,1.12,1.08,35,5,60,33,2,65,7,1,2,0,27,Male,No,prereg
568,2428cd76c96a82667e36e9b9,4,4,5,5,sampling_noiseless,beliefs_first,B,.5,.4,60,5,35,80,5,15,4,1,1,1,27,Male,No,prereg
768,2442f4ece1052735d44f4424,3,1,5,4,description_noiseless,beliefs_first,B,2,0,45,10,45,45,10,45,4,1,1,0,65,Male,No,prereg
768,2442f4ece1052735d44f4424,3,1,5,4,description_noiseless,beliefs_first,B,2,0,33.3,33.3,33.4,33.3,33.4,33.3,4,0,2,1,65,Male,No,prereg
788,25c38298eaf959c22790479f,4,2,3,2,sampling_noiseless,beliefs_first,B,.8,1.2,70,10,20,20,10,70,6,1,1,1,63,Female,DATA_EXPIRED,prereg
788,25c38298eaf959c22790479f,4,2,3,2,sampling_noiseless,beliefs_first,B,1.2,1.24,50,0,50,45,0,55,6,1,2,0,63,Female,DATA_EXPIRED,prereg
632,25d1eb206b72d801ccc559c6,3,3,4,3,sampling_noiseless,choice_first,B,1,1,48,1,51,51,1,48,7,1,1,0,48,Male,No,prereg
632,25d1eb206b72d801ccc559c6,3,3,4,3,sampling_noiseless,choice_first,B,1,1,45,0,55,55,0,45,7,1,2,1,48,Male,No,prereg
419,25fdc0e49c2267b8639c911a,3,3,4,3,sampling_noiseless,choice_first,B,.5,.5,75,20,5,50,40,10,5,1,2,1,30,Female,No,prereg
419,25fdc0e49c2267b8639c911a,3,3,4,3,sampling_noiseless,choice_first,B,.65,.6899999999999999,80,10,10,40,40,20,5,0,1,0,30,Female,No,prereg
917,262b8d1a60d8255b70517cda,4,3,4,4,description_noiseless,beliefs_first,A,1,1,45.45,9.1,45.45,45.45,9.1,45.45,6,0,1,1,42,Male,No,prereg
917,262b8d1a60d8255b70517cda,4,3,4,4,description_noiseless,beliefs_first,A,1,1,49,2,49,49,2,49,6,1,2,0,42,Male,No,prereg
699,2640cc974705e31d77594f73,2,2,3,3,sampling_noiseless,beliefs_first,B,.5,1,20,40,40,20,40,40,7,1,2,0,33,Female,No,prereg
699,2640cc974705e31d77594f73,2,2,3,3,sampling_noiseless,beliefs_first,B,2,2,70,10,20,10,20,70,4,0,1,1,33,Female,No,prereg
997,268604cb22e9c5d8f4889571,3,1,3,3,description_noiseless,beliefs_first,B,.2,.23,50,10,40,40,10,50,4,1,1,1,27,Female,DATA_EXPIRED,prereg
997,268604cb22e9c5d8f4889571,3,1,3,3,description_noiseless,beliefs_first,B,.3,.4,50,10,40,40,10,50,4,1,2,0,27,Female,DATA_EXPIRED,prereg
1731,26b404f4d1c227ec04184ca7,5,2,4,3,sampling_noiseless,beliefs_first,A,.4,.5,85,5,10,70,5,25,6,1,1,1,30,Male,No,prereg
1731,26b404f4d1c227ec04184ca7,5,2,4,3,sampling_noiseless,beliefs_first,A,.8,.84,60,2,38,58,2,40,7,0,2,0,30,Male,No,prereg
1630,26ddd5b4d3393d54e1219139,4,2,4,4,description_noiseless,choice_first,B,1,1.25,25,25,50,30,30,40,7,0,1,0,64,Male,No,prereg
1630,26ddd5b4d3393d54e1219139,4,2,4,4,description_noiseless,choice_first,A,.75,1,40,10,50,40,10,50,7,0,2,1,64,Male,No,prereg
810,272fd7dd609c3f2a594e6989,3,3,3,4,description_noiseless,beliefs_first,A,.5,1,30,10,60,40,10,50,6,0,2,0,30,Male,DATA_EXPIRED,prereg
810,272fd7dd609c3f2a594e6989,3,3,3,4,description_noiseless,beliefs_first,B,.8,1,40,20,40,50,10,40,6,0,1,1,30,Male,DATA_EXPIRED,prereg
533,27af9a654804754357362fbe,2,1,2,2,description_noiseless,beliefs_first,B,1,1.02,48,4,48,44,4,52,6,1,2,0,33,Female,Yes,prereg
533,27af9a654804754357362fbe,2,1,2,2,description_noiseless,beliefs_first,A,1,1,45,10,45,45,10,45,1,0,1,1,33,Female,Yes,prereg
864,27d0a6dee1d0a9cde374804b,3,2,4,4,sampling_noiseless,beliefs_first,A,.88,.92,70,10,20,70,10,20,6,1,2,0,33,Female,No,prereg
864,27d0a6dee1d0a9cde374804b,3,2,4,4,sampling_noiseless,beliefs_first,B,1,.8,60,10,30,30,10,60,5,1,1,1,33,Female,No,prereg
752,287bccbedf633848132a4c06,3,1,3,3,sampling_noiseless,choice_first,B,1.2,1.25,20,40,40,20,40,40,6,1,1,0,49,Female,DATA_EXPIRED,prereg
752,287bccbedf633848132a4c06,3,1,3,3,sampling_noiseless,choice_first,B,.8,1,30,50,20,20,40,40,6,1,2,1,49,Female,DATA_EXPIRED,prereg
575,2967623c155dfeb3a5580838,4,1,5,5,sampling_noiseless,choice_first,B,1,1.1,65,15,20,45,25,30,7,1,2,1,41,Female,No,prereg
575,2967623c155dfeb3a5580838,4,1,5,5,sampling_noiseless,choice_first,B,1,1.05,60,20,20,55,15,30,6,1,1,0,41,Female,No,prereg
749,298fd661592e4bde31e39a96,4,3,4,3,sampling_noiseless,beliefs_first,B,.8,.95,60,10,30,50,10,40,6,1,1,1,34,Male,No,prereg
749,298fd661592e4bde31e39a96,4,3,4,3,sampling_noiseless,beliefs_first,A,.93,.9,50,2,48,48,2,50,7,1,2,0,34,Male,No,prereg
501,2aae45d18cddf1f74e961ac3,3,2,3,3,sampling_noiseless,beliefs_first,A,1.4,1.2,50,0,50,46,0,54,7,1,2,1,27,Male,No,prereg
501,2aae45d18cddf1f74e961ac3,3,2,3,3,sampling_noiseless,beliefs_first,A,1.24,1.2,20,1,79,24,1,75,7,1,1,0,27,Male,No,prereg
1397,2adf9aeac53ce0ab1527d0b3,1,3,5,3,sampling_noiseless,beliefs_first,A,1,1,53,1,46,46,1,53,7,1,1,0,46,Male,No,prereg
1397,2adf9aeac53ce0ab1527d0b3,1,3,5,3,sampling_noiseless,beliefs_first,B,1,1,53,1,46,46,1,53,7,1,2,1,46,Male,No,prereg
793,2b0b25ffd50401f9bcd5fdea,2,4,4,4,description_noiseless,beliefs_first,B,1,.8,45,10,45,50,10,40,4,0,1,1,25,Female,No,prereg
793,2b0b25ffd50401f9bcd5fdea,2,4,4,4,description_noiseless,beliefs_first,B,1,1.1,45,10,45,50,10,40,5,1,2,0,25,Female,No,prereg
270,2b1aa04b7a7c74919f260088,4,4,2,2,description_noiseless,choice_first,A,1,1,45,10,45,45,10,45,7,0,1,1,30,Male,Yes,prereg
270,2b1aa04b7a7c74919f260088,4,4,2,2,description_noiseless,choice_first,A,1,1,45,10,45,45,10,45,7,0,2,0,30,Male,Yes,prereg
656,2c4deb3f987754f38a4bda15,3,2,4,4,description_noiseless,choice_first,B,1,1,35,30,35,35,30,35,6,0,2,0,39,Female,No,prereg
656,2c4deb3f987754f38a4bda15,3,2,4,4,description_noiseless,choice_first,A,.75,.75,35,30,35,35,30,35,5,1,1,1,39,Female,No,prereg
1223,2cc0121c2450b98b37db5467,4,4,3,4,description_noiseless,beliefs_first,A,1,1,49,2,49,49,2,49,5,1,1,0,58,Male,No,prereg
1223,2cc0121c2450b98b37db5467,4,4,3,4,description_noiseless,beliefs_first,A,1,1,45,10,45,45,10,45,4,1,2,1,58,Male,No,prereg
760,2cc46ac0d41e99271c589087,3,2,3,4,description_noiseless,beliefs_first,A,1,1,49,2,49,49,2,49,4,1,2,0,24,Male,No,prereg
760,2cc46ac0d41e99271c589087,3,2,3,4,description_noiseless,beliefs_first,B,1,1,45.45,9.1,45.45,45.45,9.1,45.45,4,1,1,1,24,Male,No,prereg
452,2cd780300f69c352ad637c33,4,2,5,5,description_noiseless,beliefs_first,A,.9,.1,40,5,55,60,5,35,7,0,1,0,29,Male,No,prereg
452,2cd780300f69c352ad637c33,4,2,5,5,description_noiseless,beliefs_first,B,1.15,.8,45,5,50,35,5,60,7,0,2,1,29,Male,No,prereg
694,2cebbf2d7a70af73cb1f3c7a,3,3,4,4,sampling_noiseless,beliefs_first,A,1,1,40,10,50,30,15,55,4,0,1,0,69,Male,No,prereg
694,2cebbf2d7a70af73cb1f3c7a,3,3,4,4,sampling_noiseless,beliefs_first,A,1.2,.8,60,5,35,45,0,55,6,1,2,1,69,Male,No,prereg
918,2cf8f39b39020aef35aefdb6,2,2,4,4,sampling_noiseless,beliefs_first,A,1,1.2,40,30,30,20,30,50,6,1,1,1,49,Female,No,prereg
918,2cf8f39b39020aef35aefdb6,2,2,4,4,sampling_noiseless,beliefs_first,A,1.25,1.25,40,20,40,40,10,50,6,1,2,0,49,Female,No,prereg
981,2cfbf45b26dc8f5c05a5af5b,4,3,3,4,description_noiseless,choice_first,A,1,1.5,25,50,25,15,50,35,4,1,1,1,52,Female,No,prereg
981,2cfbf45b26dc8f5c05a5af5b,4,3,3,4,description_noiseless,choice_first,A,1,1.25,30,50,20,25,50,25,5,1,2,0,52,Female,No,prereg
650,2d9114891a45729d1fe81d73,4,2,5,3,description_noiseless,choice_first,B,1,1,60,15,25,60,15,25,7,1,1,1,30,Female,No,prereg
650,2d9114891a45729d1fe81d73,4,2,5,3,description_noiseless,choice_first,B,.75,1.25,45,10,45,45,10,45,7,1,2,0,30,Female,No,prereg
1037,2dc10e09abe0c9ca40a914c5,2,2,4,2,sampling_noiseless,choice_first,A,.8,1,70,20,10,30,20,50,5,1,1,0,48,Female,No,prereg
1037,2dc10e09abe0c9ca40a914c5,2,2,4,2,sampling_noiseless,choice_first,B,.9,1,50,20,30,30,30,40,4,1,2,1,48,Female,No,prereg
997,2e559d0c01e357e0fff68c41,4,3,3,4,description_noiseless,choice_first,A,1,1,45.5,9,45.5,45.5,9,45.5,4,0,1,1,38,Female,No,prereg
997,2e559d0c01e357e0fff68c41,4,3,3,4,description_noiseless,choice_first,B,1,1,45.5,9,45.5,45.5,9,45.5,4,1,2,0,38,Female,No,prereg
731,2e6c48f29c2fbbbd7b09427a,3,2,3,4,description_noiseless,choice_first,A,.99,1,49,2,49,52,2,46,5,1,1,0,48,Female,No,prereg
731,2e6c48f29c2fbbbd7b09427a,3,2,3,4,description_noiseless,choice_first,A,.9,1.1,45,10,45,43,10,47,5,0,2,1,48,Female,No,prereg
1358,2e8f5933813a30ea4b181719,2,2,4,2,sampling_noiseless,choice_first,A,1,1,48,4,48,49,4,47,7,1,2,0,48,Male,No,prereg
1358,2e8f5933813a30ea4b181719,2,2,4,2,sampling_noiseless,choice_first,A,2,2,74,8,18,64,8,28,7,1,1,1,48,Male,No,prereg
1772,2eb8dd9d3eec8792c163fe4b,3,1,5,5,sampling_noiseless,beliefs_first,A,1.21,.99,90,0,10,90,0,10,6,1,1,0,40,Female,No,prereg
1772,2eb8dd9d3eec8792c163fe4b,3,1,5,5,sampling_noiseless,beliefs_first,B,.85,1,45,9,46,46,9,45,7,1,2,1,40,Female,No,prereg
656,2ef52e5050fea87afbd3e28f,4,3,4,4,description_noiseless,beliefs_first,B,1,1,45,10,45,45,10,45,1,1,1,1,39,Female,No,prereg
656,2ef52e5050fea87afbd3e28f,4,3,4,4,description_noiseless,beliefs_first,A,1,1,45,10,45,45,10,45,1,0,2,0,39,Female,No,prereg
679,2f37862f9f58aaf5d3bfca3f,3,4,5,4,sampling_noiseless,choice_first,A,1.2,1.2,40,10,50,30,10,60,5,1,2,1,25,Male,Yes,prereg
679,2f37862f9f58aaf5d3bfca3f,3,4,5,4,sampling_noiseless,choice_first,B,1.1,1.1,44,2,54,46,2,52,7,0,1,0,25,Male,Yes,prereg
526,2f4f77cf3516dd65fe654bbf,3,3,5,5,sampling_noiseless,choice_first,A,1,.9,60,10,30,30,10,60,6,1,2,0,24,Male,Yes,prereg
526,2f4f77cf3516dd65fe654bbf,3,3,5,5,sampling_noiseless,choice_first,A,.8,1,60,5,35,40,10,50,5,1,1,1,24,Male,Yes,prereg
1525,2f5d014654d003153b4643d2,4,3,5,5,description_noiseless,choice_first,B,2,2,50,10,40,60,10,30,7,0,1,0,34,Male,Yes,prereg
1525,2f5d014654d003153b4643d2,4,3,5,5,description_noiseless,choice_first,B,2,2,45,10,45,45,10,45,7,0,2,1,34,Male,Yes,prereg
519,30100823ee9431596cad5d43,5,2,3,2,sampling_noiseless,choice_first,B,1.2,1.7,20,5,75,15,5,80,7,1,1,0,43,Female,Yes,prereg
519,30100823ee9431596cad5d43,5,2,3,2,sampling_noiseless,choice_first,B,1.3,1.6,30,5,65,20,5,75,7,1,2,1,43,Female,Yes,prereg
560,302dfab0e85c0f5d3a6e99e7,2,2,5,4,sampling_noiseless,choice_first,B,.8,1.2,70,10,20,60,10,30,6,1,1,1,54,Female,No,prereg
560,302dfab0e85c0f5d3a6e99e7,2,2,5,4,sampling_noiseless,choice_first,B,1,.9,30,10,60,35,10,55,3,1,2,0,54,Female,No,prereg
1285,307b8287f4cb57dc6d716b68,2,3,5,5,sampling_noiseless,choice_first,A,.7,1,80,0,20,65,0,35,5,1,2,1,19,Male,Yes,prereg
873,3084e969fc497e53f93d1cd6,2,4,4,4,sampling_noiseless,beliefs_first,B,.6,.54,60,5,35,58,5,37,2,1,1,0,39,Female,Yes,prereg
873,3084e969fc497e53f93d1cd6,2,4,4,4,sampling_noiseless,beliefs_first,B,.6,.8,40,2,58,30,2,68,4,1,2,1,39,Female,Yes,prereg
1566,308da1ed8fae7314cb0f0fe1,4,3,4,4,sampling_noiseless,choice_first,A,1,2,50,30,20,30,30,40,7,1,1,1,50,Male,Yes,prereg
1566,308da1ed8fae7314cb0f0fe1,4,3,4,4,sampling_noiseless,choice_first,B,.5,1.5,80,10,10,10,10,80,7,1,2,0,50,Male,Yes,prereg
405,30f1711ac13ac4e5743b0577,4,3,5,5,sampling_noiseless,beliefs_first,A,1,.8,50,5,45,25,5,70,7,1,1,1,31,Male,No,prereg
405,30f1711ac13ac4e5743b0577,4,3,5,5,sampling_noiseless,beliefs_first,A,1,.9,45,5,50,40,5,55,7,1,2,0,31,Male,No,prereg
493,313921c908efcdef5440f4ff,4,3,4,5,description_noiseless,beliefs_first,B,1.5,1.25,45,10,45,40,10,50,6,0,1,0,31,Female,No,prereg
493,313921c908efcdef5440f4ff,4,3,4,5,description_noiseless,beliefs_first,A,1.5,1.5,45,10,45,45,10,45,4,0,2,1,31,Female,No,prereg
545,31868b7b0bd4c7a49ac55e47,2,2,3,4,description_noiseless,choice_first,B,1.5,1,33,33,34,50,25,25,5,0,1,1,48,Female,No,prereg
545,31868b7b0bd4c7a49ac55e47,2,2,3,4,description_noiseless,choice_first,A,1,1,30,40,30,40,30,30,5,0,2,0,48,Female,No,prereg
363,319ff2ca0648b0c1a8f3dd2b,5,4,4,5,sampling_noiseless,choice_first,B,1.1,1,10,10,80,25,10,65,6,1,1,1,38,Male,No,prereg
363,319ff2ca0648b0c1a8f3dd2b,5,4,4,5,sampling_noiseless,choice_first,A,1.3,1.34,40,10,50,25,10,65,7,1,2,0,38,Male,No,prereg
1310,31bc674c07d6639725fa1f56,1,2,5,3,description_noiseless,beliefs_first,B,1,1,45.5,9,45.5,45.5,9,45.5,5,0,1,1,55,Female,No,prereg
1310,31bc674c07d6639725fa1f56,1,2,5,3,description_noiseless,beliefs_first,A,1,1,45.5,9,45.5,45.5,9,45.5,5,1,2,0,55,Female,No,prereg
1600,31cca81e61f770d3e10f0351,5,2,5,5,description_noiseless,choice_first,A,1,1.25,45,9,46,46,9,45,7,1,2,1,23,Male,Yes,prereg
1600,31cca81e61f770d3e10f0351,5,2,5,5,description_noiseless,choice_first,A,.8,1,49,2,49,46,2,52,7,1,1,0,23,Male,Yes,prereg
555,31fa5614488ff1517b72cc95,3,5,4,4,sampling_noiseless,choice_first,A,1,.8,35,5,60,30,5,65,5,0,2,1,63,Female,No,prereg
555,31fa5614488ff1517b72cc95,3,5,4,4,sampling_noiseless,choice_first,A,.8,.84,65,2,33,60,2,38,6,1,1,0,63,Female,No,prereg
522,3226a06f77fbf2d061d4b771,4,3,4,4,sampling_noiseless,choice_first,B,.8,1.2,50,40,10,40,40,20,7,0,1,1,52,Male,No,prereg
522,3226a06f77fbf2d061d4b771,4,3,4,4,sampling_noiseless,choice_first,A,.9,1.1,40,5,55,40,5,55,5,1,2,0,52,Male,No,prereg
655,327dbf14fc3f276de8ce5503,2,3,3,4,sampling_noiseless,beliefs_first,B,.95,.75,75,5,20,80,0,20,5,1,2,0,37,Female,No,prereg
655,327dbf14fc3f276de8ce5503,2,3,3,4,sampling_noiseless,beliefs_first,A,1.75,2,70,5,25,40,10,50,6,1,1,1,37,Female,No,prereg
1085,33317cf1634272b2c7bfcb02,5,3,4,2,description_noiseless,choice_first,A,.4,.5,30,20,50,30,40,30,5,1,1,1,33,Male,No,prereg
1085,33317cf1634272b2c7bfcb02,5,3,4,2,description_noiseless,choice_first,A,1,.99,30,30,40,40,20,40,5,0,2,0,33,Male,No,prereg
1075,333b09e6fff3798319328b47,3,2,5,4,sampling_noiseless,choice_first,B,2,2,0,0,100,0,0,100,6,1,2,0,62,Female,No,prereg
1075,333b09e6fff3798319328b47,3,2,5,4,sampling_noiseless,choice_first,B,2,2,10,10,80,30,10,60,6,1,1,1,62,Female,No,prereg
676,33630043afa7c6470c63b1a4,2,3,5,4,description_noiseless,beliefs_first,A,2,1,45,10,45,40,20,40,6,0,1,0,28,Female,No,prereg
676,33630043afa7c6470c63b1a4,2,3,5,4,description_noiseless,beliefs_first,B,1.75,1.25,30,10,60,40,40,20,5,1,2,1,28,Female,No,prereg
441,342b24a5caa3dd37e1a4a1ef,5,5,5,5,sampling_noiseless,choice_first,B,1,.9399999999999999,50,10,40,45,10,45,7,1,1,0,19,Male,DATA_EXPIRED,prereg
441,342b24a5caa3dd37e1a4a1ef,5,5,5,5,sampling_noiseless,choice_first,A,1,1.1,40,10,50,45,10,45,5,0,2,1,19,Male,DATA_EXPIRED,prereg
1741,3432ebab9440836788ed9409,3,2,5,5,sampling_noiseless,choice_first,A,.5,1,90,5,5,20,30,50,7,1,2,0,32,Female,DATA_EXPIRED,prereg
1741,3432ebab9440836788ed9409,3,2,5,5,sampling_noiseless,choice_first,A,.2,1,75,20,5,5,20,75,7,1,1,1,32,Female,DATA_EXPIRED,prereg
1980,345a0a359db96960f43f91d1,3,2,2,2,description_noiseless,beliefs_first,A,1,1,48,4,48,48,4,48,6,1,2,0,58,Male,No,prereg
1980,345a0a359db96960f43f91d1,3,2,2,2,description_noiseless,beliefs_first,A,1.1,1.1,45,9,46,45,9,46,6,1,1,1,58,Male,No,prereg
786,34616e2c5f11f4fcd5c1a463,1,4,5,4,sampling_noiseless,beliefs_first,A,1,1.2,60,10,30,40,10,50,6,1,1,1,45,Female,DATA_EXPIRED,prereg
786,34616e2c5f11f4fcd5c1a463,1,4,5,4,sampling_noiseless,beliefs_first,A,1.2,1.3,46,2,52,44,2,54,7,1,2,0,45,Female,DATA_EXPIRED,prereg
343,34929e41dcdfa579accb4d4d,3,2,4,3,sampling_noiseless,choice_first,B,1.4,1.5,30,10,60,30,10,60,5,1,2,0,33,Male,No,prereg
343,34929e41dcdfa579accb4d4d,3,2,4,3,sampling_noiseless,choice_first,B,1,1.5,50,10,40,40,10,50,5,1,1,1,33,Male,No,prereg
831,35d4ac9a5b269d9413dfebdf,4,2,4,4,sampling_noiseless,choice_first,B,.8,.9,99,0,1,80,1,19,7,1,1,0,45,Male,No,prereg
831,35d4ac9a5b269d9413dfebdf,4,2,4,4,sampling_noiseless,choice_first,B,1.2,1.4,10,10,80,10,10,80,6,1,2,1,45,Male,No,prereg
530,360eaf80632988f4fe655ba8,4,1,5,5,sampling_noiseless,beliefs_first,B,1,.4,70,10,20,20,30,50,6,1,1,1,28,Female,No,prereg
530,360eaf80632988f4fe655ba8,4,1,5,5,sampling_noiseless,beliefs_first,B,.7,.9,30,20,50,25,25,50,6,1,2,0,28,Female,No,prereg
710,37b23e5857c47d40b31c54f7,4,4,4,3,sampling_noiseless,beliefs_first,A,.4,1.12,80,2,18,40,2,58,7,1,2,0,27,Female,No,prereg
710,37b23e5857c47d40b31c54f7,4,4,4,3,sampling_noiseless,beliefs_first,B,.5,.9,60,10,30,30,5,65,6,1,1,1,27,Female,No,prereg
688,37bdfe405a4a7e3dc1486464,3,2,5,4,description_noiseless,choice_first,A,2,1,20,30,50,20,60,20,5,0,1,0,29,Female,DATA_EXPIRED,prereg
688,37bdfe405a4a7e3dc1486464,3,2,5,4,description_noiseless,choice_first,B,1,2,10,40,50,10,20,70,6,1,2,1,29,Female,DATA_EXPIRED,prereg
613,37cd67dda2f16a79421ca6e0,2,4,5,3,description_noiseless,choice_first,B,1,1,49,2,49,49,2,49,7,0,1,0,33,Female,Yes,prereg
613,37cd67dda2f16a79421ca6e0,2,4,5,3,description_noiseless,choice_first,A,1,1,46,8,46,46,8,46,7,0,2,1,33,Female,Yes,prereg
1045,3822c8da5783eeacb5f7f3ed,5,4,5,5,description_noiseless,choice_first,B,1,.95,47,2,51,45,2,53,5,1,2,0,25,Male,DATA_EXPIRED,prereg
1045,3822c8da5783eeacb5f7f3ed,5,4,5,5,description_noiseless,choice_first,B,1,1.25,50,8.5,41.5,40,10,50,5,0,1,1,25,Male,DATA_EXPIRED,prereg
1334,396e4b23b9bade3d0e4e8a14,4,2,5,4,sampling_noiseless,choice_first,A,1,1,20,50,30,15,15,70,6,1,2,0,33,Female,No,prereg
1334,396e4b23b9bade3d0e4e8a14,4,2,5,4,sampling_noiseless,choice_first,B,1,1,5,30,65,10,40,50,5,1,1,1,33,Female,No,prereg
463,3a03ac884b927cc1bc225efb,4,2,4,4,description_noiseless,choice_first,B,1.25,1,10,50,40,10,50,40,6,0,1,1,40,Female,No,prereg
463,3a03ac884b927cc1bc225efb,4,2,4,4,description_noiseless,choice_first,B,2,1.5,20,60,20,40,40,20,7,0,2,0,40,Female,No,prereg
602,3a55d0b0cd029367f3dd5fca,4,3,4,3,sampling_noiseless,choice_first,A,1.2,1,50,35,15,35,15,50,7,1,1,1,22,Female,No,prereg
602,3a55d0b0cd029367f3dd5fca,4,3,4,3,sampling_noiseless,choice_first,B,1.4,.9,55,5,40,55,5,40,6,1,2,0,22,Female,No,prereg
474,3adb66c81ba6057ec4ebd467,2,1,4,4,description_noiseless,choice_first,B,1,1,50,2,48,50,2,48,4,1,1,0,30,Male,Yes,prereg
474,3adb66c81ba6057ec4ebd467,2,1,4,4,description_noiseless,choice_first,B,1,1,50,2,48,50,2,48,4,1,2,1,30,Male,Yes,prereg
772,3ae3e6cceb89352d373f3c0a,4,4,3,4,sampling_noiseless,choice_first,B,.8,1,40,2,58,30,2,68,7,1,2,0,29,Male,No,prereg
772,3ae3e6cceb89352d373f3c0a,4,4,3,4,sampling_noiseless,choice_first,A,.8,1,40,5,55,30,10,60,6,1,1,1,29,Male,No,prereg
1186,3b5084a0f5e19ee7ebb38790,4,2,3,5,description_noiseless,choice_first,B,1,1,20,30,50,30,30,40,7,0,1,0,38,Female,No,prereg
1186,3b5084a0f5e19ee7ebb38790,4,2,3,5,description_noiseless,choice_first,B,.8,.9,40,20,40,20,30,50,6,0,2,1,38,Female,No,prereg
559,3c0bcef877f961712412be38,,,,,description_noiseless,choice_first,B,1,1,0,0,100,0,0,100,6,1,1,1,41,Female,No,prereg
763,3d331f3d5a848e867f5fe61f,4,4,2,2,description_noiseless,choice_first,B,1,1,49,2,49,48,2,50,6,1,1,0,28,Female,DATA_EXPIRED,prereg
763,3d331f3d5a848e867f5fe61f,4,4,2,2,description_noiseless,choice_first,B,1,1.2,45,10,45,36,10,54,6,1,2,1,28,Female,DATA_EXPIRED,prereg
637,3d52f30c5444e2d873b3a47d,4,2,4,4,sampling_noiseless,choice_first,B,1.2,.8,60,5,35,70,5,25,5,0,1,1,41,Male,No,prereg
637,3d52f30c5444e2d873b3a47d,4,2,4,4,sampling_noiseless,choice_first,B,.75,1.25,60,5,35,65,5,30,7,1,2,0,41,Male,No,prereg
1110,3dd4dde9946c6d455fa400b9,2,2,4,4,description_noiseless,choice_first,A,1,.96,49,2,49,51,2,47,4,1,1,0,33,Female,No,prereg
1110,3dd4dde9946c6d455fa400b9,2,2,4,4,description_noiseless,choice_first,B,1,1,45,10,45,45,10,45,4,1,2,1,33,Female,No,prereg
936,3e87e24950ca272b5ae90093,2,1,2,2,description_noiseless,choice_first,B,.82,.82,45,9,46,36,9,55,5,1,1,1,68,Female,No,prereg
936,3e87e24950ca272b5ae90093,2,1,2,2,description_noiseless,choice_first,B,1,1,45,10,45,44,10,46,4,1,2,0,68,Female,No,prereg
412,3edf6759321ca86ab904e80c,3,4,4,4,sampling_noiseless,beliefs_first,B,.5600000000000001,.51,60,1,39,65,1,34,5,0,1,0,22,Female,Yes,prereg
412,3edf6759321ca86ab904e80c,3,4,4,4,sampling_noiseless,beliefs_first,A,1.1,1,33,3,64,27,3,70,6,1,2,1,22,Female,Yes,prereg
553,3f4b415d92eaac6f70fcd4b6,4,2,4,4,sampling_noiseless,choice_first,A,.76,.8,50,30,20,45,0,55,6,0,1,0,33,Male,DATA_EXPIRED,prereg
553,3f4b415d92eaac6f70fcd4b6,4,2,4,4,sampling_noiseless,choice_first,A,1,.95,40,5,55,50,0,50,3,0,2,1,33,Male,DATA_EXPIRED,prereg
644,3f54250492747ea1d12ba361,5,3,4,4,description_noiseless,choice_first,B,1,1,49,2,49,49,2,49,7,1,1,0,33,Male,No,prereg
644,3f54250492747ea1d12ba361,5,3,4,4,description_noiseless,choice_first,B,1,1,49,2,49,49,2,49,7,1,2,1,33,Male,No,prereg
779,3f58bf719f02b09889286e73,3,3,5,5,sampling_noiseless,choice_first,A,1.2,1.1,40,10,50,40,10,50,5,1,2,1,26,Female,No,prereg
779,3f58bf719f02b09889286e73,3,3,5,5,sampling_noiseless,choice_first,B,1.2,1.4,30,10,60,30,10,60,6,1,1,0,26,Female,No,prereg
860,40117b5fc9e97c2ed700132e,2,2,2,3,sampling_noiseless,choice_first,A,.9,1.1,10,0,90,0,0,100,6,1,2,0,60,Male,No,prereg
860,40117b5fc9e97c2ed700132e,2,2,2,3,sampling_noiseless,choice_first,B,.9,1.1,0,0,100,0,9,91,6,1,1,1,60,Male,No,prereg
905,405af47570e6b986158d3171,2,1,5,5,sampling_noiseless,beliefs_first,B,.58,1.32,92,1,7,8,2,90,7,1,2,0,35,Female,DATA_EXPIRED,prereg
905,405af47570e6b986158d3171,2,1,5,5,sampling_noiseless,beliefs_first,B,.6,1.2,90,5,5,5,5,90,7,1,1,1,35,Female,DATA_EXPIRED,prereg
885,406ad4c71e98205c91a89bf0,2,3,5,5,description_noiseless,beliefs_first,B,1,1,45,10,45,45,10,45,5,1,2,1,21,Female,Yes,prereg
885,406ad4c71e98205c91a89bf0,2,3,5,5,description_noiseless,beliefs_first,A,1,1,49,2,49,49,2,49,5,1,1,0,21,Female,Yes,prereg
581,40bfd136fddafca5c8afe754,3,2,4,4,sampling_noiseless,choice_first,B,1,2,45,5,50,45,5,50,4,1,2,1,26,Female,No,prereg
581,40bfd136fddafca5c8afe754,3,2,4,4,sampling_noiseless,choice_first,A,1,2,50,5,45,50,5,45,5,0,1,0,26,Female,No,prereg
959,40d9c1117726d3f7df86a371,3,2,5,5,sampling_noiseless,choice_first,B,.9,1,50,15,35,45,15,40,6,1,1,0,48,Male,DATA_EXPIRED,prereg
959,40d9c1117726d3f7df86a371,3,2,5,5,sampling_noiseless,choice_first,A,1,1,35,10,55,45,10,45,5,1,2,1,48,Male,DATA_EXPIRED,prereg
493,417f5ea4a534c090c79dc96a,2,3,5,5,sampling_noiseless,choice_first,B,1.5,1.6,20,5,75,15,5,80,7,1,1,0,30,Male,No,prereg
493,417f5ea4a534c090c79dc96a,2,3,5,5,sampling_noiseless,choice_first,B,1.4,1.6,5,2,93,2,2,96,6,1,2,1,30,Male,No,prereg
827,422cd8aa06d94a0d1516f980,5,4,3,2,sampling_noiseless,choice_first,B,.8,1.2,60,20,20,30,10,60,7,1,2,0,55,Male,DATA_EXPIRED,prereg
827,422cd8aa06d94a0d1516f980,5,4,3,2,sampling_noiseless,choice_first,A,1.6,.4,20,30,50,50,30,20,7,0,1,1,55,Male,DATA_EXPIRED,prereg
540,42347e1eebe5fe6fddfb1498,3,1,4,3,sampling_noiseless,choice_first,A,1,2,60,10,30,20,10,70,6,1,1,1,38,Male,No,prereg
540,42347e1eebe5fe6fddfb1498,3,1,4,3,sampling_noiseless,choice_first,A,1.5,1,5,50,45,50,20,30,6,0,2,0,38,Male,No,prereg
758,425caac19e81b27a30288cd5,3,4,4,3,description_noiseless,choice_first,A,1,1,45.5,9,45.5,45.5,9,45.5,6,0,1,1,43,Male,No,prereg
758,425caac19e81b27a30288cd5,3,4,4,3,description_noiseless,choice_first,B,1,1,49,2,49,49,2,49,4,0,2,0,43,Male,No,prereg
806,42640d9056055ab9079b2184,2,3,4,4,sampling_noiseless,choice_first,B,.7,1,80,5,15,30,5,65,5,1,1,1,55,Female,No,prereg
806,42640d9056055ab9079b2184,2,3,4,4,sampling_noiseless,choice_first,B,.84,.8,80,0,20,75,0,25,5,0,2,0,55,Female,No,prereg
500,427d53249bd00bf33b968aed,4,3,3,3,description_noiseless,beliefs_first,B,1,1.25,25,0,75,75,0,25,4,0,1,0,25,Male,Yes,prereg
500,427d53249bd00bf33b968aed,4,3,3,3,description_noiseless,beliefs_first,A,1.1,1,75,0,25,25,0,75,4,1,2,1,25,Male,Yes,prereg
725,429dd7f41170c44b5be9de95,4,2,2,4,description_noiseless,beliefs_first,A,1,1,40,10,50,50,10,40,5,0,2,1,27,Female,Yes,prereg
725,429dd7f41170c44b5be9de95,4,2,2,4,description_noiseless,beliefs_first,A,1.5,1.5,25,50,25,25,50,25,5,1,1,0,27,Female,Yes,prereg
632,43a86b1574da1a9d4bf190c1,2,2,4,4,description_noiseless,beliefs_first,A,1,1,40,30,30,40,30,30,5,1,2,1,44,Male,No,prereg
632,43a86b1574da1a9d4bf190c1,2,2,4,4,description_noiseless,beliefs_first,A,1,1,34,33,33,34,33,33,5,1,1,0,44,Male,No,prereg
739,43d855930d64e658e938e3da,3,4,3,3,sampling_noiseless,beliefs_first,B,1,1.02,10,80,10,45,10,45,7,1,1,0,42,Female,No,prereg
739,43d855930d64e658e938e3da,3,4,3,3,sampling_noiseless,beliefs_first,A,1.8,2,0,0,100,0,0,100,7,1,2,1,42,Female,No,prereg
781,43eb0bc41ef1c710b7a0fb86,3,1,5,5,description_noiseless,choice_first,A,1,1,49,2,49,55,1,44,7,0,1,0,41,Female,No,prereg
781,43eb0bc41ef1c710b7a0fb86,3,1,5,5,description_noiseless,choice_first,B,1,1,49,2,49,66,2,32,7,0,2,1,41,Female,No,prereg
725,43f9355814b73087e3f65445,2,3,3,2,sampling_noiseless,beliefs_first,A,.8,1,50,25,25,25,50,25,7,1,1,1,40,Male,No,prereg
725,43f9355814b73087e3f65445,2,3,3,2,sampling_noiseless,beliefs_first,B,1,1.04,20,0,80,15,0,85,7,1,2,0,40,Male,No,prereg
685,442f220a1d006652fb108e8f,4,3,2,5,sampling_noiseless,beliefs_first,B,1.6,1.8,11,0,89,7,2,91,4,1,2,1,67,Female,DATA_EXPIRED,prereg
685,442f220a1d006652fb108e8f,4,3,2,5,sampling_noiseless,beliefs_first,B,1.5,1.3,17,2,81,21,2,77,5,0,1,0,67,Female,DATA_EXPIRED,prereg
455,44fcf4efff0061ac5546a8bf,5,2,5,5,description_noiseless,beliefs_first,B,2,2,70,10,20,60,20,20,7,0,1,0,48,Female,No,prereg
455,44fcf4efff0061ac5546a8bf,5,2,5,5,description_noiseless,beliefs_first,A,2,2,10,10,80,85,10,5,7,0,2,1,48,Female,No,prereg
285,45c149283d819c4e424ca702,2,1,2,3,description_noiseless,beliefs_first,B,1,1,25,50,25,25,50,25,5,1,2,0,31,Male,DATA_EXPIRED,prereg
285,45c149283d819c4e424ca702,2,1,2,3,description_noiseless,beliefs_first,B,1,1,50,25,25,50,25,25,4,0,1,1,31,Male,DATA_EXPIRED,prereg
863,45e6598c807da90440da8929,4,3,4,4,sampling_noiseless,choice_first,B,1.4,1.2,30,10,60,25,10,65,6,1,2,1,35,Male,No,prereg
863,45e6598c807da90440da8929,4,3,4,4,sampling_noiseless,choice_first,A,.84,.88,55,5,40,50,5,45,6,1,1,0,35,Male,No,prereg
781,46a83e0d4154c95f0b829398,4,3,4,4,sampling_noiseless,beliefs_first,B,1.08,1.04,20,50,30,15,50,35,7,1,1,0,DATA_EXPIRED,Male,No,prereg
781,46a83e0d4154c95f0b829398,4,3,4,4,sampling_noiseless,beliefs_first,A,1.4,1.2,60,10,30,50,20,30,6,1,2,1,DATA_EXPIRED,Male,No,prereg
639,46a8a78dfd40cff13c06fb9e,2,3,5,3,sampling_noiseless,beliefs_first,B,1.64,1.24,20,0,80,20,0,80,7,1,1,0,31,Male,DATA_EXPIRED,prereg
639,46a8a78dfd40cff13c06fb9e,2,3,5,3,sampling_noiseless,beliefs_first,B,1.2,.4,80,0,20,10,0,90,7,1,2,1,31,Male,DATA_EXPIRED,prereg
499,46cf423d075d7f18b6b6eb9b,4,4,3,4,sampling_noiseless,choice_first,B,.8,.82,45,10,45,50,10,40,7,1,2,0,35,Male,DATA_EXPIRED,prereg
499,46cf423d075d7f18b6b6eb9b,4,4,3,4,sampling_noiseless,choice_first,B,.6,.8,60,10,30,55,10,35,6,0,1,1,35,Male,DATA_EXPIRED,prereg
1162,46d1620143252ad6b46e15c6,3,1,5,4,sampling_noiseless,beliefs_first,A,.8,1,90,5,5,85,5,10,6,1,1,1,52,Female,No,prereg
1162,46d1620143252ad6b46e15c6,3,1,5,4,sampling_noiseless,beliefs_first,B,.9399999999999999,.9,45,45,10,47,47,6,6,1,2,0,52,Female,No,prereg
1916,46d17f825b121939c9103faf,3,4,3,4,sampling_noiseless,beliefs_first,A,2,1,30,35,35,35,30,35,5,0,2,0,53,Male,No,prereg
1916,46d17f825b121939c9103faf,3,4,3,4,sampling_noiseless,beliefs_first,B,2,1,35,35,30,30,30,40,4,1,1,1,53,Male,No,prereg
748,472e296b56b54f51f28fa451,4,4,4,2,sampling_noiseless,choice_first,A,.4,.5,60,20,20,50,25,25,4,1,2,1,28,Male,No,prereg
748,472e296b56b54f51f28fa451,4,4,4,2,sampling_noiseless,choice_first,A,.02,.039,98,0,2,98,0,2,3,1,1,0,28,Male,No,prereg
600,4799923188b77e2fac468893,4,2,4,4,description_noiseless,choice_first,A,.8,.6,60,10,30,70,10,20,5,0,1,1,40,Female,No,prereg
600,4799923188b77e2fac468893,4,2,4,4,description_noiseless,choice_first,B,1,.9,70,20,10,60,20,20,6,1,2,0,40,Female,No,prereg
882,47ad12233d2c19b3c67d78e5,4,3,2,2,description_noiseless,beliefs_first,A,1,1,50,10,40,50,10,40,4,0,2,1,28,Male,No,prereg
882,47ad12233d2c19b3c67d78e5,4,3,2,2,description_noiseless,beliefs_first,A,.4,.4,50,2,48,50,2,48,4,0,1,0,28,Male,No,prereg
399,47b02182b9ab40f7952614bc,4,3,3,4,description_noiseless,choice_first,B,2,2,0,0,100,0,0,100,5,1,1,0,21,Male,No,prereg
399,47b02182b9ab40f7952614bc,4,3,3,4,description_noiseless,choice_first,B,2,2,0,0,100,0,0,100,5,0,2,1,21,Male,No,prereg
582,47cf4effa6c3a005fc281817,4,3,4,2,sampling_noiseless,beliefs_first,B,1,1,49,2,49,49,2,49,2,1,2,1,42,Male,DATA_EXPIRED,prereg
582,47cf4effa6c3a005fc281817,4,3,4,2,sampling_noiseless,beliefs_first,B,1,1,49,2,49,49,2,49,2,1,1,0,42,Male,DATA_EXPIRED,prereg
508,47d6fbd17a055b0f6dcd279b,5,3,5,5,description_noiseless,choice_first,A,1,1,0,70,30,0,70,30,7,0,2,1,36,Male,No,prereg
508,47d6fbd17a055b0f6dcd279b,5,3,5,5,description_noiseless,choice_first,B,1.5,1.5,0,40,60,0,90,10,7,1,1,0,36,Male,No,prereg
691,48064ead740a5015fe0f6a8c,2,3,4,4,sampling_noiseless,beliefs_first,B,.95,.8,35,35,30,40,25,35,5,0,1,0,42,Male,No,prereg
691,48064ead740a5015fe0f6a8c,2,3,4,4,sampling_noiseless,beliefs_first,A,.8,1.2,40,10,50,30,20,50,7,1,2,1,42,Male,No,prereg
938,48202ab90a4e5e61252e6963,3,3,4,4,description_noiseless,choice_first,B,1,1,45,10,45,45,10,45,5,0,1,1,22,Female,No,prereg
938,48202ab90a4e5e61252e6963,3,3,4,4,description_noiseless,choice_first,B,1,1,49,2,49,49,2,49,5,0,2,0,22,Female,No,prereg
1297,4834889eeb81ffd0a7b135cb,4,3,5,5,sampling_noiseless,choice_first,B,.9,1.1,30,5,65,25,5,70,6,0,1,0,22,Female,DATA_EXPIRED,prereg
1297,4834889eeb81ffd0a7b135cb,4,3,5,5,sampling_noiseless,choice_first,B,1,.9,5,60,35,5,80,15,6,0,2,1,22,Female,DATA_EXPIRED,prereg
670,48757db1cf1a30380e80b1e4,3,3,3,2,description_noiseless,choice_first,B,1,1,49,2,49,49,2,49,1,0,2,0,50,Male,No,prereg
670,48757db1cf1a30380e80b1e4,3,3,3,2,description_noiseless,choice_first,B,1,1,45,10,45,45,10,45,1,0,1,1,50,Male,No,prereg
3880,48cdb23e6ff1a9c8e10e1447,3,3,5,5,description_noiseless,choice_first,A,2,2,25,25,50,25,50,25,5,1,1,0,50,Female,No,prereg
3880,48cdb23e6ff1a9c8e10e1447,3,3,5,5,description_noiseless,choice_first,A,2,1,0,50,50,50,25,25,4,0,2,1,50,Female,No,prereg
519,494d8d162eb6bb6dfe800c83,4,1,2,2,description_noiseless,beliefs_first,A,2,2,45,10,45,10,10,80,7,1,1,1,44,Female,No,prereg
519,494d8d162eb6bb6dfe800c83,4,1,2,2,description_noiseless,beliefs_first,B,1,1,45,10,45,20,40,40,6,1,2,0,44,Female,No,prereg
440,49505e3df1b6e35981068068,4,4,5,5,sampling_noiseless,beliefs_first,B,1,1.2,40,20,40,42,13,45,5,1,2,1,23,Male,Yes,prereg
440,49505e3df1b6e35981068068,4,4,5,5,sampling_noiseless,beliefs_first,A,.5,.54,50,2,48,48,2,50,7,1,1,0,23,Male,Yes,prereg
932,4969a219a8f39286390dba35,3,1,4,4,description_noiseless,choice_first,B,1,1,45,10,45,45,10,45,1,0,1,1,42,Male,No,prereg
932,4969a219a8f39286390dba35,3,1,4,4,description_noiseless,choice_first,B,1,1,45,10,45,45,10,45,2,0,2,0,42,Male,No,prereg
481,497c74f9b7c8138b8d4c58ef,3,3,4,3,description_noiseless,beliefs_first,A,.95,.9,49,2,49,48,2,50,6,0,2,0,38,Female,Yes,prereg
481,497c74f9b7c8138b8d4c58ef,3,3,4,3,description_noiseless,beliefs_first,B,1.12,1,40,10,50,52,10,38,6,0,1,1,38,Female,Yes,prereg
488,498662dfb2b341b920b6c3ba,3,2,5,5,sampling_noiseless,choice_first,A,1,1.5,20,60,20,60,20,20,7,0,1,0,39,Male,DATA_EXPIRED,prereg
488,498662dfb2b341b920b6c3ba,3,2,5,5,sampling_noiseless,choice_first,B,.5,1.5,80,15,5,10,60,30,7,1,2,1,39,Male,DATA_EXPIRED,prereg
1737,4a0d3b263f78a4fc280ae181,4,3,5,4,description_noiseless,beliefs_first,A,2,.25,20,25,55,55,20,25,7,0,1,0,29,Male,DATA_EXPIRED,prereg
1737,4a0d3b263f78a4fc280ae181,4,3,5,4,description_noiseless,beliefs_first,A,1.75,1,30,20,50,40,50,10,5,0,2,1,29,Male,DATA_EXPIRED,prereg
650,4a92114ed22542b8a2a9a933,4,4,5,5,sampling_noiseless,choice_first,A,1.1,1,36,9,55,45,0,55,6,1,2,1,31,Male,DATA_EXPIRED,prereg
650,4a92114ed22542b8a2a9a933,4,4,5,5,sampling_noiseless,choice_first,B,1.06,1.1,48,5,47,50,5,45,7,1,1,0,31,Male,DATA_EXPIRED,prereg
1341,4a9699084ed37eea5c1ab3dc,4,4,5,4,description_noiseless,choice_first,A,1,1,49,2,49,49,2,49,4,0,2,1,26,Male,Yes,prereg
1341,4a9699084ed37eea5c1ab3dc,4,4,5,4,description_noiseless,choice_first,A,1,.8,49,2,49,48,2,50,7,0,1,0,26,Male,Yes,prereg
472,4aa6ed4c95cc495939c03a7c,4,2,5,4,sampling_noiseless,choice_first,B,1.3,1.26,50,0,50,50,0,50,2,1,1,0,22,Male,Yes,prereg
472,4aa6ed4c95cc495939c03a7c,4,2,5,4,sampling_noiseless,choice_first,A,1.4,1.6,30,0,70,30,0,70,7,1,2,1,22,Male,Yes,prereg
585,4b5bb459863ed4f8a463d188,3,2,3,3,sampling_noiseless,beliefs_first,B,1,.5,45,5,50,60,5,35,5,0,1,1,32,Male,No,prereg
585,4b5bb459863ed4f8a463d188,3,2,3,3,sampling_noiseless,beliefs_first,A,.5,1,90,0,10,60,5,35,7,1,2,0,32,Male,No,prereg
1173,4b6e548f909dd13af8124e9d,2,2,3,2,sampling_noiseless,choice_first,A,1,1,25,50,25,25,50,25,6,0,2,0,31,Male,No,prereg
1173,4b6e548f909dd13af8124e9d,2,2,3,2,sampling_noiseless,choice_first,B,1,1.2,25,50,25,25,25,50,6,1,1,1,31,Male,No,prereg
388,4bcbda08c2622ab4b63f5640,3,2,3,4,sampling_noiseless,beliefs_first,A,.7,.9,60,30,10,40,55,5,6,1,1,1,31,Male,No,prereg
388,4bcbda08c2622ab4b63f5640,3,2,3,4,sampling_noiseless,beliefs_first,B,.8,.84,60,5,35,60,5,35,5,1,2,0,31,Male,No,prereg
534,4c641e4294ee8284c62e3638,2,2,3,3,description_noiseless,beliefs_first,A,2,1,0,25,75,75,25,0,4,0,2,1,51,Female,No,prereg
534,4c641e4294ee8284c62e3638,2,2,3,3,description_noiseless,beliefs_first,A,1,1,0,50,50,50,50,0,4,0,1,0,51,Female,No,prereg
776,4cef3136366f40f4d874a1ce,3,1,2,4,description_noiseless,beliefs_first,A,1,1,25,50,25,25,50,25,7,0,1,0,42,Female,No,prereg
776,4cef3136366f40f4d874a1ce,3,1,2,4,description_noiseless,beliefs_first,A,1,1,25,50,25,25,50,25,7,0,2,1,42,Female,No,prereg
633,4d141138dd0ccadb7213ec98,4,2,4,4,description_noiseless,beliefs_first,A,1,1,49,2,49,49,2,49,5,1,1,0,46,Male,No,prereg
633,4d141138dd0ccadb7213ec98,4,2,4,4,description_noiseless,beliefs_first,B,1,1,49,2,49,49,2,49,5,1,2,1,46,Male,No,prereg
935,4d2bbd0bb056c882833eb82c,2,1,3,5,sampling_noiseless,beliefs_first,B,1.04,1,49,49,2,49,49,2,7,1,1,0,32,Male,No,prereg
935,4d2bbd0bb056c882833eb82c,2,1,3,5,sampling_noiseless,beliefs_first,B,.8,1,48,48,4,48,48,4,7,1,2,1,32,Male,No,prereg
787,4d6698dfbd712178f94ea085,5,4,4,5,sampling_noiseless,beliefs_first,A,.9,1.2,80,10,10,20,10,70,6,1,1,1,55,Male,DATA_EXPIRED,prereg
787,4d6698dfbd712178f94ea085,5,4,4,5,sampling_noiseless,beliefs_first,A,1.1,1.2,40,10,50,40,10,50,6,1,2,0,55,Male,DATA_EXPIRED,prereg
1315,4d954a4e12b13e6c1d3ccbb0,4,4,3,3,description_noiseless,choice_first,B,1,1,45,10,45,45,10,45,4,0,2,1,34,Female,DATA_EXPIRED,prereg
1315,4d954a4e12b13e6c1d3ccbb0,4,4,3,3,description_noiseless,choice_first,B,1,1,49,2,49,49,2,49,4,1,1,0,34,Female,DATA_EXPIRED,prereg
1056,4da429c79ac821b051c85366,3,4,5,4,sampling_noiseless,choice_first,A,1.02,1.04,47,5,48,48,5,47,6,1,2,0,25,Male,Yes,prereg
1056,4da429c79ac821b051c85366,3,4,5,4,sampling_noiseless,choice_first,B,1.45,1.6,48,5,47,20,5,75,6,1,1,1,25,Male,Yes,prereg
983,4e22ab8068f3883fe10b07f0,3,3,4,4,description_noiseless,beliefs_first,B,1,.9,45.5,9,45.5,47,9,44,7,0,2,1,55,Male,No,prereg
983,4e22ab8068f3883fe10b07f0,3,3,4,4,description_noiseless,beliefs_first,A,1,.96,49.1,1.8,49.1,50.4,1.6,48,7,0,1,0,55,Male,No,prereg
805,4e6fce9fb276958dc6c5a510,4,3,4,4,description_noiseless,choice_first,B,1.1,1,45,35,20,40,35,25,5,0,1,0,29,Female,DATA_EXPIRED,prereg
805,4e6fce9fb276958dc6c5a510,4,3,4,4,description_noiseless,choice_first,B,1,.9,40,20,40,35,20,45,3,0,2,1,29,Female,DATA_EXPIRED,prereg
386,4eda5a15e5ecd009b191b0dc,2,2,5,4,description_noiseless,beliefs_first,B,.5,.5,45,10,45,45,10,45,3,0,2,1,38,Male,No,prereg
386,4eda5a15e5ecd009b191b0dc,2,2,5,4,description_noiseless,beliefs_first,B,1,1,45,10,45,45,10,45,4,1,1,0,38,Male,No,prereg
906,4eea2ef42e4fd516af6e6f06,5,3,4,5,sampling_noiseless,beliefs_first,B,1.2,1.5,40,20,40,20,10,70,6,1,1,1,24,Male,Yes,prereg
906,4eea2ef42e4fd516af6e6f06,5,3,4,5,sampling_noiseless,beliefs_first,A,1.4,1.5,30,10,60,20,10,70,7,1,2,0,24,Male,Yes,prereg
572,4efa37a8f93ff387a585bdb6,4,1,4,4,description_noiseless,choice_first,B,1,1.5,40,40,20,20,20,60,6,0,1,0,43,Female,No,prereg
572,4efa37a8f93ff387a585bdb6,4,1,4,4,description_noiseless,choice_first,B,.8,1.2,40,30,30,20,30,50,6,1,2,1,43,Female,No,prereg
500,4f1a1fcd5a85493d514a40f8,2,4,4,3,description_noiseless,beliefs_first,B,1,1.12,41,9,50,45,10,45,7,1,1,1,37,Male,DATA_EXPIRED,prereg
500,4f1a1fcd5a85493d514a40f8,2,4,4,3,description_noiseless,beliefs_first,B,1,1.1,45,10,45,45,10,45,7,1,2,0,37,Male,DATA_EXPIRED,prereg
641,4f2fd2d6df30e8ca39b261ab,3,3,3,4,sampling_noiseless,choice_first,A,.8,1,40,1,59,40,1,59,6,1,2,1,18,Male,DATA_EXPIRED,prereg
641,4f2fd2d6df30e8ca39b261ab,3,3,3,4,sampling_noiseless,choice_first,B,.55,.7,60,1,39,45,1,54,6,1,1,0,18,Male,DATA_EXPIRED,prereg
543,4f8cf2c6592cf99f638494ff,4,4,5,5,sampling_noiseless,beliefs_first,A,.7,1.3,25,10,65,25,10,65,6,1,1,1,31,Male,No,prereg
543,4f8cf2c6592cf99f638494ff,4,4,5,5,sampling_noiseless,beliefs_first,A,.9,1.1,25,2,73,30,1,69,7,1,2,0,31,Male,No,prereg
925,4fa0ac6f64aff8748a03e495,2,1,2,1,description_noiseless,choice_first,A,1.3,1.98,50,20,30,20,60,20,5,1,2,0,51,Female,No,prereg
925,4fa0ac6f64aff8748a03e495,2,1,2,1,description_noiseless,choice_first,B,1.5,2,33,34,33,33,33,34,6,1,1,1,51,Female,No,prereg
383,4fa6e560dc9182f813a712d3,1,3,3,3,description_noiseless,choice_first,A,2,.5,80,10,10,40,25,35,4,1,2,1,32,Female,DATA_EXPIRED,prereg
383,4fa6e560dc9182f813a712d3,1,3,3,3,description_noiseless,choice_first,B,2,1,40,20,40,40,40,20,5,0,1,0,32,Female,DATA_EXPIRED,prereg
2085,4fd7f81dd9ce6d7271157ad3,4,2,4,4,sampling_noiseless,beliefs_first,B,1.16,1.2,33,33,34,33,33,34,7,1,1,0,36,Female,No,prereg
2085,4fd7f81dd9ce6d7271157ad3,4,2,4,4,sampling_noiseless,beliefs_first,A,1.3,1.5,33,33,34,33,33,34,6,1,2,1,36,Female,No,prereg
1270,50859abb7625349fc97972ea,2,4,5,5,description_noiseless,choice_first,B,1,.85,49,2,49,49,2,49,5,0,2,0,28,Male,No,prereg
1270,50859abb7625349fc97972ea,2,4,5,5,description_noiseless,choice_first,A,1,.82,45.5,9,45.5,45.5,9,45.5,5,0,1,1,28,Male,No,prereg
778,50c54d91914703048efe56dc,1,1,5,5,description_noiseless,choice_first,B,1.57,2,40,10,50,40,5,55,7,0,2,1,32,Male,No,prereg
778,50c54d91914703048efe56dc,1,1,5,5,description_noiseless,choice_first,A,1.25,1.5,49.9,.2,49.9,49.9,.2,49.9,6,1,1,0,32,Male,No,prereg
565,50f1f3218b639fd30e00bb6a,2,3,4,4,sampling_noiseless,choice_first,A,1,1.2,60,10,30,50,0,50,6,1,2,1,23,Female,No,prereg
565,50f1f3218b639fd30e00bb6a,2,3,4,4,sampling_noiseless,choice_first,B,.9,1,60,10,30,40,10,50,5,1,1,0,23,Female,No,prereg
1437,5136a806f076a3fc6f435a55,4,3,4,4,sampling_noiseless,beliefs_first,A,1,1.04,63,2,35,60,2,38,7,1,1,0,28,Female,No,prereg
1437,5136a806f076a3fc6f435a55,4,3,4,4,sampling_noiseless,beliefs_first,A,1,1.2,40,5,55,40,5,55,6,1,2,1,28,Female,No,prereg
1247,520d12815152e2d4ed129f3c,2,2,4,4,sampling_noiseless,choice_first,B,.7,.9,50,5,45,45,5,50,6,1,2,1,31,Male,DATA_EXPIRED,prereg
1247,520d12815152e2d4ed129f3c,2,2,4,4,sampling_noiseless,choice_first,B,1,1.04,25,10,65,23,10,67,6,1,1,0,31,Male,DATA_EXPIRED,prereg
710,521ff10d4e7bacc5a1b2bdaa,2,2,4,4,description_noiseless,choice_first,A,1,1,49,2,49,49,2,49,1,0,2,1,53,Female,No,prereg
710,521ff10d4e7bacc5a1b2bdaa,2,2,4,4,description_noiseless,choice_first,A,1,1,49,2,49,49,2,49,1,0,1,0,53,Female,No,prereg
1116,5266767a88a45f1bad49864c,3,2,4,4,sampling_noiseless,choice_first,A,1.4,1.6,10,30,60,10,30,60,6,1,1,1,52,Female,No,prereg
1116,5266767a88a45f1bad49864c,3,2,4,4,sampling_noiseless,choice_first,A,1,1.1,50,10,40,50,10,40,7,1,2,0,52,Female,No,prereg
1399,5280565573e62a36f8ddda96,2,3,4,5,description_noiseless,beliefs_first,B,.75,1,49,2,49,58,2,40,7,0,1,0,22,Female,Yes,prereg
1399,5280565573e62a36f8ddda96,2,3,4,5,description_noiseless,beliefs_first,B,1,1,49,2,49,49,2,49,1,1,2,1,22,Female,Yes,prereg
242,52a73d79869ceae8c93140e3,4,3,4,4,description_noiseless,beliefs_first,A,1,1,45,23,32,45,13,42,6,0,1,0,34,Male,DATA_EXPIRED,prereg
242,52a73d79869ceae8c93140e3,4,3,4,4,description_noiseless,beliefs_first,B,1,1,45,23,32,45,13,42,5,0,2,1,34,Male,DATA_EXPIRED,prereg
729,52c049e13ae25030c3269e33,3,3,2,4,sampling_noiseless,choice_first,A,1,1.4,35,5,60,25,10,65,6,1,1,1,39,Male,No,prereg
729,52c049e13ae25030c3269e33,3,3,2,4,sampling_noiseless,choice_first,B,.8,1.1,40,0,60,35,5,60,6,1,2,0,39,Male,No,prereg
1157,537e77e0b53446da688a8734,3,3,4,4,sampling_noiseless,choice_first,A,1,.9,48,4,48,48,4,48,6,1,1,1,45,Male,No,prereg
1157,537e77e0b53446da688a8734,3,3,4,4,sampling_noiseless,choice_first,B,1,1,54,4,42,52,4,44,5,1,2,0,45,Male,No,prereg
548,53fd30b921af44b44278d9df,2,1,5,5,sampling_noiseless,beliefs_first,A,1,1,40,30,30,30,20,50,6,1,2,0,49,Female,DATA_EXPIRED,prereg
548,53fd30b921af44b44278d9df,2,1,5,5,sampling_noiseless,beliefs_first,B,1,2,60,20,20,40,20,40,6,1,1,1,49,Female,DATA_EXPIRED,prereg
944,54cd68e20155f588ee9c38e7,3,3,4,5,sampling_noiseless,beliefs_first,B,1,1,30,5,65,25,5,70,5,1,2,1,39,Female,Yes,prereg
944,54cd68e20155f588ee9c38e7,3,3,4,5,sampling_noiseless,beliefs_first,B,1,1,55,5,40,40,5,55,5,1,1,0,39,Female,Yes,prereg
1248,54dcf6ed181883125a852f0f,2,1,5,5,description_noiseless,choice_first,A,1,1,40,20,40,35,20,45,4,0,2,0,61,Female,No,prereg
1248,54dcf6ed181883125a852f0f,2,1,5,5,description_noiseless,choice_first,B,1.1,1,10,20,70,15,20,65,4,1,1,1,61,Female,No,prereg
686,54dfb750584dec786d1e176e,4,3,4,4,description_noiseless,choice_first,B,1,.8,60,10,30,70,10,20,1,0,2,1,40,Female,DATA_EXPIRED,prereg
686,54dfb750584dec786d1e176e,4,3,4,4,description_noiseless,choice_first,A,1,.8,70,10,20,80,10,10,1,0,1,0,40,Female,DATA_EXPIRED,prereg
755,550d6aea725b07599465133f,2,4,4,2,sampling_noiseless,choice_first,B,1,1,55,1,44,44,1,55,3,1,2,1,41,Female,DATA_EXPIRED,prereg
755,550d6aea725b07599465133f,2,4,4,2,sampling_noiseless,choice_first,A,.75,.75,80,1,19,75,1,24,3,1,1,0,41,Female,DATA_EXPIRED,prereg
713,55a6c66c5dbc38135e577aa0,4,2,4,4,description_noiseless,beliefs_first,B,1.5,.75,50,1,49,49,1,50,5,1,1,1,55,Female,DATA_EXPIRED,prereg
713,55a6c66c5dbc38135e577aa0,4,2,4,4,description_noiseless,beliefs_first,B,.75,.75,40,2,58,58,2,40,5,0,2,0,55,Female,DATA_EXPIRED,prereg
888,55afbefb2d0aa9a42a140c5e,3,3,4,3,sampling_noiseless,beliefs_first,A,1,1,45,9,46,45,9,46,2,1,1,1,22,Male,Yes,prereg
888,55afbefb2d0aa9a42a140c5e,3,3,4,3,sampling_noiseless,beliefs_first,B,1,1,49,2,49,49,2,49,2,1,2,0,22,Male,Yes,prereg
947,55fd5cced7cdf19f9c908cf0,3,2,4,3,sampling_noiseless,beliefs_first,A,.5,1.5,65,10,25,40,15,45,7,1,2,1,23,Female,No,prereg
947,55fd5cced7cdf19f9c908cf0,3,2,4,3,sampling_noiseless,beliefs_first,B,.6,1.4,70,10,20,55,10,35,7,1,1,0,23,Female,No,prereg
861,5667ea1fcc60783c00029dc7,4,4,2,5,description_noiseless,choice_first,A,1.7,1.5,2,18,80,2,8,90,5,0,2,0,28,Female,No,prereg
861,5667ea1fcc60783c00029dc7,4,4,2,5,description_noiseless,choice_first,B,1,1.25,80,10,10,10,10,80,5,1,1,1,28,Female,No,prereg
670,569f2d98edee783960fcc8ff,2,1,3,3,description_noiseless,beliefs_first,A,.9,.9,50,50,0,50,50,0,4,1,1,1,46,Female,DATA_EXPIRED,prereg
670,569f2d98edee783960fcc8ff,2,1,3,3,description_noiseless,beliefs_first,B,1.3,1.3,50,50,0,50,50,0,5,1,2,0,46,Female,DATA_EXPIRED,prereg
542,575a6a86284e9be75adfa60b,2,2,4,4,description_noiseless,choice_first,A,1.5,2,9,1,90,4,1,95,7,1,2,0,24,Male,No,prereg
542,575a6a86284e9be75adfa60b,2,2,4,4,description_noiseless,choice_first,A,.4,1,80,12,8,60,10,30,7,1,1,1,24,Male,No,prereg
615,5788dc7d7edf6bb30b220150,2,3,4,4,sampling_noiseless,choice_first,A,1.2,.75,50,20,30,60,20,20,5,0,1,1,65,Male,No,prereg
615,5788dc7d7edf6bb30b220150,2,3,4,4,sampling_noiseless,choice_first,A,1.3,.8,60,20,20,20,20,60,7,1,2,0,65,Male,No,prereg
776,5799e245e04fa72f5778f205,5,4,5,4,sampling_noiseless,choice_first,A,.7,1.4,55,0,45,10,3,87,7,1,2,0,22,Male,Yes,prereg
776,5799e245e04fa72f5778f205,5,4,5,4,sampling_noiseless,choice_first,A,.4,1.2,60,0,40,30,5,65,6,1,1,1,22,Male,Yes,prereg
1247,57d308623ba3394327089359,2,2,3,2,sampling_noiseless,choice_first,A,2,2,25,25,50,25,25,50,6,0,1,0,58,Female,No,prereg
1247,57d308623ba3394327089359,2,2,3,2,sampling_noiseless,choice_first,B,2,2,91,0,9,9,0,91,5,0,2,1,58,Female,No,prereg
683,5826192f8e4db2c6d022929d,4,2,5,4,sampling_noiseless,choice_first,B,1,1.78,50,2,48,48,1,51,7,1,1,0,36,Male,No,prereg
683,5826192f8e4db2c6d022929d,4,2,5,4,sampling_noiseless,choice_first,A,1.8,1.9,30,2,68,21,1,78,7,1,2,1,36,Male,No,prereg
644,5899f5fa71671741c0c4bc23,2,2,5,5,description_noiseless,beliefs_first,A,1.5,1,0,25,75,25,50,25,6,0,1,0,29,Female,No,prereg
644,5899f5fa71671741c0c4bc23,2,2,5,5,description_noiseless,beliefs_first,B,1.2,1.6,60,0,40,30,0,70,3,1,2,1,29,Female,No,prereg
512,58cf223b344a85a2765b539a,4,3,3,3,description_noiseless,choice_first,A,2,2,50,0,50,51,0,49,5,1,1,0,52,Female,No,prereg
512,58cf223b344a85a2765b539a,4,3,3,3,description_noiseless,choice_first,B,1,1,49,1,50,50,1,49,5,0,2,1,52,Female,No,prereg
574,593224192e20c427599ba6f8,3,3,4,3,sampling_noiseless,choice_first,B,.75,1,60,5,35,70,5,25,5,0,1,0,40,Male,DATA_EXPIRED,prereg
574,593224192e20c427599ba6f8,3,3,4,3,sampling_noiseless,choice_first,B,.8,1.2,80,0,20,20,0,80,7,1,2,1,40,Male,DATA_EXPIRED,prereg
589,5983c0660fd20a18f7ecd9a6,3,2,3,2,description_noiseless,choice_first,A,1,1,44,12,44,45,17,38,7,0,2,0,33,Female,No,prereg
589,5983c0660fd20a18f7ecd9a6,3,2,3,2,description_noiseless,choice_first,A,1,1,46,8,46,50,10,40,7,0,1,1,33,Female,No,prereg
1676,5a6af92785df6cf8fdbdd59b,2,2,5,5,description_noiseless,beliefs_first,B,1.13,1,30,10,60,25,50,25,7,0,1,1,42,Male,No,prereg
1676,5a6af92785df6cf8fdbdd59b,2,2,5,5,description_noiseless,beliefs_first,A,1.02,.85,49,2,49,51,2,47,7,0,2,0,42,Male,No,prereg
723,5a734650bb5ad682378e3d2c,2,3,4,4,description_noiseless,choice_first,A,1,1.1,45,10,45,45,10,45,5,0,2,0,32,Female,No,prereg
723,5a734650bb5ad682378e3d2c,2,3,4,4,description_noiseless,choice_first,A,1,1.1,45,10,45,45,10,45,6,0,1,1,32,Female,No,prereg
638,5aafbdac138b4a601f6db3f9,4,4,2,2,sampling_noiseless,beliefs_first,A,1,1,0,100,0,0,100,0,4,0,2,1,23,Male,DATA_EXPIRED,prereg
638,5aafbdac138b4a601f6db3f9,4,4,2,2,sampling_noiseless,beliefs_first,A,.98,1.02,50,1,49,49,1,50,5,1,1,0,23,Male,DATA_EXPIRED,prereg
1489,5aeaec56504992211033337a,4,4,3,4,sampling_noiseless,beliefs_first,A,1,1,0,100,0,0,100,0,1,0,2,0,34,Male,DATA_EXPIRED,prereg
1489,5aeaec56504992211033337a,4,4,3,4,sampling_noiseless,beliefs_first,B,.4,1.8,50,20,30,10,30,60,6,1,1,1,34,Male,DATA_EXPIRED,prereg
695,5af6c948a51d9f9b6ff31eef,3,2,5,5,sampling_noiseless,beliefs_first,B,.6,1.4,90,10,0,90,10,0,4,1,1,1,23,Female,No,prereg
695,5af6c948a51d9f9b6ff31eef,3,2,5,5,sampling_noiseless,beliefs_first,A,1,1,98,0,2,100,0,0,1,1,2,0,23,Female,No,prereg
377,5bb9ee22ffc6bfababfc094d,3,4,3,3,sampling_noiseless,choice_first,A,.88,.84,30,40,30,30,40,30,6,1,2,0,30,Female,No,prereg
377,5bb9ee22ffc6bfababfc094d,3,4,3,3,sampling_noiseless,choice_first,B,.4,1,90,10,0,40,30,30,4,1,1,1,30,Female,No,prereg
761,5bbe5eec36454ee4180b347e,4,5,4,4,description_noiseless,beliefs_first,A,1,1,49,2,49,49,2,49,1,0,1,0,23,Male,No,prereg
761,5bbe5eec36454ee4180b347e,4,5,4,4,description_noiseless,beliefs_first,A,1,1,50,10,40,40,10,50,1,0,2,1,23,Male,No,prereg
986,5bc6f1f8784b192400cb45a5,2,1,4,4,sampling_noiseless,choice_first,A,1.4,1.2,59,1,40,45,1,54,6,1,2,1,58,Female,No,prereg
986,5bc6f1f8784b192400cb45a5,2,1,4,4,sampling_noiseless,choice_first,A,1.04,1.08,49,1,50,45,1,54,6,1,1,0,58,Female,No,prereg
1238,5bce7d70226b221098c1f078,2,2,5,5,description_noiseless,beliefs_first,A,1,1,40,10,50,45,10,45,4,1,2,0,40,Male,No,prereg
1238,5bce7d70226b221098c1f078,2,2,5,5,description_noiseless,beliefs_first,B,1,1.25,45,10,45,40,10,50,5,1,1,1,40,Male,No,prereg
555,5bf3808840c6a2c88e7918be,4,3,4,4,description_noiseless,beliefs_first,B,1.01,.99,49.5,1,49.5,49.5,1,49.5,4,1,1,0,22,Male,Yes,prereg
555,5bf3808840c6a2c88e7918be,4,3,4,4,description_noiseless,beliefs_first,A,1,1,45.5,9,45.5,45.5,9,45.5,4,1,2,1,22,Male,Yes,prereg
852,5c080b115ea001dbefc8051d,4,2,4,2,sampling_noiseless,beliefs_first,B,1,1.2,50,0,50,50,0,50,4,1,1,1,59,Male,No,prereg
852,5c080b115ea001dbefc8051d,4,2,4,2,sampling_noiseless,beliefs_first,A,1,1.04,50,0,50,50,0,50,5,1,2,0,59,Male,No,prereg
711,5c5ba186a41579ad56bd8c86,4,2,2,2,sampling_noiseless,beliefs_first,B,.8,.72,85,0,15,70,0,30,4,1,2,1,28,Male,No,prereg
711,5c5ba186a41579ad56bd8c86,4,2,2,2,sampling_noiseless,beliefs_first,A,1.7,1.56,10,1,89,5,2,93,6,1,1,0,28,Male,No,prereg
830,5c988f64541bdf7ffa8129a0,3,2,4,2,sampling_noiseless,choice_first,B,1.1,.9,70,10,20,40,10,50,6,1,2,1,24,Female,DATA_EXPIRED,prereg
830,5c988f64541bdf7ffa8129a0,3,2,4,2,sampling_noiseless,choice_first,B,1.06,.9399999999999999,60,10,30,30,10,60,6,1,1,0,24,Female,DATA_EXPIRED,prereg
778,5d5f5f7cc57c2d3f46a16d75,3,1,4,1,description_noiseless,beliefs_first,A,1,1.25,50,10,40,40,10,50,4,1,2,1,50,Female,No,prereg
778,5d5f5f7cc57c2d3f46a16d75,3,1,4,1,description_noiseless,beliefs_first,A,1,1,33,33,34,34,33,33,4,0,1,0,50,Female,No,prereg
633,5da0beafa84610769e6d0014,3,2,3,4,description_noiseless,beliefs_first,A,1,1,49,2,49,49,2,49,4,1,2,0,21,Female,No,prereg
633,5da0beafa84610769e6d0014,3,2,3,4,description_noiseless,beliefs_first,B,1,1,45,10,45,45,10,45,4,1,1,1,21,Female,No,prereg
1445,5e74b843bb699a2924df6433,3,2,3,2,description_noiseless,beliefs_first,B,2,2,0,0,100,0,50,50,7,0,1,0,65,Male,No,prereg
1445,5e74b843bb699a2924df6433,3,2,3,2,description_noiseless,beliefs_first,B,2,1,0,0,100,0,50,50,6,0,2,1,65,Male,No,prereg
719,5e89c6ec9da0f5618c57df3f,4,2,5,5,sampling_noiseless,beliefs_first,B,.4,1,65,10,25,60,10,30,7,1,2,1,46,Male,No,prereg
719,5e89c6ec9da0f5618c57df3f,4,2,5,5,sampling_noiseless,beliefs_first,A,.92,.96,50,5,45,48,4,48,7,1,1,0,46,Male,No,prereg
974,5eef99eb2fdf9b0c447b272e,4,3,4,5,sampling_noiseless,choice_first,A,1,1.2,40,5,55,30,5,65,6,1,2,0,49,Male,No,prereg
974,5eef99eb2fdf9b0c447b272e,4,3,4,5,sampling_noiseless,choice_first,B,.8,1,70,15,15,20,50,30,5,1,1,1,49,Male,No,prereg
722,5f4fea3554aaa86659445438,2,1,4,3,sampling_noiseless,beliefs_first,A,.4,1.6,60,30,10,10,25,65,7,1,1,1,63,Female,No,prereg
722,5f4fea3554aaa86659445438,2,1,4,3,sampling_noiseless,beliefs_first,A,1,1.48,50,20,30,40,30,30,7,1,2,0,63,Female,No,prereg
682,5f5945000ee33c69c299ebe1,2,1,5,4,description_noiseless,choice_first,B,2,2,48,2,50,50,2,48,6,1,2,0,23,Male,No,prereg
682,5f5945000ee33c69c299ebe1,2,1,5,4,description_noiseless,choice_first,A,2,1,20,5,75,25,5,70,5,0,1,1,23,Male,No,prereg
629,5ff66a0914f1849837b12c90,3,2,3,3,description_noiseless,beliefs_first,B,1.1,1,25,50,25,30,40,30,6,1,1,0,39,Male,No,prereg
629,5ff66a0914f1849837b12c90,3,2,3,3,description_noiseless,beliefs_first,B,1.1,1,25,50,25,30,40,30,6,1,2,1,39,Male,No,prereg
1054,6030cd631a905a4b8f051402,2,1,5,4,description_noiseless,choice_first,B,1.1,1,50,1,49,50,1,49,5,1,2,0,64,Male,No,prereg
1054,6030cd631a905a4b8f051402,2,1,5,4,description_noiseless,choice_first,A,1,.9,49,2,49,50,2,48,5,0,1,1,64,Male,No,prereg
1115,60458103f760cafc6c3dbd7a,4,2,5,5,description_noiseless,choice_first,B,2,1.25,20,20,60,50,30,20,6,1,2,0,48,Female,No,prereg
1115,60458103f760cafc6c3dbd7a,4,2,5,5,description_noiseless,choice_first,B,1.5,2,20,40,40,20,20,60,6,1,1,1,48,Female,No,prereg
718,606a0f8e9aaf20da88090fa9,3,3,4,5,description_noiseless,beliefs_first,B,1,2,0,0,100,0,0,100,5,1,1,0,58,Female,No,prereg
718,606a0f8e9aaf20da88090fa9,3,3,4,5,description_noiseless,beliefs_first,B,2,2,0,0,100,0,0,100,6,1,2,1,58,Female,No,prereg
1369,60a9a7cfc80308a85c236ceb,4,3,5,5,sampling_noiseless,beliefs_first,B,.4,1,60,10,30,40,10,50,7,1,2,0,33,Female,DATA_EXPIRED,prereg
1369,60a9a7cfc80308a85c236ceb,4,3,5,5,sampling_noiseless,beliefs_first,A,.8,.75,45,10,45,45,10,45,5,0,1,1,33,Female,DATA_EXPIRED,prereg
703,60d7ecaef9a1e8a22dba898d,4,2,5,5,description_noiseless,choice_first,B,1.2,1.3,60,5,35,45,5,50,5,1,2,0,62,Male,No,prereg
703,60d7ecaef9a1e8a22dba898d,4,2,5,5,description_noiseless,choice_first,B,1.18,1.25,48,4,48,40,1,59,5,1,1,1,62,Male,No,prereg
733,60df2df16d2d67d94e1f92c6,5,3,4,4,sampling_noiseless,choice_first,A,1.5,1,10,20,70,10,70,20,7,0,2,1,40,Male,No,prereg
733,60df2df16d2d67d94e1f92c6,5,3,4,4,sampling_noiseless,choice_first,A,1,1.5,20,70,10,10,20,70,7,1,1,0,40,Male,No,prereg
501,60fd5852c044761a8e287fba,3,2,3,3,description_noiseless,choice_first,A,1,1,49,2,49,49,2,49,4,0,1,0,34,Female,No,prereg
501,60fd5852c044761a8e287fba,3,2,3,3,description_noiseless,choice_first,B,1,1,49,2,49,49,2,49,4,0,2,1,34,Female,No,prereg
747,61441ae4f20c4843d9e00247,5,2,4,4,sampling_noiseless,choice_first,B,.8,1.2,82,9,9,18,9,73,4,1,1,1,38,Male,No,prereg
747,61441ae4f20c4843d9e00247,5,2,4,4,sampling_noiseless,choice_first,B,1,1,50,0,50,50,0,50,5,0,2,0,38,Male,No,prereg
890,61c566cf9239ea074e5ce80a,5,4,4,4,description_noiseless,beliefs_first,A,1,1,45.5,9,45.5,45.5,9,45.5,7,1,1,1,32,Male,No,prereg
890,61c566cf9239ea074e5ce80a,5,4,4,4,description_noiseless,beliefs_first,B,1,1,49,2,49,49,2,49,7,1,2,0,32,Male,No,prereg
626,61d795cb81575b60a6ecd4c2,3,4,3,2,sampling_noiseless,beliefs_first,A,1.4,1.2,30,30,40,20,40,40,7,1,1,1,51,Male,DATA_EXPIRED,prereg
626,61d795cb81575b60a6ecd4c2,3,4,3,2,sampling_noiseless,beliefs_first,A,1.2,1.24,30,30,40,30,30,40,7,0,2,0,51,Male,DATA_EXPIRED,prereg
466,61dd312370f1c9a2eae4abe6,4,2,3,4,sampling_noiseless,beliefs_first,B,1.24,1.29,49.5,1,49.5,49.5,1,49.5,7,1,1,0,37,Male,DATA_EXPIRED,prereg
466,61dd312370f1c9a2eae4abe6,4,2,3,4,sampling_noiseless,beliefs_first,A,.8,1,49,2,49,49,2,49,7,1,2,1,37,Male,DATA_EXPIRED,prereg
474,62192e6ec87dd91cb626db61,3,2,4,4,sampling_noiseless,choice_first,B,.96,1.04,80,0,20,20,0,80,5,1,1,0,36,Female,No,prereg
474,62192e6ec87dd91cb626db61,3,2,4,4,sampling_noiseless,choice_first,B,1.4,1.6,50,40,10,10,40,50,6,1,2,1,36,Female,No,prereg
330,624757d60698f9e528ac59c0,4,2,4,4,sampling_noiseless,beliefs_first,B,.8,1.2,20,30,50,50,20,30,7,0,1,1,34,Male,No,prereg
330,624757d60698f9e528ac59c0,4,2,4,4,sampling_noiseless,beliefs_first,B,1.74,1.88,20,0,80,10,0,90,7,1,2,0,34,Male,No,prereg
1188,634b2c3e7b5915d4e76fb5f2,3,2,4,3,sampling_noiseless,beliefs_first,A,1.1,1.5,20,20,60,5,30,65,6,1,1,1,43,Male,No,prereg
1188,634b2c3e7b5915d4e76fb5f2,3,2,4,3,sampling_noiseless,beliefs_first,B,.9,.8,50,5,45,45,10,45,5,1,2,0,43,Male,No,prereg
554,63615bf545c338dee8f5af87,3,3,4,5,description_noiseless,beliefs_first,B,1,1,49,2,49,49,2,49,1,1,1,0,39,Male,DATA_EXPIRED,prereg
554,63615bf545c338dee8f5af87,3,3,4,5,description_noiseless,beliefs_first,A,1,1,45.5,9,45.5,45.5,9,45.5,3,1,2,1,39,Male,DATA_EXPIRED,prereg
542,638d73de8c5e2f93628cd3c4,3,4,4,4,sampling_noiseless,choice_first,B,1.2,1.24,20,30,50,20,30,50,7,1,2,0,35,Male,DATA_EXPIRED,prereg
542,638d73de8c5e2f93628cd3c4,3,4,4,4,sampling_noiseless,choice_first,A,1,1.2,10,70,20,5,60,35,7,1,1,1,35,Male,DATA_EXPIRED,prereg
435,64269c930314e19cfd9009ff,4,2,5,5,description_noiseless,beliefs_first,B,1,1,49.5,.5,50,50,.5,49.5,7,0,1,0,34,Female,No,prereg
435,64269c930314e19cfd9009ff,4,2,5,5,description_noiseless,beliefs_first,A,1.5,1.5,40,20,40,40,20,40,7,1,2,1,34,Female,No,prereg
716,64a3c6b9942539ba22ae5d0e,3,1,3,2,description_noiseless,choice_first,B,1,1,50,1,49,50,1,49,4,0,2,0,39,Male,DATA_EXPIRED,prereg
716,64a3c6b9942539ba22ae5d0e,3,1,3,2,description_noiseless,choice_first,B,1,1,50,0,50,50,0,50,4,1,1,1,39,Male,DATA_EXPIRED,prereg
453,64ba0a6c7d2b1072045f779d,4,4,3,3,sampling_noiseless,choice_first,B,1,1,40,10,50,45,10,45,7,0,1,0,25,Male,No,prereg
453,64ba0a6c7d2b1072045f779d,4,4,3,3,sampling_noiseless,choice_first,A,1,1,40,10,50,45,10,45,7,1,2,1,25,Male,No,prereg
1002,650b34d4e3846283b9281b07,4,3,4,3,sampling_noiseless,beliefs_first,A,1.2,1,45,10,45,50,0,50,6,1,1,1,46,Male,No,prereg
1002,650b34d4e3846283b9281b07,4,3,4,3,sampling_noiseless,beliefs_first,A,.96,1,40,10,50,40,10,50,6,1,2,0,46,Male,No,prereg
405,6532ae6f6537f2e7c35dabc3,4,1,3,3,description_noiseless,choice_first,A,1,1.2,49,2,49,49,2,49,5,1,2,1,36,Male,DATA_EXPIRED,prereg
1460,65af1533df45323ec8d818e4,3,2,5,5,sampling_noiseless,beliefs_first,B,.6,1,60,10,30,40,10,50,5,1,1,1,27,Female,No,prereg
1460,65af1533df45323ec8d818e4,3,2,5,5,sampling_noiseless,beliefs_first,B,1.3,1.34,15,5,80,13,7,80,5,1,2,0,27,Female,No,prereg
732,65fd32f6166e5bcab55bcbc5,4,4,4,4,sampling_noiseless,choice_first,A,.78,.77,85,.5,14.5,84.5,.49,15.01,5,0,2,0,37,Male,No,prereg
732,65fd32f6166e5bcab55bcbc5,4,4,4,4,sampling_noiseless,choice_first,A,.7,.7,80,2,18,80,2,18,5,1,1,1,37,Male,No,prereg
439,66120c1c8ce3ef6386b02c34,4,2,4,4,sampling_noiseless,beliefs_first,A,1,1.6,40,10,50,20,10,70,7,1,2,1,31,Female,DATA_EXPIRED,prereg
864,66abb1231d9c104ce28e627f,2,3,3,2,sampling_noiseless,choice_first,B,1,1,34,33,33,34,33,33,1,1,1,0,41,Female,No,prereg
864,66abb1231d9c104ce28e627f,2,3,3,2,sampling_noiseless,choice_first,B,1,1,34,33,33,34,33,33,1,1,2,1,41,Female,No,prereg
509,674785965cfc53b4f36fb24d,2,3,4,4,sampling_noiseless,beliefs_first,B,1,.8,30,40,30,60,20,20,6,0,1,0,36,Female,No,prereg
509,674785965cfc53b4f36fb24d,2,3,4,4,sampling_noiseless,beliefs_first,B,1.1,1.2,30,30,40,10,30,60,6,1,2,1,36,Female,No,prereg
1140,676aad587dd0afc943cd14a9,4,3,4,4,sampling_noiseless,choice_first,A,1.1,1,50,2,48,50,2,48,7,0,2,0,32,Male,No,prereg
1140,676aad587dd0afc943cd14a9,4,3,4,4,sampling_noiseless,choice_first,A,.9,.8,60,10,30,70,10,20,6,0,1,1,32,Male,No,prereg
425,679c54a3e0c14c155ad1d3bd,3,3,4,4,description_noiseless,beliefs_first,A,1,.9,40,20,40,50,20,30,1,0,2,0,49,Male,No,prereg
425,679c54a3e0c14c155ad1d3bd,3,3,4,4,description_noiseless,beliefs_first,B,1,.95,40,20,40,50,20,30,5,0,1,1,49,Male,No,prereg
1144,67ff8463260741f340688099,2,3,5,3,sampling_noiseless,choice_first,A,.8,.8,80,10,10,80,15,5,4,0,1,0,48,Female,Yes,prereg
1144,67ff8463260741f340688099,2,3,5,3,sampling_noiseless,choice_first,B,1,1.5,40,20,40,40,20,40,1,0,2,1,48,Female,Yes,prereg
756,688f49b3ef8b0b23c1c82d2f,4,2,4,4,description_noiseless,beliefs_first,A,1,1,0,100,0,0,100,0,4,0,1,1,41,Male,No,prereg
756,688f49b3ef8b0b23c1c82d2f,4,2,4,4,description_noiseless,beliefs_first,B,1,1,0,100,0,0,100,0,4,0,2,0,41,Male,No,prereg
2049,68b415eb23ec3fd5a1508905,4,3,5,4,description_noiseless,choice_first,B,2,1,25,35,40,30,35,35,6,0,2,0,38,Male,DATA_EXPIRED,prereg
2049,68b415eb23ec3fd5a1508905,4,3,5,4,description_noiseless,choice_first,B,1,.8,30,35,35,35,35,30,6,0,1,1,38,Male,DATA_EXPIRED,prereg
690,68c61b92ca31e12a3427293b,2,2,3,2,description_noiseless,beliefs_first,A,2,0,15,55,30,100,0,0,5,1,2,0,23,Female,No,prereg
690,68c61b92ca31e12a3427293b,2,2,3,2,description_noiseless,beliefs_first,B,1,0,25,50,25,20,60,20,5,1,1,1,23,Female,No,prereg
367,68d15344adea8e48c2040682,4,3,4,5,sampling_noiseless,choice_first,A,.4,.7,50,20,30,30,30,40,6,1,1,1,24,Male,No,prereg
367,68d15344adea8e48c2040682,4,3,4,5,sampling_noiseless,choice_first,B,.6,.8,50,5,45,40,10,50,7,1,2,0,24,Male,No,prereg
744,6959397111a9260261b3983d,3,1,5,5,sampling_noiseless,beliefs_first,A,1,1,10,80,10,10,80,10,1,0,1,0,27,Female,No,prereg
744,6959397111a9260261b3983d,3,1,5,5,sampling_noiseless,beliefs_first,A,1.2,1.4,0,10,90,0,0,100,7,1,2,1,27,Female,No,prereg
1222,697ac204862cc69f9912b82b,4,4,5,4,description_noiseless,beliefs_first,A,1.09,1,50,40,10,50,40,10,7,0,1,1,53,Male,DATA_EXPIRED,prereg
1222,697ac204862cc69f9912b82b,4,4,5,4,description_noiseless,beliefs_first,B,1.04,1.04,70,2,28,65,0,35,4,0,2,0,53,Male,DATA_EXPIRED,prereg
541,69883f38905ad24655c4fb16,3,3,4,4,sampling_noiseless,choice_first,A,1,1,25,50,25,25,50,25,7,0,1,0,31,Female,No,prereg
541,69883f38905ad24655c4fb16,3,3,4,4,sampling_noiseless,choice_first,A,1,1,25,50,25,25,50,25,7,0,2,1,31,Female,No,prereg
1439,69c1bf449037dcc2efceb2ce,2,2,5,4,sampling_noiseless,beliefs_first,A,.8,1,33,34,33,33,34,33,7,1,1,0,53,Female,No,prereg
1439,69c1bf449037dcc2efceb2ce,2,2,5,4,sampling_noiseless,beliefs_first,A,1.2,1,50,10,40,40,10,50,6,1,2,1,53,Female,No,prereg
688,69c53a2462f76a0e84a45d77,1,1,4,2,sampling_noiseless,choice_first,B,1.86,1.36,56,5,39,64,2,34,5,0,1,0,52,Female,No,prereg
688,69c53a2462f76a0e84a45d77,1,1,4,2,sampling_noiseless,choice_first,B,1,.8,100,0,0,80,10,10,7,1,2,1,52,Female,No,prereg
840,6a8e2b2ee09cbdb13529a423,5,3,2,2,description_noiseless,beliefs_first,A,2,0,10,50,40,60,20,20,5,0,2,1,41,Female,No,prereg
840,6a8e2b2ee09cbdb13529a423,5,3,2,2,description_noiseless,beliefs_first,B,2,2,25,50,25,25,50,25,5,1,1,0,41,Female,No,prereg
1204,6a9418d12336b47f1997f8d0,5,4,2,2,description_noiseless,choice_first,A,1,1,45.45,9.1,45.45,45.45,9.1,45.45,4,0,2,1,27,Male,No,prereg
1204,6a9418d12336b47f1997f8d0,5,4,2,2,description_noiseless,choice_first,A,1,1,49.02,1.96,49.02,49.02,1.96,49.02,6,0,1,0,27,Male,No,prereg
648,6b31aa868d49588b44126937,4,3,4,5,description_noiseless,choice_first,A,1,1.04,49,2,49,49,2,49,7,1,2,0,30,Male,No,prereg
648,6b31aa868d49588b44126937,4,3,4,5,description_noiseless,choice_first,A,1,1.1,46,8,46,46,8,46,7,1,1,1,30,Male,No,prereg
632,6ba8ebd0555fbe4285682977,2,3,4,4,description_noiseless,choice_first,B,.8,.85,45,10,45,50,5,45,5,0,2,0,27,Male,No,prereg
632,6ba8ebd0555fbe4285682977,2,3,4,4,description_noiseless,choice_first,B,.75,1,45,10,45,40,10,50,6,0,1,1,27,Male,No,prereg
743,6bd6092f104fe35758b75774,4,1,4,3,description_noiseless,beliefs_first,A,1,1,49,2,49,49,2,49,5,1,1,0,32,Female,Yes,prereg
743,6bd6092f104fe35758b75774,4,1,4,3,description_noiseless,beliefs_first,B,1,1,45,10,45,45,10,45,4,0,2,1,32,Female,Yes,prereg
1444,6c53edb4c3731b33a2d1592f,2,1,3,3,description_noiseless,choice_first,A,1,1,45.45,9.1,45.45,36.36,9.1,54.54,7,0,1,1,76,Female,No,prereg
1444,6c53edb4c3731b33a2d1592f,2,1,3,3,description_noiseless,choice_first,A,1,1,34,9,57,55,9,36,7,0,2,0,76,Female,No,prereg
1106,6c9dfd28ae5014b31c6fa8fa,3,1,5,5,sampling_noiseless,choice_first,B,1.8,1.4,49,2,49,50,0,50,7,1,2,0,37,Female,DATA_EXPIRED,prereg
1106,6c9dfd28ae5014b31c6fa8fa,3,1,5,5,sampling_noiseless,choice_first,B,2,2,50,10,40,50,10,40,7,1,1,1,37,Female,DATA_EXPIRED,prereg
642,6ce67313af92e2be7fce38ff,2,3,4,4,sampling_noiseless,beliefs_first,B,1.05,1.2,48,2,50,40,4,56,6,1,2,1,28,Female,No,prereg
642,6ce67313af92e2be7fce38ff,2,3,4,4,sampling_noiseless,beliefs_first,A,1.12,1.34,40,2,58,33,3,64,7,1,1,0,28,Female,No,prereg
631,6d1f88e25004ef3a6dfb0442,4,3,2,4,description_noiseless,beliefs_first,B,1,1,45.5,9,45.5,45.5,9,45.5,4,0,1,1,35,Female,No,prereg
631,6d1f88e25004ef3a6dfb0442,4,3,2,4,description_noiseless,beliefs_first,A,1,1,49,2,49,49,2,49,4,0,2,0,35,Female,No,prereg
688,6da578097a0becbced102a12,4,3,5,2,sampling_noiseless,beliefs_first,B,1,1,49.75,.5,49.75,49.75,.5,49.75,4,1,2,0,36,Male,No,prereg
688,6da578097a0becbced102a12,4,3,5,2,sampling_noiseless,beliefs_first,B,1,1.2,45,10,45,40,10,50,5,1,1,1,36,Male,No,prereg
1038,6de10b95e11e83fdd05b7040,4,4,4,5,description_noiseless,beliefs_first,B,1,.98,48,5,47,52,5,43,5,0,2,0,20,Male,No,prereg
1038,6de10b95e11e83fdd05b7040,4,4,4,5,description_noiseless,beliefs_first,B,.18,.95,91,0,9,36,9,55,7,1,1,1,20,Male,No,prereg
1069,6df212dc7cc20dbc70579fb9,4,3,5,3,description_noiseless,choice_first,A,.5,.5,49,49,2,49,2,49,1,1,2,0,28,Male,No,prereg
1069,6df212dc7cc20dbc70579fb9,4,3,5,3,description_noiseless,choice_first,A,.1,.1,45,5,50,45,5,50,3,0,1,1,28,Male,No,prereg
1281,6df63ee3fcf8a22d00bf91ba,3,4,4,4,description_noiseless,choice_first,A,.8,1.2,60,20,20,60,30,10,6,1,2,0,33,Male,No,prereg
1281,6df63ee3fcf8a22d00bf91ba,3,4,4,4,description_noiseless,choice_first,A,1,.5,70,20,10,60,20,20,6,1,1,1,33,Male,No,prereg
1497,6e4b64720e78af1fb236cb79,3,4,4,3,description_noiseless,choice_first,A,1,1,40,10,50,40,10,50,6,1,1,1,58,Female,No,prereg
1497,6e4b64720e78af1fb236cb79,3,4,4,3,description_noiseless,choice_first,A,1,1,40,10,50,40,10,50,4,1,2,0,58,Female,No,prereg
731,6e90a01189c1cd4eb8484c8a,2,2,5,5,sampling_noiseless,beliefs_first,B,.96,1,49.5,.5,50,49.75,.5,49.75,7,1,1,0,40,Female,No,prereg
731,6e90a01189c1cd4eb8484c8a,2,2,5,5,sampling_noiseless,beliefs_first,A,1,.85,59,1,40,48,1,51,7,1,2,1,40,Female,No,prereg
476,6e9d1621a4346982f14e2097,4,3,2,3,sampling_noiseless,choice_first,B,1,1,60,10,30,60,10,30,5,1,2,1,33,Male,No,prereg
524,6f45e561d277d2f21b55409d,2,3,5,5,sampling_noiseless,beliefs_first,A,.9,1,50,3,47,40,3,57,7,1,1,0,39,Male,No,prereg
524,6f45e561d277d2f21b55409d,2,3,5,5,sampling_noiseless,beliefs_first,B,1.1,1.2,40,5,55,30,5,65,6,1,2,1,39,Male,No,prereg
957,6f609c6ac1f260c78e18ee17,2,2,4,5,description_noiseless,beliefs_first,A,2,2,45,10,45,45,10,45,3,0,1,0,56,Female,DATA_EXPIRED,prereg
957,6f609c6ac1f260c78e18ee17,2,2,4,5,description_noiseless,beliefs_first,A,2,1.8,50,15,35,40,10,50,5,1,2,1,56,Female,DATA_EXPIRED,prereg
1222,6f74670aa0fb3b6fe179245b,2,1,4,1,description_noiseless,beliefs_first,A,2,2,0,50,50,2,50,48,4,0,2,0,64,Female,No,prereg
1222,6f74670aa0fb3b6fe179245b,2,1,4,1,description_noiseless,beliefs_first,A,2,2,2,10,88,0,8,92,4,0,1,1,64,Female,No,prereg
1640,6ffee152111a1df8702f8a56,3,4,5,4,description_noiseless,choice_first,A,.8179999999999999,.8179999999999999,45.45,9.1,45.45,45.45,9.1,45.45,7,0,1,1,60,Female,No,prereg
1640,6ffee152111a1df8702f8a56,3,4,5,4,description_noiseless,choice_first,A,1,1,50,0,50,50,0,50,1,1,2,0,60,Female,No,prereg
1359,70001d9bffbc34673fa3b5b2,1,1,4,4,sampling_noiseless,choice_first,B,.18,.24,84,2,14,82,2,16,7,1,1,0,98,Female,DATA_EXPIRED,prereg
1359,70001d9bffbc34673fa3b5b2,1,1,4,4,sampling_noiseless,choice_first,B,.24,.18,84,2,14,82,2,16,7,1,2,1,98,Female,DATA_EXPIRED,prereg
586,7017fb1aa5d03798f385d795,4,3,3,3,description_noiseless,choice_first,B,.4,.2,50,5,45,60,10,30,6,1,2,1,42,Male,No,prereg
586,7017fb1aa5d03798f385d795,4,3,3,3,description_noiseless,choice_first,B,1,.08,50,10,40,70,10,20,6,0,1,0,42,Male,No,prereg
1103,70a9ca110d64786c93a932d6,4,3,4,3,description_noiseless,beliefs_first,A,1,1.05,49,2,49,48,3,49,4,0,2,1,51,Female,No,prereg
1103,70a9ca110d64786c93a932d6,4,3,4,3,description_noiseless,beliefs_first,A,1,1,49,2,49,49,2,49,5,0,1,0,51,Female,No,prereg
730,70e218011ef676121df979ae,4,3,4,4,description_noiseless,choice_first,B,1,1.2,49,2,49,50,2,48,5,1,1,0,43,Female,DATA_EXPIRED,prereg
730,70e218011ef676121df979ae,4,3,4,4,description_noiseless,choice_first,A,1,1.2,45,10,45,51,9,40,3,0,2,1,43,Female,DATA_EXPIRED,prereg
1282,719175b425bf1600925f625b,1,5,4,2,sampling_noiseless,beliefs_first,B,.8,.7,35,10,55,32,10,58,6,1,2,1,25,Female,No,prereg
1282,719175b425bf1600925f625b,1,5,4,2,sampling_noiseless,beliefs_first,A,.64,.66,66,4,30,62,4,34,6,1,1,0,25,Female,No,prereg
352,71b52928b0c7b264bd61859e,3,4,5,5,description_noiseless,choice_first,B,1,1,49,2,49,49,2,49,1,0,2,0,22,Female,Yes,prereg
352,71b52928b0c7b264bd61859e,3,4,5,5,description_noiseless,choice_first,B,1,1,45.5,9,45.5,45.5,9,45.5,1,1,1,1,22,Female,Yes,prereg
957,71b7672439c21c4724c97011,4,3,4,3,description_noiseless,choice_first,A,1,1,45.5,9,45.5,45.5,9,45.5,5,0,2,1,52,Male,No,prereg
957,71b7672439c21c4724c97011,4,3,4,3,description_noiseless,choice_first,A,1,1,49,2,49,49,2,49,6,0,1,0,52,Male,No,prereg
988,7264b77cc049e05c083a5241,3,3,4,4,description_noiseless,beliefs_first,A,1.2,1.24,49,2,49,51,1,48,5,1,1,0,25,Male,DATA_EXPIRED,prereg
988,7264b77cc049e05c083a5241,3,3,4,4,description_noiseless,beliefs_first,B,1,1,40,10,50,40,10,50,6,1,2,1,25,Male,DATA_EXPIRED,prereg
848,733ffefa6a5f3b76cc3fa38c,4,3,4,3,sampling_noiseless,choice_first,B,1,1.5,80,10,10,10,40,50,6,1,1,1,35,Female,No,prereg
848,733ffefa6a5f3b76cc3fa38c,4,3,4,3,sampling_noiseless,choice_first,B,1,1,60,10,30,50,10,40,7,1,2,0,35,Female,No,prereg
1221,7344fbae7361c50b719b54e0,3,2,3,4,sampling_noiseless,beliefs_first,B,1.5,2,20,30,50,15,20,65,7,1,2,0,58,Female,DATA_EXPIRED,prereg
1221,7344fbae7361c50b719b54e0,3,2,3,4,sampling_noiseless,beliefs_first,B,1.4,1.8,20,40,40,10,30,60,6,1,1,1,58,Female,DATA_EXPIRED,prereg
592,7529ffc62f0b77e44653361f,4,4,5,3,sampling_noiseless,choice_first,B,.8,1.6,70,30,0,30,20,50,7,1,1,1,42,Female,No,prereg
592,7529ffc62f0b77e44653361f,4,4,5,3,sampling_noiseless,choice_first,B,.8,1.5,60,0,40,30,0,70,7,1,2,0,42,Female,No,prereg
593,7563bc7a37313cf1f6d9f332,4,2,4,5,description_noiseless,choice_first,A,1.75,1.5,10,90,0,20,40,40,5,0,1,1,30,Female,No,prereg
593,7563bc7a37313cf1f6d9f332,4,2,4,5,description_noiseless,choice_first,B,2,0,60,30,10,40,50,10,6,0,2,0,30,Female,No,prereg
475,757ea364db3bedb8cd59ef7f,2,3,4,5,description_noiseless,choice_first,A,1,1,49,2,49,49,2,49,4,0,2,0,21,Female,Yes,prereg
475,757ea364db3bedb8cd59ef7f,2,3,4,5,description_noiseless,choice_first,A,1,1,45.5,9,45.5,45.5,9,45.5,4,0,1,1,21,Female,Yes,prereg
606,758d33fadf8aa4f4e2dcfb1e,4,4,5,5,description_noiseless,choice_first,B,.75,1,33,20,47,45,10,45,7,1,2,0,27,Male,No,prereg
606,758d33fadf8aa4f4e2dcfb1e,4,4,5,5,description_noiseless,choice_first,A,.75,1,33,33,34,33,33,34,7,1,1,1,27,Male,No,prereg
731,7636cbdcd5a4e20f46e94b9a,5,3,4,4,description_noiseless,beliefs_first,B,.8,1,49,2,49,51,1,48,6,0,1,0,28,Female,DATA_EXPIRED,prereg
731,7636cbdcd5a4e20f46e94b9a,5,3,4,4,description_noiseless,beliefs_first,B,1,1,45,10,45,37,18,45,5,1,2,1,28,Female,DATA_EXPIRED,prereg
1794,773ba795ec274a5e063583e8,4,1,3,3,sampling_noiseless,choice_first,B,1,1,40,10,50,40,10,50,7,1,2,1,64,Female,DATA_EXPIRED,prereg
1794,773ba795ec274a5e063583e8,4,1,3,3,sampling_noiseless,choice_first,B,1,1,50,1,49,50,1,49,6,1,1,0,64,Female,DATA_EXPIRED,prereg
469,7803d761c8809f142a52b87b,4,3,5,5,sampling_noiseless,beliefs_first,B,.64,.6,55,10,35,60,2,38,7,1,1,0,26,Male,No,prereg
469,7803d761c8809f142a52b87b,4,3,5,5,sampling_noiseless,beliefs_first,A,.8,.76,70,10,20,72,5,23,6,1,2,1,26,Male,No,prereg
960,7891214883027c095df0653d,2,3,4,4,sampling_noiseless,choice_first,A,.2,1,70,0,30,20,0,80,5,1,2,1,38,Female,No,prereg
960,7891214883027c095df0653d,2,3,4,4,sampling_noiseless,choice_first,A,.4,1,95,0,5,45,10,45,6,1,1,0,38,Female,No,prereg
1120,78c01836a42c2a0b66dcf850,2,1,3,3,sampling_noiseless,beliefs_first,B,1.8,2,5,5,90,5,5,90,5,1,1,0,60,Male,DATA_EXPIRED,prereg
1120,78c01836a42c2a0b66dcf850,2,1,3,3,sampling_noiseless,beliefs_first,B,1.4,1.6,15,10,75,10,5,85,5,1,2,1,60,Male,DATA_EXPIRED,prereg
1782,78c07144b21fd77dade26ff7,2,2,4,3,sampling_noiseless,choice_first,B,1.05,1.8,40,0,60,15,0,85,3,1,2,1,33,Female,No,prereg
1782,78c07144b21fd77dade26ff7,2,2,4,3,sampling_noiseless,choice_first,B,1.2,1.1,40,0,60,30,0,70,3,0,1,0,33,Female,No,prereg
707,78fee4b34d771ffcf9576575,2,3,4,2,description_noiseless,choice_first,B,1,1,48,4,48,48,4,48,1,1,1,0,37,Female,DATA_EXPIRED,prereg
707,78fee4b34d771ffcf9576575,2,3,4,2,description_noiseless,choice_first,A,1,1,45,10,45,45,10,45,1,0,2,1,37,Female,DATA_EXPIRED,prereg
519,797c801deec2d640bfbe8c4d,3,3,5,4,description_noiseless,beliefs_first,B,1,.9,49,2,49,45,2,53,7,0,1,0,30,Male,No,prereg
519,797c801deec2d640bfbe8c4d,3,3,5,4,description_noiseless,beliefs_first,A,1.25,1,49,2,49,38,2,60,5,1,2,1,30,Male,No,prereg
833,79966d521ee8dca5075d0b65,3,3,4,4,sampling_noiseless,choice_first,A,.9,1,35,35,30,33,33,34,6,1,2,1,25,Male,No,prereg
833,79966d521ee8dca5075d0b65,3,3,4,4,sampling_noiseless,choice_first,B,.98,1,40,30,30,35,35,30,5,1,1,0,25,Male,No,prereg
494,799e22e11671f25eb1801fea,2,3,2,1,description_noiseless,choice_first,B,1,1,45,10,45,45,10,45,6,0,1,1,27,Female,Yes,prereg
494,799e22e11671f25eb1801fea,2,3,2,1,description_noiseless,choice_first,A,1,1,45,5,50,50,5,45,3,1,2,0,27,Female,Yes,prereg
662,79b06a6eb4be89e134b18e62,3,1,2,2,description_noiseless,choice_first,A,1,.9,48,2,50,55,5,40,6,1,1,0,30,Female,No,prereg
662,79b06a6eb4be89e134b18e62,3,1,2,2,description_noiseless,choice_first,A,1,1,45,10,45,45,10,45,5,1,2,1,30,Female,No,prereg
618,79d46bfb9ddd9314f022a2d0,2,1,4,4,description_noiseless,choice_first,A,1,1,49.5,1,49.5,49.5,1,49.5,1,1,2,0,33,Female,No,prereg
618,79d46bfb9ddd9314f022a2d0,2,1,4,4,description_noiseless,choice_first,A,.8,.8,50,10,40,50,10,40,4,0,1,1,33,Female,No,prereg
631,79fdbdb0863a63ade23cdad4,4,4,4,4,sampling_noiseless,beliefs_first,B,.5,.8,75,10,15,20,15,65,7,1,2,1,19,Male,Yes,prereg
631,79fdbdb0863a63ade23cdad4,4,4,4,4,sampling_noiseless,beliefs_first,A,1,1.5,50,10,40,25,65,10,7,1,1,0,19,Male,Yes,prereg
530,7aa79a4cc1f8e28429922216,2,2,4,4,description_noiseless,beliefs_first,A,1,1.125,45,45,10,45,10,45,5,0,2,1,21,Female,Yes,prereg
530,7aa79a4cc1f8e28429922216,2,2,4,4,description_noiseless,beliefs_first,B,1,1,50,25,25,50,1,49,5,0,1,0,21,Female,Yes,prereg
530,7aba6d972068305ee38db8bc,5,5,5,5,sampling_noiseless,choice_first,B,.8,1,60,20,20,10,10,80,7,1,1,0,43,Male,No,prereg
530,7aba6d972068305ee38db8bc,5,5,5,5,sampling_noiseless,choice_first,A,1,.2,70,30,0,5,5,90,7,1,2,1,43,Male,No,prereg
458,7adf7b5871e9c85e668d82c9,3,3,3,4,sampling_noiseless,beliefs_first,A,1,1.2,50,10,40,40,10,50,6,1,1,1,25,Male,No,prereg
458,7adf7b5871e9c85e668d82c9,3,3,3,4,sampling_noiseless,beliefs_first,B,1.6,1.3,10,20,70,5,15,80,7,1,2,0,25,Male,No,prereg
1246,7b05bed23b24b15006b29dd4,2,4,5,4,sampling_noiseless,choice_first,B,1,1.2,40,10,50,30,10,60,6,1,1,1,24,Male,No,prereg
1246,7b05bed23b24b15006b29dd4,2,4,5,4,sampling_noiseless,choice_first,A,1.2,1.1,48.75,2.5,48.75,49.75,2.5,47.75,6,1,2,0,24,Male,No,prereg
1080,7b3570f7f10f898f13dc7b57,2,3,3,2,description_noiseless,choice_first,A,.8,1.2,40,5,55,55,5,40,1,0,1,0,69,Female,No,prereg
1080,7b3570f7f10f898f13dc7b57,2,3,3,2,description_noiseless,choice_first,A,1.2,.8,35,5,60,60,5,35,1,0,2,1,69,Female,No,prereg
846,7b4d5434e0376a4040a9d6cf,5,3,2,4,description_noiseless,choice_first,A,.9,.8,45,5,50,40,5,55,4,1,1,1,30,Male,DATA_EXPIRED,prereg
846,7b4d5434e0376a4040a9d6cf,5,3,2,4,description_noiseless,choice_first,A,.8,.85,35,1,64,45,2,53,4,1,2,0,30,Male,DATA_EXPIRED,prereg
1390,7bf935783ce9a81346565284,3,4,5,4,description_noiseless,beliefs_first,A,1,1,49.5,1,49.5,47,1,52,7,0,1,0,48,Female,No,prereg
1390,7bf935783ce9a81346565284,3,4,5,4,description_noiseless,beliefs_first,A,1,1,45.45,9.1,45.45,45.45,9.1,45.45,4,0,2,1,48,Female,No,prereg
921,7c32f6e620c6724887668e84,3,1,5,5,sampling_noiseless,beliefs_first,A,.6,.8,80,10,10,60,20,20,5,0,1,1,61,Female,No,prereg
921,7c32f6e620c6724887668e84,3,1,5,5,sampling_noiseless,beliefs_first,A,.5,.6,40,10,50,45,5,50,6,0,2,0,61,Female,No,prereg
1580,7c3d8ac575d0772d18027124,2,2,4,4,sampling_noiseless,beliefs_first,B,.8,.6,70,15,15,60,20,20,6,1,1,1,22,Female,No,prereg
1580,7c3d8ac575d0772d18027124,2,2,4,4,sampling_noiseless,beliefs_first,B,.8,.9,60,20,20,60,20,20,6,1,2,0,22,Female,No,prereg
923,7c98478337747c04a485e225,4,2,5,4,description_noiseless,beliefs_first,A,1,1.5,40,10,50,50,10,40,6,0,2,0,20,Male,Yes,prereg
923,7c98478337747c04a485e225,4,2,5,4,description_noiseless,beliefs_first,B,1,1.25,49,2,49,40,20,40,6,0,1,1,20,Male,Yes,prereg
1823,7cc760bc00a31924e9760848,3,1,5,3,description_noiseless,choice_first,B,1,.5,10,10,80,90,5,5,7,0,1,0,84,Male,DATA_EXPIRED,prereg
1823,7cc760bc00a31924e9760848,3,1,5,3,description_noiseless,choice_first,B,.75,.5,10,10,80,80,10,10,5,0,2,1,84,Male,DATA_EXPIRED,prereg
688,7d12defa7bd3ae8f8fe4448b,4,2,5,5,sampling_noiseless,choice_first,B,1,2,45,45,10,25,50,25,7,1,2,1,32,Male,No,prereg
688,7d12defa7bd3ae8f8fe4448b,4,2,5,5,sampling_noiseless,choice_first,B,1,2,50,25,25,0,50,50,7,1,1,0,32,Male,No,prereg
573,7d86f34d5ad77bd1d988d9be,2,2,4,4,sampling_noiseless,beliefs_first,A,1.2,.8,20,40,40,50,25,25,5,0,1,1,44,Female,DATA_EXPIRED,prereg
573,7d86f34d5ad77bd1d988d9be,2,2,4,4,sampling_noiseless,beliefs_first,A,1.45,1.55,40,5,55,40,5,55,7,1,2,0,44,Female,DATA_EXPIRED,prereg
641,7d9c07b19a9f9fa2189545ff,4,3,5,5,sampling_noiseless,choice_first,B,1.3,1.4,30,10,60,20,10,70,7,1,1,0,33,Female,No,prereg
641,7d9c07b19a9f9fa2189545ff,4,3,5,5,sampling_noiseless,choice_first,B,1.4,1.6,20,15,65,10,15,75,7,1,2,1,33,Female,No,prereg
1365,7da321c5fff8f71f7d86d599,3,2,5,2,description_noiseless,choice_first,B,1,1,48,4,48,48,4,48,6,1,2,1,33,Male,DATA_EXPIRED,prereg
1365,7da321c5fff8f71f7d86d599,3,2,5,2,description_noiseless,choice_first,A,1,1,49,1,50,50,1,49,7,0,1,0,33,Male,DATA_EXPIRED,prereg
656,7de8af57010a3f60a731d644,1,3,5,5,description_noiseless,beliefs_first,A,1,1.25,45,10,45,36,10,54,5,0,1,1,22,Female,Yes,prereg
656,7de8af57010a3f60a731d644,1,3,5,5,description_noiseless,beliefs_first,A,1.25,1.5,48,2,50,50,2,48,5,0,2,0,22,Female,Yes,prereg
1174,7df83c320b8de4413ded8b33,3,1,4,5,sampling_noiseless,beliefs_first,B,.98,.5,50,49,1,30,20,50,7,1,2,1,39,Female,No,prereg
1174,7df83c320b8de4413ded8b33,3,1,4,5,sampling_noiseless,beliefs_first,A,1.1,1.26,30,50,20,50,10,40,7,1,1,0,39,Female,No,prereg
1479,7e3b2df950a48d982393ec69,5,2,4,5,description_noiseless,choice_first,B,.25,.25,40,1,59,41,1,58,5,1,2,1,51,Male,No,prereg
1209,7ed32b7a11f15e94541e0f0e,3,1,4,1,description_noiseless,choice_first,B,.18,.2,50,1,49,49,1,50,6,1,2,1,43,Female,No,prereg
1209,7ed32b7a11f15e94541e0f0e,3,1,4,1,description_noiseless,choice_first,A,.4,.4,49,2,49,49,2,49,6,1,1,0,43,Female,No,prereg
1735,7f6540917c9b0d686afc991d,4,4,5,5,description_noiseless,choice_first,A,1.1,1.1,45.45,9.1,45.45,36.36,9.09,54.55,5,1,2,1,26,Male,No,prereg
1735,7f6540917c9b0d686afc991d,4,4,5,5,description_noiseless,choice_first,A,1,1,98.04000000000001,1.96,0,3.92,0,96.08,5,1,1,0,26,Male,No,prereg
1013,7f772b65bca4f217d1d75a2b,4,3,4,5,description_noiseless,beliefs_first,A,1,1,0,100,0,0,100,0,4,0,2,0,74,Male,No,prereg
1013,7f772b65bca4f217d1d75a2b,4,3,4,5,description_noiseless,beliefs_first,A,1,1,0,100,0,0,100,0,4,0,1,1,74,Male,No,prereg
1294,7f9ad6ae3860a564de6669c3,5,3,5,2,description_noiseless,beliefs_first,B,.97,1,97,3,0,0,97,3,7,0,1,1,41,Female,No,prereg
1294,7f9ad6ae3860a564de6669c3,5,3,5,2,description_noiseless,beliefs_first,A,.97,1,97,3,0,0,3,97,7,1,2,0,41,Female,No,prereg
634,7fe7be5e6dcbdb56e3355920,4,3,4,4,sampling_noiseless,beliefs_first,B,1,1,5,25,70,10,40,50,5,0,1,1,42,Female,Yes,prereg
634,7fe7be5e6dcbdb56e3355920,4,3,4,4,sampling_noiseless,beliefs_first,A,0,0,40,20,40,45,15,40,6,1,2,0,42,Female,Yes,prereg
839,8016614d5a1f6488cdead560,4,3,4,4,sampling_noiseless,beliefs_first,B,1.5,1.5,49,1,50,49,1,50,5,1,2,1,0,Female,No,prereg
839,8016614d5a1f6488cdead560,4,3,4,4,sampling_noiseless,beliefs_first,A,1.04,1.01,49,.5,50.5,55,.5,44.5,6,0,1,0,0,Female,No,prereg
704,8121351ab14ec9995451997a,2,3,2,2,sampling_noiseless,beliefs_first,A,.76,.8,50,20,30,55,15,30,7,1,1,0,43,Male,No,prereg
704,8121351ab14ec9995451997a,2,3,2,2,sampling_noiseless,beliefs_first,B,.8,1,30,10,60,20,15,65,5,1,2,1,43,Male,No,prereg
575,813416620beabac2e4c41733,3,2,5,5,sampling_noiseless,beliefs_first,B,1.6,1.8,30,20,50,20,10,70,7,1,2,1,34,Female,DATA_EXPIRED,prereg
575,813416620beabac2e4c41733,3,2,5,5,sampling_noiseless,beliefs_first,A,1,1.04,40,2,58,38,2,60,6,1,1,0,34,Female,DATA_EXPIRED,prereg
545,8134f7fe40ae4d3d93543053,1,4,3,3,sampling_noiseless,beliefs_first,A,1.4,1.6,60,5,35,35,5,60,6,1,2,1,33,Female,No,prereg
545,8134f7fe40ae4d3d93543053,1,4,3,3,sampling_noiseless,beliefs_first,B,1.44,1.4,70,5,25,25,5,70,6,1,1,0,33,Female,No,prereg
938,82497caf10e29de4fbe94f7a,4,2,5,3,description_noiseless,beliefs_first,A,1.4,1,45,5,50,50,5,45,7,0,2,0,56,Male,No,prereg
938,82497caf10e29de4fbe94f7a,4,2,5,3,description_noiseless,beliefs_first,A,1,.8,40,10,50,50,10,40,7,0,1,1,56,Male,No,prereg
1560,824ceb8da1d9b3ceb4fbc5f4,3,3,4,2,sampling_noiseless,beliefs_first,A,1,2,45,10,45,45,5,50,6,1,2,1,35,Female,No,prereg
1560,824ceb8da1d9b3ceb4fbc5f4,3,3,4,2,sampling_noiseless,beliefs_first,A,1,2,70,10,20,65,10,25,6,1,1,0,35,Female,No,prereg
637,829c9d4fae2b449202754b47,3,3,4,2,sampling_noiseless,choice_first,A,1.2,1,50,0,50,50,0,50,7,1,2,0,45,Male,No,prereg
637,829c9d4fae2b449202754b47,3,3,4,2,sampling_noiseless,choice_first,A,.8,1,80,10,10,20,5,75,6,1,1,1,45,Male,No,prereg
983,829d7193ad56cc84552f7bf2,3,3,5,2,description_noiseless,beliefs_first,B,.75,1.25,54.5,9.1,36.4,36.4,9.1,54.5,7,1,2,1,23,Male,No,prereg
983,829d7193ad56cc84552f7bf2,3,3,5,2,description_noiseless,beliefs_first,B,1,.98,48,2,50,50,2,48,7,0,1,0,23,Male,No,prereg
576,833737082244ca5af0efa267,5,3,4,2,sampling_noiseless,choice_first,A,1.4,1.2,30,5,65,25,5,70,7,1,2,1,43,Male,DATA_EXPIRED,prereg
576,833737082244ca5af0efa267,5,3,4,2,sampling_noiseless,choice_first,A,.8,.84,80,5,15,85,3,12,7,1,1,0,43,Male,DATA_EXPIRED,prereg
1881,837f8f0e34798defe4b89bde,3,1,4,4,description_noiseless,beliefs_first,B,1,1,25,50,25,25,50,25,4,0,1,0,48,Male,Yes,prereg
1881,837f8f0e34798defe4b89bde,3,1,4,4,description_noiseless,beliefs_first,B,1,1,25,50,25,25,50,25,4,1,2,1,48,Male,Yes,prereg
485,83859894cb555eee03a9f9d5,2,2,4,4,description_noiseless,beliefs_first,A,1,1,45,10,45,45,10,45,4,1,2,0,30,Female,No,prereg
485,83859894cb555eee03a9f9d5,2,2,4,4,description_noiseless,beliefs_first,B,1,1,45,10,45,45,10,45,4,1,1,1,30,Female,No,prereg
568,83c97ada3bf7dee1c20fc6ce,5,2,2,1,description_noiseless,choice_first,B,1,1,50,1,49,50,1,49,5,1,1,0,23,Male,No,prereg
568,83c97ada3bf7dee1c20fc6ce,5,2,2,1,description_noiseless,choice_first,B,1,1,49,5,46,49,5,46,6,1,2,1,23,Male,No,prereg
1045,83d1204c8019a3d877c34898,3,2,4,3,sampling_noiseless,beliefs_first,B,1.32,1.36,30,10,60,30,10,60,6,1,1,0,32,Female,Yes,prereg
1045,83d1204c8019a3d877c34898,3,2,4,3,sampling_noiseless,beliefs_first,A,1.1,1.3,50,10,40,50,5,45,6,1,2,1,32,Female,Yes,prereg
686,8414833d84bd197117971f21,3,3,4,3,sampling_noiseless,beliefs_first,A,.8,1,70,10,20,60,10,30,6,1,1,1,37,Female,No,prereg
686,8414833d84bd197117971f21,3,3,4,3,sampling_noiseless,beliefs_first,A,.9,1.1,60,2,38,40,5,55,7,1,2,0,37,Female,No,prereg
448,846e224586d7f4ec77f356c3,2,1,4,4,sampling_noiseless,choice_first,B,2,1.8,0,0,100,0,0,100,7,0,2,1,32,Female,DATA_EXPIRED,prereg
448,846e224586d7f4ec77f356c3,2,1,4,4,sampling_noiseless,choice_first,B,1.6,2,90,5,5,5,5,90,7,1,1,0,32,Female,DATA_EXPIRED,prereg
812,847995815f241183194fad47,4,3,4,3,sampling_noiseless,choice_first,A,1,1.04,33,2,65,29,1,70,7,1,1,0,35,Female,DATA_EXPIRED,prereg
812,847995815f241183194fad47,4,3,4,3,sampling_noiseless,choice_first,B,0,2,90,0,10,10,0,90,7,1,2,1,35,Female,DATA_EXPIRED,prereg
994,84f756e7c1d32031cd782297,4,2,5,2,sampling_noiseless,beliefs_first,A,.8,1,49,2,49,44,2,54,6,1,2,1,53,Female,No,prereg
994,84f756e7c1d32031cd782297,4,2,5,2,sampling_noiseless,beliefs_first,B,.9,.9399999999999999,51,1,48,52,1,47,6,1,1,0,53,Female,No,prereg
1365,8543a62d36ddc3d02750c9de,4,2,5,4,description_noiseless,choice_first,A,1,.75,33.3,33.4,33.3,40,30,30,6,0,1,1,37,Female,DATA_EXPIRED,prereg
1365,8543a62d36ddc3d02750c9de,4,2,5,4,description_noiseless,choice_first,A,1,.75,33,34,33,40,30,30,6,0,2,0,37,Female,DATA_EXPIRED,prereg
440,8600a82e8e4b00da994415fd,3,4,2,2,description_noiseless,beliefs_first,B,1.2,.8,5,60,35,80,10,10,6,0,2,1,36,Female,No,prereg
440,8600a82e8e4b00da994415fd,3,4,2,2,description_noiseless,beliefs_first,B,1,.8,10,80,10,80,10,10,6,0,1,0,36,Female,No,prereg
544,8606a7e4601cd0c67521f8ff,4,2,5,5,description_noiseless,beliefs_first,A,1,.5,33,34,33,50,10,40,4,0,1,0,56,Female,DATA_EXPIRED,prereg
544,8606a7e4601cd0c67521f8ff,4,2,5,5,description_noiseless,beliefs_first,A,1.25,.75,25,10,65,65,10,25,4,1,2,1,56,Female,DATA_EXPIRED,prereg
2485,86299177477983a9edbb1a67,2,1,4,3,description_noiseless,beliefs_first,A,1.2,1,48,4,48,49,2,49,4,0,1,1,58,Female,No,prereg
2485,86299177477983a9edbb1a67,2,1,4,3,description_noiseless,beliefs_first,B,1,1,48,4,48,49,2,49,4,1,2,0,58,Female,No,prereg
857,8659c416b2c84127341b7bed,3,4,4,3,sampling_noiseless,choice_first,A,1.05,1.1,40,10,50,35,10,55,7,1,2,0,41,Male,No,prereg
857,8659c416b2c84127341b7bed,3,4,4,3,sampling_noiseless,choice_first,B,1.1,1.3,60,10,30,40,20,40,7,1,1,1,41,Male,No,prereg
1285,86c25b5b69cd678246c6b724,4,3,3,5,sampling_noiseless,choice_first,A,1,2,65,5,30,35,10,55,7,1,1,1,36,Female,No,prereg
1285,86c25b5b69cd678246c6b724,4,3,3,5,sampling_noiseless,choice_first,B,1,2,35,2,63,51,2,47,6,1,2,0,36,Female,No,prereg
1004,86d790e3ce957b96c492cfb1,3,3,3,2,description_noiseless,choice_first,A,.75,.8,75,15,10,80,5,15,7,1,2,1,65,Female,No,prereg
1004,86d790e3ce957b96c492cfb1,3,3,3,2,description_noiseless,choice_first,B,1,120,60,25,15,60,22,18,6,1,1,0,65,Female,No,prereg
886,873e11039f40c6e9102e7732,3,4,4,3,description_noiseless,choice_first,B,1,2,40,20,40,30,40,30,4,1,2,1,DATA_EXPIRED,Female,No,prereg
886,873e11039f40c6e9102e7732,3,4,4,3,description_noiseless,choice_first,A,1,2,45,10,45,35,10,55,5,0,1,0,DATA_EXPIRED,Female,No,prereg
1869,8750cf6b5fb093a10491d06f,3,3,4,3,sampling_noiseless,choice_first,B,1.2,1.8,50,25,25,25,25,50,5,1,1,1,DATA_EXPIRED,Male,No,prereg
1869,8750cf6b5fb093a10491d06f,3,3,4,3,sampling_noiseless,choice_first,B,1.44,1.4,20,0,80,20,0,80,6,1,2,0,DATA_EXPIRED,Male,No,prereg
709,87d963aa46d9cd6a955a42ab,4,3,4,4,sampling_noiseless,choice_first,B,.7,.92,90,5,5,65,5,30,6,1,1,1,27,Female,No,prereg
709,87d963aa46d9cd6a955a42ab,4,3,4,4,sampling_noiseless,choice_first,A,.98,1.02,40,5,55,35,5,60,4,1,2,0,27,Female,No,prereg
541,88b11851306c075affcb5556,3,4,3,4,description_noiseless,choice_first,A,1,1,48,2,50,50,2,48,1,0,1,0,45,Male,DATA_EXPIRED,prereg
541,88b11851306c075affcb5556,3,4,3,4,description_noiseless,choice_first,A,1,1,40,10,50,50,10,40,1,0,2,1,45,Male,DATA_EXPIRED,prereg
712,88c98bb93a5f68ffd8b54a5e,4,3,4,4,sampling_noiseless,choice_first,A,1,1,20,40,40,25,45,30,7,1,2,1,32,Female,DATA_EXPIRED,prereg
712,88c98bb93a5f68ffd8b54a5e,4,3,4,4,sampling_noiseless,choice_first,A,1,1,25,40,35,25,40,35,7,1,1,0,32,Female,DATA_EXPIRED,prereg
591,89a4c3deb9d3f8cc7a666f91,4,3,4,4,sampling_noiseless,beliefs_first,B,.8,1.2,38,2,60,38,2,60,5,1,2,0,24,Male,No,prereg
591,89a4c3deb9d3f8cc7a666f91,4,3,4,4,sampling_noiseless,beliefs_first,A,.8,1.2,50,0,50,50,0,50,5,1,1,1,24,Male,No,prereg
627,8a3cb60b3e7c9966fa269ae9,2,2,4,4,description_noiseless,beliefs_first,A,.98,1,33,34,33,33,34,33,7,1,2,0,38,Female,No,prereg
627,8a3cb60b3e7c9966fa269ae9,2,2,4,4,description_noiseless,beliefs_first,B,.98,1,33,34,33,33,34,33,6,1,1,1,38,Female,No,prereg
1519,8b44d109d7f8215427480cde,2,3,4,3,description_noiseless,beliefs_first,A,2,0,60,2,38,60,2,38,5,0,1,0,38,Female,DATA_EXPIRED,prereg
1519,8b44d109d7f8215427480cde,2,3,4,3,description_noiseless,beliefs_first,B,2,0,54,2,44,50,2,48,7,0,2,1,38,Female,DATA_EXPIRED,prereg
1468,8b7043ace84ab49e6b5a1e05,3,2,4,3,sampling_noiseless,beliefs_first,A,1,1,47,2,51,44,1,55,5,1,2,1,65,Male,No,prereg
1468,8b7043ace84ab49e6b5a1e05,3,2,4,3,sampling_noiseless,beliefs_first,A,1,1,48,1,51,52,1,47,6,1,1,0,65,Male,No,prereg
805,8bca4883ecc90150bf23004d,2,3,5,5,sampling_noiseless,beliefs_first,A,1,2,45,2,53,46,4,50,6,1,2,1,57,Female,No,prereg
805,8bca4883ecc90150bf23004d,2,3,5,5,sampling_noiseless,beliefs_first,A,1,2,88,2,10,78,4,18,6,1,1,0,57,Female,No,prereg
681,8bfb5272bc32bda3e2a5d998,3,3,4,2,sampling_noiseless,choice_first,A,.9,1.1,65,5,30,65,5,30,6,1,2,0,59,Female,No,prereg
681,8bfb5272bc32bda3e2a5d998,3,3,4,2,sampling_noiseless,choice_first,B,.8,1,55,9,36,27,9,64,6,1,1,1,59,Female,No,prereg
721,8c7d8805051ce8d75de0f3fa,4,3,5,4,description_noiseless,choice_first,A,1,1,49,2,49,49,2,49,1,0,2,0,45,Male,No,prereg
721,8c7d8805051ce8d75de0f3fa,4,3,5,4,description_noiseless,choice_first,B,1,1,45,10,45,45,10,45,6,0,1,1,45,Male,No,prereg
546,8c9996e61c502de10ae0ca65,3,2,4,3,sampling_noiseless,choice_first,B,1,1.2,40,40,20,10,30,60,6,1,2,1,22,Female,Yes,prereg
546,8c9996e61c502de10ae0ca65,3,2,4,3,sampling_noiseless,choice_first,B,1,1.2,0,60,40,20,30,50,6,1,1,0,22,Female,Yes,prereg
906,8cca28ed4e5fa7d66b466994,3,1,4,5,description_noiseless,choice_first,B,.75,1,55,2,43,46,2,52,6,0,1,1,49,Male,No,prereg
906,8cca28ed4e5fa7d66b466994,3,1,4,5,description_noiseless,choice_first,A,1,1.25,44,1,55,56,1,43,5,1,2,0,49,Male,No,prereg
1591,8d3f011d4b867214122e1778,3,5,4,1,description_noiseless,choice_first,A,1,1,20,30,50,50,30,20,5,0,2,0,32,Male,DATA_EXPIRED,prereg
1591,8d3f011d4b867214122e1778,3,5,4,1,description_noiseless,choice_first,A,1,1,30,20,50,30,30,40,6,0,1,1,32,Male,DATA_EXPIRED,prereg
461,8d5f181fd4692f0154da5ce9,2,3,4,4,sampling_noiseless,choice_first,A,.6,.8,45,9,46,36,9,55,3,1,1,1,27,Female,Yes,prereg
461,8d5f181fd4692f0154da5ce9,2,3,4,4,sampling_noiseless,choice_first,A,.92,.9,55,0,45,53,0,47,4,1,2,0,27,Female,Yes,prereg
973,8d7cac4e3962aef09612acdb,4,1,4,4,sampling_noiseless,beliefs_first,B,.84,.8,54,.5,45.5,56,.5,43.5,7,1,1,0,31,Male,No,prereg
973,8d7cac4e3962aef09612acdb,4,1,4,4,sampling_noiseless,beliefs_first,B,1.3,1,35,.5,64.5,49.5,.5,50,7,0,2,1,31,Male,No,prereg
1222,8e4db376344136cce3e1923f,2,2,5,4,sampling_noiseless,beliefs_first,A,1,2,10,20,70,10,10,80,5,1,1,0,48,Female,No,prereg
1222,8e4db376344136cce3e1923f,2,2,5,4,sampling_noiseless,beliefs_first,A,1,1,0,100,0,0,100,0,4,1,2,1,48,Female,No,prereg
958,8edbd83d635947ace7cc6879,4,2,5,3,description_noiseless,beliefs_first,B,.98,.98,49.1,1.9,49,49.1,1.9,49,1,1,1,0,39,Female,No,prereg
958,8edbd83d635947ace7cc6879,4,2,5,3,description_noiseless,beliefs_first,B,.98,.98,45.5,9,45.5,45.5,9,45.5,1,1,2,1,39,Female,No,prereg
864,8f004113186af7b344e4fd3c,3,2,4,1,description_noiseless,beliefs_first,A,1,1,49,1,50,50,1,49,7,0,1,0,52,Female,DATA_EXPIRED,prereg
864,8f004113186af7b344e4fd3c,3,2,4,1,description_noiseless,beliefs_first,A,1,1,40,10,50,50,10,40,7,0,2,1,52,Female,DATA_EXPIRED,prereg
1153,8f271b82b5a3925fe8e5096c,2,2,3,3,sampling_noiseless,choice_first,A,1,1,80,1,19,79,1,20,5,1,1,0,35,Male,No,prereg
1153,8f271b82b5a3925fe8e5096c,2,2,3,3,sampling_noiseless,choice_first,B,.8,.9,90,1,9,90,1,9,6,1,2,1,35,Male,No,prereg
1068,8f51b6f70e0189ec23fc16a9,4,3,2,2,sampling_noiseless,beliefs_first,B,.9399999999999999,.9,60,2,38,62,2,36,7,1,1,0,43,Male,No,prereg
1068,8f51b6f70e0189ec23fc16a9,4,3,2,2,sampling_noiseless,beliefs_first,A,.95,.85,45,5,50,40,5,55,5,1,2,1,43,Male,No,prereg
726,8f538002c9f9eca16c71cbec,4,1,4,4,description_noiseless,beliefs_first,A,1,1.7,20,30,50,10,30,60,5,1,2,1,27,Female,No,prereg
726,8f538002c9f9eca16c71cbec,4,1,4,4,description_noiseless,beliefs_first,A,1.5,1.7,20,20,60,15,15,70,4,1,1,0,27,Female,No,prereg
839,8f5aa3ce1cb60029fb0ee09d,4,3,4,4,description_noiseless,beliefs_first,A,.2,.2,45,10,45,45,10,45,7,1,2,1,28,Female,No,prereg
839,8f5aa3ce1cb60029fb0ee09d,4,3,4,4,description_noiseless,beliefs_first,A,.04,.04,48,2,50,50,2,48,6,1,1,0,28,Female,No,prereg
962,8f94c415e2bbac00e075bbe3,4,2,3,3,sampling_noiseless,beliefs_first,B,1,1,48,4,48,48,1,51,5,1,2,1,31,Male,No,prereg
962,8f94c415e2bbac00e075bbe3,4,2,3,3,sampling_noiseless,beliefs_first,A,1,.9,60,1,39,50,1,49,7,1,1,0,31,Male,No,prereg
1331,8fbab3b604bfeef20cc5c5d5,4,3,4,3,description_noiseless,beliefs_first,B,1,1,49,2,49,49,2,49,6,1,1,0,51,Male,No,prereg
1331,8fbab3b604bfeef20cc5c5d5,4,3,4,3,description_noiseless,beliefs_first,A,1,1,45,10,45,45,10,45,6,1,2,1,51,Male,No,prereg
447,8fdc28161d464902bc87ccc3,4,5,5,4,description_noiseless,choice_first,A,1,1,46,8,46,36,8,56,6,1,2,1,26,Male,Yes,prereg
447,8fdc28161d464902bc87ccc3,4,5,5,4,description_noiseless,choice_first,B,1,1,49,2,49,49,2,49,6,1,1,0,26,Male,Yes,prereg
1280,8fee8f51db49dd53ae139383,3,2,2,2,sampling_noiseless,beliefs_first,A,1,1.2,40,6,54,35,2,63,6,1,1,1,32,Male,No,prereg
754,907e8d1d0b67c3f2c071919a,2,4,5,2,sampling_noiseless,beliefs_first,A,.8,.5,80,5,15,10,5,85,6,1,1,1,35,Male,Yes,prereg
754,907e8d1d0b67c3f2c071919a,2,4,5,2,sampling_noiseless,beliefs_first,A,.9,1,55,1,44,45,1,54,4,1,2,0,35,Male,Yes,prereg
484,909435c92d41016c75e4fd72,2,4,3,3,description_noiseless,choice_first,B,1.01,.99,49,2,49,50,2,48,2,0,1,0,21,Male,Yes,prereg
484,909435c92d41016c75e4fd72,2,4,3,3,description_noiseless,choice_first,A,1,1,45,10,45,50,10,40,2,1,2,1,21,Male,Yes,prereg
1226,90e913f1e97030682235a6db,5,3,4,4,description_noiseless,beliefs_first,B,1,1,50,25,25,50,25,25,6,0,2,1,28,Male,No,prereg
1226,90e913f1e97030682235a6db,5,3,4,4,description_noiseless,beliefs_first,A,1,1.25,50,25,25,25,25,50,5,0,1,0,28,Male,No,prereg
357,9113c7d3a2d0642a0630e182,4,4,4,2,description_noiseless,choice_first,B,1,1,50,1,49,50,1,49,5,1,1,0,34,Female,No,prereg
357,9113c7d3a2d0642a0630e182,4,4,4,2,description_noiseless,choice_first,B,1,1,50,1,49,50,1,49,5,1,2,1,34,Female,No,prereg
610,91450a56a8098ebbcc278ec1,4,3,5,5,description_noiseless,beliefs_first,A,1,1,10,10,80,33,33,34,5,0,1,0,31,Male,No,prereg
610,91450a56a8098ebbcc278ec1,4,3,5,5,description_noiseless,beliefs_first,A,2,.5,5,10,85,90,5,5,6,0,2,1,31,Male,No,prereg
1809,921bfb2ae337258de89a669e,3,3,4,4,description_noiseless,beliefs_first,B,1,.95,48,2,50,50,2,48,4,1,2,0,29,Female,No,prereg
1809,921bfb2ae337258de89a669e,3,3,4,4,description_noiseless,beliefs_first,B,1,1,45.45,9.1,45.45,45.45,9.1,45.45,4,1,1,1,29,Female,No,prereg
714,923d1944b2d9868e106a741a,5,3,4,2,description_noiseless,choice_first,B,1,1,45,10,45,45,10,45,6,1,2,1,45,Female,No,prereg
714,923d1944b2d9868e106a741a,5,3,4,2,description_noiseless,choice_first,B,.98,1,49,2,49,50,2,48,6,1,1,0,45,Female,No,prereg
380,931ce3a0d3ee25cf767ff69e,5,4,4,4,description_noiseless,beliefs_first,A,.4,.4,50,5,45,50,5,45,1,0,2,0,26,Male,No,prereg
380,931ce3a0d3ee25cf767ff69e,5,4,4,4,description_noiseless,beliefs_first,A,.22,.22,40,10,50,30,10,60,1,0,1,1,26,Male,No,prereg
540,9325a23ed80bc607d423da78,4,4,4,3,sampling_noiseless,choice_first,B,.8,1.2,60,10,30,20,20,60,5,1,1,1,26,Male,No,prereg
540,9325a23ed80bc607d423da78,4,4,4,3,sampling_noiseless,choice_first,B,.9,1.1,40,25,35,20,15,65,5,1,2,0,26,Male,No,prereg
2835,9337482aefd4de73e5aea17a,2,1,4,5,description_noiseless,beliefs_first,B,1,.75,40,4,56,57,3,40,6,0,2,0,64,Female,No,prereg
2835,9337482aefd4de73e5aea17a,2,1,4,5,description_noiseless,beliefs_first,A,1,.75,44,1,55,36,1,63,6,0,1,1,64,Female,No,prereg
558,946a289743181511f80c3158,3,2,4,4,sampling_noiseless,choice_first,B,.6,1.4,40,20,40,30,15,55,7,1,1,1,26,Female,No,prereg
558,946a289743181511f80c3158,3,2,4,4,sampling_noiseless,choice_first,A,1.4,1.6,45,0,55,45,0,55,7,1,2,0,26,Female,No,prereg
854,94bf18be94127f92237a67e1,3,2,4,2,sampling_noiseless,choice_first,B,1,2,60,30,10,30,30,40,6,1,2,0,39,Male,No,prereg
854,94bf18be94127f92237a67e1,3,2,4,2,sampling_noiseless,choice_first,B,1,2,50,30,20,20,40,40,5,1,1,1,39,Male,No,prereg
648,9548cdbd4cfdd0e6bcad3925,2,3,4,2,description_noiseless,choice_first,B,1,1,25,50,25,25,50,25,5,1,1,0,33,Female,No,prereg
648,9548cdbd4cfdd0e6bcad3925,2,3,4,2,description_noiseless,choice_first,A,1.1,1,40,5,55,49,2,49,7,0,2,1,33,Female,No,prereg
545,957126aa71497451ff8460fb,4,3,5,5,sampling_noiseless,choice_first,B,1.96,2,30,20,50,30,20,50,6,1,1,0,38,Female,No,prereg
545,957126aa71497451ff8460fb,4,3,5,5,sampling_noiseless,choice_first,B,1,1.2,40,10,50,35,10,55,5,1,2,1,38,Female,No,prereg
678,9585434abdc4b6ecd79cf857,3,2,4,4,sampling_noiseless,beliefs_first,B,1,1.04,40,5,55,35,5,60,7,1,2,0,53,Male,No,prereg
678,9585434abdc4b6ecd79cf857,3,2,4,4,sampling_noiseless,beliefs_first,B,.68,1,20,10,70,30,10,60,6,1,1,1,53,Male,No,prereg
478,95ecf9f8d0eea9a93c4cbb01,4,3,4,4,sampling_noiseless,choice_first,B,1,1.04,48,4,48,44,4,52,6,1,2,0,22,Male,Yes,prereg
478,95ecf9f8d0eea9a93c4cbb01,4,3,4,4,sampling_noiseless,choice_first,A,1.2,1.6,30,5,65,15,5,80,6,1,1,1,22,Male,Yes,prereg
749,95ef2e3876bcf11db782823d,4,3,5,4,sampling_noiseless,choice_first,B,.88,.91,63,2,35,60,2,38,6,1,1,0,53,Male,No,prereg
749,95ef2e3876bcf11db782823d,4,3,5,4,sampling_noiseless,choice_first,B,1,1.2,30,10,60,25,0,75,5,1,2,1,53,Male,No,prereg
762,96cf8948f948779849f96408,3,2,4,3,description_noiseless,choice_first,B,1,.8,20,50,30,60,25,15,7,0,2,0,23,Female,No,prereg
762,96cf8948f948779849f96408,3,2,4,3,description_noiseless,choice_first,A,1,.9,20,50,30,60,20,20,7,0,1,1,23,Female,No,prereg
479,96d831c71914ad80f3922b6b,3,3,5,4,description_noiseless,choice_first,A,1,1.2,45,10,45,45,10,45,2,1,1,1,37,Female,No,prereg
479,96d831c71914ad80f3922b6b,3,3,5,4,description_noiseless,choice_first,B,1,1,49,2,49,49,2,49,2,1,2,0,37,Female,No,prereg
736,970dd19ed9fcaad8a1df15ee,2,2,3,4,description_noiseless,choice_first,B,1,1,50,10,40,50,10,40,7,1,1,1,40,Female,No,prereg
736,970dd19ed9fcaad8a1df15ee,2,2,3,4,description_noiseless,choice_first,A,1,1,50,10,40,50,10,40,4,0,2,0,40,Female,No,prereg
1569,9761f118ce9766a03dc26834,2,3,4,2,description_noiseless,beliefs_first,B,1,1,49.02,1.96,49.02,49.02,1.96,49.02,7,1,2,0,56,Male,No,prereg
1569,9761f118ce9766a03dc26834,2,3,4,2,description_noiseless,beliefs_first,B,1.01,1.01,45.5,9,45.5,45.5,9,45.5,7,1,1,1,56,Male,No,prereg
2464,976537b2426cbc92993dd7c1,4,3,4,4,sampling_noiseless,choice_first,B,.8,1.2,50,0,50,0,40,60,5,1,2,0,26,Male,Yes,prereg
2464,976537b2426cbc92993dd7c1,4,3,4,4,sampling_noiseless,choice_first,B,.6,1,60,25,15,20,60,20,5,1,1,1,26,Male,Yes,prereg
904,97a9b346a7c070df00912987,4,4,4,4,sampling_noiseless,choice_first,A,1.15,1.1,80,5,15,70,5,25,6,1,2,0,39,Male,No,prereg
904,97a9b346a7c070df00912987,4,4,4,4,sampling_noiseless,choice_first,A,.45,.65,90,10,0,100,0,0,6,1,1,1,39,Male,No,prereg
1054,98f3b7b42aab77d6cd4adb6a,3,2,4,5,sampling_noiseless,beliefs_first,A,1,1,49,2,49,49,2,49,6,0,1,0,32,Male,No,prereg
1054,98f3b7b42aab77d6cd4adb6a,3,2,4,5,sampling_noiseless,beliefs_first,A,.8,.8,56,4,40,56,4,40,4,0,2,1,32,Male,No,prereg
1340,991016339a7fe4c151edb0b3,2,1,3,3,sampling_noiseless,choice_first,B,1,1,10,20,70,35,20,45,4,0,2,0,36,Female,No,prereg
1340,991016339a7fe4c151edb0b3,2,1,3,3,sampling_noiseless,choice_first,B,1,2,50,10,40,40,30,30,4,1,1,1,36,Female,No,prereg
626,996e0f9dcc7fdb24a787cbaa,4,5,4,5,sampling_noiseless,choice_first,A,.65,.8,85,1,14,80,2,18,7,1,1,0,33,Male,DATA_EXPIRED,prereg
626,996e0f9dcc7fdb24a787cbaa,4,5,4,5,sampling_noiseless,choice_first,B,.9,1,25,5,70,25,10,65,6,1,2,1,33,Male,DATA_EXPIRED,prereg
452,99d10089294401b3df354db3,4,3,4,4,sampling_noiseless,beliefs_first,B,1,1.03,45,5,50,40,5,55,5,1,1,0,31,Male,No,prereg
452,99d10089294401b3df354db3,4,3,4,4,sampling_noiseless,beliefs_first,A,1,1.1,30,10,60,20,10,70,5,1,2,1,31,Male,No,prereg
740,9a38f3c8db231a28c095cad6,4,3,4,2,sampling_noiseless,beliefs_first,B,.75,1.25,98,0,2,30,5,65,7,1,1,0,55,Female,No,prereg
740,9a38f3c8db231a28c095cad6,4,3,4,2,sampling_noiseless,beliefs_first,B,.7,1.2,30,10,60,25,10,65,7,1,2,1,55,Female,No,prereg
609,9a91978ae6a4bbe06de8bb3b,2,3,4,3,sampling_noiseless,choice_first,B,.7,.9,70,10,20,20,10,70,6,1,1,1,19,Male,DATA_EXPIRED,prereg
609,9a91978ae6a4bbe06de8bb3b,2,3,4,3,sampling_noiseless,choice_first,B,.8,.6,80,5,15,25,5,70,7,1,2,0,19,Male,DATA_EXPIRED,prereg
707,9b4de76db53e69ed3d0a80c3,3,3,4,3,description_noiseless,choice_first,A,1,1,45,10,45,45,10,45,2,1,2,0,40,Female,No,prereg
707,9b4de76db53e69ed3d0a80c3,3,3,4,3,description_noiseless,choice_first,B,1,1,46,9,45,46,9,45,2,0,1,1,40,Female,No,prereg
258,9b9caa8aea3c9b79dcf64516,4,5,3,2,description_noiseless,choice_first,B,2,1,25,36,39,20,30,50,7,1,1,0,24,Male,Yes,prereg
258,9b9caa8aea3c9b79dcf64516,4,5,3,2,description_noiseless,choice_first,B,2,2,33,34,33,33,34,33,7,0,2,1,24,Male,Yes,prereg
392,9c2a276668310d20bbee356f,2,4,3,5,sampling_noiseless,beliefs_first,A,1.05,.4,40,10,50,35,25,40,7,1,1,0,22,Female,No,prereg
392,9c2a276668310d20bbee356f,2,4,3,5,sampling_noiseless,beliefs_first,B,.5,1.1,30,20,50,20,30,50,7,1,2,1,22,Female,No,prereg
1929,9c77930b682424a7513af687,4,4,4,3,sampling_noiseless,choice_first,A,.5,1.5,30,40,30,35,35,30,7,1,2,0,49,Male,Yes,prereg
1929,9c77930b682424a7513af687,4,4,4,3,sampling_noiseless,choice_first,A,1,1,35,30,35,25,35,40,6,1,1,1,49,Male,Yes,prereg
529,9cb6554bd9e85d2db103de9b,3,1,5,3,description_noiseless,beliefs_first,A,1.25,1,50,20,30,60,20,20,7,0,2,1,51,Female,No,prereg
529,9cb6554bd9e85d2db103de9b,3,1,5,3,description_noiseless,beliefs_first,A,1.5,1,10,35,55,25,50,25,7,0,1,0,51,Female,No,prereg
672,9cb787ce960d6bac36743962,2,2,4,4,sampling_noiseless,choice_first,B,.8,1,45,5,50,45,5,50,6,1,2,0,33,Male,No,prereg
672,9cb787ce960d6bac36743962,2,2,4,4,sampling_noiseless,choice_first,A,.5,1,65,5,30,30,5,65,4,1,1,1,33,Male,No,prereg
1301,9d4dea2d9057139c7caeebd9,2,2,4,3,sampling_noiseless,choice_first,A,1.3,1.5,52,9,39,38,8,54,3,1,1,0,58,Female,No,prereg
1301,9d4dea2d9057139c7caeebd9,2,2,4,3,sampling_noiseless,choice_first,B,1.4,1.6,25,15,60,15,20,65,3,1,2,1,58,Female,No,prereg
385,9db981b22436c3a309bb6fd8,4,4,2,2,description_noiseless,choice_first,B,2,2,49,2,49,49,2,49,7,1,2,1,39,Male,No,prereg
385,9db981b22436c3a309bb6fd8,4,4,2,2,description_noiseless,choice_first,B,2,2,49,2,49,49,2,49,7,1,1,0,39,Male,No,prereg
438,9dca11b511fd74407c66f8c4,2,2,1,1,sampling_noiseless,beliefs_first,A,2,1,25,50,25,50,25,25,5,0,1,0,37,Female,No,prereg
438,9dca11b511fd74407c66f8c4,2,2,1,1,sampling_noiseless,beliefs_first,A,1,2,25,35,40,45,15,40,5,0,2,1,37,Female,No,prereg
1114,9df86d8259eecca5fcbe4d16,2,1,5,4,description_noiseless,choice_first,A,1,1,45,10,45,45,10,45,4,0,2,0,39,Female,No,prereg
1114,9df86d8259eecca5fcbe4d16,2,1,5,4,description_noiseless,choice_first,A,.4,.4,45,10,45,45,10,45,4,1,1,1,39,Female,No,prereg
536,9e7a70f50228cdd607e8849b,4,4,4,4,sampling_noiseless,choice_first,B,.8,1.2,50,10,40,20,20,60,6,1,1,1,54,Male,No,prereg
536,9e7a70f50228cdd607e8849b,4,4,4,4,sampling_noiseless,choice_first,A,.6,1.4,60,20,20,20,20,60,5,1,2,0,54,Male,No,prereg
1100,9f23aece3b6f4d1b798b9a60,2,1,4,4,description_noiseless,beliefs_first,B,1,.99,49,1,50,51,1,48,1,0,1,0,56,Female,No,prereg
1100,9f23aece3b6f4d1b798b9a60,2,1,4,4,description_noiseless,beliefs_first,A,1,1,49,1,50,50,1,49,1,0,2,1,56,Female,No,prereg
1242,9f3afa5b8ffbedae2556244d,4,3,4,4,sampling_noiseless,choice_first,B,1.1,.9,25,15,60,45,10,45,5,0,2,0,45,Male,No,prereg
1242,9f3afa5b8ffbedae2556244d,4,3,4,4,sampling_noiseless,choice_first,B,1,.1,80,10,10,70,10,20,5,1,1,1,45,Male,No,prereg
714,9f51baaf24e1f3a2f7b0aa77,3,3,4,2,sampling_noiseless,choice_first,B,1,.96,50,5,45,45,5,50,5,1,1,0,39,Male,No,prereg
714,9f51baaf24e1f3a2f7b0aa77,3,3,4,2,sampling_noiseless,choice_first,A,1,1.1,30,10,60,25,10,65,4,1,2,1,39,Male,No,prereg
1233,9f7324f71a90c5275abac3cb,3,1,4,2,description_noiseless,beliefs_first,B,12,1,40,20,40,45,20,35,5,0,1,1,37,Female,No,prereg
1233,9f7324f71a90c5275abac3cb,3,1,4,2,description_noiseless,beliefs_first,A,17,15,40,20,40,45,20,35,5,0,2,0,37,Female,No,prereg
715,9f739eb6575e1b1f0ca49624,4,3,4,3,sampling_noiseless,choice_first,A,1,1,48,4,48,48,4,48,7,1,2,1,61,Male,No,prereg
715,9f739eb6575e1b1f0ca49624,4,3,4,3,sampling_noiseless,choice_first,B,1,1,49.5,1,49.5,49.5,1,49.5,7,1,1,0,61,Male,No,prereg
1014,9fbf0dbafc624a68414c649a,4,3,4,2,sampling_noiseless,beliefs_first,B,.2,.4,80,0,20,60,40,0,6,1,1,1,64,Female,No,prereg
1014,9fbf0dbafc624a68414c649a,4,3,4,2,sampling_noiseless,beliefs_first,A,.02,.04,98,0,2,2,0,98,2,1,2,0,64,Female,No,prereg
755,a0908837781f591b63f7c871,2,1,4,4,description_noiseless,beliefs_first,A,1.5,.5,40,20,40,60,10,30,6,0,1,1,35,Female,No,prereg
755,a0908837781f591b63f7c871,2,1,4,4,description_noiseless,beliefs_first,A,1.5,.5,20,10,70,60,10,30,7,0,2,0,35,Female,No,prereg
823,a0a6606a5d475f4d0ddb1c3c,3,1,4,5,sampling_noiseless,beliefs_first,A,1.8,1.2,62,3,35,10,3,87,5,1,1,1,46,Female,No,prereg
823,a0a6606a5d475f4d0ddb1c3c,3,1,4,5,sampling_noiseless,beliefs_first,B,1.55,1.5,50,3,47,45,3,52,5,0,2,0,46,Female,No,prereg
770,a0b6f7c6720ea1f96f7889fb,4,4,3,3,description_noiseless,choice_first,A,1,1,46,9,45,45,9,46,7,1,2,1,32,Male,No,prereg
770,a0b6f7c6720ea1f96f7889fb,4,4,3,3,description_noiseless,choice_first,A,1,1,49,2,49,49,2,49,7,1,1,0,32,Male,No,prereg
704,a0c51755711f5343f4f47081,3,5,3,2,description_noiseless,beliefs_first,A,1,1,49,2,49,49,2,49,1,0,2,0,39,Female,No,prereg
704,a0c51755711f5343f4f47081,3,5,3,2,description_noiseless,beliefs_first,A,1,1,49,2,49,49,2,49,1,0,1,1,39,Female,No,prereg
1252,a140009e7391b3b3588fa886,3,1,4,2,sampling_noiseless,choice_first,B,2,1,3,1,96,2,0,98,4,1,2,1,50,Female,No,prereg
1252,a140009e7391b3b3588fa886,3,1,4,2,sampling_noiseless,choice_first,A,1,2,20,40,40,3,25,72,6,1,1,0,50,Female,No,prereg
1027,a14e52fb263069a3905ef322,3,3,4,4,description_noiseless,choice_first,B,2,2,50,10,40,70,10,20,6,0,1,1,27,Male,DATA_EXPIRED,prereg
1027,a14e52fb263069a3905ef322,3,3,4,4,description_noiseless,choice_first,B,2,2,0,0,100,0,0,100,6,1,2,0,27,Male,DATA_EXPIRED,prereg
682,a15a31693b6e325bc5981c0e,4,2,4,3,sampling_noiseless,beliefs_first,A,1.4,1.3,20,10,70,30,10,60,3,0,2,0,29,Female,No,prereg
682,a15a31693b6e325bc5981c0e,4,2,4,3,sampling_noiseless,beliefs_first,B,1,1,50,40,10,20,60,20,3,1,1,1,29,Female,No,prereg
728,a1ee940dc953b546de9b641e,4,5,3,3,description_noiseless,choice_first,A,1,1,49,2,49,49,2,49,4,1,1,0,43,Male,No,prereg
728,a1ee940dc953b546de9b641e,4,5,3,3,description_noiseless,choice_first,A,1,1,45,10,45,45,10,45,6,1,2,1,43,Male,No,prereg
740,a237e47cd16e555b5e1d34f5,4,2,3,3,sampling_noiseless,beliefs_first,B,.5,1.5,50,20,30,10,30,60,7,1,1,1,54,Female,No,prereg
740,a237e47cd16e555b5e1d34f5,4,2,3,3,sampling_noiseless,beliefs_first,A,1,1,40,50,10,10,50,40,7,1,2,0,54,Female,No,prereg
950,a293014cd9869af65cf61713,3,2,5,5,description_noiseless,beliefs_first,A,1,1,49.5,1,49.5,49.5,1,49.5,3,1,2,0,25,Male,DATA_EXPIRED,prereg
950,a293014cd9869af65cf61713,3,2,5,5,description_noiseless,beliefs_first,A,1,1,45.45,9.1,45.45,45.45,9.1,45.45,4,0,1,1,25,Male,DATA_EXPIRED,prereg
777,a29fa6fe29122775e491998d,2,2,5,4,description_noiseless,choice_first,B,1,1,45,10,45,45,10,45,4,1,1,1,40,Male,No,prereg
777,a29fa6fe29122775e491998d,2,2,5,4,description_noiseless,choice_first,B,1,1,45,10,45,45,10,45,4,0,2,0,40,Male,No,prereg
447,a2b5f9b5db61ca0dfa800a81,4,3,4,3,description_noiseless,beliefs_first,B,.35,1,25,50,25,20,40,40,4,1,1,0,23,Male,No,prereg
447,a2b5f9b5db61ca0dfa800a81,4,3,4,3,description_noiseless,beliefs_first,B,1,.9,25,50,25,30,45,25,3,1,2,1,23,Male,No,prereg
1334,a2d050e4e8f89895dc16132d,5,4,5,5,description_noiseless,beliefs_first,B,.98,.88,40,40,20,40,40,20,7,1,2,1,46,Male,No,prereg
1334,a2d050e4e8f89895dc16132d,5,4,5,5,description_noiseless,beliefs_first,A,.88,.98,40,40,20,40,40,20,7,1,1,0,46,Male,No,prereg
524,a30f1a208d92b22e791dd099,4,2,4,3,sampling_noiseless,choice_first,A,.8,1.2,50,0,50,50,0,50,7,1,2,0,54,Male,No,prereg
524,a30f1a208d92b22e791dd099,4,2,4,3,sampling_noiseless,choice_first,B,1,.9,45,10,45,40,10,50,4,0,1,1,54,Male,No,prereg
726,a38cd6425635a6e672e431f2,4,4,4,4,description_noiseless,beliefs_first,B,1,1,49.5,1,49.5,49.5,1,49.5,1,0,2,0,43,Male,DATA_EXPIRED,prereg
726,a38cd6425635a6e672e431f2,4,4,4,4,description_noiseless,beliefs_first,B,1,1,49.5,1,49.5,49.5,1,49.5,1,0,1,1,43,Male,DATA_EXPIRED,prereg
894,a3df421bfd16364bb2eb9eda,4,3,4,4,sampling_noiseless,choice_first,A,1.1,1.4,30,10,60,10,10,80,7,1,2,0,36,Female,No,prereg
894,a3df421bfd16364bb2eb9eda,4,3,4,4,sampling_noiseless,choice_first,A,.8,1.1,70,10,20,40,10,50,6,1,1,1,36,Female,No,prereg
915,a40c93ae68ce560859fcca06,3,2,4,4,description_noiseless,beliefs_first,B,.5,1.5,20,60,20,70,10,20,5,1,1,0,38,Female,DATA_EXPIRED,prereg
915,a40c93ae68ce560859fcca06,3,2,4,4,description_noiseless,beliefs_first,A,1,1,5,70,25,10,60,30,4,0,2,1,38,Female,DATA_EXPIRED,prereg
529,a431e26d86f7eabc22587c7b,2,1,2,4,description_noiseless,choice_first,A,.04,.04,30,30,40,20,20,60,4,1,1,0,36,Male,No,prereg
529,a431e26d86f7eabc22587c7b,2,1,2,4,description_noiseless,choice_first,A,.1,.3,20,40,40,10,40,50,5,1,2,1,36,Male,No,prereg
452,a47a325e95638d016c679c4e,3,4,4,4,sampling_noiseless,beliefs_first,B,1,.8,60,9,31,45,10,45,7,1,1,1,22,Male,No,prereg
452,a47a325e95638d016c679c4e,3,4,4,4,sampling_noiseless,beliefs_first,A,.93,.97,52,1,47,49,1,50,5,0,2,0,22,Male,No,prereg
686,a5434a04f1006df58e3f2d26,3,4,4,2,description_noiseless,choice_first,A,1,1.2,50,1,49,49,1,50,2,1,1,0,29,Female,No,prereg
686,a5434a04f1006df58e3f2d26,3,4,4,2,description_noiseless,choice_first,A,1,1.25,49,1,50,39,1,60,3,1,2,1,29,Female,No,prereg
522,a5736efe520e2ad4bc5c9677,2,3,2,2,sampling_noiseless,beliefs_first,A,1,1.04,50,5,45,45,5,50,7,1,2,0,24,Female,No,prereg
522,a5736efe520e2ad4bc5c9677,2,3,2,2,sampling_noiseless,beliefs_first,B,1,1.2,45,20,35,20,35,45,7,1,1,1,24,Female,No,prereg
862,a58f57503d081548eacc29ac,4,3,4,3,sampling_noiseless,choice_first,B,.88,.92,70,2,28,70,2,28,5,1,1,0,57,Male,No,prereg
862,a58f57503d081548eacc29ac,4,3,4,3,sampling_noiseless,choice_first,A,1.1,1.2,10,10,80,10,10,80,6,1,2,1,57,Male,No,prereg
1244,a59962577ac7ab899c2e39e5,2,3,5,4,sampling_noiseless,beliefs_first,B,.78,.82,9,1,90,9,1,90,7,1,1,0,63,Female,No,prereg
1244,a59962577ac7ab899c2e39e5,2,3,5,4,sampling_noiseless,beliefs_first,B,.8,1.2,80,10,10,70,10,20,6,1,2,1,63,Female,No,prereg
751,a5f81965f50c846331211fff,4,4,5,3,sampling_noiseless,choice_first,B,2,2,46,8,46,46,8,46,6,0,2,0,48,Male,No,prereg
751,a5f81965f50c846331211fff,4,4,5,3,sampling_noiseless,choice_first,A,.9,1.8,64,9,27,9,0,91,7,1,1,1,48,Male,No,prereg
981,a60466db784c1ec1841cf087,4,4,5,5,sampling_noiseless,beliefs_first,B,1,1,50,0,50,50,0,50,7,1,2,1,58,Male,DATA_EXPIRED,prereg
981,a60466db784c1ec1841cf087,4,4,5,5,sampling_noiseless,beliefs_first,B,.54,.54,0,0,100,2,0,98,7,1,1,0,58,Male,DATA_EXPIRED,prereg
1158,a61196c9f75a91564f0fa1fd,3,2,5,5,description_noiseless,beliefs_first,B,1,1,30,40,30,35,35,30,7,0,1,1,32,Male,No,prereg
1158,a61196c9f75a91564f0fa1fd,3,2,5,5,description_noiseless,beliefs_first,B,.25,.25,30,40,30,31,40,29,7,0,2,0,32,Male,No,prereg
632,a68660ecce382982dc1e951b,2,4,3,2,sampling_noiseless,beliefs_first,B,1,1,55,0,45,45,0,55,6,1,1,1,42,Male,No,prereg
632,a68660ecce382982dc1e951b,2,4,3,2,sampling_noiseless,beliefs_first,A,1,1,50,5,45,45,5,50,6,1,2,0,42,Male,No,prereg
486,a6a1652403d4ef87e5a94625,5,3,5,5,description_noiseless,choice_first,A,1,1.2,25,25,50,40,10,50,7,1,2,0,28,Male,No,prereg
486,a6a1652403d4ef87e5a94625,5,3,5,5,description_noiseless,choice_first,B,1,1.25,25,25,50,25,25,50,7,1,1,1,28,Male,No,prereg
519,a6ce3c05050e1ce3c528f8a3,2,2,3,3,sampling_noiseless,choice_first,B,.7,.8,90,5,5,85,6,9,6,1,1,0,36,Female,Yes,prereg
519,a6ce3c05050e1ce3c528f8a3,2,2,3,3,sampling_noiseless,choice_first,A,1.2,1.5,70,10,20,65,10,25,5,1,2,1,36,Female,Yes,prereg
512,a6d4b18c36c15e46d1829856,5,3,5,5,description_noiseless,beliefs_first,A,1,1,49,2,49,50,1,49,7,0,1,0,32,Male,No,prereg
512,a6d4b18c36c15e46d1829856,5,3,5,5,description_noiseless,beliefs_first,B,1.2,1.1,50,1,49,49,2,49,7,0,2,1,32,Male,No,prereg
497,a72efd006389cfd33c135a12,3,1,5,4,description_noiseless,beliefs_first,A,1.5,1.5,20,40,40,20,40,40,4,1,1,1,44,Female,No,prereg
497,a72efd006389cfd33c135a12,3,1,5,4,description_noiseless,beliefs_first,A,1,1,20,40,40,20,40,40,4,0,2,0,44,Female,No,prereg
496,a7321f5d2c60bc2ef21aa4b5,3,3,4,4,sampling_noiseless,choice_first,A,1.6,1.5,15,10,75,5,5,90,6,1,1,0,26,Female,No,prereg
496,a7321f5d2c60bc2ef21aa4b5,3,3,4,4,sampling_noiseless,choice_first,A,1.2,1.5,10,10,80,5,10,85,5,1,2,1,26,Female,No,prereg
1109,a78811f40693ee781763523f,3,3,5,4,sampling_noiseless,beliefs_first,B,.8,1,35,25,40,32,25,43,5,1,2,1,37,Male,No,prereg
1109,a78811f40693ee781763523f,3,3,5,4,sampling_noiseless,beliefs_first,B,1.46,1.5,2,5,93,1,3,96,5,1,1,0,37,Male,No,prereg
684,a793c1bf9eff725f199a215a,3,3,5,5,sampling_noiseless,beliefs_first,B,1.3,1.6,65,20,15,35,20,45,7,1,1,1,30,Male,No,prereg
684,a793c1bf9eff725f199a215a,3,3,5,5,sampling_noiseless,beliefs_first,A,1.4,1.6,45,0,55,45,0,55,7,1,2,0,30,Male,No,prereg
498,a840d5f7006a5b00ddb03093,1,4,1,2,description_noiseless,beliefs_first,A,1,.96,49,2,49,49,2,49,6,0,1,0,35,Male,No,prereg
498,a840d5f7006a5b00ddb03093,1,4,1,2,description_noiseless,beliefs_first,A,1,1.25,45,9,46,36,9,55,4,0,2,1,35,Male,No,prereg
457,a8e21d4c1d36734d31a66c76,5,4,5,5,sampling_noiseless,choice_first,A,2,1,70,10,20,5,5,90,7,1,1,1,38,Male,Yes,prereg
457,a8e21d4c1d36734d31a66c76,5,4,5,5,sampling_noiseless,choice_first,B,1.5,1.45,60,10,30,30,0,70,7,1,2,0,38,Male,Yes,prereg
637,a956242675ba7d04f41eaab7,3,3,5,3,description_noiseless,choice_first,A,2,2,49,2,49,49,2,49,1,0,1,0,32,Female,No,prereg
637,a956242675ba7d04f41eaab7,3,3,5,3,description_noiseless,choice_first,B,2,2,49,2,49,49,2,49,1,1,2,1,32,Female,No,prereg
804,a9594a68454489c6cc5d4101,5,3,3,3,sampling_noiseless,beliefs_first,B,1,1.04,50,5,45,50,5,45,7,0,1,0,24,Male,Yes,prereg
804,a9594a68454489c6cc5d4101,5,3,3,3,sampling_noiseless,beliefs_first,B,1,1.2,20,5,75,20,5,75,7,0,2,1,24,Male,Yes,prereg
1155,a9a9d2cffb98b25a6d252a58,4,3,5,4,description_noiseless,choice_first,A,1,.75,40,10,50,50,10,40,6,0,1,1,36,Male,No,prereg
1155,a9a9d2cffb98b25a6d252a58,4,3,5,4,description_noiseless,choice_first,A,1,.9,50,5,45,45,5,50,6,0,2,0,36,Male,No,prereg
704,aa557b3c9888532c2f643d56,4,3,4,5,sampling_noiseless,beliefs_first,B,1.08,.96,45,0,55,50,5,45,5,1,1,0,23,Female,Yes,prereg
704,aa557b3c9888532c2f643d56,4,3,4,5,sampling_noiseless,beliefs_first,B,.8,1.2,65,0,35,60,0,40,7,0,2,1,23,Female,Yes,prereg
1078,aa5abee36c23f4d073f08e43,4,2,4,4,sampling_noiseless,beliefs_first,A,1,1,45,5,50,50,5,45,6,0,2,1,50,Male,No,prereg
1078,aa5abee36c23f4d073f08e43,4,2,4,4,sampling_noiseless,beliefs_first,B,1,1,48,2,50,49,2,49,6,0,1,0,50,Male,No,prereg
649,aaabfd2adff8669f8b90e124,3,4,4,4,sampling_noiseless,choice_first,B,1,1.2,50,20,30,30,20,50,6,1,2,1,30,Female,DATA_EXPIRED,prereg
649,aaabfd2adff8669f8b90e124,3,4,4,4,sampling_noiseless,choice_first,B,.8,1.04,50,20,30,30,20,50,6,1,1,0,30,Female,DATA_EXPIRED,prereg
997,aadf399e8985c78926bb7e70,4,2,5,5,sampling_noiseless,beliefs_first,B,.42,.5,85,.5,14.5,80,.5,19.5,7,1,1,0,18,Male,Yes,prereg
997,aadf399e8985c78926bb7e70,4,2,5,5,sampling_noiseless,beliefs_first,B,.87,.65,82,1,17,78,1,21,7,1,2,1,18,Male,Yes,prereg
1826,ab34b8acd148fa91aa493726,5,3,5,5,sampling_noiseless,choice_first,A,1,104,20,10,70,20,10,70,6,1,2,0,27,Female,No,prereg
1826,ab34b8acd148fa91aa493726,5,3,5,5,sampling_noiseless,choice_first,A,1,1.5,50,20,30,10,20,70,7,1,1,1,27,Female,No,prereg
688,ab837f7ee8fab954f07e9c3f,5,2,5,4,sampling_noiseless,beliefs_first,B,0,2,30,40,30,20,60,20,7,1,1,0,32,Female,DATA_EXPIRED,prereg
1767,abf414f8ad81ebca66d77f1e,5,1,3,4,description_noiseless,choice_first,B,2,0,0,0,100,0,80,20,5,0,2,0,34,Female,No,prereg
1767,abf414f8ad81ebca66d77f1e,5,1,3,4,description_noiseless,choice_first,B,2,0,0,10,90,0,50,50,7,0,1,1,34,Female,No,prereg
642,abf5903a4f44208c0259d9c2,5,5,5,5,sampling_noiseless,beliefs_first,A,2,1.4,20,40,40,10,40,50,5,0,1,1,22,Male,No,prereg
642,abf5903a4f44208c0259d9c2,5,5,5,5,sampling_noiseless,beliefs_first,B,2,1,30,40,30,20,40,40,7,1,2,0,22,Male,No,prereg
750,ac1b5c46048dacc568033348,3,3,5,5,sampling_noiseless,choice_first,A,1.02,1,49.5,1,49.5,49,1,50,7,1,1,0,30,Male,No,prereg
750,ac1b5c46048dacc568033348,3,3,5,5,sampling_noiseless,choice_first,A,1,1,49.5,1,49.5,49.5,1,49.5,4,0,2,1,30,Male,No,prereg
654,ac2ca5a8ee98771e05fcce09,2,3,3,2,description_noiseless,choice_first,B,.68,1.12,64,.5,35.5,44,.7,55.3,4,1,1,0,28,Male,No,prereg
654,ac2ca5a8ee98771e05fcce09,2,3,3,2,description_noiseless,choice_first,A,.88,.68,34,1.2,64.8,52,1,47,5,0,2,1,28,Male,No,prereg
480,ac919e8e27f2d72ff9c9f67c,2,2,4,4,sampling_noiseless,choice_first,A,1,1.2,20,20,60,20,20,60,6,1,2,0,40,Female,No,prereg
480,ac919e8e27f2d72ff9c9f67c,2,2,4,4,sampling_noiseless,choice_first,A,1,2,30,50,20,30,20,50,6,0,1,1,40,Female,No,prereg
754,ad1529d18d2d6d8d64abdcff,3,3,5,5,description_noiseless,choice_first,B,1,1,30,40,30,30,40,30,4,0,2,0,46,Female,No,prereg
754,ad1529d18d2d6d8d64abdcff,3,3,5,5,description_noiseless,choice_first,B,1,1.25,35,35,30,30,30,40,5,0,1,1,46,Female,No,prereg
704,ad7b49cdb40c3e181f3e3329,2,1,5,2,description_noiseless,choice_first,B,1,1,30,10,60,30,9,61,7,0,2,0,27,Male,Yes,prereg
704,ad7b49cdb40c3e181f3e3329,2,1,5,2,description_noiseless,choice_first,B,1,1,45,10,45,10,0,90,7,0,1,1,27,Male,Yes,prereg
1062,ad8d55fba34d84426299a3c5,2,2,4,3,description_noiseless,choice_first,B,.04,.04,45,10,45,45,10,45,1,0,2,0,33,Female,No,prereg
1062,ad8d55fba34d84426299a3c5,2,2,4,3,description_noiseless,choice_first,B,.9,.9,45,10,45,45,10,45,1,0,1,1,33,Female,No,prereg
707,ad9207910f4d4a45c67c3e7b,4,3,5,5,sampling_noiseless,choice_first,B,1,1.2,49,2,49,48,2,50,7,1,1,0,42,Female,No,prereg
707,ad9207910f4d4a45c67c3e7b,4,3,5,5,sampling_noiseless,choice_first,A,1.2,1,49,2,49,48,2,50,5,1,2,1,42,Female,No,prereg
563,ae0111914e086cd87bb4e8b2,3,3,4,4,sampling_noiseless,choice_first,A,1,2,20,20,60,60,20,20,6,1,1,1,28,Female,Yes,prereg
563,ae0111914e086cd87bb4e8b2,3,3,4,4,sampling_noiseless,choice_first,A,1,1.5,50,25,25,25,25,50,5,1,2,0,28,Female,Yes,prereg
659,ae68b5286c7e832541d26406,3,4,5,5,sampling_noiseless,beliefs_first,A,1.46,1.5,45,10,45,45,10,45,7,1,1,0,19,Male,Yes,prereg
659,ae68b5286c7e832541d26406,3,4,5,5,sampling_noiseless,beliefs_first,A,1.2,1.4,50,5,45,45,5,50,6,1,2,1,19,Male,Yes,prereg
532,af0fb9936d816c1b566db2b2,3,5,4,5,description_noiseless,beliefs_first,B,1,1,45,10,45,45,10,45,3,0,2,1,39,Female,Yes,prereg
532,af0fb9936d816c1b566db2b2,3,5,4,5,description_noiseless,beliefs_first,B,1,1,49,2,49,49,2,49,3,0,1,0,39,Female,Yes,prereg
611,af1748f21a79a63f323654e5,3,3,2,2,description_noiseless,choice_first,A,1,1,45,9,46,45,9,46,4,0,2,1,33,Male,DATA_EXPIRED,prereg
611,af1748f21a79a63f323654e5,3,3,2,2,description_noiseless,choice_first,A,1,1,49,2,49,49,2,49,4,0,1,0,33,Male,DATA_EXPIRED,prereg
666,af58da624c09cb1310c1659d,4,4,5,4,sampling_noiseless,beliefs_first,B,1,1,49,2,49,49,2,49,6,1,1,0,34,Male,No,prereg
666,af58da624c09cb1310c1659d,4,4,5,4,sampling_noiseless,beliefs_first,A,1,1,45,10,45,45,10,45,6,1,2,1,34,Male,No,prereg
1418,af7a4f35c3e8ef2d5f947aec,3,1,5,2,sampling_noiseless,beliefs_first,B,.8,.9,46,0,54,40,0,60,7,1,1,0,41,Female,No,prereg
1418,af7a4f35c3e8ef2d5f947aec,3,1,5,2,sampling_noiseless,beliefs_first,A,1,1.2,50,0,50,30,0,70,7,1,2,1,41,Female,No,prereg
1138,afc1b29afc9d49d5ba86ef4d,4,3,5,2,description_noiseless,beliefs_first,B,1,1,33,34,33,33,34,33,6,0,1,1,31,Male,No,prereg
1138,afc1b29afc9d49d5ba86ef4d,4,3,5,2,description_noiseless,beliefs_first,B,1,1,33,34,33,33,34,33,5,0,2,0,31,Male,No,prereg
656,aff0487e9f56c2c40f642ba4,3,4,4,5,sampling_noiseless,beliefs_first,B,1.2,1.24,50,0,50,50,0,50,7,1,2,0,36,Female,No,prereg
656,aff0487e9f56c2c40f642ba4,3,4,4,5,sampling_noiseless,beliefs_first,B,.6,.8,80,10,10,60,10,30,7,1,1,1,36,Female,No,prereg
597,b01294862d7636f8a91489f0,4,3,4,4,sampling_noiseless,beliefs_first,B,1.5,1,50,0,50,20,0,80,7,1,2,1,46,Female,No,prereg
597,b01294862d7636f8a91489f0,4,3,4,4,sampling_noiseless,beliefs_first,A,1,.8,49,1,50,55,0,45,4,0,1,0,46,Female,No,prereg
456,b0417df2ef077d5a0d9ee620,4,3,5,5,description_noiseless,choice_first,B,1,1,80,10,10,80,10,10,7,1,2,0,32,Female,No,prereg
456,b0417df2ef077d5a0d9ee620,4,3,5,5,description_noiseless,choice_first,B,1,1,80,10,10,80,10,10,7,0,1,1,32,Female,No,prereg
675,b0e681ee052bd0933567070e,3,3,4,4,sampling_noiseless,choice_first,A,1.5,1,75,5,20,15,10,75,6,1,2,1,43,Female,DATA_EXPIRED,prereg
675,b0e681ee052bd0933567070e,3,3,4,4,sampling_noiseless,choice_first,A,2,1.96,50,10,40,20,20,60,6,1,1,0,43,Female,DATA_EXPIRED,prereg
892,b1baac21b6e4b76d8b6c3f07,3,2,4,4,sampling_noiseless,choice_first,B,.65,.45,59.5,1,39.5,39.5,1,59.5,5,1,2,1,23,Male,Yes,prereg
892,b1baac21b6e4b76d8b6c3f07,3,2,4,4,sampling_noiseless,choice_first,B,.7,.74,49.5,1,49.5,49.5,1,49.5,5,1,1,0,23,Male,Yes,prereg
1028,b213a469e9af662ec3393f8d,2,3,5,4,description_noiseless,choice_first,A,1.5,1,50,25,25,40,40,20,6,0,2,0,33,Female,Yes,prereg
1028,b213a469e9af662ec3393f8d,2,3,5,4,description_noiseless,choice_first,A,1.8,1,30,30,40,35,25,40,6,0,1,1,33,Female,Yes,prereg
631,b28bcf68392e975a2200d9b5,3,4,5,4,sampling_noiseless,beliefs_first,B,1,1.2,45,10,45,50,5,45,7,1,1,1,35,Female,No,prereg
631,b28bcf68392e975a2200d9b5,3,4,5,4,sampling_noiseless,beliefs_first,A,1.04,1,50,5,45,60,5,35,7,1,2,0,35,Female,No,prereg
1175,b302eb068b17eaf924f90099,4,3,4,3,description_noiseless,beliefs_first,B,1,1,45,10,45,47,6,47,6,1,1,0,27,Female,Yes,prereg
1175,b302eb068b17eaf924f90099,4,3,4,3,description_noiseless,beliefs_first,B,1,1,45,10,45,48,4,48,6,1,2,1,27,Female,Yes,prereg
411,b308e743355b5c9438cda8b1,5,3,5,5,sampling_noiseless,choice_first,B,1,1.2,60,10,30,35,5,60,7,1,1,1,20,Female,Yes,prereg
411,b308e743355b5c9438cda8b1,5,3,5,5,sampling_noiseless,choice_first,A,1.28,1.24,35,5,60,35,5,60,7,1,2,0,20,Female,Yes,prereg
755,b40b6572251b2aed827797e3,2,3,4,4,description_noiseless,beliefs_first,A,1.6,1.2,25,25,50,30,30,40,6,0,2,0,38,Male,No,prereg
755,b40b6572251b2aed827797e3,2,3,4,4,description_noiseless,beliefs_first,B,1.2,1,20,10,70,25,15,60,6,0,1,1,38,Male,No,prereg
1787,b60926794908cea750cdd574,4,3,5,3,description_noiseless,beliefs_first,B,1,.85,47.04,1.96,51,51,1.96,47.04,7,0,1,0,33,Male,No,prereg
1787,b60926794908cea750cdd574,4,3,5,3,description_noiseless,beliefs_first,A,1,.85,45.5,9,45.5,45.5,9,45.5,6,0,2,1,33,Male,No,prereg
650,b6db1668d86c040150943cd5,3,2,4,4,sampling_noiseless,choice_first,B,.95,1,60,20,20,50,20,30,4,0,1,0,37,Female,No,prereg
650,b6db1668d86c040150943cd5,3,2,4,4,sampling_noiseless,choice_first,A,.5,.8,80,0,20,70,0,30,5,1,2,1,37,Female,No,prereg
1797,b6f379e92aac10faf9d4ae87,4,4,5,4,description_noiseless,choice_first,B,1.05,2,30,20,50,20,50,30,6,0,2,1,49,Female,Yes,prereg
1797,b6f379e92aac10faf9d4ae87,4,4,5,4,description_noiseless,choice_first,B,2,.8,20,30,50,50,30,20,6,0,1,0,49,Female,Yes,prereg
649,b772d578fdd0e82118e4021c,4,3,5,5,description_noiseless,beliefs_first,A,1,1,45,10,45,45,10,45,6,1,1,1,36,Female,No,prereg
649,b772d578fdd0e82118e4021c,4,3,5,5,description_noiseless,beliefs_first,A,1,1,49,2,49,49,2,49,7,1,2,0,36,Female,No,prereg
924,b77e4e64f4ba5e1c1bcd12c0,4,4,4,5,sampling_noiseless,choice_first,B,.5,.6,30,40,30,30,30,40,5,1,1,1,61,Male,No,prereg
924,b77e4e64f4ba5e1c1bcd12c0,4,4,4,5,sampling_noiseless,choice_first,A,1.1,1,50,0,50,50,0,50,5,0,2,0,61,Male,No,prereg
609,b817deedb9f1818965eb35d3,5,1,5,5,sampling_noiseless,choice_first,B,.5,1,30,20,50,50,10,40,4,0,2,0,31,Female,No,prereg
609,b817deedb9f1818965eb35d3,5,1,5,5,sampling_noiseless,choice_first,B,.8,2,20,60,20,10,30,60,4,1,1,1,31,Female,No,prereg
1147,b882cddc9e99d3b701f0fbf9,3,2,4,4,sampling_noiseless,beliefs_first,B,1,1,10,80,10,10,80,10,4,1,2,1,54,Male,No,prereg
1147,b882cddc9e99d3b701f0fbf9,3,2,4,4,sampling_noiseless,beliefs_first,B,1,1,50,2,48,52,2,46,7,0,1,0,54,Male,No,prereg
1082,b8adbfce657986ac1ff348fb,4,2,3,5,sampling_noiseless,beliefs_first,A,.6,1,60,10,30,30,20,50,6,1,1,1,42,Female,DATA_EXPIRED,prereg
1082,b8adbfce657986ac1ff348fb,4,2,3,5,sampling_noiseless,beliefs_first,B,1.3,.8,40,10,50,30,10,60,6,1,2,0,42,Female,DATA_EXPIRED,prereg
629,b8cb84266c991b382cd3f705,5,2,2,2,description_noiseless,choice_first,B,1.2,1.25,0,0,100,0,0,100,6,1,2,1,28,Male,No,prereg
629,b8cb84266c991b382cd3f705,5,2,2,2,description_noiseless,choice_first,A,1.02,1,0,0,100,0,0,100,6,0,1,0,28,Male,No,prereg
1398,b8f22969993f0d04085278b6,4,2,4,3,sampling_noiseless,choice_first,B,.8,.9,45,10,45,45,10,45,4,1,2,0,51,Female,No,prereg
1398,b8f22969993f0d04085278b6,4,2,4,3,sampling_noiseless,choice_first,B,.9,.9,33.4,33.3,33.3,33.4,33.3,33.3,4,1,1,1,51,Female,No,prereg
836,b95b290b69efd79617f6ee95,3,3,4,2,sampling_noiseless,choice_first,B,1.4,1.3,75,0,25,40,0,60,4,0,2,0,62,Male,No,prereg
836,b95b290b69efd79617f6ee95,3,3,4,2,sampling_noiseless,choice_first,A,.8,1.4,60,10,30,20,10,70,7,1,1,1,62,Male,No,prereg
618,b9e731dbea09dc00beb84c4f,2,1,4,4,sampling_noiseless,beliefs_first,B,1,2,40,30,30,20,50,30,5,1,1,1,37,Female,DATA_EXPIRED,prereg
618,b9e731dbea09dc00beb84c4f,2,1,4,4,sampling_noiseless,beliefs_first,B,1,1,40,10,50,10,20,70,5,1,2,0,37,Female,DATA_EXPIRED,prereg
1341,ba4b983885850e0ceb2d4a44,2,2,4,2,description_noiseless,beliefs_first,B,1,1,45,10,45,45,10,45,7,0,2,1,61,Female,No,prereg
1341,ba4b983885850e0ceb2d4a44,2,2,4,2,description_noiseless,beliefs_first,B,1,.9,50,2,48,49,2,49,7,0,1,0,61,Female,No,prereg
671,bac77f995db0f62fffad60ad,1,4,5,5,description_noiseless,choice_first,A,.8,.8,47,6,47,47,6,47,6,1,1,1,21,Male,Yes,prereg
671,bac77f995db0f62fffad60ad,1,4,5,5,description_noiseless,choice_first,B,.9,.9,49,2,49,49,2,49,7,0,2,0,21,Male,Yes,prereg
710,badd409d08a79601d47a2c37,2,3,5,3,description_noiseless,beliefs_first,B,.4,.3,40,20,40,50,20,30,7,0,2,1,37,Male,No,prereg
710,badd409d08a79601d47a2c37,2,3,5,3,description_noiseless,beliefs_first,B,.4,.3,49,2,49,49,2,49,7,0,1,0,37,Male,No,prereg
835,bb0a927aec0cf2d97cfdc41c,3,2,5,5,description_noiseless,beliefs_first,A,2,0,40,20,40,40,20,40,7,0,1,0,55,Female,No,prereg
835,bb0a927aec0cf2d97cfdc41c,3,2,5,5,description_noiseless,beliefs_first,B,0,2,45.5,9,45.5,45.5,9,45.5,7,0,2,1,55,Female,No,prereg
778,bb2a8271913667e2d5a528b5,4,4,4,4,sampling_noiseless,beliefs_first,A,.82,.71,75,1,24,70,1,29,6,1,2,1,56,Male,No,prereg
778,bb2a8271913667e2d5a528b5,4,4,4,4,sampling_noiseless,beliefs_first,B,.51,.55,95,1,4,91,1,8,6,1,1,0,56,Male,No,prereg
555,bb33488d5085bbbd61642944,2,3,4,4,sampling_noiseless,choice_first,A,1.16,1.2,60,0,40,40,0,60,7,1,2,0,31,Male,No,prereg
555,bb33488d5085bbbd61642944,2,3,4,4,sampling_noiseless,choice_first,A,.7,.9,70,0,30,30,0,70,6,1,1,1,31,Male,No,prereg
769,bb3db84eab919e11b4bbc262,4,4,3,2,description_noiseless,choice_first,B,.9,1,50,1,49,49,2,49,6,0,1,0,57,Male,No,prereg
769,bb3db84eab919e11b4bbc262,4,4,3,2,description_noiseless,choice_first,A,.8,1,45,10,45,60,10,30,6,1,2,1,57,Male,No,prereg
1009,bc7c41143e0c77583ad78794,4,3,2,3,description_noiseless,choice_first,A,2,1,15,35,50,10,60,30,6,0,2,0,54,Female,No,prereg
1009,bc7c41143e0c77583ad78794,4,3,2,3,description_noiseless,choice_first,A,2,2,15,25,60,20,30,50,7,0,1,1,54,Female,No,prereg
767,bc88f04da0e5f9d0e2ed9626,2,3,4,4,description_noiseless,beliefs_first,B,1,.7,49,1,50,51,1,48,4,0,1,0,60,Female,No,prereg
767,bc88f04da0e5f9d0e2ed9626,2,3,4,4,description_noiseless,beliefs_first,B,1,.75,40,10,50,60,10,30,4,0,2,1,60,Female,No,prereg
774,bcdae254127eb2d4da6830cb,3,3,5,4,description_noiseless,beliefs_first,B,1,1,45.5,9,45.5,45.5,9,45.5,1,0,1,1,51,Female,No,prereg
774,bcdae254127eb2d4da6830cb,3,3,5,4,description_noiseless,beliefs_first,B,1,1,49.5,1,49.5,49.5,1,49.5,4,1,2,0,51,Female,No,prereg
1029,bd230aa1df347aa0f79d54e9,2,3,4,4,description_noiseless,beliefs_first,A,1,1,45,10,45,45,10,45,1,0,2,0,55,Female,No,prereg
1029,bd230aa1df347aa0f79d54e9,2,3,4,4,description_noiseless,beliefs_first,A,1,1,45,10,45,45,10,45,1,0,1,1,55,Female,No,prereg
471,bd2b65106a04c786066735c8,5,4,4,4,sampling_noiseless,beliefs_first,B,1,1,49,2,49,49,2,49,7,1,1,0,27,Male,No,prereg
471,bd2b65106a04c786066735c8,5,4,4,4,sampling_noiseless,beliefs_first,B,1,1,50,0,50,50,0,50,5,0,2,1,27,Male,No,prereg
773,bdff783a63414ce443975bd5,4,4,3,5,description_noiseless,choice_first,B,1,1,49.75,.5,49.75,49.75,.5,49.75,1,1,2,1,21,Female,Yes,prereg
773,bdff783a63414ce443975bd5,4,4,3,5,description_noiseless,choice_first,B,1,1,49.75,.5,49.75,49.75,.5,49.75,1,1,1,0,21,Female,Yes,prereg
593,be1b358373180d4b4675b755,2,2,1,4,sampling_noiseless,choice_first,A,2,1,70,10,20,40,10,50,7,1,1,1,34,Male,DATA_EXPIRED,prereg
593,be1b358373180d4b4675b755,2,2,1,4,sampling_noiseless,choice_first,B,1.1,1.2,60,10,30,50,10,40,7,1,2,0,34,Male,DATA_EXPIRED,prereg
678,be4fa0542b2c7754a166b8a0,4,3,3,2,sampling_noiseless,beliefs_first,A,1.4,1.2,30,10,60,30,10,60,7,1,2,1,30,Male,No,prereg
678,be4fa0542b2c7754a166b8a0,4,3,3,2,sampling_noiseless,beliefs_first,B,1.5,1.7,20,30,50,30,20,50,5,0,1,0,30,Male,No,prereg
1992,be5fc1b5a5eba4cffdbcea18,2,2,4,3,description_noiseless,choice_first,A,1,1.2,50,2,48,50,2,48,5,1,2,1,34,Female,DATA_EXPIRED,prereg
1992,be5fc1b5a5eba4cffdbcea18,2,2,4,3,description_noiseless,choice_first,A,1,1,49,2,49,49,2,49,5,0,1,0,34,Female,DATA_EXPIRED,prereg
670,beaa55b48e0e927d39c6c413,4,3,4,3,description_noiseless,choice_first,A,1.2,1,50,2,48,20,1,79,4,1,2,0,25,Male,No,prereg
670,beaa55b48e0e927d39c6c413,4,3,4,3,description_noiseless,choice_first,A,1,1.2,40,10,50,30,40,30,5,1,1,1,25,Male,No,prereg
664,bf46d0ff0554a93d77355184,5,4,5,5,sampling_noiseless,choice_first,A,1,1.2,30,10,60,20,10,70,6,1,2,1,37,Male,DATA_EXPIRED,prereg
664,bf46d0ff0554a93d77355184,5,4,5,5,sampling_noiseless,choice_first,B,1.4,1.44,14,4,82,10,0,90,7,1,1,0,37,Male,DATA_EXPIRED,prereg
590,c04c8cc734b6a7612927e2e1,2,3,4,2,sampling_noiseless,choice_first,B,1.2,1.3,25,0,75,25,0,75,5,1,1,1,42,Male,DATA_EXPIRED,prereg
590,c04c8cc734b6a7612927e2e1,2,3,4,2,sampling_noiseless,choice_first,A,.96,1,51,0,49,49,0,51,5,1,2,0,42,Male,DATA_EXPIRED,prereg
1435,c0b21a335f54e21ad6b410f7,4,2,5,3,description_noiseless,beliefs_first,B,1,1,45.5,9,45.5,45.5,9,45.5,7,1,2,0,48,Female,No,prereg
1435,c0b21a335f54e21ad6b410f7,4,2,5,3,description_noiseless,beliefs_first,A,1,1,45.5,9,45.5,45.5,9,45.5,7,1,1,1,48,Female,No,prereg
700,c12512f010d0fb9360d4e9e6,1,5,4,2,description_noiseless,beliefs_first,B,1,.5,60,20,20,80,5,15,2,1,2,0,28,Female,No,prereg
700,c12512f010d0fb9360d4e9e6,1,5,4,2,description_noiseless,beliefs_first,A,2,.8,70,10,20,80,15,5,3,0,1,1,28,Female,No,prereg
392,c129a94accc26d2793d9fb7b,5,4,5,5,description_noiseless,choice_first,A,.8,1,50,5,45,50,5,45,7,0,1,0,26,Male,No,prereg
392,c129a94accc26d2793d9fb7b,5,4,5,5,description_noiseless,choice_first,A,.75,1,50,5,45,50,5,45,5,1,2,1,26,Male,No,prereg
728,c1909c942f3f5353ffb4ac89,5,1,2,1,description_noiseless,choice_first,B,.4,.3,40,2,58,42,2,56,6,1,2,0,23,Male,No,prereg
728,c1909c942f3f5353ffb4ac89,5,1,2,1,description_noiseless,choice_first,A,1.25,1.5,40,10,50,50,10,40,7,0,1,1,23,Male,No,prereg
634,c1c4793b9baf3bff50c457a2,3,2,4,3,description_noiseless,choice_first,B,1,1.25,50,20,30,30,20,50,6,0,1,1,33,Male,Yes,prereg
634,c1c4793b9baf3bff50c457a2,3,2,4,3,description_noiseless,choice_first,B,1.25,1.2,20,30,50,30,50,20,6,1,2,0,33,Male,Yes,prereg
1242,c1cfda843d5d31f876831c28,5,4,5,5,sampling_noiseless,choice_first,A,.8,1,70,20,10,20,70,10,6,1,1,0,50,Female,Yes,prereg
1242,c1cfda843d5d31f876831c28,5,4,5,5,sampling_noiseless,choice_first,A,.9,1.1,20,30,50,60,20,20,7,1,2,1,50,Female,Yes,prereg
947,c22113e61f6126ed824b8550,4,3,4,2,sampling_noiseless,choice_first,A,1,.9,60,10,30,50,10,40,5,1,1,1,39,Male,No,prereg
947,c22113e61f6126ed824b8550,4,3,4,2,sampling_noiseless,choice_first,A,1.3,1.26,20,2,78,25,10,65,2,0,2,0,39,Male,No,prereg
791,c224d01904a49b1d2a1d0ff9,1,3,4,5,description_noiseless,beliefs_first,B,1,1,45,10,45,45,10,45,1,1,2,0,35,Male,DATA_EXPIRED,prereg
791,c224d01904a49b1d2a1d0ff9,1,3,4,5,description_noiseless,beliefs_first,A,1,1,45,10,45,45,10,45,1,1,1,1,35,Male,DATA_EXPIRED,prereg
613,c2816aa294ee2e0c21c48fa8,3,2,4,4,description_noiseless,choice_first,B,1,1,49,2,49,49,2,49,2,1,1,1,25,Female,No,prereg
613,c2816aa294ee2e0c21c48fa8,3,2,4,4,description_noiseless,choice_first,B,1,1,49,2,49,49,2,49,1,0,2,0,25,Female,No,prereg
990,c2fdd8cd489fc44c45f8b64c,3,1,4,4,sampling_noiseless,choice_first,B,1,1,45,10,45,45,10,45,7,1,2,1,33,Male,No,prereg
990,c2fdd8cd489fc44c45f8b64c,3,1,4,4,sampling_noiseless,choice_first,A,1.4,1.3,47,6,47,45,10,45,7,1,1,0,33,Male,No,prereg
614,c3ade0178d9096fedaf570d9,4,2,3,3,sampling_noiseless,beliefs_first,B,1,.98,47,2,51,51,2,47,6,1,2,0,37,Male,DATA_EXPIRED,prereg
614,c3ade0178d9096fedaf570d9,4,2,3,3,sampling_noiseless,beliefs_first,A,1.05,.85,41,8,51,51,8,41,2,0,1,1,37,Male,DATA_EXPIRED,prereg
1237,c3be4cd6e4e154dda13b09b5,5,4,4,4,description_noiseless,beliefs_first,A,1.1,1,0,50,50,50,50,0,7,0,2,1,35,Male,DATA_EXPIRED,prereg
1237,c3be4cd6e4e154dda13b09b5,5,4,4,4,description_noiseless,beliefs_first,A,1.02,.98,20,40,40,60,30,10,7,0,1,0,35,Male,DATA_EXPIRED,prereg
2909,c45bfb5572d80a62514c6604,4,2,4,4,description_noiseless,beliefs_first,A,1,2,25,50,25,50,25,25,4,0,1,1,62,Female,DATA_EXPIRED,prereg
2909,c45bfb5572d80a62514c6604,4,2,4,4,description_noiseless,beliefs_first,A,1,2,20,30,50,25,50,25,5,0,2,0,62,Female,DATA_EXPIRED,prereg
2046,c4b8bcccc0fd176ced5f5b0b,3,2,4,3,sampling_noiseless,beliefs_first,B,.5,1.5,90,0,10,75,0,25,6,1,2,1,65,Female,No,prereg
2046,c4b8bcccc0fd176ced5f5b0b,3,2,4,3,sampling_noiseless,beliefs_first,B,.75,1.25,75,10,15,85,5,10,6,1,1,0,65,Female,No,prereg
491,c56279e291002ca09a4b4e30,3,4,3,4,description_noiseless,choice_first,A,1.1,1,45,10,45,45,10,45,5,1,1,1,38,Female,DATA_EXPIRED,prereg
491,c56279e291002ca09a4b4e30,3,4,3,4,description_noiseless,choice_first,B,1.02,1,49,2,49,49,2,49,6,1,2,0,38,Female,DATA_EXPIRED,prereg
771,c5cd7cf24a45a7f283556b47,1,2,4,4,description_noiseless,beliefs_first,A,.18,.2,10,10,80,80,10,10,7,0,1,1,42,Female,No,prereg
771,c5cd7cf24a45a7f283556b47,1,2,4,4,description_noiseless,beliefs_first,B,1,.75,5,5,90,90,5,5,7,1,2,0,42,Female,No,prereg
405,c6264475d2dd8964db157302,4,3,5,5,sampling_noiseless,choice_first,B,1.2,1.4,50,5,45,10,30,60,6,1,1,1,34,Male,No,prereg
405,c6264475d2dd8964db157302,4,3,5,5,sampling_noiseless,choice_first,A,1.4,1,20,10,70,10,10,80,7,1,2,0,34,Male,No,prereg
873,c689aae6fec2024d6341e984,2,1,5,3,description_noiseless,beliefs_first,A,1,.8,0,100,0,100,0,0,5,0,2,0,30,Male,No,prereg
873,c689aae6fec2024d6341e984,2,1,5,3,description_noiseless,beliefs_first,A,1,.8,0,100,0,100,0,0,4,0,1,1,30,Male,No,prereg
1031,c6a858400bd89e6d31b5aede,3,2,4,4,sampling_noiseless,choice_first,B,1.2,1.4,10,0,90,5,0,95,4,1,2,1,39,Female,DATA_EXPIRED,prereg
1031,c6a858400bd89e6d31b5aede,3,2,4,4,sampling_noiseless,choice_first,B,1.3,1.35,40,1,59,35,1,64,6,1,1,0,39,Female,DATA_EXPIRED,prereg
470,c6e8a124869ba778e62ede97,3,2,2,2,description_noiseless,choice_first,A,1,1,49,2,49,49,2,49,1,0,2,1,30,Female,No,prereg
470,c6e8a124869ba778e62ede97,3,2,2,2,description_noiseless,choice_first,A,1,1,49,2,49,49,2,49,7,0,1,0,30,Female,No,prereg
723,c6f39a44a0ef2295dcc3778f,2,2,4,4,description_noiseless,choice_first,A,2,0,0,0,100,100,0,0,7,0,1,1,60,Female,No,prereg
723,c6f39a44a0ef2295dcc3778f,2,2,4,4,description_noiseless,choice_first,B,0,2,0,0,100,100,0,0,7,0,2,0,60,Female,No,prereg
512,c7bf58e3cc70fbbe590fb0d7,4,4,3,3,sampling_noiseless,choice_first,B,.99,.96,49,1,50,50,0,50,6,1,1,0,38,Male,No,prereg
512,c7bf58e3cc70fbbe590fb0d7,4,4,3,3,sampling_noiseless,choice_first,A,.9,1,40,10,50,40,10,50,5,1,2,1,38,Male,No,prereg
378,c7eca9462794f97739e17fe5,2,3,3,2,description_noiseless,choice_first,B,1,1.25,45,10,45,45,10,45,7,0,2,0,43,Male,Yes,prereg
378,c7eca9462794f97739e17fe5,2,3,3,2,description_noiseless,choice_first,B,1,1.25,50,10,40,35,20,45,6,0,1,1,43,Male,Yes,prereg
1028,c8051569d23cf93a22888fce,4,2,2,2,description_noiseless,choice_first,A,1,1,20,30,50,10,30,60,6,1,2,0,26,Male,No,prereg
1028,c8051569d23cf93a22888fce,4,2,2,2,description_noiseless,choice_first,B,1,1.2,20,30,50,10,30,60,5,1,1,1,26,Male,No,prereg
620,c9067a8845fd5b3f7e577b2e,3,3,4,4,description_noiseless,beliefs_first,A,1,1,25,50,25,25,50,25,4,0,2,0,49,Female,DATA_EXPIRED,prereg
620,c9067a8845fd5b3f7e577b2e,3,3,4,4,description_noiseless,beliefs_first,B,.75,1,44.5,11,44.5,45.5,9,45.5,4,0,1,1,49,Female,DATA_EXPIRED,prereg
989,c912648bcb33074656cdb103,4,4,4,3,sampling_noiseless,beliefs_first,B,1.2,1.4,18,2,80,8,2,90,7,1,1,1,60,Female,No,prereg
989,c912648bcb33074656cdb103,4,4,4,3,sampling_noiseless,beliefs_first,B,.9399999999999999,.98,60,10,30,55,10,35,7,1,2,0,60,Female,No,prereg
283,c9380f1f099d97883cde9e35,3,4,4,3,description_noiseless,choice_first,B,1,1,25,50,25,25,50,25,5,0,2,1,30,Female,No,prereg
283,c9380f1f099d97883cde9e35,3,4,4,3,description_noiseless,choice_first,B,1,1,25,50,25,25,50,25,4,0,1,0,30,Female,No,prereg
839,cac7e7be54af880da85983c3,4,3,5,5,description_noiseless,beliefs_first,A,1,.98,49,2,49,51,2,47,6,0,1,0,26,Male,No,prereg
839,cac7e7be54af880da85983c3,4,3,5,5,description_noiseless,beliefs_first,A,1,.82,45.5,9,45.5,54.5,9,36.5,7,0,2,1,26,Male,No,prereg
994,cad3b2cfdb432560dcbcbe79,4,3,3,2,sampling_noiseless,choice_first,A,1.5,1.54,5,10,85,0,0,100,6,1,2,0,28,Male,DATA_EXPIRED,prereg
994,cad3b2cfdb432560dcbcbe79,4,3,3,2,sampling_noiseless,choice_first,A,1,1.4,20,50,30,10,10,80,6,1,1,1,28,Male,DATA_EXPIRED,prereg
573,cae171db59152aef3a19e8f2,4,2,4,4,sampling_noiseless,choice_first,B,1,1,75,0,25,75,0,25,5,1,2,1,34,Female,Yes,prereg
573,cae171db59152aef3a19e8f2,4,2,4,4,sampling_noiseless,choice_first,A,1,2,50,25,25,50,25,25,6,1,1,0,34,Female,Yes,prereg
1274,caf42801a963d09ad2ea8948,3,3,4,3,sampling_noiseless,choice_first,A,1.8,1.3,20,30,50,30,30,40,5,0,1,0,35,Male,DATA_EXPIRED,prereg
1274,caf42801a963d09ad2ea8948,3,3,4,3,sampling_noiseless,choice_first,B,1.2,.3,20,20,60,40,30,30,6,1,2,1,35,Male,DATA_EXPIRED,prereg
376,caf4fb6c9183b56c082e023b,4,3,4,4,sampling_noiseless,beliefs_first,A,1,1.5,20,30,50,30,20,50,4,0,2,1,30,Female,Yes,prereg
376,caf4fb6c9183b56c082e023b,4,3,4,4,sampling_noiseless,beliefs_first,A,1,1.5,30,20,50,20,20,60,7,1,1,0,30,Female,Yes,prereg
1059,cb2d08d2c95f52afb78fd988,1,1,3,3,description_noiseless,beliefs_first,A,1,1,46,8,46,46,8,46,4,1,2,1,62,Female,DATA_EXPIRED,prereg
1059,cb2d08d2c95f52afb78fd988,1,1,3,3,description_noiseless,beliefs_first,B,1,1,49,2,49,49,2,49,4,1,1,0,62,Female,DATA_EXPIRED,prereg
1334,cbb082e7f14d142486961c87,3,2,4,3,description_noiseless,beliefs_first,B,1,.75,40,10,50,50,10,40,2,0,1,1,42,Female,No,prereg
1334,cbb082e7f14d142486961c87,3,2,4,3,description_noiseless,beliefs_first,A,1,1,50,10,40,50,10,40,2,1,2,0,42,Female,No,prereg
863,cc1948b4de570b573146b048,3,3,4,4,sampling_noiseless,beliefs_first,A,1.36,1.4,60,0,40,60,0,40,6,1,2,0,89,Female,DATA_EXPIRED,prereg
863,cc1948b4de570b573146b048,3,3,4,4,sampling_noiseless,beliefs_first,A,1,1.2,60,10,30,40,10,50,7,1,1,1,89,Female,DATA_EXPIRED,prereg
723,cc366d007afea4036162c8b4,3,2,5,3,sampling_noiseless,beliefs_first,B,1.5,1.8,20,10,70,20,10,70,6,1,2,0,28,Female,No,prereg
723,cc366d007afea4036162c8b4,3,2,5,3,sampling_noiseless,beliefs_first,B,1,1.1,40,10,50,50,10,40,4,0,1,1,28,Female,No,prereg
1039,cca97a78118dc01423037129,2,1,4,4,sampling_noiseless,choice_first,B,2,2,45,10,45,35,10,55,6,1,2,1,42,Male,No,prereg
1039,cca97a78118dc01423037129,2,1,4,4,sampling_noiseless,choice_first,A,.82,1.05,85,1,14,45,3,52,7,1,1,0,42,Male,No,prereg
1212,ccf8c9b2c6ea763314413af4,4,2,5,3,sampling_noiseless,beliefs_first,B,.7,.75,80,1,19,75,1,24,4,1,1,0,27,Female,DATA_EXPIRED,prereg
1212,ccf8c9b2c6ea763314413af4,4,2,5,3,sampling_noiseless,beliefs_first,B,1.3,1.2,40,5,55,35,5,60,4,0,2,1,27,Female,DATA_EXPIRED,prereg
886,ccfc6990db33ce52eecfb022,4,3,4,3,description_noiseless,choice_first,A,1,1,40,30,30,50,20,30,6,0,2,1,36,Male,No,prereg
886,ccfc6990db33ce52eecfb022,4,3,4,3,description_noiseless,choice_first,B,1,1,40,30,30,30,40,30,6,0,1,0,36,Male,No,prereg
764,cda2d8510ade9935c954b041,2,1,5,5,sampling_noiseless,beliefs_first,A,1,1,30,5,65,30,0,70,3,1,1,0,38,Female,No,prereg
764,cda2d8510ade9935c954b041,2,1,5,5,sampling_noiseless,beliefs_first,B,1,1,48,4,48,46,4,50,3,1,2,1,38,Female,No,prereg
532,cec8fcd358e925d9a6a114d0,3,3,4,3,sampling_noiseless,beliefs_first,B,1,1,45,10,45,45,10,45,6,1,2,0,27,Female,No,prereg
532,cec8fcd358e925d9a6a114d0,3,3,4,3,sampling_noiseless,beliefs_first,A,.2,1,85,5,10,25,10,65,6,1,1,1,27,Female,No,prereg
541,cf1b67662908305d2b7e5fda,3,4,3,4,description_noiseless,beliefs_first,B,1,1,40,20,40,40,20,40,6,0,2,0,26,Male,No,prereg
541,cf1b67662908305d2b7e5fda,3,4,3,4,description_noiseless,beliefs_first,B,1,1,50,10,40,40,10,50,7,0,1,1,26,Male,No,prereg
855,cf1e1cdcb343c0f77d57a09f,3,2,4,4,sampling_noiseless,beliefs_first,A,1.2,1,50,2,48,51,2,47,6,1,2,1,38,Female,DATA_EXPIRED,prereg
855,cf1e1cdcb343c0f77d57a09f,3,2,4,4,sampling_noiseless,beliefs_first,B,2,1.6,52,2,46,55,4,41,6,1,1,0,38,Female,DATA_EXPIRED,prereg
785,cf63ce04519a2f6b0cde9761,3,4,4,3,description_noiseless,beliefs_first,A,1,1,45.5,9,45.5,45.5,9,45.5,7,1,2,1,27,Male,No,prereg
785,cf63ce04519a2f6b0cde9761,3,4,4,3,description_noiseless,beliefs_first,B,1,1,49.05,1.9,49.05,49.05,1.9,49.05,7,0,1,0,27,Male,No,prereg
2012,cf8088eb5bad87bd64f9f80f,4,3,4,4,sampling_noiseless,beliefs_first,A,1,1,50,25,25,35,55,10,5,1,2,0,33,Male,No,prereg
2012,cf8088eb5bad87bd64f9f80f,4,3,4,4,sampling_noiseless,beliefs_first,B,1,1,30,20,50,50,20,30,5,0,1,1,33,Male,No,prereg
577,d0ea2b1718055b454a070ab3,4,3,4,4,sampling_noiseless,beliefs_first,B,1.2,1.8,60,0,40,30,10,60,5,1,1,1,42,Female,No,prereg
577,d0ea2b1718055b454a070ab3,4,3,4,4,sampling_noiseless,beliefs_first,B,.8,120,70,10,20,30,10,60,5,1,2,0,42,Female,No,prereg
878,d1416d947f33c641491d4f76,2,2,3,3,description_noiseless,beliefs_first,B,1,1,45.5,9,45.5,45.5,9,45.5,1,1,2,0,37,Male,No,prereg
878,d1416d947f33c641491d4f76,2,2,3,3,description_noiseless,beliefs_first,B,1,1,45.5,9,45.5,45.5,9,45.5,1,1,1,1,37,Male,No,prereg
684,d173bb2b2349032596209a0f,3,2,4,4,description_noiseless,beliefs_first,A,1,1,25,55,20,20,45,35,6,1,2,1,62,Male,No,prereg
684,d173bb2b2349032596209a0f,3,2,4,4,description_noiseless,beliefs_first,B,1,1,26,26,48,32,32,36,7,0,1,0,62,Male,No,prereg
1900,d1bfb2945b4b499ff4c18bf0,4,3,5,5,sampling_noiseless,beliefs_first,B,1.09,1.05,49,0,51,51,0,49,7,1,2,0,66,Male,No,prereg
1900,d1bfb2945b4b499ff4c18bf0,4,3,5,5,sampling_noiseless,beliefs_first,A,1.5,1.7,40,8,52,40,8,52,7,1,1,1,66,Male,No,prereg
778,d20498a73a0634cf881db7de,4,3,3,3,description_noiseless,choice_first,A,0,2,0,0,100,0,0,100,7,0,2,0,31,Female,No,prereg
778,d20498a73a0634cf881db7de,4,3,3,3,description_noiseless,choice_first,A,2,0,0,0,100,0,0,100,7,0,1,1,31,Female,No,prereg
567,d38c8a80e7f949a2de85f7d4,1,1,5,5,description_noiseless,choice_first,B,1,1,33,34,33,33,34,33,5,1,1,1,41,Female,No,prereg
567,d38c8a80e7f949a2de85f7d4,1,1,5,5,description_noiseless,choice_first,A,2,0,50,25,25,25,25,50,4,1,2,0,41,Female,No,prereg
522,d3bba01d5f7198fbc594bf1e,4,4,4,3,description_noiseless,choice_first,B,1,1,33,33,34,33,33,34,6,0,2,0,29,Male,No,prereg
522,d3bba01d5f7198fbc594bf1e,4,4,4,3,description_noiseless,choice_first,B,1,1,33,33,34,33,33,34,6,0,1,1,29,Male,No,prereg
374,d3c7191d61a4723da4c37fe7,,,,,description_noiseless,choice_first,A,2,1,33,33,34,33,33,34,3,1,1,0,59,Female,DATA_EXPIRED,prereg
989,d3d2f8a55f8ef6eeed91aabf,4,4,3,4,sampling_noiseless,choice_first,A,.6,.75,40,35,25,35,35,30,6,1,2,1,28,Male,Yes,prereg
989,d3d2f8a55f8ef6eeed91aabf,4,4,3,4,sampling_noiseless,choice_first,B,.9,1,35,35,30,25,40,35,6,1,1,0,28,Male,Yes,prereg
622,d3f60ae617515c651782aeaf,3,4,5,4,sampling_noiseless,beliefs_first,B,.8,.84,75,5,20,73,5,22,6,1,1,0,31,Female,No,prereg
622,d3f60ae617515c651782aeaf,3,4,5,4,sampling_noiseless,beliefs_first,A,1,1.2,47,6,47,44,6,50,6,1,2,1,31,Female,No,prereg
1170,d4a4779dc4c14f4fae8ef416,3,2,4,2,sampling_noiseless,beliefs_first,B,1.04,1,49,1,50,50,1,49,6,1,1,0,33,Male,No,prereg
1170,d4a4779dc4c14f4fae8ef416,3,2,4,2,sampling_noiseless,beliefs_first,A,1,1,50,9,41,41,9,50,6,1,2,1,33,Male,No,prereg
642,d4bcc9f801259afd1512bccd,2,3,3,4,sampling_noiseless,choice_first,A,1,1.04,25,1,74,20,1,79,7,1,1,0,62,Female,No,prereg
642,d4bcc9f801259afd1512bccd,2,3,3,4,sampling_noiseless,choice_first,B,1.05,1,60,0,40,35,0,65,7,1,2,1,62,Female,No,prereg
722,d53efff7d5cbafb4f14020b7,3,3,5,5,sampling_noiseless,choice_first,A,1.1,1,60,10,30,40,10,50,5,0,1,1,52,Male,No,prereg
722,d53efff7d5cbafb4f14020b7,3,3,5,5,sampling_noiseless,choice_first,A,1,1.04,50,0,50,45,0,55,5,1,2,0,52,Male,No,prereg
3372,d600ef257f54928aba255b14,4,2,5,5,description_noiseless,choice_first,A,1,.8,10,30,60,60,30,10,4,0,1,0,33,Male,Yes,prereg
3372,d600ef257f54928aba255b14,4,2,5,5,description_noiseless,choice_first,B,.7,1,5,25,70,70,25,5,6,0,2,1,33,Male,Yes,prereg
638,d628e8f6be3f6c498742383f,4,4,5,3,description_noiseless,choice_first,A,1,1,49,2,49,49,2,49,1,0,2,0,27,Male,No,prereg
638,d628e8f6be3f6c498742383f,4,4,5,3,description_noiseless,choice_first,B,1,1,45,10,45,45,10,45,1,1,1,1,27,Male,No,prereg
681,d66ccc4cb67629b6fe73714e,3,2,4,4,sampling_noiseless,choice_first,B,.8,1.2,70,5,25,60,10,30,4,1,1,1,29,Female,No,prereg
681,d66ccc4cb67629b6fe73714e,3,2,4,4,sampling_noiseless,choice_first,B,.6,1.4,50,10,40,35,10,55,5,1,2,0,29,Female,No,prereg
1310,d6e7da36e8059e0bb0164f11,4,3,4,4,description_noiseless,beliefs_first,B,1,1,49,2,49,49,2,49,5,1,2,0,26,Male,DATA_EXPIRED,prereg
1310,d6e7da36e8059e0bb0164f11,4,3,4,4,description_noiseless,beliefs_first,A,1,1,45,10,45,45,10,45,5,1,1,1,26,Male,DATA_EXPIRED,prereg
580,d6ef9ed40ae0488b69df94df,3,1,2,5,description_noiseless,choice_first,B,1,2,20,40,40,25,25,50,4,0,2,1,43,Female,No,prereg
580,d6ef9ed40ae0488b69df94df,3,1,2,5,description_noiseless,choice_first,A,1,1,25,25,50,30,30,40,7,1,1,0,43,Female,No,prereg
673,d6f76d85411aee34e7e451f5,3,3,4,4,description_noiseless,beliefs_first,A,1.1,1.3,30,5,65,47,6,47,4,0,1,1,23,Female,Yes,prereg
673,d6f76d85411aee34e7e451f5,3,3,4,4,description_noiseless,beliefs_first,B,1.2,1,40,10,50,50,10,40,6,0,2,0,23,Female,Yes,prereg
633,d70325f4018fb1e1838b2671,2,2,2,2,sampling_noiseless,choice_first,A,.9,1,60,0,40,50,0,50,6,1,2,0,44,Female,No,prereg
633,d70325f4018fb1e1838b2671,2,2,2,2,sampling_noiseless,choice_first,B,.8,1.1,70,10,20,20,10,70,6,1,1,1,44,Female,No,prereg
700,d7112c0e5085ebe50dc01837,4,3,4,4,description_noiseless,beliefs_first,B,1,1,40,10,50,40,10,50,6,1,1,1,45,Male,No,prereg
700,d7112c0e5085ebe50dc01837,4,3,4,4,description_noiseless,beliefs_first,A,1,1,40,10,50,40,10,50,6,1,2,0,45,Male,No,prereg
1677,d7150f550e445098b318aa69,3,2,5,5,description_noiseless,choice_first,B,1.75,1.5,25,15,60,30,10,60,4,1,2,1,31,Female,Yes,prereg
1677,d7150f550e445098b318aa69,3,2,5,5,description_noiseless,choice_first,A,1.5,.25,50,25,25,75,12.5,12.5,5,0,1,0,31,Female,Yes,prereg
616,d72d4880b6b40b5c6eaba80e,4,3,4,4,description_noiseless,choice_first,A,1,1,48,4,48,48,4,48,4,1,2,0,32,Male,No,prereg
616,d72d4880b6b40b5c6eaba80e,4,3,4,4,description_noiseless,choice_first,B,1,1,45,10,45,45,10,45,4,1,1,1,32,Male,No,prereg
916,d748c920d54faf8efd7b363c,4,2,5,4,sampling_noiseless,beliefs_first,B,.98,.9399999999999999,45,20,35,40,20,40,6,0,1,0,53,Male,No,prereg
916,d748c920d54faf8efd7b363c,4,2,5,4,sampling_noiseless,beliefs_first,B,1,.8,80,1,19,80,1,19,5,0,2,1,53,Male,No,prereg
735,d7d16f6ce1fe6bacf15895a6,4,4,5,5,sampling_noiseless,choice_first,A,.5,1,60,10,30,50,10,40,7,1,2,0,32,Male,No,prereg
735,d7d16f6ce1fe6bacf15895a6,4,4,5,5,sampling_noiseless,choice_first,B,.8,1.2,20,20,60,10,20,70,4,1,1,1,32,Male,No,prereg
949,d7fc3787110ccd0e327e16a4,2,3,4,3,sampling_noiseless,beliefs_first,B,1,2,60,30,10,35,40,25,4,1,1,1,36,Male,DATA_EXPIRED,prereg
949,d7fc3787110ccd0e327e16a4,2,3,4,3,sampling_noiseless,beliefs_first,B,.9,1.1,40,15,45,30,20,50,3,1,2,0,36,Male,DATA_EXPIRED,prereg
892,d8910196ae9591e1e8c51531,5,4,4,5,sampling_noiseless,beliefs_first,A,1.2,1,50,9,41,50,9,41,6,1,1,1,46,Male,DATA_EXPIRED,prereg
892,d8910196ae9591e1e8c51531,5,4,4,5,sampling_noiseless,beliefs_first,A,1,1.04,48,4,48,44,2,54,6,1,2,0,46,Male,DATA_EXPIRED,prereg
1260,d8df425754f60a464400d713,2,3,4,5,description_noiseless,beliefs_first,B,.75,1,60,20,20,30,40,30,4,0,2,0,49,Female,No,prereg
1260,d8df425754f60a464400d713,2,3,4,5,description_noiseless,beliefs_first,A,1,.6,25,50,25,60,20,20,6,0,1,1,49,Female,No,prereg
941,d93d4644c7b1e7b9cd9d9657,4,2,5,4,description_noiseless,choice_first,B,1,1,45,10,45,45,10,45,6,1,1,0,62,Male,DATA_EXPIRED,prereg
941,d93d4644c7b1e7b9cd9d9657,4,2,5,4,description_noiseless,choice_first,A,1,1,45,10,45,45,10,45,4,0,2,1,62,Male,DATA_EXPIRED,prereg
759,d9779c00eafe59f862516f67,3,1,4,4,description_noiseless,beliefs_first,A,1,1.24,55,5,40,48,4,48,6,0,2,1,52,Male,No,prereg
759,d9779c00eafe59f862516f67,3,1,4,4,description_noiseless,beliefs_first,A,1,.96,48,4,48,47.5,5,47.5,5,0,1,0,52,Male,No,prereg
511,d9c7fb9c35898723f12e6983,3,3,4,4,sampling_noiseless,beliefs_first,A,.8,1.2,45,10,45,35,10,55,7,1,1,1,44,Female,No,prereg
511,d9c7fb9c35898723f12e6983,3,3,4,4,sampling_noiseless,beliefs_first,B,1.18,1.26,40,5,55,30,5,65,7,1,2,0,44,Female,No,prereg
1237,da8cef2d34c3abbf02abb438,4,3,4,4,description_noiseless,beliefs_first,A,1,1,45,10,45,45,10,45,1,1,1,1,34,Male,DATA_EXPIRED,prereg
1237,da8cef2d34c3abbf02abb438,4,3,4,4,description_noiseless,beliefs_first,B,1,1,49,2,49,49,2,49,6,1,2,0,34,Male,DATA_EXPIRED,prereg
564,daccaee2290e308de5a78760,4,1,4,3,description_noiseless,choice_first,B,1,1,49,2,49,52,2,46,7,0,2,1,29,Male,No,prereg
789,dad5929900d520cd0710b16d,4,1,5,5,description_noiseless,beliefs_first,B,1,.5,45,10,45,40,10,50,4,1,1,0,55,Female,DATA_EXPIRED,prereg
789,dad5929900d520cd0710b16d,4,1,5,5,description_noiseless,beliefs_first,A,1,.9,45,10,45,55,10,35,4,1,2,1,55,Female,DATA_EXPIRED,prereg
1203,db66f15013b8fd04b30a09eb,3,1,5,4,description_noiseless,beliefs_first,B,1,.8,25,25,50,60,20,20,6,0,1,1,55,Female,No,prereg
1203,db66f15013b8fd04b30a09eb,3,1,5,4,description_noiseless,beliefs_first,A,1,.85,35,30,35,40,35,25,5,0,2,0,55,Female,No,prereg
750,dbd44345d4a8d5fa9961ad0f,4,4,5,5,sampling_noiseless,choice_first,B,1,1,49,2,49,49,2,49,2,1,2,1,53,Male,No,prereg
750,dbd44345d4a8d5fa9961ad0f,4,4,5,5,sampling_noiseless,choice_first,B,1.04,1,49,2,49,49,2,49,7,0,1,0,53,Male,No,prereg
1420,dbfada8e42f48c5cb614b097,3,3,5,4,description_noiseless,beliefs_first,A,1,1,46,8,46,46,8,46,7,0,1,1,62,Male,No,prereg
1420,dbfada8e42f48c5cb614b097,3,3,5,4,description_noiseless,beliefs_first,A,1,1,49,2,49,46,8,46,6,1,2,0,62,Male,No,prereg
1027,dc5011bdbff5a943e6dbd847,2,3,4,2,description_noiseless,beliefs_first,A,1,.75,5,90,5,25,50,25,4,0,1,1,65,Female,No,prereg
1027,dc5011bdbff5a943e6dbd847,2,3,4,2,description_noiseless,beliefs_first,B,1.25,.6,0,90,10,10,50,40,2,0,2,0,65,Female,No,prereg
1051,dc69d01e6bbc8394202acbc3,2,2,4,2,sampling_noiseless,beliefs_first,A,1,1,25,15,60,45,10,45,5,0,1,1,55,Female,No,prereg
1051,dc69d01e6bbc8394202acbc3,2,2,4,2,sampling_noiseless,beliefs_first,A,1,1,80,2,18,65,1,34,6,1,2,0,55,Female,No,prereg
666,dcac648e3863024ca00fd698,4,5,4,4,sampling_noiseless,beliefs_first,B,.8,1,60,0,40,42,2,56,5,1,2,1,55,Male,No,prereg
666,dcac648e3863024ca00fd698,4,5,4,4,sampling_noiseless,beliefs_first,B,.96,1,52,2,46,50,2,48,5,1,1,0,55,Male,No,prereg
418,dce0c2dbb7bfb031764dce2d,4,3,3,2,description_noiseless,beliefs_first,A,1,1,46,46,8,46,46,8,6,0,1,1,36,Male,DATA_EXPIRED,prereg
418,dce0c2dbb7bfb031764dce2d,4,3,3,2,description_noiseless,beliefs_first,A,1,1,46,46,8,46,46,8,6,1,2,0,36,Male,DATA_EXPIRED,prereg
1145,dd02603cd15b628a38aab4ba,5,4,4,4,description_noiseless,beliefs_first,A,1,.75,49,2,49,49,3,48,7,0,1,0,39,Female,No,prereg
1145,dd02603cd15b628a38aab4ba,5,4,4,4,description_noiseless,beliefs_first,A,1,1.25,49,2,49,52,1,47,7,0,2,1,39,Female,No,prereg
409,dd3bb66f5bf652d0711295c1,4,3,4,4,description_noiseless,choice_first,A,1,1,49,2,49,49,2,49,4,0,1,0,22,Female,DATA_EXPIRED,prereg
409,dd3bb66f5bf652d0711295c1,4,3,4,4,description_noiseless,choice_first,A,1,1,49,2,49,49,2,49,4,1,2,1,22,Female,DATA_EXPIRED,prereg
752,dd467f569e1f80ae3adb312a,2,5,5,5,sampling_noiseless,choice_first,A,1,1,45,10,45,40,10,50,7,0,2,1,22,Male,No,prereg
752,dd467f569e1f80ae3adb312a,2,5,5,5,sampling_noiseless,choice_first,B,1,1,49,2,49,49.5,2,48.5,7,0,1,0,22,Male,No,prereg
685,dd496c54e8d12ec3bd97298b,3,2,4,4,description_noiseless,beliefs_first,A,1.2,1,0,0,100,100,0,0,7,0,2,0,52,Male,No,prereg
685,dd496c54e8d12ec3bd97298b,3,2,4,4,description_noiseless,beliefs_first,A,.18,.2,0,0,100,0,0,100,6,0,1,1,52,Male,No,prereg
837,dd87a9cd4d7777685ca0d175,3,2,4,3,sampling_noiseless,beliefs_first,B,.9,.7,60,5,35,50,5,45,6,1,2,1,28,Male,No,prereg
837,dd87a9cd4d7777685ca0d175,3,2,4,3,sampling_noiseless,beliefs_first,B,.8,.84,80,2,18,80,2,18,7,1,1,0,28,Male,No,prereg
1118,ddb24fae65ec923337b5a310,3,2,5,5,sampling_noiseless,choice_first,A,.8,1.2,30,50,20,20,50,30,5,1,1,1,32,Female,No,prereg
1118,ddb24fae65ec923337b5a310,3,2,5,5,sampling_noiseless,choice_first,A,1.3,1.26,30,15,55,30,15,55,7,1,2,0,32,Female,No,prereg
1704,ddb491117cc457491101a323,3,2,4,3,description_noiseless,beliefs_first,B,1,1,45,10,45,45,10,45,4,0,2,1,35,Female,DATA_EXPIRED,prereg
1704,ddb491117cc457491101a323,3,2,4,3,description_noiseless,beliefs_first,B,1,.89,49,2,49,51,2,47,5,1,1,0,35,Female,DATA_EXPIRED,prereg
567,de0ca9b36ada262b42d0a9f5,4,3,4,4,description_noiseless,choice_first,A,2,1,33,34,33,35,60,5,5,0,1,1,60,Female,No,prereg
567,de0ca9b36ada262b42d0a9f5,4,3,4,4,description_noiseless,choice_first,A,2,.5,25,35,40,45,45,10,5,0,2,0,60,Female,No,prereg
576,de55c9e9ad74cddfc27e518e,3,2,4,4,description_noiseless,choice_first,B,1.25,1,55,10,35,40,10,50,5,1,1,0,32,Female,No,prereg
576,de55c9e9ad74cddfc27e518e,3,2,4,4,description_noiseless,choice_first,B,1.5,1.25,50,5,45,40,10,50,4,0,2,1,32,Female,No,prereg
802,de5ff063a1d9e7e42a551692,5,3,5,5,sampling_noiseless,choice_first,A,1.1,1,49,1,50,49,2,49,6,0,1,0,35,Male,No,prereg
802,de5ff063a1d9e7e42a551692,5,3,5,5,sampling_noiseless,choice_first,B,1.1,1.1,49.5,1,49.5,49.5,1,49.5,5,0,2,1,35,Male,No,prereg
1403,de9b7343a7579db4494a7420,2,1,5,3,description_noiseless,beliefs_first,A,.87,.86,50,1,49,50,1,49,4,0,1,1,34,Female,No,prereg
1403,de9b7343a7579db4494a7420,2,1,5,3,description_noiseless,beliefs_first,B,1,.96,50,1,49,51,1,48,4,0,2,0,34,Female,No,prereg
693,ded07dcd999971635430fa46,4,3,2,2,sampling_noiseless,beliefs_first,B,1,1.2,80,10,10,60,10,30,7,1,1,1,54,Female,No,prereg
693,ded07dcd999971635430fa46,4,3,2,2,sampling_noiseless,beliefs_first,B,1,1,49,1,50,48,1,51,7,1,2,0,54,Female,No,prereg
1504,dfdf1dbf19d52e2ba06343d3,3,2,4,2,description_noiseless,beliefs_first,A,1,1,40,5,55,40,5,55,6,0,2,0,53,Female,No,prereg
1504,dfdf1dbf19d52e2ba06343d3,3,2,4,2,description_noiseless,beliefs_first,B,.2,.4,40,10,50,40,10,50,5,1,1,1,53,Female,No,prereg
1704,e0575174196bc9f58b143c72,4,4,5,5,description_noiseless,choice_first,B,1,1,25,35,40,50,30,20,6,0,2,1,61,Female,No,prereg
1704,e0575174196bc9f58b143c72,4,4,5,5,description_noiseless,choice_first,B,2,1,20,35,45,35,40,25,7,0,1,0,61,Female,No,prereg
1220,e0d5a469b16f600a5d7476b1,3,3,4,4,description_noiseless,beliefs_first,A,1,1,49,2,49,49,2,49,5,1,2,0,50,Male,DATA_EXPIRED,prereg
1220,e0d5a469b16f600a5d7476b1,3,3,4,4,description_noiseless,beliefs_first,A,1,1.1,45.5,9,45.5,45.5,9,45.5,6,1,1,1,50,Male,DATA_EXPIRED,prereg
1116,e1f17e772bc05bda78e21a6c,3,2,3,5,sampling_noiseless,choice_first,A,1,1,30,10,60,20,10,70,4,1,2,0,64,Female,No,prereg
1116,e1f17e772bc05bda78e21a6c,3,2,3,5,sampling_noiseless,choice_first,A,0,2,40,10,50,20,10,70,6,1,1,1,64,Female,No,prereg
861,e221ad2857e6f8a9ac57129e,3,2,5,4,sampling_noiseless,beliefs_first,B,.8,1,75,0,25,25,25,50,6,1,2,1,49,Female,No,prereg
861,e221ad2857e6f8a9ac57129e,3,2,5,4,sampling_noiseless,beliefs_first,A,.96,1,50,0,50,50,10,40,6,1,1,0,49,Female,No,prereg
673,e2a1486981509ba998b39713,4,5,4,5,description_noiseless,choice_first,A,1,1,49,2,49,49,2,49,4,1,1,0,43,Male,No,prereg
673,e2a1486981509ba998b39713,4,5,4,5,description_noiseless,choice_first,A,1,1,45,10,45,45,10,45,4,1,2,1,43,Male,No,prereg
370,e32f319c2a4a45673b0d71d1,5,4,4,4,description_noiseless,choice_first,A,0,2,100,0,0,0,0,100,6,0,1,0,24,Male,DATA_EXPIRED,prereg
370,e32f319c2a4a45673b0d71d1,5,4,4,4,description_noiseless,choice_first,A,2,0,0,0,100,100,0,0,6,0,2,1,24,Male,DATA_EXPIRED,prereg
603,e364fa9d77e9ff2a1fea818a,2,4,4,4,sampling_noiseless,choice_first,B,.1,1.9,20,50,30,10,20,70,7,1,1,0,29,Male,DATA_EXPIRED,prereg
603,e364fa9d77e9ff2a1fea818a,2,4,4,4,sampling_noiseless,choice_first,A,.2,1.8,60,0,40,20,20,60,7,1,2,1,29,Male,DATA_EXPIRED,prereg
2295,e36f903b1e12a85ba0493e18,4,3,4,3,sampling_noiseless,choice_first,B,1,1,49,2,49,48,4,48,6,1,1,0,25,Male,No,prereg
2295,e36f903b1e12a85ba0493e18,4,3,4,3,sampling_noiseless,choice_first,B,.8,1,58,4,38,48,4,48,2,1,2,1,25,Male,No,prereg
649,e3aa4c71bf953847fd76ecb6,3,2,3,4,sampling_noiseless,choice_first,A,1,1.5,65,5,30,45,5,50,6,1,2,0,31,Female,No,prereg
649,e3aa4c71bf953847fd76ecb6,3,2,3,4,sampling_noiseless,choice_first,A,.2,1,60,10,30,30,10,60,6,1,1,1,31,Female,No,prereg
744,e4d7b67f8d64fac1c309b007,3,3,5,5,sampling_noiseless,choice_first,A,1.56,1.56,25,0,75,25,0,75,1,1,2,0,27,Female,No,prereg
744,e4d7b67f8d64fac1c309b007,3,3,5,5,sampling_noiseless,choice_first,A,1,1.2,25,50,25,10,40,50,4,1,1,1,27,Female,No,prereg
993,e4d8de136f3f396788b6a200,1,3,4,4,sampling_noiseless,choice_first,A,1,2,33,20,47,30,15,55,4,1,1,0,78,Female,No,prereg
993,e4d8de136f3f396788b6a200,1,3,4,4,sampling_noiseless,choice_first,A,1,2,60,20,20,40,25,35,4,1,2,1,78,Female,No,prereg
812,e513027b84a7660eb2a21cd4,5,3,4,4,sampling_noiseless,beliefs_first,A,1.08,1.04,42,2,56,42,0,58,6,0,1,0,56,Female,No,prereg
812,e513027b84a7660eb2a21cd4,5,3,4,4,sampling_noiseless,beliefs_first,A,1.4,1.6,30,0,70,30,0,70,7,1,2,1,56,Female,No,prereg
1196,e525c14e57aa3666275df149,4,2,5,5,description_noiseless,beliefs_first,B,2,1.75,10,30,60,40,20,40,7,0,1,1,52,Female,No,prereg
1196,e525c14e57aa3666275df149,4,2,5,5,description_noiseless,beliefs_first,B,1.75,2,10,20,70,20,40,40,7,1,2,0,52,Female,No,prereg
1327,e58590ee85b5fb8ebfd1ab37,4,2,5,4,description_noiseless,beliefs_first,B,1,1,48,2,50,50,2,48,3,0,1,0,40,Male,No,prereg
1327,e58590ee85b5fb8ebfd1ab37,4,2,5,4,description_noiseless,beliefs_first,B,2,0,10,1,89,90,1,9,6,0,2,1,40,Male,No,prereg
2230,e62b58d0ecec9742406dd52f,5,1,5,5,description_noiseless,beliefs_first,A,1,1.2,0,100,0,0,0,100,7,1,2,1,34,Male,No,prereg
2230,e62b58d0ecec9742406dd52f,5,1,5,5,description_noiseless,beliefs_first,A,1,1.2,0,100,0,0,0,100,7,1,1,0,34,Male,No,prereg
1520,e6801d43f48572efda4117f9,4,3,4,4,description_noiseless,choice_first,A,1,1,49,2,49,50.9,2,47.1,7,1,2,0,24,Female,Yes,prereg
1520,e6801d43f48572efda4117f9,4,3,4,4,description_noiseless,choice_first,B,1,1,45.45,9.1,45.45,54.6,9,36.4,6,0,1,1,24,Female,Yes,prereg
651,e6cd92629396e191576b4efa,3,1,5,4,sampling_noiseless,beliefs_first,B,1.46,1.5,15,38,47,15,38,47,6,1,1,0,23,Male,No,prereg
651,e6cd92629396e191576b4efa,3,1,5,4,sampling_noiseless,beliefs_first,B,.8,1,37,20,43,37,10,53,7,1,2,1,23,Male,No,prereg
548,e71d0a9dc5b3fbfb4bf17970,4,3,3,4,sampling_noiseless,beliefs_first,A,.9,.9,51,1,48,48,1,51,7,1,2,1,28,Male,No,prereg
548,e71d0a9dc5b3fbfb4bf17970,4,3,3,4,sampling_noiseless,beliefs_first,B,1.04,1,50,1,49,49,1,50,7,1,1,0,28,Male,No,prereg
665,e79882a5da28b9afa855f7aa,4,4,2,2,sampling_noiseless,beliefs_first,B,1.04,1,49,1,50,49,1,50,7,0,1,0,50,Female,No,prereg
665,e79882a5da28b9afa855f7aa,4,4,2,2,sampling_noiseless,beliefs_first,A,1,1.04,49,2,49,49,2,49,7,0,2,1,50,Female,No,prereg
1222,e7f3a3d346b6dcdf7c5773f6,3,3,5,4,description_noiseless,beliefs_first,B,.17,.2,52,1,47,50,1,49,7,1,2,1,51,Male,Yes,prereg
1222,e7f3a3d346b6dcdf7c5773f6,3,3,5,4,description_noiseless,beliefs_first,A,.5,.49,50,1,49,51,1,48,5,0,1,0,51,Male,Yes,prereg
830,e808b77151bbc891665d37ee,5,5,3,3,description_noiseless,beliefs_first,A,1,1,49,2,49,49,2,49,1,0,2,0,23,Male,No,prereg
830,e808b77151bbc891665d37ee,5,5,3,3,description_noiseless,beliefs_first,A,1,1,45.46,9.09,45.45,45.46,9.09,45.45,1,0,1,1,23,Male,No,prereg
1069,e81a5d5a2837d3dbb1cde96f,3,1,4,2,description_noiseless,choice_first,B,.08,2,5,60,35,5,10,85,6,1,1,0,51,Female,No,prereg
1069,e81a5d5a2837d3dbb1cde96f,3,1,4,2,description_noiseless,choice_first,A,2,.4,5,25,70,15,50,35,5,1,2,1,51,Female,No,prereg
766,e81eb237aad6de338bbe2b23,4,2,3,2,sampling_noiseless,beliefs_first,B,1,1,90,5,5,90,5,5,5,1,1,0,35,Female,DATA_EXPIRED,prereg
766,e81eb237aad6de338bbe2b23,4,2,3,2,sampling_noiseless,beliefs_first,A,1,1,5,0,95,20,5,75,3,1,2,1,35,Female,DATA_EXPIRED,prereg
579,e8a04f3b26c59c29bd093af3,4,5,2,4,description_noiseless,beliefs_first,B,1,1,45.45,9.1,45.45,45.45,9.1,45.45,4,0,1,1,25,Male,No,prereg
579,e8a04f3b26c59c29bd093af3,4,5,2,4,description_noiseless,beliefs_first,A,1,1,45.45,9.1,45.45,45.45,9.1,45.45,4,0,2,0,25,Male,No,prereg
990,e8cebf0ff5d9d5706de7d539,2,2,5,4,sampling_noiseless,beliefs_first,A,.8,.95,50,3,47,55,3,42,7,1,1,0,27,Female,No,prereg
990,e8cebf0ff5d9d5706de7d539,2,2,5,4,sampling_noiseless,beliefs_first,A,.7,.8,65,0,35,55,0,45,7,1,2,1,27,Female,No,prereg
1102,e914cb2db862166a1698da3a,3,2,5,5,description_noiseless,choice_first,B,1,1,48,4,48,48,4,48,6,0,2,0,60,Female,No,prereg
1102,e914cb2db862166a1698da3a,3,2,5,5,description_noiseless,choice_first,A,.9,.9,45,10,45,45,10,45,6,0,1,1,60,Female,No,prereg
542,e925a1f0a6d2bae2a31d01cc,2,4,2,5,sampling_noiseless,choice_first,B,.98,1.02,48,4,48,48,4,48,7,1,2,0,21,Male,DATA_EXPIRED,prereg
542,e925a1f0a6d2bae2a31d01cc,2,4,2,5,sampling_noiseless,choice_first,A,.8,.9,55,9,36,55,9,36,2,1,1,1,21,Male,DATA_EXPIRED,prereg
480,e949f3441338b64996c772dc,5,3,4,4,description_noiseless,beliefs_first,A,1,1,25,50,25,25,25,50,6,1,2,1,30,Female,No,prereg
480,e949f3441338b64996c772dc,5,3,4,4,description_noiseless,beliefs_first,B,1,1,50,0,50,50,35,15,6,1,1,0,30,Female,No,prereg
429,ea733c6b5c38fea2e2095409,3,4,5,3,description_noiseless,beliefs_first,A,.9,1,50,2,48,49,2,49,5,0,1,0,21,Male,Yes,prereg
429,ea733c6b5c38fea2e2095409,3,4,5,3,description_noiseless,beliefs_first,B,1,.9,49,2,49,50,2,48,6,0,2,1,21,Male,Yes,prereg
615,ebaf766400a22d6549125556,3,4,3,2,sampling_noiseless,choice_first,B,.6,1.2,85,1,14,40,1,59,6,1,1,1,28,Male,Yes,prereg
615,ebaf766400a22d6549125556,3,4,3,2,sampling_noiseless,choice_first,B,.8,.9,70,1,29,60,1,39,7,1,2,0,28,Male,Yes,prereg
719,ebbce3f8a7a884800cffd070,3,2,3,3,description_noiseless,beliefs_first,B,1,1,0,5,95,2,3,95,4,0,2,1,68,Female,No,prereg
719,ebbce3f8a7a884800cffd070,3,2,3,3,description_noiseless,beliefs_first,B,1,1,10,55,35,55,35,10,6,0,1,0,68,Female,No,prereg
925,ec09a26e3d783893e67e172a,4,4,3,3,description_noiseless,beliefs_first,B,1,1,45.45,9.1,45.45,45.45,9.1,45.45,6,1,1,1,31,Male,No,prereg
925,ec09a26e3d783893e67e172a,4,4,3,3,description_noiseless,beliefs_first,B,1,1,49.02,1.96,49.02,49.02,1.96,49.02,7,1,2,0,31,Male,No,prereg
508,ec112a79576f8f9d1de82e29,3,3,4,4,sampling_noiseless,choice_first,B,1.1,.9,45,10,45,45,10,45,6,0,1,1,32,Male,No,prereg
508,ec112a79576f8f9d1de82e29,3,3,4,4,sampling_noiseless,choice_first,B,1.46,1.5,45,5,50,45,5,50,5,0,2,0,32,Male,No,prereg
1102,ec34827bede9e75599686694,3,2,3,2,description_noiseless,beliefs_first,A,1,1.25,49,2,49,38,2,60,6,1,2,1,27,Male,DATA_EXPIRED,prereg
1102,ec34827bede9e75599686694,3,2,3,2,description_noiseless,beliefs_first,B,1,1,49,2,49,49,2,49,2,1,1,0,27,Male,DATA_EXPIRED,prereg
685,eca9803a4a219547f111967d,3,4,4,4,sampling_noiseless,beliefs_first,B,1.4,1.6,80,10,10,40,10,50,7,1,1,1,62,Male,No,prereg
685,eca9803a4a219547f111967d,3,4,4,4,sampling_noiseless,beliefs_first,B,1.36,1.4,50,0,50,50,0,50,7,1,2,0,62,Male,No,prereg
710,ed57683bf40de6db518ee2ef,3,3,4,2,description_noiseless,choice_first,B,.75,1,60,5,35,5,60,35,5,0,1,1,70,Female,No,prereg
710,ed57683bf40de6db518ee2ef,3,3,4,2,description_noiseless,choice_first,B,1.25,.75,5,35,60,60,35,5,6,0,2,0,70,Female,No,prereg
3011,ede2381316ed166553d60d08,4,2,4,4,description_noiseless,choice_first,B,1,.9,4,48,48,96,2,2,6,0,2,1,48,Male,No,prereg
3011,ede2381316ed166553d60d08,4,2,4,4,description_noiseless,choice_first,A,1,2,50,1,49,25,1,74,5,0,1,0,48,Male,No,prereg
758,ede85ba703f8f8fc9cec598d,4,4,4,2,description_noiseless,choice_first,A,1,1,40,10,50,40,10,50,5,1,2,0,22,Female,Yes,prereg
758,ede85ba703f8f8fc9cec598d,4,4,4,2,description_noiseless,choice_first,A,1,1,45,7,48,40,10,50,6,1,1,1,22,Female,Yes,prereg
521,ee328da755bccd335ec5b70b,5,4,3,3,sampling_noiseless,choice_first,B,.9,1,50,30,20,15,35,50,6,1,2,1,27,Male,No,prereg
521,ee328da755bccd335ec5b70b,5,4,3,3,sampling_noiseless,choice_first,B,1,1.3,40,40,20,10,30,60,6,1,1,0,27,Male,No,prereg
998,ee4d2cd97e64c0db057a1403,2,3,5,5,description_noiseless,choice_first,A,1,1,45,10,45,45,10,45,3,1,1,1,30,Female,No,prereg
998,ee4d2cd97e64c0db057a1403,2,3,5,5,description_noiseless,choice_first,A,1,1,45,10,45,45,10,45,4,1,2,0,30,Female,No,prereg
649,eebcc6771c60553700b56d58,2,4,5,4,sampling_noiseless,choice_first,A,1,.96,49,2,49,50,2,48,7,0,1,0,49,Female,DATA_EXPIRED,prereg
649,eebcc6771c60553700b56d58,2,4,5,4,sampling_noiseless,choice_first,B,1,.8,50,5,45,60,5,35,6,1,2,1,49,Female,DATA_EXPIRED,prereg
457,ef2c07ec694a030480cd0973,2,2,5,4,description_noiseless,choice_first,B,1,1,45,5,50,45,5,50,6,0,1,1,36,Female,No,prereg
457,ef2c07ec694a030480cd0973,2,2,5,4,description_noiseless,choice_first,A,1,1,45,5,50,45,5,50,5,0,2,0,36,Female,No,prereg
744,ef77d871fc9d8db3d269aeac,4,2,5,4,description_noiseless,choice_first,B,.2,.3,70,5,25,60,5,35,5,1,1,0,35,Male,DATA_EXPIRED,prereg
744,ef77d871fc9d8db3d269aeac,4,2,5,4,description_noiseless,choice_first,B,1,2,60,5,35,65,5,30,4,1,2,1,35,Male,DATA_EXPIRED,prereg
822,efa0255b4c69e99e2e720adf,3,3,4,5,sampling_noiseless,choice_first,A,.3,.4,90,0,10,90,10,0,6,1,1,1,33,Male,No,prereg
822,efa0255b4c69e99e2e720adf,3,3,4,5,sampling_noiseless,choice_first,A,.58,.6,50,0,50,60,5,35,7,0,2,0,33,Male,No,prereg
539,efa0915c4eebc80ea47fa924,3,2,3,3,description_noiseless,choice_first,B,1,1,45,10,45,55,10,35,4,0,1,1,45,Male,DATA_EXPIRED,prereg
539,efa0915c4eebc80ea47fa924,3,2,3,3,description_noiseless,choice_first,B,1,1,45,10,45,55,10,35,4,0,2,0,45,Male,DATA_EXPIRED,prereg
545,efb271e1b8c9cc68fb5b863b,3,2,5,5,sampling_noiseless,beliefs_first,B,.84,.8,50,5,45,45,5,50,6,1,1,0,38,Female,DATA_EXPIRED,prereg
545,efb271e1b8c9cc68fb5b863b,3,2,5,5,sampling_noiseless,beliefs_first,A,.6,.64,80,2,18,60,2,38,6,1,2,1,38,Female,DATA_EXPIRED,prereg
761,f009684f19e0549dc07f8f2f,5,1,3,3,sampling_noiseless,choice_first,A,.8,.84,65,25,10,65,25,10,6,1,1,0,41,Female,No,prereg
761,f009684f19e0549dc07f8f2f,5,1,3,3,sampling_noiseless,choice_first,A,1,1,70,10,20,50,10,40,6,1,2,1,41,Female,No,prereg
582,f00dbce25c14fe24db90fce0,4,2,2,2,sampling_noiseless,choice_first,B,1.4,1.8,25,10,65,20,25,55,7,1,2,0,30,Female,No,prereg
582,f00dbce25c14fe24db90fce0,4,2,2,2,sampling_noiseless,choice_first,A,1,2,80,10,10,70,5,25,4,1,1,1,30,Female,No,prereg
897,f141dfd4255ee68da87d75fa,4,4,4,4,sampling_noiseless,beliefs_first,B,2,1,50,2,48,40,2,58,7,1,2,0,51,Male,No,prereg
897,f141dfd4255ee68da87d75fa,4,4,4,4,sampling_noiseless,beliefs_first,A,1,1,50,10,40,40,10,50,6,1,1,1,51,Male,No,prereg
422,f16be87b68f479e42f327444,4,4,4,4,description_noiseless,beliefs_first,A,0,0,30,30,40,40,30,30,5,0,2,1,33,Male,No,prereg
422,f16be87b68f479e42f327444,4,4,4,4,description_noiseless,beliefs_first,A,0,0,40,30,30,40,30,30,5,0,1,0,33,Male,No,prereg
1019,f1706d1346202723b2f9a9ef,3,2,4,4,sampling_noiseless,choice_first,B,.98,.9399999999999999,49,2,49,49,2,49,7,1,1,0,38,Female,No,prereg
1019,f1706d1346202723b2f9a9ef,3,2,4,4,sampling_noiseless,choice_first,A,1,1.2,40,20,40,35,20,45,7,1,2,1,38,Female,No,prereg
1073,f1c2d55320c3dd7443df2739,3,3,4,4,sampling_noiseless,choice_first,A,.75,1,55,30,15,10,20,70,7,1,1,1,22,Female,DATA_EXPIRED,prereg
1073,f1c2d55320c3dd7443df2739,3,3,4,4,sampling_noiseless,choice_first,B,1.2,.8,25,30,45,45,25,30,4,0,2,0,22,Female,DATA_EXPIRED,prereg
604,f1f1ea8dad05ad5fe5f11243,2,1,4,4,sampling_noiseless,beliefs_first,B,1,1.2,35,35,30,10,40,50,7,1,2,1,53,Female,No,prereg
604,f1f1ea8dad05ad5fe5f11243,2,1,4,4,sampling_noiseless,beliefs_first,A,.96,1,80,10,10,40,30,30,7,1,1,0,53,Female,No,prereg
472,f2d3a4349868980c672077f2,3,3,5,5,description_noiseless,beliefs_first,B,1,1,25,50,25,25,50,25,5,0,1,1,22,Female,Yes,prereg
472,f2d3a4349868980c672077f2,3,3,5,5,description_noiseless,beliefs_first,B,1,1,25,50,25,25,50,25,5,0,2,0,22,Female,Yes,prereg
904,f4d20b94053367e38c9cdacf,2,2,2,1,description_noiseless,choice_first,B,1,1,52,2,46,48,2,50,4,0,2,0,50,Female,No,prereg
904,f4d20b94053367e38c9cdacf,2,2,2,1,description_noiseless,choice_first,A,.91,1,33,9,58,43,9,48,5,1,1,1,50,Female,No,prereg
843,f4d67cad5f3dd188a0f120b7,2,1,5,5,sampling_noiseless,beliefs_first,A,1,1,25,25,50,25,25,50,4,1,1,0,30,Female,No,prereg
843,f4d67cad5f3dd188a0f120b7,2,1,5,5,sampling_noiseless,beliefs_first,A,1.1,1.1,25,25,50,25,25,50,4,1,2,1,30,Female,No,prereg
875,f508c9e511b62c2600107935,5,3,3,4,description_noiseless,beliefs_first,A,.8,1,49,2,49,50.1,2,47.9,7,0,2,0,27,Male,No,prereg
875,f508c9e511b62c2600107935,5,3,3,4,description_noiseless,beliefs_first,B,1,.75,45.5,9,45.5,54.5,9,36.5,7,0,1,1,27,Male,No,prereg
529,f5521215dc1b1b7c8a67c74c,2,2,4,4,sampling_noiseless,beliefs_first,B,1,1.1,40,0,60,40,10,50,6,1,2,0,22,Female,Yes,prereg
529,f5521215dc1b1b7c8a67c74c,2,2,4,4,sampling_noiseless,beliefs_first,B,.6,1,60,10,30,30,10,60,6,1,1,1,22,Female,Yes,prereg
1443,f571dbf38af1d1f6c4b7c66f,2,2,4,4,description_noiseless,choice_first,B,1.8,1.7,30,30,40,40,30,30,6,1,2,1,69,Male,No,prereg
1443,f571dbf38af1d1f6c4b7c66f,2,2,4,4,description_noiseless,choice_first,A,.9,.9,45,10,45,40,15,45,5,0,1,0,69,Male,No,prereg
887,f5e0f187549ffd653d0e9408,2,3,3,3,description_noiseless,beliefs_first,A,1,1,49,2,49,49,2,49,1,1,2,0,28,Male,No,prereg
887,f5e0f187549ffd653d0e9408,2,3,3,3,description_noiseless,beliefs_first,A,1,1,45,10,45,45,10,45,1,0,1,1,28,Male,No,prereg
1390,f5efc25139d5725e553b8f66,3,3,4,5,sampling_noiseless,beliefs_first,A,.9,1.1,60,0,40,20,0,80,7,1,1,1,DATA_EXPIRED,Male,No,prereg
1390,f5efc25139d5725e553b8f66,3,3,4,5,sampling_noiseless,beliefs_first,A,1.5,1.85,46,0,54,46,2,52,6,1,2,0,DATA_EXPIRED,Male,No,prereg
783,f7a8fda3244ec0c41e102c5f,3,4,5,4,sampling_noiseless,beliefs_first,B,1,.96,60,0,40,60,0,40,7,1,2,0,37,Female,No,prereg
783,f7a8fda3244ec0c41e102c5f,3,4,5,4,sampling_noiseless,beliefs_first,A,.8,1,60,10,30,45,10,45,5,1,1,1,37,Female,No,prereg
977,f7bdb3a38b2d4f5bc027b8fb,1,3,4,4,sampling_noiseless,beliefs_first,A,.01,2,60,0,40,55,0,45,7,1,1,0,49,Female,No,prereg
977,f7bdb3a38b2d4f5bc027b8fb,1,3,4,4,sampling_noiseless,beliefs_first,A,2,2,20,0,80,20,0,80,6,0,2,1,49,Female,No,prereg
556,f80f450875455555b1e79fbb,2,1,5,5,sampling_noiseless,choice_first,A,1,1.2,45,5,50,50,5,45,6,1,2,1,41,Female,No,prereg
556,f80f450875455555b1e79fbb,2,1,5,5,sampling_noiseless,choice_first,A,.96,1,50,2,48,48,2,50,6,1,1,0,41,Female,No,prereg
909,f81444b8caed93ecc987d96c,2,1,4,2,sampling_noiseless,choice_first,B,2,2,99,1,0,0,1,99,4,1,1,0,53,Female,No,prereg
909,f81444b8caed93ecc987d96c,2,1,4,2,sampling_noiseless,choice_first,A,2,0,99,0,1,1,0,99,4,1,2,1,53,Female,No,prereg
1153,f8226c47ca378883ddeacaf8,3,4,4,4,sampling_noiseless,beliefs_first,A,.75,1,80,5,15,5,2,93,7,1,1,0,65,Female,DATA_EXPIRED,prereg
1153,f8226c47ca378883ddeacaf8,3,4,4,4,sampling_noiseless,beliefs_first,A,1.5,1.8,1,1,98,1,1,98,7,1,2,1,65,Female,DATA_EXPIRED,prereg
1590,f88fcf2a8caafb01bdce7e23,3,1,1,2,description_noiseless,beliefs_first,B,1,.8,46,8,46,42,16,42,5,0,2,0,52,Female,No,prereg
1590,f88fcf2a8caafb01bdce7e23,3,1,1,2,description_noiseless,beliefs_first,A,1,.88,46,8,46,36,18,46,6,1,1,1,52,Female,No,prereg
386,f90a649c0fa4f5d8a0a77e04,3,2,4,4,description_noiseless,choice_first,A,1,1,33,34,33,33,34,33,4,0,1,0,33,Male,No,prereg
386,f90a649c0fa4f5d8a0a77e04,3,2,4,4,description_noiseless,choice_first,A,1,1,33,34,33,33,34,33,4,0,2,1,33,Male,No,prereg
756,f98d16a651db685a8e2605a7,5,2,5,5,sampling_noiseless,beliefs_first,B,1,1.2,30,10,60,30,10,60,5,1,2,1,36,Female,DATA_EXPIRED,prereg
756,f98d16a651db685a8e2605a7,5,2,5,5,sampling_noiseless,beliefs_first,A,1,1.04,30,10,60,30,10,60,7,1,1,0,36,Female,DATA_EXPIRED,prereg
356,f9c68049cc2a6b68e4fc9544,3,1,4,4,description_noiseless,choice_first,A,1,1,33,33,34,33,33,34,5,0,1,1,29,Male,No,prereg
356,f9c68049cc2a6b68e4fc9544,3,1,4,4,description_noiseless,choice_first,B,1,1,33,33,34,33,33,34,5,1,2,0,29,Male,No,prereg
663,f9f0991da8ddc64ce6bcc058,1,4,3,3,description_noiseless,beliefs_first,B,2,1,0,0,100,33,34,33,7,0,2,1,47,Female,No,prereg
663,f9f0991da8ddc64ce6bcc058,1,4,3,3,description_noiseless,beliefs_first,A,2,1,0,0,100,33,33,34,6,0,1,0,47,Female,No,prereg
803,f9fe988f3deb6fc1b1a59edb,5,3,3,3,description_noiseless,beliefs_first,A,2,0,50,0,50,50,0,50,6,0,2,0,26,Male,No,prereg
803,f9fe988f3deb6fc1b1a59edb,5,3,3,3,description_noiseless,beliefs_first,A,2,0,50,0,50,50,0,50,7,0,1,1,26,Male,No,prereg
2227,faaf42e6b7f89f9c2eb6e7e0,2,1,5,4,description_noiseless,beliefs_first,A,1,1,0,100,0,100,0,0,4,0,2,1,69,Female,No,prereg
2227,faaf42e6b7f89f9c2eb6e7e0,2,1,5,4,description_noiseless,beliefs_first,A,1,.5,0,100,0,50,50,0,6,0,1,0,69,Female,No,prereg
816,fcb6a3c874fb7f3469b04fb5,4,3,4,2,sampling_noiseless,choice_first,A,.6,1.2,85,10,5,15,5,80,7,1,1,1,49,Female,No,prereg
816,fcb6a3c874fb7f3469b04fb5,4,3,4,2,sampling_noiseless,choice_first,A,.96,1.2,92,4,4,3,4,93,7,1,2,0,49,Female,No,prereg
809,fcdbf0b59ed6088656bb3a61,4,5,3,3,sampling_noiseless,choice_first,A,.76,.8,40,40,20,40,40,20,5,0,1,0,21,Female,DATA_EXPIRED,prereg
809,fcdbf0b59ed6088656bb3a61,4,5,3,3,sampling_noiseless,choice_first,A,1.2,1.4,40,40,20,40,40,20,5,0,2,1,21,Female,DATA_EXPIRED,prereg
624,fd05a56991181a45f0994275,4,5,4,4,sampling_noiseless,choice_first,A,1,1.2,25,25,50,10,30,60,7,1,2,0,56,Male,DATA_EXPIRED,prereg
624,fd05a56991181a45f0994275,4,5,4,4,sampling_noiseless,choice_first,A,.2,1,25,25,50,91,0,9,7,1,1,1,56,Male,DATA_EXPIRED,prereg
1875,fd70e962fca0cd31e2155bea,3,2,5,5,description_noiseless,choice_first,B,1,1,0,100,0,0,100,0,4,1,1,0,56,Female,No,prereg
1875,fd70e962fca0cd31e2155bea,3,2,5,5,description_noiseless,choice_first,A,1,1,0,100,0,0,100,0,4,1,2,1,56,Female,No,prereg
580,fd71451163958ac306acb0af,4,2,4,3,description_noiseless,choice_first,A,1,1,33,33,34,20,35,45,5,1,2,1,55,Male,No,prereg
580,fd71451163958ac306acb0af,4,2,4,3,description_noiseless,choice_first,B,2,1,33,33,34,5,45,50,5,1,1,0,55,Male,No,prereg
1250,fdc8f57ea049962e51b17ca5,3,2,3,2,sampling_noiseless,choice_first,A,1,1.6,50,25,25,20,20,60,7,1,1,1,39,Female,DATA_EXPIRED,prereg
1250,fdc8f57ea049962e51b17ca5,3,2,3,2,sampling_noiseless,choice_first,B,1.65,1.7,30,5,65,25,5,70,7,1,2,0,39,Female,DATA_EXPIRED,prereg
1008,fe73117d331f39081c03ddbb,3,2,3,4,sampling_noiseless,beliefs_first,A,1,1.1,30,10,60,30,0,70,5,1,2,1,31,Female,Yes,prereg
1008,fe73117d331f39081c03ddbb,3,2,3,4,sampling_noiseless,beliefs_first,B,.8,.76,50,0,50,50,0,50,7,1,1,0,31,Female,Yes,prereg
623,fee4fb1b695c7d218ac9bf4b,4,2,4,3,description_noiseless,choice_first,B,.8,1,45,10,45,45,10,45,5,0,2,0,26,Male,DATA_EXPIRED,prereg
623,fee4fb1b695c7d218ac9bf4b,4,2,4,3,description_noiseless,choice_first,B,.8,1,45,10,45,45,10,45,5,0,1,1,26,Male,DATA_EXPIRED,prereg
812,fee5a8ddbb14450719b8d356,4,3,4,4,description_noiseless,choice_first,A,1,1,49,2,49,49,2,49,6,0,2,0,28,Male,No,prereg
812,fee5a8ddbb14450719b8d356,4,3,4,4,description_noiseless,choice_first,A,.91,1,45.5,9,45.5,45.5,9,45.5,5,0,1,1,28,Male,No,prereg
694,fef959172fa0d3d7c6bdb6c1,2,2,3,3,description_noiseless,choice_first,B,.9,1,49,2,49,50,2,48,6,1,2,0,40,Female,No,prereg
694,fef959172fa0d3d7c6bdb6c1,2,2,3,3,description_noiseless,choice_first,A,1,.8,46,9,45,50,9,41,5,1,1,1,40,Female,No,prereg
2104,ff59ceb0c93cd45568c385f6,4,3,4,4,description_noiseless,choice_first,A,1.3,1.5,20,40,40,25,15,60,5,1,1,0,23,Female,DATA_EXPIRED,prereg
2104,ff59ceb0c93cd45568c385f6,4,3,4,4,description_noiseless,choice_first,A,2,1.7,40,30,30,40,40,20,5,0,2,1,23,Female,DATA_EXPIRED,prereg
756,ff6d2f07071dd192272c0e99,2,2,4,4,description_noiseless,beliefs_first,A,1.1,.9,47,5,48,58,4,38,5,0,1,1,40,Female,No,prereg
756,ff6d2f07071dd192272c0e99,2,2,4,4,description_noiseless,beliefs_first,B,1.3,.85,51,8,41,38,15,47,4,0,2,0,40,Female,No,prereg
787,ff963fac5d2374ea8b545696,2,1,4,4,sampling_noiseless,beliefs_first,A,1.2,1.2,50,10,40,50,10,40,5,1,1,1,30,Female,No,prereg
787,ff963fac5d2374ea8b545696,2,1,4,4,sampling_noiseless,beliefs_first,A,1.6,1.7,48,2,50,40,2,58,7,1,2,0,30,Female,No,prereg
643,fffaae8c3827ca5e306607eb,4,2,5,5,description_noiseless,choice_first,B,1,1.2,48,4,48,52,2,46,5,1,2,0,34,Male,No,prereg
643,fffaae8c3827ca5e306607eb,4,2,5,5,description_noiseless,choice_first,A,1,.8,48,4,48,52,4,44,7,0,1,1,34,Male,No,prereg
